snapshot_index,pool_address,block_number,current_tick,active_liquidity,rank,position_label,range_key,position_key,owner,tick_lower,tick_upper,position_liquidity,active_liquidity_share,range_width,distance_to_lower_tick,distance_to_upper_tick,distance_to_nearest_edge,liquidity_density,normalized_liquidity_density,zero_for_one_base_auc_bps,one_for_zero_base_auc_bps,zero_for_one_lsis_bps,one_for_zero_lsis_bps,total_lsis_bps,max_directional_lsis_bps,zero_for_one_depth_10bps_base,zero_for_one_depth_10bps_counterfactual,zero_for_one_depth_10bps_delta,zero_for_one_depth_10bps_base_breached,zero_for_one_depth_10bps_counterfactual_breached,one_for_zero_depth_10bps_base,one_for_zero_depth_10bps_counterfactual,one_for_zero_depth_10bps_delta,one_for_zero_depth_10bps_base_breached,one_for_zero_depth_10bps_counterfactual_breached,zero_for_one_depth_50bps_base,zero_for_one_depth_50bps_counterfactual,zero_for_one_depth_50bps_delta,zero_for_one_depth_50bps_base_breached,zero_for_one_depth_50bps_counterfactual_breached,one_for_zero_depth_50bps_base,one_for_zero_depth_50bps_counterfactual,one_for_zero_depth_50bps_delta,one_for_zero_depth_50bps_base_breached,one_for_zero_depth_50bps_counterfactual_breached,zero_for_one_depth_100bps_base,zero_for_one_depth_100bps_counterfactual,zero_for_one_depth_100bps_delta,zero_for_one_depth_100bps_base_breached,zero_for_one_depth_100bps_counterfactual_breached,one_for_zero_depth_100bps_base,one_for_zero_depth_100bps_counterfactual,one_for_zero_depth_100bps_delta,one_for_zero_depth_100bps_base_breached,one_for_zero_depth_100bps_counterfactual_breached
1,0x11b815efb8f581194ae79006d24e0d814b7697f6,25544961,-200912,1495811394865871385,1,S1_P1,-203180:-200820,0xc36442b4a4522e871399cd717abdd847ab11fe88:-203180:-200820,0xc36442b4a4522e871399cd717abdd847ab11fe88,-203180,-200820,1015513737925999911,0.6789049350817791,2360,2268,92,92,430302431324576.2334745762711864,0.0002876715826618,141.868453896855282,300.2715995024550644,295.2406194546716053,120.7761105126660084,416.0167299673376137,295.2406194546716053,34530159586550668000,11086997483493724000,23443162103056944000,true,true,64950764433.5992968353181968,20853675812.0400538681006772,44097088621.5592429672175196,true,true,174108524302299840000,55650302668053285000,118458221634246555000,true,true,249203242555.4787121184073196,104171856020.7569336080176905,145031386534.7217785103896291,true,true,349859948340098160000,112295642459933920000,237564305880164240000,true,true,394104280114.4917350615154196,210073696616.8477108550345712,184030583497.6440242064808484,true,true
1,0x11b815efb8f581194ae79006d24e0d814b7697f6,25544961,-200912,1495811394865871385,2,S1_P2,-203840:-193690,0xc36442b4a4522e871399cd717abdd847ab11fe88:-203840:-193690,0xc36442b4a4522e871399cd717abdd847ab11fe88,-203840,-193690,121974768461373800,0.081544216657282,10150,2928,7222,2928,12017218567623.0344827586206897,0.0000080339129712,141.868453896855282,300.2715995024550644,12.3218186234123803,94.9109067480066972,107.2327253714190775,94.9109067480066972,34530159586550668000,31716861630937940000,2813297955612728000,true,true,64950764433.5992968353181968,59654811667.9657111537441508,5295952765.633585681574046,true,true,174108524302299840000,159903001692125400000,14205522610174440000,true,true,249203242555.4787121184073196,232510317080.1003266772829002,16692925475.3783854411244194,true,true,349859948340098160000,321598735858558480000,28261212481539680000,true,true,394104280114.4917350615154196,352369861859.6537254157083212,41734418254.8380096458070984,true,true
1,0x11b815efb8f581194ae79006d24e0d814b7697f6,25544961,-200912,1495811394865871385,3,S1_P3,-203520:-200040,0xc36442b4a4522e871399cd717abdd847ab11fe88:-203520:-200040,0xc36442b4a4522e871399cd717abdd847ab11fe88,-203520,-200040,43442553758780513,0.0290428017247963,3480,2608,872,872,12483492459419.6876436781609195,0.0000083456326795,141.868453896855282,300.2715995024550644,4.1553006557061993,22.3146630369944885,26.4699636927006878,22.3146630369944885,34530159586550668000,33528213415450632000,1001946171100036000,true,true,64950764433.5992968353181968,63064559465.9416520742538668,1886204967.65764476106433,true,true,174108524302299840000,169052537506616960000,5055986795682880000,true,true,249203242555.4787121184073196,242827006308.2514258211785672,6376236247.2272862972287524,true,true,349859948340098160000,339799262743599120000,10060685596499040000,true,true,394104280114.4917350615154196,378138484119.4654442543295608,15965795995.0262908071858588,true,true
1,0x11b815efb8f581194ae79006d24e0d814b7697f6,25544961,-200912,1495811394865871385,4,S1_P4,-203190:-198080,0xc36442b4a4522e871399cd717abdd847ab11fe88:-203190:-198080,0xc36442b4a4522e871399cd717abdd847ab11fe88,-203190,-198080,34387505828248607,0.0229891990034827,5110,2278,2832,2278,6729453195351.9778864970645793,0.0000044988647756,141.868453896855282,300.2715995024550644,3.2691477443526495,20.8877853918128362,24.1569331361654857,20.8877853918128362,34530159586550668000,33737059838809700000,793099747740968000,true,true,64950764433.5992968353181968,63457715003.6425358242111528,1493049429.956761011107044,true,true,174108524302299840000,170106697517570760000,4001826784729080000,true,true,249203242555.4787121184073196,244113316647.1297502928197162,5089925908.3489618255876034,true,true,349859948340098160000,341896713901428600000,7963234438669560000,true,true,394104280114.4917350615154196,381357236466.75718054714477,12747043647.7345545143706496,true,true
1,0x11b815efb8f581194ae79006d24e0d814b7697f6,25544961,-200912,1495811394865871385,5,S1_P5,-205010:-190760,0xc36442b4a4522e871399cd717abdd847ab11fe88:-205010:-190760,0xc36442b4a4522e871399cd717abdd847ab11fe88,-205010,-190760,30283666877182300,0.0202456452605763,14250,4098,10152,4098,2125169605416.3017543859649123,0.0000014207470358,141.868453896855282,300.2715995024550644,2.8710792128166668,18.221231065423037,21.0923102782397038,18.221231065423037,34530159586550668000,33831710717530728000,698448869019940000,true,true,64950764433.5992968353181968,63635897342.3355467549400352,1314867091.2637500803781616,true,true,174108524302299840000,170584400051855200000,3524124250444640000,true,true,249203242555.4787121184073196,244703476585.9691713663609572,4499765969.5095407520463624,true,true,349859948340098160000,342847224830495520000,7012723509602640000,true,true,394104280114.4917350615154196,382834377883.2215516018128654,11269902231.2701834597025542,true,true
1,0x11b815efb8f581194ae79006d24e0d814b7697f6,25544961,-200912,1495811394865871385,6,S1_P6,-201910:-200670,0xc36442b4a4522e871399cd717abdd847ab11fe88:-201910:-200670,0xc36442b4a4522e871399cd717abdd847ab11fe88,-201910,-200670,49723704853757574,0.0332419615363448,1240,998,242,242,40099761978836.7532258064516129,0.0000268080334971,141.868453896855282,300.2715995024550644,4.77639914035059,11.7667158719961798,16.5431150123467698,11.7667158719961798,34530159586550668000,33383343929077192000,1146815657473476000,true,true,64950764433.5992968353181968,62791841953.3754937199217036,2158922480.2238031153964932,true,true,174108524302299840000,168321209818722520000,5787314483577320000,true,true,249203242555.4787121184073196,243575024836.6308461927130088,5628217718.8478659256943108,true,true,349859948340098160000,338344203847144880000,11515744492953280000,true,true,394104280114.4917350615154196,381634128534.7202393905737932,12470151579.7714956709416264,true,true
1,0x11b815efb8f581194ae79006d24e0d814b7697f6,25544961,-200912,1495811394865871385,7,S1_P7,-201130:-199570,0xc36442b4a4522e871399cd717abdd847ab11fe88:-201130:-199570,0xc36442b4a4522e871399cd717abdd847ab11fe88,-201130,-199570,18492278645549069,0.0123627074302421,1560,218,1342,218,11854024772787.8647435897435897,0.0000079248124553,141.868453896855282,300.2715995024550644,1.3562506249183788,10.6051269955650123,11.9613776204833911,10.6051269955650123,34530159586550668000,34103664135677196000,426495450873472000,true,true,64950764433.5992968353181968,64147859970.1881492462210344,802904463.4111475890971624,true,true,174108524302299840000,172025619288217240000,2082905014082600000,true,true,249203242555.4787121184073196,246424740093.298596717010722,2778502462.1801154013965976,true,true,349859948340098160000,345812969388757080000,4046978951341080000,true,true,394104280114.4917350615154196,387143915635.8664433599396396,6960364478.62529170157578,true,true
1,0x11b815efb8f581194ae79006d24e0d814b7697f6,25544961,-200912,1495811394865871385,8,S1_P8,-201850:-200640,0xc36442b4a4522e871399cd717abdd847ab11fe88:-201850:-200640,0xc36442b4a4522e871399cd717abdd847ab11fe88,-201850,-200640,30897667466357237,0.0206561252123152,1210,938,272,272,25535262368890.2785123966942149,0.0000170711778614,141.868453896855282,300.2715995024550644,2.9304972334787543,8.0000419883215096,10.9305392218002639,8.0000419883215096,34530159586550668000,33817549343249356000,712610243301312000,true,true,64950764433.5992968353181968,63609238118.4797729203777052,1341526315.1195239149404916,true,true,174108524302299840000,170512930159082000000,3595594143217840000,true,true,249203242555.4787121184073196,245503532844.8372131166511192,3699709710.6414990017562004,true,true,349859948340098160000,342705015999179440000,7154932340918720000,true,true,394104280114.4917350615154196,385680470059.4434802713166564,8423810055.0482547901987632,true,true
1,0x11b815efb8f581194ae79006d24e0d814b7697f6,25544961,-200912,1495811394865871385,9,S1_P9,-203190:-199170,0xc36442b4a4522e871399cd717abdd847ab11fe88:-203190:-199170,0xc36442b4a4522e871399cd717abdd847ab11fe88,-203190,-199170,15336325105087858,0.0102528468212819,4020,2278,1742,1742,3815006245046.7308457711442786,0.0000025504594083,141.868453896855282,300.2715995024550644,1.4395453010281155,8.9240895613269789,10.3636348623550944,8.9240895613269789,34530159586550668000,34176452217535260000,353707369015408000,true,true,64950764433.5992968353181968,64284886370.8380406408813588,665878062.761256194436838,true,true,174108524302299840000,172324049827999320000,1784474474300520000,true,true,249203242555.4787121184073196,246891993671.041899233892205,2311248884.4368128845151146,true,true,349859948340098160000,346308861655481240000,3551086684616920000,true,true,394104280114.4917350615154196,388314102059.7224475111121922,5790178054.7692875504032274,true,true
1,0x11b815efb8f581194ae79006d24e0d814b7697f6,25544961,-200912,1495811394865871385,10,S1_P10,-205670:-192890,0xc36442b4a4522e871399cd717abdd847ab11fe88:-205670:-192890,0xc36442b4a4522e871399cd717abdd847ab11fe88,-205670,-192890,13398742248352511,0.0089575078076966,12780,4758,8022,4758,1048414886412.5595461658841941,0.0000007009004544,141.868453896855282,300.2715995024550644,1.2560576626640915,7.7638297835948469,9.0198874462589384,7.7638297835948469,34530159586550668000,34221139930713936000,309019655836732000,true,true,64950764433.5992968353181968,64369012925.161577574152552,581751508.4377192611656448,true,true,174108524302299840000,172549524202368640000,1559000099931200000,true,true,249203242555.4787121184073196,247180256898.8751670021912244,2022985656.6035451162160952,true,true,349859948340098160000,346757539304068600000,3102409036029560000,true,true,394104280114.4917350615154196,389036092192.2259720280790728,5068187922.2657630334363468,true,true
1,0x11b815efb8f581194ae79006d24e0d814b7697f6,25544961,-200912,1495811394865871385,11,S1_P11,-205670:-196950,0xc36442b4a4522e871399cd717abdd847ab11fe88:-205670:-196950,0xc36442b4a4522e871399cd717abdd847ab11fe88,-205670,-196950,10887379047933520,0.0072785774231315,8720,4758,3962,3962,1248552643111.6422018348623853,0.0000008346992458,141.868453896855282,300.2715995024550644,1.018934102803663,6.2744922007051892,7.2934263035088522,6.2744922007051892,34530159586550668000,34279060224913492000,251099361637176000,true,true,64950764433.5992968353181968,64478052440.662564335276654,472711992.9367325000415428,true,true,174108524302299840000,172841758000212960000,1266766302086880000,true,true,249203242555.4787121184073196,247555475416.0053729413752252,1647767139.4733391770320944,true,true,349859948340098160000,347339069473375680000,2520878866722480000,true,true,394104280114.4917350615154196,389975946968.5277194059209612,4128333145.9640156555944584,true,true
1,0x11b815efb8f581194ae79006d24e0d814b7697f6,25544961,-200912,1495811394865871385,12,S1_P12,-203210:-197150,0xc36442b4a4522e871399cd717abdd847ab11fe88:-203210:-197150,0xc36442b4a4522e871399cd717abdd847ab11fe88,-203210,-197150,10724049893069410,0.0071693864145426,6060,2298,3762,2298,1769645196876.1402640264026403,0.0000011830670651,141.868453896855282,300.2715995024550644,1.0035398196000368,6.178192273900071,7.1817320935001078,6.178192273900071,34530159586550668000,34282826948272552000,247332638278116000,true,true,64950764433.5992968353181968,64485144052.2075886366475524,465620381.3917081986706444,true,true,174108524302299840000,172860763310370040000,1247760991929800000,true,true,249203242555.4787121184073196,247579940750.7234990996589312,1623301804.7552130187483884,true,true,349859948340098160000,347376889360119960000,2483058979978200000,true,true,394104280114.4917350615154196,390037230987.7814239996084514,4067049126.7103110619069682,true,true
1,0x11b815efb8f581194ae79006d24e0d814b7697f6,25544961,-200912,1495811394865871385,13,S1_P13,-201940:-198000,0xc36442b4a4522e871399cd717abdd847ab11fe88:-201940:-198000,0xc36442b4a4522e871399cd717abdd847ab11fe88,-201940,-198000,6908418761684097,0.0046185092488238,3940,1028,2912,1028,1753405777077.1819796954314721,0.0000011722104692,141.868453896855282,300.2715995024550644,0.6448499353343113,3.9476511969414683,4.5925011322757796,3.9476511969414683,34530159586550668000,34370829063381732000,159330523168936000,true,true,64950764433.5992968353181968,64650812122.3014039221043776,299952311.2978929132138192,true,true,174108524302299840000,173304743509529320000,803780792770520000,true,true,249203242555.4787121184073196,248153674785.0245599938307466,1049567770.454152124576573,true,true,349859948340098160000,348260400794674560000,1599547545423600000,true,true,394104280114.4917350615154196,391474500558.6980156647006502,2629779555.7937193968147694,true,true
1,0x11b815efb8f581194ae79006d24e0d814b7697f6,25544961,-200912,1495811394865871385,14,S1_P14,-203190:-197130,0xc36442b4a4522e871399cd717abdd847ab11fe88:-203190:-197130,0xc36442b4a4522e871399cd717abdd847ab11fe88,-203190,-197130,5247607549681962,0.0035082013465692,6060,2278,3782,2278,865941839881.5118811881188119,0.0000005789111133,141.868453896855282,300.2715995024550644,0.48928878526859,2.9880887393445007,3.4773775246130907,2.9880887393445007,34530159586550668000,34409132921655048000,121026664895620000,true,true,64950764433.5992968353181968,64722922000.39846371451978,227842433.2008331207984168,true,true,174108524302299840000,173497983929752400000,610540372547440000,true,true,249203242555.4787121184073196,248404718836.7400932899312162,798523718.7386188284761034,true,true,349859948340098160000,348644950180120760000,1214998159977400000,true,true,394104280114.4917350615154196,392103454833.5963353579539706,2000825280.895399703561449,true,true
1,0x11b815efb8f581194ae79006d24e0d814b7697f6,25544961,-200912,1495811394865871385,15,S1_P15,-201910:-199890,0xc36442b4a4522e871399cd717abdd847ab11fe88:-201910:-199890,0xc36442b4a4522e871399cd717abdd847ab11fe88,-201910,-199890,5335616386893601,0.0035670382009438,2020,998,1022,998,2641394250937.4262376237623762,0.0000017658604955,141.868453896855282,300.2715995024550644,0.4975236144395563,2.7962949464459721,3.2938185608855284,2.7962949464459721,34530159586550668000,34407103330158944000,123056256391724000,true,true,64950764433.5992968353181968,64719100847.0690898063068188,231663586.530207029011378,true,true,174108524302299840000,173487744215003800000,620780087296040000,true,true,249203242555.4787121184073196,248391395361.2018350353021544,811847194.2768770831051652,true,true,349859948340098160000,348624572679789560000,1235375660308600000,true,true,394104280114.4917350615154196,392070074085.9040847493073366,2034206028.587650312208083,true,true
1,0x11b815efb8f581194ae79006d24e0d814b7697f6,25544961,-200912,1495811394865871385,16,S1_P16,-202310:-199960,0xc36442b4a4522e871399cd717abdd847ab11fe88:-202310:-199960,0xc36442b4a4522e871399cd717abdd847ab11fe88,-202310,-199960,4352484336944928,0.0029097815084737,2350,1398,952,952,1852120994444.6502127659574468,0.0000012382048972,141.868453896855282,300.2715995024550644,0.4055876962909535,2.2254917611318939,2.6310794574228474,2.2254917611318939,34530159586550668000,34429777357675864000,100382228874804000,true,true,64950764433.5992968353181968,64761786902.0213884669679252,188977531.5779083683502716,true,true,174108524302299840000,173602131878393040000,506392423906800000,true,true,249203242555.4787121184073196,248540356870.2283537420766576,662885685.250358376330662,true,true,349859948340098160000,348852206565930360000,1007741774167800000,true,true,394104280114.4917350615154196,392443291463.4022527066541144,1660988651.0894823548613052,true,true
1,0x11b815efb8f581194ae79006d24e0d814b7697f6,25544961,-200912,1495811394865871385,17,S1_P17,-203300:-199920,0xc36442b4a4522e871399cd717abdd847ab11fe88:-203300:-199920,0xc36442b4a4522e871399cd717abdd847ab11fe88,-203300,-199920,3792946371544558,0.0025357116442375,3380,2388,992,992,1122173482705.4905325443786982,0.0000007502105456,141.868453896855282,300.2715995024550644,0.3533165929564363,1.9653189719649784,2.3186355649214147,1.9653189719649784,34530159586550668000,34442682285739836000,87477300810832000,true,true,64950764433.5992968353181968,64786080958.572885523101148,164683475.0264113122170488,true,true,174108524302299840000,173667233756649920000,441290545649920000,true,true,249203242555.4787121184073196,248625262709.9434819952934196,577979845.5352301231139,true,true,349859948340098160000,348981760786524240000,878187553573920000,true,true,394104280114.4917350615154196,392656025615.1168208217039104,1448254499.3749142398115092,true,true
1,0x11b815efb8f581194ae79006d24e0d814b7697f6,25544961,-200912,1495811394865871385,18,S1_P18,-201560:-200350,0xc36442b4a4522e871399cd717abdd847ab11fe88:-201560:-200350,0xc36442b4a4522e871399cd717abdd847ab11fe88,-201560,-200350,4279451403404164,0.002860956547124,1210,648,562,562,3536736697028.2347107438016529,0.0000023644268984,141.868453896855282,300.2715995024550644,0.3987628753212368,1.7781244373049312,2.176887312626168,1.7781244373049312,34530159586550668000,34431461980509564000,98697606041104000,true,true,64950764433.5992968353181968,64764957587.1638349652620576,185806846.4354618700561392,true,true,174108524302299840000,173610629302392440000,497894999907400000,true,true,249203242555.4787121184073196,248553694147.1234225477463746,649548408.355289570660945,true,true,349859948340098160000,348869116552430200000,990831787667960000,true,true,394104280114.4917350615154196,392478708248.9827354408819364,1625571865.5089996206334832,true,true
1,0x11b815efb8f581194ae79006d24e0d814b7697f6,25544961,-200912,1495811394865871385,19,S1_P19,-201760:-198240,0xc36442b4a4522e871399cd717abdd847ab11fe88:-201760:-198240,0xc36442b4a4522e871399cd717abdd847ab11fe88,-201760,-198240,3241453622053199,0.0021670202762052,3520,848,2672,848,920867506265.1133522727272727,0.0000006156307603,141.868453896855282,300.2715995024550644,0.3018348151464115,1.8379654669162057,2.1398002820626172,1.8379654669162057,34530159586550668000,34455401522201224000,74758064349444000,true,true,64950764433.5992968353181968,64810025801.906459001883434,140738631.6928378334347628,true,true,174108524302299840000,173731398874499920000,377125427799920000,true,true,249203242555.4787121184073196,248709037526.0469095124646558,494205029.4318026059426638,true,true,349859948340098160000,349109451265609480000,750497074488680000,true,true,394104280114.4917350615154196,392865930051.485525598787201,1238350063.0062094627282186,true,true
1,0x11b815efb8f581194ae79006d24e0d814b7697f6,25544961,-200912,1495811394865871385,20,S1_P20,-202140:-200580,0xc36442b4a4522e871399cd717abdd847ab11fe88:-202140:-200580,0xc36442b4a4522e871399cd717abdd847ab11fe88,-202140,-200580,3270890407098832,0.0021866997526063,1560,1228,332,332,2096724619935.1487179487179487,0.0000014017306106,141.868453896855282,300.2715995024550644,0.3045817946211538,0.9789817647200168,1.2835635593411706,0.9789817647200168,34530159586550668000,34454722386095580000,75437200455088000,true,true,64950764433.5992968353181968,64808747760.7582816665781788,142016672.841015168740018,true,true,174108524302299840000,173727974071918400000,380550230381440000,true,true,249203242555.4787121184073196,248771555681.2380354994485632,431686874.2406766189587564,true,true,349859948340098160000,349102635642338720000,757312697759440000,true,true,394104280114.4917350615154196,393081692201.2975452977556554,1022587913.1941897637597642,true,true
2,0x11b815efb8f581194ae79006d24e0d814b7697f6,25534961,-200991,1695709995349478791,1,S2_P1,-203180:-200820,0xc36442b4a4522e871399cd717abdd847ab11fe88:-203180:-200820,0xc36442b4a4522e871399cd717abdd847ab11fe88,-203180,-200820,1015513737925999911,0.5988722958000296,2360,2189,171,171,430302431324576.2334745762711864,0.0002537594473729,124.3238983317065218,232.932109209982909,175.3513705771454195,219.8175102805402646,395.1688808576856841,219.8175102805402646,39295698281677452000,15773306043338984000,23522392238338468000,true,true,71197994028.5697624574331438,27283683063.3140487672145802,43914310965.2557136902185636,true,true,198596383363772320000,79496817811521280000,119099565552251040000,true,true,314136399855.2019941170272893,134770028840.5696168657366164,179366371014.6323772512906729,true,true,399104082034467240000,162362961388106680000,236741120646360560000,true,true,582991423889.4717178754900619,252308585357.6704397727843,330682838531.8012781027057619,true,true
2,0x11b815efb8f581194ae79006d24e0d814b7697f6,25534961,-200991,1695709995349478791,2,S2_P2,-203840:-193690,0xc36442b4a4522e871399cd717abdd847ab11fe88:-203840:-193690,0xc36442b4a4522e871399cd717abdd847ab11fe88,-203840,-193690,121974768461373800,0.0719313849631672,10150,2849,7301,2849,12017218567623.0344827586206897,0.000007086835957,124.3238983317065218,232.932109209982909,9.352812566430876,97.309012312226372,106.661824878657248,97.309012312226372,39295698281677452000,36471614781124988000,2824083500552464000,true,true,71197994028.5697624574331438,65914129416.3463555638141062,5283864612.2234068936190376,true,true,198596383363772320000,184363658064992240000,14232725298780080000,true,true,314136399855.2019941170272893,273605551697.3305510782320425,40530848157.8714430387952468,true,true,399104082034467240000,370822834214593400000,28281247819873840000,true,true,582991423889.4717178754900619,474874456927.1118930937261225,108116966962.3598247817639394,true,true
2,0x11b815efb8f581194ae79006d24e0d814b7697f6,25534961,-200991,1695709995349478791,3,S2_P3,-203520:-200040,0xc36442b4a4522e871399cd717abdd847ab11fe88:-203520:-200040,0xc36442b4a4522e871399cd717abdd847ab11fe88,-203520,-200040,43442553758780513,0.0256190939948002,3480,2529,951,951,12483492459419.6876436781609195,0.0000073618086192,124.3238983317065218,232.932109209982909,3.1774862965240825,21.2813302333083131,24.4588165298323956,21.2813302333083131,39295698281677452000,38289889756417320000,1005808525260132000,true,true,71197994028.5697624574331438,69316012030.4373870698898458,1881981998.132375387543298,true,true,198596383363772320000,193530097104364480000,5066286259407840000,true,true,314136399855.2019941170272893,299893775434.753781559674493,14242624420.4482125573527963,true,true,399104082034467240000,389033705960849360000,10070376073617880000,true,true,582991423889.4717178754900619,546132149820.5425749392275298,36859274068.9291429362625321,true,true
2,0x11b815efb8f581194ae79006d24e0d814b7697f6,25534961,-200991,1695709995349478791,4,S2_P4,-203190:-198080,0xc36442b4a4522e871399cd717abdd847ab11fe88:-203190:-198080,0xc36442b4a4522e871399cd717abdd847ab11fe88,-203190,-198080,34387505828248607,0.0202791196151211,5110,2199,2911,2199,6729453195351.9778864970645793,0.0000039685165587,124.3238983317065218,232.932109209982909,2.5018768236734222,19.9796513007337901,22.4815281244072123,19.9796513007337901,39295698281677452000,38499539070571812000,796159211105640000,true,true,71197994028.5697624574331438,69708281772.0529290492305624,1489712256.5168334082025814,true,true,198596383363772320000,194586343149012880000,4010040214759440000,true,true,314136399855.2019941170272893,302884550691.9133972960385069,11251849163.2885968209887824,true,true,399104082034467240000,391132939273211360000,7971142761255880000,true,true,582991423889.4717178754900619,553965930899.2393946653859173,29025492990.2323232101041446,true,true
2,0x11b815efb8f581194ae79006d24e0d814b7697f6,25534961,-200991,1695709995349478791,5,S2_P5,-205010:-190760,0xc36442b4a4522e871399cd717abdd847ab11fe88:-205010:-190760,0xc36442b4a4522e871399cd717abdd847ab11fe88,-205010,-190760,30283666877182300,0.0178589894263971,14250,4019,10231,4019,2125169605416.3017543859649123,0.0000012532624159,124.3238983317065218,232.932109209982909,2.1980315924870875,17.3751494126980534,19.5731810051851409,17.3751494126980534,39295698281677452000,38594554172964788000,701144108712664000,true,true,71197994028.5697624574331438,69886062493.7717664605030657,1311931534.7979959969300781,true,true,198596383363772320000,195065001429399200000,3531381934373120000,true,true,314136399855.2019941170272893,304236421234.4863405228800485,9899978620.7156535941472408,true,true,399104082034467240000,392084298809962520000,7019783224504720000,true,true,582991423889.4717178754900619,557490141879.2715699073577525,25501282010.2001479681323094,true,true
2,0x11b815efb8f581194ae79006d24e0d814b7697f6,25534961,-200991,1695709995349478791,6,S2_P6,-202010:-200700,0xc36442b4a4522e871399cd717abdd847ab11fe88:-202010:-200700,0xc36442b4a4522e871399cd717abdd847ab11fe88,-202010,-200700,45530376243387927,0.0268503319366259,1310,1019,291,291,34756012399532.7687022900763359,0.0000204964365928,124.3238983317065218,232.932109209982909,3.3342820947333557,11.1391553700715976,14.4734374648049533,11.1391553700715976,39295698281677452000,38241550608697972000,1054147672979480000,true,true,71197994028.5697624574331438,69225566834.9019382614070625,1972427193.6678241960260813,true,true,198596383363772320000,193286539628469600000,5309843735302720000,true,true,314136399855.2019941170272893,301576641069.2159380190026292,12559758785.9860560980246601,true,true,399104082034467240000,388549670791314120000,10554411243153120000,true,true,582991423889.4717178754900619,551867981535.5306948452382159,31123442353.941023030251846,true,true
2,0x11b815efb8f581194ae79006d24e0d814b7697f6,25534961,-200991,1695709995349478791,7,S2_P7,-202040:-200720,0xc36442b4a4522e871399cd717abdd847ab11fe88:-202040:-200720,0xc36442b4a4522e871399cd717abdd847ab11fe88,-202040,-200720,37902793012355964,0.0223521670075102,1320,1049,271,271,28714237130572.7,0.0000169334598542,124.3238983317065218,232.932109209982909,2.7633067470076235,8.729454769817506,11.4927615168251295,8.729454769817506,39295698281677452000,38418150894238868000,877547387438584000,true,true,71197994028.5697624574331438,69555997249.7595291563149481,1641996778.8102333011181957,true,true,198596383363772320000,194176310374007080000,4420072989765240000,true,true,314136399855.2019941170272893,303955402379.193052052741669,10180997476.0089420642856203,true,true,399104082034467240000,390318002023623400000,8786080010843840000,true,true,582991423889.4717178754900619,558004287663.226615504037149,24987136226.2451023714529129,true,true
2,0x11b815efb8f581194ae79006d24e0d814b7697f6,25534961,-200991,1695709995349478791,8,S2_P8,-201850:-200640,0xc36442b4a4522e871399cd717abdd847ab11fe88:-201850:-200640,0xc36442b4a4522e871399cd717abdd847ab11fe88,-201850,-200640,30897667466357237,0.0182210799907382,1210,859,351,351,25535262368890.2785123966942149,0.000015058743794,124.3238983317065218,232.932109209982909,2.2433992586568075,8.6036915790175499,10.8470908376743574,8.6036915790175499,39295698281677452000,38580338316137024000,715359965540428000,true,true,71197994028.5697624574331438,69859463494.1923722396421937,1338530534.3773902177909501,true,true,198596383363772320000,194993388289674360000,3602995074097960000,true,true,314136399855.2019941170272893,304865116984.6907446186475211,9271282870.5112494983797682,true,true,399104082034467240000,391941961461493160000,7162120572974080000,true,true,582991423889.4717178754900619,559588039851.8414471056516247,23403384037.6302707698384372,true,true
2,0x11b815efb8f581194ae79006d24e0d814b7697f6,25534961,-200991,1695709995349478791,9,S2_P9,-203190:-199170,0xc36442b4a4522e871399cd717abdd847ab11fe88:-203190:-199170,0xc36442b4a4522e871399cd717abdd847ab11fe88,-203190,-199170,15336325105087858,0.0090441910156501,4020,2199,1821,1821,3815006245046.7308457711442786,0.0000022497987601,124.3238983317065218,232.932109209982909,1.103520814225112,8.4157247380564143,9.5192455522815263,8.4157247380564143,39295698281677452000,38940624341801688000,355073939875764000,true,true,71197994028.5697624574331438,70533597060.2942040052140446,664396968.2755584522190992,true,true,198596383363772320000,196808187708142400000,1788195655629920000,true,true,314136399855.2019941170272893,309140174487.2149079956136136,4996225367.9870861214136757,true,true,399104082034467240000,395549243953869920000,3554838080597320000,true,true,582991423889.4717178754900619,570188206756.0941591467067558,12803217133.3775587287833061,true,true
2,0x11b815efb8f581194ae79006d24e0d814b7697f6,25534961,-200991,1695709995349478791,10,S2_P10,-205670:-192890,0xc36442b4a4522e871399cd717abdd847ab11fe88:-205670:-192890,0xc36442b4a4522e871399cd717abdd847ab11fe88,-205670,-192890,13398742248352511,0.0079015529100488,12780,4679,8101,4679,1048414886412.5595461658841941,0.0000006182748756,124.3238983317065218,232.932109209982909,0.9630247199062645,7.3111702496519168,8.2741949695581813,7.3111702496519168,39295698281677452000,38985484311652480000,310213970024972000,true,true,71197994028.5697624574331438,70617536159.7861632646064175,580457868.7835991928267263,true,true,198596383363772320000,197034126932038040000,1562256431734280000,true,true,314136399855.2019941170272893,309773411002.1646157956114322,4362988853.0373783214158571,true,true,399104082034467240000,395998375458276880000,3105706576190360000,true,true,582991423889.4717178754900619,571818321578.2008494604787488,11173102311.2708684150113131,true,true
2,0x11b815efb8f581194ae79006d24e0d814b7697f6,25534961,-200991,1695709995349478791,11,S2_P11,-201860:-200650,0xc36442b4a4522e871399cd717abdd847ab11fe88:-201860:-200650,0xc36442b4a4522e871399cd717abdd847ab11fe88,-201860,-200650,19996240143728038,0.0117922523300377,1210,869,341,341,16525818300601.684297520661157,0.0000097456630827,124.3238983317065218,232.932109209982909,1.4427072478353667,5.4079774177502957,6.8506846655856624,5.4079774177502957,39295698281677452000,38832735086039076000,462963195638376000,true,true,71197994028.5697624574331438,70331723532.7890304550554439,866270495.7807320023776999,true,true,198596383363772320000,196264776918262080000,2331606445510240000,true,true,314136399855.2019941170272893,308161877076.6327491639314872,5974522778.5692449530958021,true,true,399104082034467240000,394469057598909720000,4635024435557520000,true,true,582991423889.4717178754900619,567971275241.4006187859743823,15020148648.0710990895156796,true,true
2,0x11b815efb8f581194ae79006d24e0d814b7697f6,25534961,-200991,1695709995349478791,12,S2_P12,-205670:-196950,0xc36442b4a4522e871399cd717abdd847ab11fe88:-205670:-196950,0xc36442b4a4522e871399cd717abdd847ab11fe88,-205670,-196950,10887379047933520,0.0064205430632552,8720,4679,4041,4041,1248552643111.6422018348623853,0.00000073630081,124.3238983317065218,232.932109209982909,0.7813899935721457,5.8978379181714771,6.6792279117436228,5.8978379181714771,39295698281677452000,39043628903834964000,252069377842488000,true,true,71197994028.5697624574331438,70726332767.6840355411600479,471661260.8857269162730959,true,true,198596383363772320000,197326965537446840000,1269417826325480000,true,true,314136399855.2019941170272893,310593314702.8912778275284699,3543085152.3107162894988194,true,true,399104082034467240000,396580502686444000000,2523579348023240000,true,true,582991423889.4717178754900619,573925748208.1091372287689764,9065675681.3625806467210855,true,true
2,0x11b815efb8f581194ae79006d24e0d814b7697f6,25534961,-200991,1695709995349478791,13,S2_P13,-203210:-197150,0xc36442b4a4522e871399cd717abdd847ab11fe88:-203210:-197150,0xc36442b4a4522e871399cd717abdd847ab11fe88,-203210,-197150,10724049893069410,0.0063242240256178,6060,2219,3841,2219,1769645196876.1402640264026403,0.0000010436013244,124.3238983317065218,232.932109209982909,0.7695953865060592,5.8066276226228495,6.5762230091289087,5.8066276226228495,39295698281677452000,39047410512981600000,248287768695852000,true,true,71197994028.5697624574331438,70733408698.0318486210334681,464585330.5379138363996757,true,true,198596383363772320000,197346010291078400000,1250373072693920000,true,true,314136399855.2019941170272893,310646604315.8770473354957731,3489795539.3249467815315162,true,true,399104082034467240000,396618361679246760000,2485720355220480000,true,true,582991423889.4717178754900619,574062595245.8075068394025947,8928828643.6642110360874672,true,true
2,0x11b815efb8f581194ae79006d24e0d814b7697f6,25534961,-200991,1695709995349478791,14,S2_P14,-201960:-200650,0xc36442b4a4522e871399cd717abdd847ab11fe88:-201960:-200650,0xc36442b4a4522e871399cd717abdd847ab11fe88,-201960,-200650,18241284455934388,0.010757313754098,1310,969,341,341,13924644622850.6778625954198473,0.0000082116898886,124.3238983317065218,232.932109209982909,1.3147526215962527,4.9265808737253108,6.2413334953215635,4.9265808737253108,39295698281677452000,38873366667231848000,422331614445604000,true,true,71197994028.5697624574331438,70407751468.2668018540985935,790242560.3029606033345503,true,true,198596383363772320000,196469432977461480000,2126950386310840000,true,true,314136399855.2019941170272893,308680892403.9898109734575456,5455507451.2121831435697437,true,true,399104082034467240000,394875866181179640000,4228215853287600000,true,true,582991423889.4717178754900619,569279261475.3467096324950534,13712162414.1250082429950085,true,true
2,0x11b815efb8f581194ae79006d24e0d814b7697f6,25534961,-200991,1695709995349478791,15,S2_P15,-202030:-200710,0xc36442b4a4522e871399cd717abdd847ab11fe88:-202030:-200710,0xc36442b4a4522e871399cd717abdd847ab11fe88,-202030,-200710,17735399090814495,0.0104589812759577,1320,1039,281,281,13435908402132.1931818181818182,0.0000079234706636,124.3238983317065218,232.932109209982909,1.2779165175821877,4.1506862189576565,5.4286027365398442,4.1506862189576565,39295698281677452000,38885079605036556000,410618676640896000,true,true,71197994028.5697624574331438,70429666057.8238482315726572,768327970.7459142258604866,true,true,198596383363772320000,196528426496398680000,2067956867373640000,true,true,314136399855.2019941170272893,309232582044.4408013413687346,4903817810.7611927756585547,true,true,399104082034467240000,394993132577773040000,4110949456694200000,true,true,582991423889.4717178754900619,570917945973.2185803404366924,12073477916.2531375350533695,true,true
2,0x11b815efb8f581194ae79006d24e0d814b7697f6,25534961,-200991,1695709995349478791,16,S2_P16,-201910:-200700,0xc36442b4a4522e871399cd717abdd847ab11fe88:-201910:-200700,0xc36442b4a4522e871399cd717abdd847ab11fe88,-201910,-200700,15527240520062560,0.0091567783186078,1210,919,291,291,12832430181869.884297520661157,0.0000075675853873,124.3238983317065218,232.932109209982909,1.1173813161590622,3.7265958056320744,4.8439771217911366,3.7265958056320744,39295698281677452000,38936204428201556000,359493853475896000,true,true,71197994028.5697624574331438,70525326559.1631606450711149,672667469.4066018123620289,true,true,198596383363772320000,196785924757244760000,1810458606527560000,true,true,314136399855.2019941170272893,309771039720.3239966451982945,4365360134.8779974718289948,true,true,399104082034467240000,395504989435668760000,3599092598798480000,true,true,582991423889.4717178754900619,572200907060.3968739631502899,10790516829.074843912339772,true,true
2,0x11b815efb8f581194ae79006d24e0d814b7697f6,25534961,-200991,1695709995349478791,17,S2_P17,-202030:-200720,0xc36442b4a4522e871399cd717abdd847ab11fe88:-202030:-200720,0xc36442b4a4522e871399cd717abdd847ab11fe88,-202030,-200720,15709264373712586,0.0092641220590759,1310,1039,271,271,11991804865429.4549618320610687,0.0000070718489001,124.3238983317065218,232.932109209982909,1.1305991519834835,3.571040557972457,4.7016397099559405,3.571040557972457,39295698281677452000,38931989982771612000,363708298905840000,true,true,71197994028.5697624574331438,70517441412.0885074788774073,680552616.4812549785557365,true,true,198596383363772320000,196764698850286240000,1831684513486080000,true,true,314136399855.2019941170272893,309857539929.8368514709572456,4278859925.3651426460700437,true,true,399104082034467240000,395462796020563600000,3641286013903640000,true,true,582991423889.4717178754900619,572505569654.0937589581390556,10485854235.3779589173510063,true,true
2,0x11b815efb8f581194ae79006d24e0d814b7697f6,25534961,-200991,1695709995349478791,18,S2_P18,-201970:-200650,0xc36442b4a4522e871399cd717abdd847ab11fe88:-201970:-200650,0xc36442b4a4522e871399cd717abdd847ab11fe88,-201970,-200650,12464316657804916,0.0073505001987301,1320,979,341,341,9442664134700.6939393939393939,0.0000055685607566,124.3238983317065218,232.932109209982909,0.8953807968041197,3.3511228478965936,4.2465036447007133,3.3511228478965936,39295698281677452000,39007118616301360000,288579665376092000,true,true,71197994028.5697624574331438,70658017282.7269038653434292,539976745.8428585920897146,true,true,198596383363772320000,197143087074556480000,1453296289215840000,true,true,314136399855.2019941170272893,310396849539.4667303253688719,3739550315.7352637916584174,true,true,399104082034467240000,396214973633479240000,2889108400988000000,true,true,582991423889.4717178754900619,573599470800.0298323391871195,9391953089.4418855363029424,true,true
2,0x11b815efb8f581194ae79006d24e0d814b7697f6,25534961,-200991,1695709995349478791,19,S2_P19,-202190:-200990,0xc36442b4a4522e871399cd717abdd847ab11fe88:-202190:-200990,0xc36442b4a4522e871399cd717abdd847ab11fe88,-202190,-200990,52158179569329275,0.0307589031805994,1200,1199,1,1,43465149641107.7291666666666667,0.0000256324193172,124.3238983317065218,232.932109209982909,3.8345916684995092,0.0585469254733004,3.8931385939728096,3.8345916684995092,39295698281677452000,38088097567620996000,1207600714056456000,true,true,71197994028.5697624574331438,70991604945.6240882204883808,206389082.945674236944763,true,true,198596383363772320000,192513318206769560000,6083065157002760000,true,true,314136399855.2019941170272893,313950387720.0189337509965395,186012135.1830603660307498,true,true,399104082034467240000,387013061227705600000,12091020806761640000,true,true,582991423889.4717178754900619,582754558508.9720152158615053,236865380.4997026596285566,true,true
2,0x11b815efb8f581194ae79006d24e0d814b7697f6,25534961,-200991,1695709995349478791,20,S2_P20,-202540:-200830,0xc36442b4a4522e871399cd717abdd847ab11fe88:-202540:-200830,0xc36442b4a4522e871399cd717abdd847ab11fe88,-202540,-200830,17458894666438901,0.0102959201245026,1710,1549,161,161,10209879921894.0941520467836257,0.0000060210059208,124.3238983317065218,232.932109209982909,1.257791926092557,2.5879964126612862,3.8457883387538432,2.5879964126612862,39295698281677452000,38891481659136960000,404216622540492000,true,true,71197994028.5697624574331438,70441644304.4185166706925958,756349724.151245786740548,true,true,198596383363772320000,196560670662493680000,2035712701278640000,true,true,314136399855.2019941170272893,310473749656.0023437434387035,3662650199.1996503735885858,true,true,399104082034467240000,395057227322282720000,4046854712184520000,true,true,582991423889.4717178754900619,574761831775.2401454029066359,8229592114.231572472583426,true,true
3,0x11b815efb8f581194ae79006d24e0d814b7697f6,25524961,-201529,1728647786863747711,1,S3_P1,-203180:-200820,0xc36442b4a4522e871399cd717abdd847ab11fe88:-203180:-200820,0xc36442b4a4522e871399cd717abdd847ab11fe88,-203180,-200820,1015513737925999911,0.5874613357579492,2360,1651,709,709,430302431324576.2334745762711864,0.0002489242948127,120.1916619303760643,123.6535646579146889,208.211608491305404,211.2566546133731121,419.4682631046785161,211.2566546133731121,41141154742089732000,16977510216923248000,24163644525166484000,true,true,72681362595.5223180967936288,29753581400.9606078723696252,42927781194.5617102244240036,true,true,207127747915504360000,85134629426444075000,121993118489060285000,true,true,360150430897.0657000745145632,146399265780.6177125302238248,213751165116.4479875442907384,true,true,415389445756617800000,167696168869508040000,247693276887109760000,true,true,718778122365.4921430665397184,287116644693.1658707511763648,431661477672.3262723153633536,true,true
3,0x11b815efb8f581194ae79006d24e0d814b7697f6,25524961,-201529,1728647786863747711,2,S3_P2,-203840:-193690,0xc36442b4a4522e871399cd717abdd847ab11fe88:-203840:-193690,0xc36442b4a4522e871399cd717abdd847ab11fe88,-203840,-193690,121974768461373800,0.0705607986706594,10150,2311,7839,2311,12017218567623.0344827586206897,0.0000069518028247,120.1916619303760643,123.6535646579146889,9.21794436060873,9.6674182511298989,18.8853626117386289,9.6674182511298989,41141154742089732000,38239516858007704000,2901637884082028000,true,true,72681362595.5223180967936288,67520564488.4046051253270993,5160798107.1177129714665295,true,true,207127747915504360000,192494913991179720000,14632833924324640000,true,true,360150430897.0657000745145632,334528363872.5919819064513216,25622067024.4737181680632416,true,true,415389445756617800000,386162102649018800000,29227343107599000000,true,true,718778122365.4921430665397184,667533610512.5253046208439104,51244511852.966838445695808,true,true
3,0x11b815efb8f581194ae79006d24e0d814b7697f6,25524961,-201529,1728647786863747711,3,S3_P3,-202450:-201260,0xc36442b4a4522e871399cd717abdd847ab11fe88:-202450:-201260,0xc36442b4a4522e871399cd717abdd847ab11fe88,-202450,-201260,53176343925862521,0.0307618152928303,1190,921,269,269,44686003299044.1352941176470588,0.000025850264952,120.1916619303760643,123.6535646579146889,3.8423390084602907,3.5695909597022738,7.4119299681625645,3.8423390084602907,41141154742089732000,39876166127737712000,1264988614352020000,true,true,72681362595.5223180967936288,70431855753.1102252435340655,2249506842.4120928532595633,true,true,207127747915504360000,200750742577703680000,6377005337800680000,true,true,360150430897.0657000745145632,348979960986.5991530877842016,11170469910.4665469867303616,true,true,415389445756617800000,402653123386082960000,12736322370534840000,true,true,718778122365.4921430665397184,696435958426.6177957548475808,22342163938.8743473116921376,true,true
3,0x11b815efb8f581194ae79006d24e0d814b7697f6,25524961,-201529,1728647786863747711,4,S3_P4,-202010:-200700,0xc36442b4a4522e871399cd717abdd847ab11fe88:-202010:-200700,0xc36442b4a4522e871399cd717abdd847ab11fe88,-202010,-200700,45530376243387927,0.0263387235904156,1310,481,829,481,34756012399532.7687022900763359,0.0000201058958705,120.1916619303760643,123.6535646579146889,3.2694425527019522,3.438444350876736,6.7078869035786882,3.438444350876736,41141154742089732000,40058054364269040000,1083100377820692000,true,true,72681362595.5223180967936288,70755341634.9173238232957833,1926020960.6049942734978455,true,true,207127747915504360000,201667889166727400000,5459858748776960000,true,true,360150430897.0657000745145632,350586081706.9273032837988704,9564349190.1383967907156928,true,true,415389445756617800000,404484962101475120000,10904483655142680000,true,true,718778122365.4921430665397184,699648279204.7931969198020192,19129843160.6989461467376992,true,true
3,0x11b815efb8f581194ae79006d24e0d814b7697f6,25524961,-201529,1728647786863747711,5,S3_P5,-203520:-200040,0xc36442b4a4522e871399cd717abdd847ab11fe88:-203520:-200040,0xc36442b4a4522e871399cd717abdd847ab11fe88,-203520,-200040,43442553758780513,0.0251309457536156,3480,1991,1489,1489,12483492459419.6876436781609195,0.0000072215361361,120.1916619303760643,123.6535646579146889,3.1198375894181567,3.2765524971282106,6.3963900865463673,3.2765524971282106,41141154742089732000,40107721026837400000,1033433715252332000,true,true,72681362595.5223180967936288,70843671241.5975237226237034,1837691353.9247943741699254,true,true,207127747915504360000,201918313728873960000,5209434186630400000,true,true,360150430897.0657000745145632,351024653582.2198555487023264,9125777314.8458445258122368,true,true,415389445756617800000,404985135695886800000,10404310060731000000,true,true,718778122365.4921430665397184,700525450190.0948708935906656,18252672175.3972721729490528,true,true
3,0x11b815efb8f581194ae79006d24e0d814b7697f6,25524961,-201529,1728647786863747711,6,S3_P6,-202040:-200720,0xc36442b4a4522e871399cd717abdd847ab11fe88:-202040:-200720,0xc36442b4a4522e871399cd717abdd847ab11fe88,-202040,-200720,37902793012355964,0.0219262670512669,1320,511,809,511,28714237130572.7,0.0000166108083722,120.1916619303760643,123.6535646579146889,2.7125822564896875,2.8490056694297142,5.5615879259194017,2.8490056694297142,41141154742089732000,40239504445122200000,901650296967532000,true,true,72681362595.5223180967936288,71078036448.9798156660656619,1603326146.5425024307279669,true,true,207127747915504360000,202582754763879600000,4544993151624760000,true,true,360150430897.0657000745145632,352188348699.7539937222266432,7962082197.31170635228792,true,true,415389445756617800000,406312214373644720000,9077231382973080000,true,true,718778122365.4921430665397184,702852925434.8365625163194272,15925196930.6555805502202912,true,true
3,0x11b815efb8f581194ae79006d24e0d814b7697f6,25524961,-201529,1728647786863747711,7,S3_P7,-205010:-190760,0xc36442b4a4522e871399cd717abdd847ab11fe88:-205010:-190760,0xc36442b4a4522e871399cd717abdd847ab11fe88,-205010,-190760,30283666877182300,0.0175187028307978,14250,3481,10769,3481,2125169605416.3017543859649123,0.0000012293826548,120.1916619303760643,123.6535646579146889,2.1570635927410535,2.2657066242572269,4.4227702169982804,2.2657066242572269,41141154742089732000,40420752939287052000,720401802802680000,true,true,72681362595.5223180967936288,71400361041.2267564142516727,1281001554.2955616825419561,true,true,207127747915504360000,203496530253080280000,3631217662424080000,true,true,360150430897.0657000745145632,353788848347.6076657475835584,6361582549.4580343269310048,true,true,415389445756617800000,408137259242824920000,7252186513792880000,true,true,718778122365.4921430665397184,706054068758.1531576906002176,12724053607.3389853759395008,true,true
3,0x11b815efb8f581194ae79006d24e0d814b7697f6,25524961,-201529,1728647786863747711,8,S3_P8,-201850:-200640,0xc36442b4a4522e871399cd717abdd847ab11fe88:-201850:-200640,0xc36442b4a4522e871399cd717abdd847ab11fe88,-201850,-200640,30897667466357237,0.0178738940929166,1210,321,889,321,25535262368890.2785123966942149,0.0000147718132999,120.1916619303760643,123.6535646579146889,2.0564565455669367,2.3125114955843018,4.3689680411512385,2.3125114955843018,41141154742089732000,40406146874146472000,735007867943260000,true,true,72681362595.5223180967936288,71374386131.2006710816258248,1306976464.321647015167804,true,true,207127747915504360000,203422894978098680000,3704852937405680000,true,true,360150430897.0657000745145632,353659868804.5768454102491392,6490562092.488854664265424,true,true,415389445756617800000,407990191571477720000,7399254185140080000,true,true,718778122365.4921430665397184,705796097131.0385586954952,12982025234.4535843710445184,true,true
3,0x11b815efb8f581194ae79006d24e0d814b7697f6,25524961,-201529,1728647786863747711,9,S3_P9,-201860:-200650,0xc36442b4a4522e871399cd717abdd847ab11fe88:-201860:-200650,0xc36442b4a4522e871399cd717abdd847ab11fe88,-201860,-200650,19996240143728038,0.0115675618224154,1210,331,879,331,16525818300601.684297520661157,0.0000095599684483,120.1916619303760643,123.6535646579146889,1.3342550064321827,1.486694710690374,2.8209497171225567,1.486694710690374,41141154742089732000,40665475669320928000,475679072768804000,true,true,72681362595.5223180967936288,71835543654.8961532199679398,845818940.626164876825689,true,true,207127747915504360000,204730198777965240000,2397549137539120000,true,true,360150430897.0657000745145632,355949873708.924094031250768,4200557188.1416060432637952,true,true,415389445756617800000,410601165882453920000,4788279874163880000,true,true,718778122365.4921430665397184,710376366401.0969217514148384,8401755964.39522131512488,true,true
3,0x11b815efb8f581194ae79006d24e0d814b7697f6,25524961,-201529,1728647786863747711,10,S3_P10,-201960:-200650,0xc36442b4a4522e871399cd717abdd847ab11fe88:-201960:-200650,0xc36442b4a4522e871399cd717abdd847ab11fe88,-201960,-200650,18241284455934388,0.010552343047874,1310,431,879,431,13924644622850.6778625954198473,0.0000080552237007,120.1916619303760643,123.6535646579146889,1.2777151068430115,1.3547721490786663,2.6324872559216778,1.3547721490786663,41141154742089732000,40707223818691428000,433930923398304000,true,true,72681362595.5223180967936288,71909779948.7042749375500868,771582646.818043159243542,true,true,207127747915504360000,204940639471827760000,2187108443676600000,true,true,360150430897.0657000745145632,356318529696.8332230027904512,3831901200.232477071724112,true,true,415389445756617800000,411021456312080360000,4367989444537440000,true,true,718778122365.4921430665397184,711113726275.5223204488151456,7664396089.9698226177245728,true,true
3,0x11b815efb8f581194ae79006d24e0d814b7697f6,25524961,-201529,1728647786863747711,11,S3_P11,-203530:-192890,0xc36442b4a4522e871399cd717abdd847ab11fe88:-203530:-192890,0xc36442b4a4522e871399cd717abdd847ab11fe88,-203530,-192890,17766195839534702,0.01027751053427,10640,2001,8639,2001,1669755248076.5697368421052632,0.0000009659314412,120.1916619303760643,123.6535646579146889,1.255756386283752,1.3191073254393114,2.5748637117230634,1.3191073254393114,41141154742089732000,40718525580264612000,422629161825120000,true,true,72681362595.5223180967936288,71929877129.0200975017897825,751485466.5022205950038463,true,true,207127747915504360000,204997607545490360000,2130140370014000000,true,true,360150430897.0657000745145632,356418329920.5532620724517344,3732100976.5124380020628288,true,true,415389445756617800000,411135232489454520000,4254213267163280000,true,true,718778122365.4921430665397184,711313339510.7786150610424096,7464782854.7135280054973088,true,true
3,0x11b815efb8f581194ae79006d24e0d814b7697f6,25524961,-201529,1728647786863747711,12,S3_P12,-202030:-200710,0xc36442b4a4522e871399cd717abdd847ab11fe88:-202030:-200710,0xc36442b4a4522e871399cd717abdd847ab11fe88,-202030,-200710,17735399090814495,0.0102596950203439,1320,501,819,501,13435908402132.1931818181818182,0.0000077724962275,120.1916619303760643,123.6535646579146889,1.253555993445108,1.3167961511637868,2.5703521446088948,1.3167961511637868,41141154742089732000,40719257518659276000,421897223430456000,true,true,72681362595.5223180967936288,71931179234.8537695147568856,750183360.6685485820367432,true,true,207127747915504360000,205001300232943680000,2126447682560680000,true,true,360150430897.0657000745145632,356424798965.0212617083426944,3725631932.0444383661718688,true,true,415389445756617800000,411142607761774320000,4246837994843480000,true,true,718778122365.4921430665397184,711326278952.3300866553601088,7451843413.1620564111796096,true,true
3,0x11b815efb8f581194ae79006d24e0d814b7697f6,25524961,-201529,1728647786863747711,13,S3_P13,-202540:-200830,0xc36442b4a4522e871399cd717abdd847ab11fe88:-202540:-200830,0xc36442b4a4522e871399cd717abdd847ab11fe88,-202540,-200830,17458894666438901,0.0100997408489524,1710,1011,699,699,10209879921894.0941520467836257,0.0000059062811982,120.1916619303760643,123.6535646579146889,1.2338035250839462,1.2960492203964442,2.5298527454803904,1.2960492203964442,41141154742089732000,40725835721351168000,415319020738564000,true,true,72681362595.5223180967936288,71942876625.7909220386424749,738485969.7313960581511539,true,true,207127747915504360000,205034456042845400000,2093291872658960000,true,true,360150430897.0657000745145632,356482883679.03224062591208,3667547218.0334594486024832,true,true,415389445756617800000,411208825911657640000,4180619844960160000,true,true,718778122365.4921430665397184,711442455300.7067679922460192,7335667064.7853750742936992,true,true
3,0x11b815efb8f581194ae79006d24e0d814b7697f6,25524961,-201529,1728647786863747711,14,S3_P14,-202030:-200720,0xc36442b4a4522e871399cd717abdd847ab11fe88:-202030:-200720,0xc36442b4a4522e871399cd717abdd847ab11fe88,-202030,-200720,15709264373712586,0.0090876027453884,1310,501,809,501,11991804865429.4549618320610687,0.0000069371013324,120.1916619303760643,123.6535646579146889,1.108971262603252,1.164930743671185,2.273902006274437,1.164930743671185,41141154742089732000,40767456435914080000,373698306175652000,true,true,72681362595.5223180967936288,72016886243.6662818409405959,664476351.8560362558530329,true,true,207127747915504360000,205244251968680120000,1883495946824240000,true,true,360150430897.0657000745145632,356850421552.588721782096848,3300009344.4769782924177152,true,true,415389445756617800000,411627826957612200000,3761618799005600000,true,true,718778122365.4921430665397184,712177581475.6319784232027776,6600540889.8601646433369408,true,true
3,0x11b815efb8f581194ae79006d24e0d814b7697f6,25524961,-201529,1728647786863747711,15,S3_P15,-203190:-199170,0xc36442b4a4522e871399cd717abdd847ab11fe88:-203190:-199170,0xc36442b4a4522e871399cd717abdd847ab11fe88,-203190,-199170,15336325105087858,0.0088718622854412,4020,1661,2359,1661,3815006245046.7308457711442786,0.0000022069309168,120.1916619303760643,123.6535646579146889,1.0823974028724535,1.1370183471837258,2.2194157500561793,1.1370183471837258,41141154742089732000,40776328161721460000,364826580368272000,true,true,72681362595.5223180967936288,72032661690.2150251689701137,648700905.3072929278235151,true,true,207127747915504360000,205288970102376560000,1838777813127800000,true,true,360150430897.0657000745145632,356928763560.6955600207887616,3221667336.3701400537258016,true,true,415389445756617800000,411717137065475680000,3672308691142120000,true,true,718778122365.4921430665397184,712334276327.4579857452516192,6443846038.0341573212880992,true,true
3,0x11b815efb8f581194ae79006d24e0d814b7697f6,25524961,-201529,1728647786863747711,16,S3_P16,-201910:-200700,0xc36442b4a4522e871399cd717abdd847ab11fe88:-201910:-200700,0xc36442b4a4522e871399cd717abdd847ab11fe88,-201910,-200700,15527240520062560,0.0089823043410326,1210,381,829,381,12832430181869.884297520661157,0.0000074233920174,120.1916619303760643,123.6535646579146889,1.0655586862966945,1.1513056890803425,2.216864375377037,1.1513056890803425,41141154742089732000,40771786703160752000,369368038928980000,true,true,72681362595.5223180967936288,72024586236.9408119157451141,656776358.5815061810485147,true,true,207127747915504360000,205266077986392000000,1861669929112360000,true,true,360150430897.0657000745145632,356888658835.8092785865502336,3261772061.2564214879643296,true,true,415389445756617800000,411671417390081400000,3718028366536400000,true,true,718778122365.4921430665397184,712254061096.1989892638454464,6524061269.293153802694272,true,true
3,0x11b815efb8f581194ae79006d24e0d814b7697f6,25524961,-201529,1728647786863747711,17,S3_P17,-203070:-201050,0xc36442b4a4522e871399cd717abdd847ab11fe88:-203070:-201050,0xc36442b4a4522e871399cd717abdd847ab11fe88,-203070,-201050,14491882956695774,0.0083833636133524,2020,1541,479,479,7174199483512.7594059405940594,0.0000041501800066,120.1916619303760643,123.6535646579146889,1.0222712312184817,1.0728521020037984,2.0951233332222801,1.0728521020037984,41141154742089732000,40796415914180580000,344738827909152000,true,true,72681362595.5223180967936288,72068381761.3521663947757007,612980834.1701517020179281,true,true,207127747915504360000,205390224296819040000,1737523618685320000,true,true,360150430897.0657000745145632,357106152603.6921505371694432,3044278293.37354953734512,true,true,415389445756617800000,411919359448654240000,3470086307963560000,true,true,718778122365.4921430665397184,712689079223.307639772378608,6089043142.1845032941611104,true,true
3,0x11b815efb8f581194ae79006d24e0d814b7697f6,25524961,-201529,1728647786863747711,18,S3_P18,-205670:-192890,0xc36442b4a4522e871399cd717abdd847ab11fe88:-205670:-192890,0xc36442b4a4522e871399cd717abdd847ab11fe88,-205670,-192890,13398742248352511,0.0077509960965858,12780,4141,8639,4141,1048414886412.5595461658841941,0.0000006064942173,120.1916619303760643,123.6535646579146889,0.9445292571221372,0.9922038726025851,1.9367331297247223,0.9922038726025851,41141154742089732000,40822420714964700000,318734027125032000,true,true,72681362595.5223180967936288,72114621096.7364561580999801,566741498.7858619386936487,true,true,207127747915504360000,205521297613993680000,1606450301510680000,true,true,360150430897.0657000745145632,357335784829.258967733050016,2814646067.8067323414645472,true,true,415389445756617800000,412181135412904760000,3208310343713040000,true,true,718778122365.4921430665397184,713148376731.7363544613479296,5629745633.7557886051917888,true,true
3,0x11b815efb8f581194ae79006d24e0d814b7697f6,25524961,-201529,1728647786863747711,19,S3_P19,-201970:-200650,0xc36442b4a4522e871399cd717abdd847ab11fe88:-201970:-200650,0xc36442b4a4522e871399cd717abdd847ab11fe88,-201970,-200650,12464316657804916,0.0072104431871681,1320,441,879,441,9442664134700.6939393939393939,0.00000546245696,120.1916619303760643,123.6535646579146889,0.8725553909856745,0.9224863794168805,1.795041770402555,0.9224863794168805,41141154742089732000,40844649158639828000,296505583449904000,true,true,72681362595.5223180967936288,72154146735.6820037187742529,527215859.8403143780193759,true,true,207127747915504360000,205633338938909560000,1494408976594800000,true,true,360150430897.0657000745145632,357532076578.5242692058072288,2618354318.5414308687073344,true,true,415389445756617800000,412404900683262240000,2984545073355560000,true,true,718778122365.4921430665397184,713540988947.597003896470864,5237133417.8951391700688544,true,true
3,0x11b815efb8f581194ae79006d24e0d814b7697f6,25524961,-201529,1728647786863747711,20,S3_P20,-201720:-201510,0xc36442b4a4522e871399cd717abdd847ab11fe88:-201720:-201510,0xc36442b4a4522e871399cd717abdd847ab11fe88,-201720,-201510,21466630666850841,0.0124181633933639,210,191,19,19,102222050794527.8142857142857143,0.000059134111397,120.1916619303760643,123.6535646579146889,1.1952395464394155,0.2098320634965861,1.4050716099360016,1.1952395464394155,41141154742089732000,40630497923426372000,510656818663360000,true,true,72681362595.5223180967936288,71827285128.2604348472261344,854077467.2618832495674944,true,true,207127747915504360000,204632586277673960000,2495161637830400000,true,true,360150430897.0657000745145632,358729583725.8681262783361184,1420847171.1975737961784448,true,true,415389445756617800000,410482573163205560000,4906872593412240000,true,true,718778122365.4921430665397184,717225090573.910762624214912,1553031791.5813804423248064,true,true
4,0x11b815efb8f581194ae79006d24e0d814b7697f6,25514961,-201383,1701567134461412546,1,S4_P1,-203180:-200820,0xc36442b4a4522e871399cd717abdd847ab11fe88:-203180:-200820,0xc36442b4a4522e871399cd717abdd847ab11fe88,-203180,-200820,1015513737925999911,0.5968108559216118,2360,1797,563,563,430302431324576.2334745762711864,0.000252885955899,122.5538824512976483,126.1783958853487838,196.981897581523233,233.78580987774612,430.767707459269353,233.78580987774612,40127374654567000000,16139794213433564000,23987580441133436000,true,true,72150136729.7983906275481895,29137867612.9254527560233765,43012269116.872937871524813,true,true,201981180862427400000,80655935392339720000,121325245470087680000,true,true,359341023358.9877182883948196,146206584519.9810090245596408,213134438839.0067092638351788,true,true,405285509430462360000,163342863965569560000,241942645464892800000,true,true,716920891635.267092751741036,282935791233.2653207870947804,433985100402.0017719646462556,true,true
4,0x11b815efb8f581194ae79006d24e0d814b7697f6,25514961,-201383,1701567134461412546,2,S4_P2,-203840:-193690,0xc36442b4a4522e871399cd717abdd847ab11fe88:-203840:-193690,0xc36442b4a4522e871399cd717abdd847ab11fe88,-203840,-193690,121974768461373800,0.0716837825502441,10150,2457,7693,2457,12017218567623.0344827586206897,0.0000070624416306,122.5538824512976483,126.1783958853487838,9.3173321691300675,10.0945712123702268,19.4119033815002943,10.0945712123702268,40127374654567000000,37244372795732504000,2883001858834496000,true,true,72150136729.7983906275481895,66980298336.3339012099509005,5169838393.464489417597289,true,true,201981180862427400000,187490380128584040000,14490800733843360000,true,true,359341023358.9877182883948196,333337837987.7873310443762016,26003185371.200387244018618,true,true,405285509430462360000,376437909567834880000,28847599862627480000,true,true,716920891635.267092751741036,664403569148.0072225964432744,52517322487.2598701552977616,true,true
4,0x11b815efb8f581194ae79006d24e0d814b7697f6,25514961,-201383,1701567134461412546,3,S4_P3,-202010:-200700,0xc36442b4a4522e871399cd717abdd847ab11fe88:-202010:-200700,0xc36442b4a4522e871399cd717abdd847ab11fe88,-202010,-200700,45530376243387927,0.0267579076495265,1310,627,683,627,34756012399532.7687022900763359,0.0000204258837019,122.5538824512976483,126.1783958853487838,3.317612721113781,3.5862297145969664,6.9038424357107474,3.5862297145969664,40127374654567000000,39051183995699284000,1076190658867716000,true,true,72150136729.7983906275481895,70220096440.463780277127362,1930040289.3346103504208275,true,true,201981180862427400000,196574362520678920000,5406818341748480000,true,true,359341023358.9877182883948196,349628458694.4987865198607592,9712564664.4889317685340604,true,true,405285509430462360000,394519397971082840000,10766111459379520000,true,true,716920891635.267092751741036,697316957259.945166886053338,19603934375.321925865687698,true,true
4,0x11b815efb8f581194ae79006d24e0d814b7697f6,25514961,-201383,1701567134461412546,4,S4_P4,-203520:-200040,0xc36442b4a4522e871399cd717abdd847ab11fe88:-203520:-200040,0xc36442b4a4522e871399cd717abdd847ab11fe88,-203520,-200040,43442553758780513,0.0255309078783607,3480,2137,1343,1343,12483492459419.6876436781609195,0.0000073364677811,122.5538824512976483,126.1783958853487838,3.161501444972871,3.4172831224541493,6.5787845674270203,3.4172831224541493,40127374654567000000,39100533058143044000,1026841596423956000,true,true,72150136729.7983906275481895,70308591764.8441240687816395,1841544964.95426655876655,true,true,201981180862427400000,196822351639786360000,5158829222641040000,true,true,359341023358.9877182883948196,350073684161.8421091852647664,9267339197.1456091031300532,true,true,405285509430462360000,395013134536416720000,10272374894045640000,true,true,716920891635.267092751741036,698215899359.1447746915095872,18704992276.1223180602314488,true,true
4,0x11b815efb8f581194ae79006d24e0d814b7697f6,25514961,-201383,1701567134461412546,5,S4_P5,-202450:-201260,0xc36442b4a4522e871399cd717abdd847ab11fe88:-202450:-201260,0xc36442b4a4522e871399cd717abdd847ab11fe88,-202450,-201260,53176343925862521,0.0312513934060522,1190,1067,123,123,44686003299044.1352941176470588,0.0000262616751311,122.5538824512976483,126.1783958853487838,3.892690162080192,2.426698062535467,6.319388224615659,3.892690162080192,40127374654567000000,38870461245929184000,1256913408637816000,true,true,72150136729.7983906275481895,69896013837.921172676511834,2254122891.8772179510363555,true,true,201981180862427400000,195666137330349760000,6315043532077640000,true,true,359341023358.9877182883948196,349909170803.5683951271661256,9431852555.419323161228694,true,true,405285509430462360000,392711207373492760000,12574302056969600000,true,true,716920891635.267092751741036,699864892977.816169272436248,17055998657.450923479304788,true,true
4,0x11b815efb8f581194ae79006d24e0d814b7697f6,25514961,-201383,1701567134461412546,6,S4_P6,-202040:-200720,0xc36442b4a4522e871399cd717abdd847ab11fe88:-202040:-200720,0xc36442b4a4522e871399cd717abdd847ab11fe88,-202040,-200720,37902793012355964,0.0222752263162118,1320,657,663,657,28714237130572.7,0.0000168751714517,122.5538824512976483,126.1783958853487838,2.7491774192055325,2.9711510659933964,5.7203284851989289,2.9711510659933964,40127374654567000000,39231473164698780000,895901489868220000,true,true,72150136729.7983906275481895,70543409348.6653904384622365,1606727381.133000189085953,true,true,201981180862427400000,197480330193995280000,4500850668432120000,true,true,359341023358.9877182883948196,351255104397.5044890050327628,8085918961.4832292833620568,true,true,405285509430462360000,396323174622290920000,8962334808171440000,true,true,716920891635.267092751741036,700601130449.3253359607749748,16319761185.9417567909660612,true,true
4,0x11b815efb8f581194ae79006d24e0d814b7697f6,25514961,-201383,1701567134461412546,7,S4_P7,-201850:-200640,0xc36442b4a4522e871399cd717abdd847ab11fe88:-201850:-200640,0xc36442b4a4522e871399cd717abdd847ab11fe88,-201850,-200640,30897667466357237,0.0181583593386323,1210,467,743,467,25535262368890.2785123966942149,0.0000150069085443,122.5538824512976483,126.1783958853487838,2.2264058993436605,2.4114304283228124,4.6378363276664729,2.4114304283228124,40127374654567000000,39397050088553636000,730324566013364000,true,true,72150136729.7983906275481895,70840344969.9388522890675565,1309791759.859538338480633,true,true,201981180862427400000,198312300768612840000,3668880093814560000,true,true,359341023358.9877182883948196,352749179242.8518417134490196,6591844116.1358765749458,true,true,405285509430462360000,397979694383493520000,7305815046968840000,true,true,716920891635.267092751741036,703617308271.1198495664858016,13303583364.1472431852552344,true,true
4,0x11b815efb8f581194ae79006d24e0d814b7697f6,25514961,-201383,1701567134461412546,8,S4_P8,-205010:-190760,0xc36442b4a4522e871399cd717abdd847ab11fe88:-205010:-190760,0xc36442b4a4522e871399cd717abdd847ab11fe88,-205010,-190760,30283666877182300,0.0177975151634366,14250,3627,10623,3627,2125169605416.3017543859649123,0.0000012489484325,122.5538824512976483,126.1783958853487838,2.1865450412016282,2.3626042419550455,4.5491492831566737,2.3626042419550455,40127374654567000000,39411562890534080000,715811764032920000,true,true,72150136729.7983906275481895,70866370738.8924264674456525,1283765990.905964160102537,true,true,201981180862427400000,198385220306394800000,3595960556032600000,true,true,359341023358.9877182883948196,352880142725.03269131424089,6460880633.9550269741539296,true,true,405285509430462360000,398124886118566960000,7160623311895400000,true,true,716920891635.267092751741036,703881677337.00102934659297,13039214298.266063405148066,true,true
4,0x11b815efb8f581194ae79006d24e0d814b7697f6,25514961,-201383,1701567134461412546,9,S4_P9,-201860:-200650,0xc36442b4a4522e871399cd717abdd847ab11fe88:-201860:-200650,0xc36442b4a4522e871399cd717abdd847ab11fe88,-201860,-200650,19996240143728038,0.0117516610063448,1210,477,733,477,16525818300601.684297520661157,0.0000097121165342,122.5538824512976483,126.1783958853487838,1.4336368163473757,1.5500669006470154,2.9837037169943911,1.5500669006470154,40127374654567000000,39654724511050480000,472650143516520000,true,true,72150136729.7983906275481895,71302452925.4046744984018055,847683804.393716129146384,true,true,201981180862427400000,199606899552637080000,2374281309790320000,true,true,359341023358.9877182883948196,355074593118.6437312182765236,4266430240.343987070118296,true,true,405285509430462360000,400557475297692720000,4728034132769640000,true,true,716920891635.267092751741036,708311123894.422461656928438,8609767740.844631094812598,true,true
4,0x11b815efb8f581194ae79006d24e0d814b7697f6,25514961,-201383,1701567134461412546,10,S4_P10,-201960:-200650,0xc36442b4a4522e871399cd717abdd847ab11fe88:-201960:-200650,0xc36442b4a4522e871399cd717abdd847ab11fe88,-201960,-200650,18241284455934388,0.0107202848988431,1310,577,733,577,13924644622850.6778625954198473,0.0000081834235869,122.5538824512976483,126.1783958853487838,1.3076505838966675,1.4124888482336604,2.7201394321303279,1.4124888482336604,40127374654567000000,39696205543899756000,431169110667244000,true,true,72150136729.7983906275481895,71376847714.4443215835638665,773289015.354069043984323,true,true,201981180862427400000,199815295677585320000,2165885184842080000,true,true,359341023358.9877182883948196,355448983927.5248823273173616,3892039431.462835961077458,true,true,405285509430462360000,400972444792842720000,4313064637619640000,true,true,716920891635.267092751741036,709066754621.379757858547682,7854137013.887334893193354,true,true
4,0x11b815efb8f581194ae79006d24e0d814b7697f6,25514961,-201383,1701567134461412546,11,S4_P11,-203530:-192890,0xc36442b4a4522e871399cd717abdd847ab11fe88:-203530:-192890,0xc36442b4a4522e871399cd717abdd847ab11fe88,-203530,-192890,17766195839534702,0.0104410783916311,10640,2147,8493,2147,1669755248076.5697368421052632,0.0000009813043601,122.5538824512976483,126.1783958853487838,1.2732343754808737,1.3752962306733362,2.6485306061542099,1.3752962306733362,40127374654567000000,39707435666371636000,419938988195364000,true,true,72150136729.7983906275481895,71396987053.053747219907457,753149676.7446434076407325,true,true,201981180862427400000,199871710460584120000,2109470401843280000,true,true,359341023358.9877182883948196,355550337482.2145254296199008,3790685876.7731928587749188,true,true,405285509430462360000,401084781662374040000,4200727768088320000,true,true,716920891635.267092751741036,709271313132.5564178784883184,7649578502.7106748732527176,true,true
4,0x11b815efb8f581194ae79006d24e0d814b7697f6,25514961,-201383,1701567134461412546,12,S4_P12,-202030:-200710,0xc36442b4a4522e871399cd717abdd847ab11fe88:-202030:-200710,0xc36442b4a4522e871399cd717abdd847ab11fe88,-202030,-200710,17735399090814495,0.0104229793415869,1320,647,673,647,13435908402132.1931818181818182,0.0000078961964709,122.5538824512976483,126.1783958853487838,1.2710040865669057,1.3728860642729086,2.6438901508398143,1.3728860642729086,40127374654567000000,39708163163829988000,419211490737012000,true,true,72150136729.7983906275481895,71398291820.450277108990436,751844909.3481135185577535,true,true,201981180862427400000,199875367540395560000,2105813322031840000,true,true,359341023358.9877182883948196,355556907349.6311770037879168,3784116009.3565412846069028,true,true,405285509430462360000,401092063755886200000,4193445674576160000,true,true,716920891635.267092751741036,709284573139.5834382724974092,7636318495.6836544792436268,true,true
4,0x11b815efb8f581194ae79006d24e0d814b7697f6,25514961,-201383,1701567134461412546,13,S4_P13,-202540:-200830,0xc36442b4a4522e871399cd717abdd847ab11fe88:-202540:-200830,0xc36442b4a4522e871399cd717abdd847ab11fe88,-202540,-200830,17458894666438901,0.0102604794796798,1710,1157,553,553,10209879921894.0941520467836257,0.0000060002803975,122.5538824512976483,126.1783958853487838,1.2509833020508365,1.3512505971170884,2.6022338991679249,1.3512505971170884,40127374654567000000,39714699339773060000,412675314793940000,true,true,72150136729.7983906275481895,71410013836.614628665605501,740122893.1837619619426885,true,true,201981180862427400000,199908201123777400000,2072979738650000000,true,true,359341023358.9877182883948196,355615896644.2974835097190504,3725126714.6902347786757692,true,true,405285509430462360000,401157444360583080000,4128065069879280000,true,true,716920891635.267092751741036,709403627762.2399101516269568,7517263873.0271826001140792,true,true
4,0x11b815efb8f581194ae79006d24e0d814b7697f6,25514961,-201383,1701567134461412546,14,S4_P14,-202030:-200720,0xc36442b4a4522e871399cd717abdd847ab11fe88:-202030:-200720,0xc36442b4a4522e871399cd717abdd847ab11fe88,-202030,-200720,15709264373712586,0.0092322330724171,1310,647,663,647,11991804865429.4549618320610687,0.0000070475061622,122.5538824512976483,126.1783958853487838,1.12445036586656,1.2145202707475859,2.3389706366141459,1.2145202707475859,40127374654567000000,39756054920022128000,371319734544872000,true,true,72150136729.7983906275481895,71484182006.289692621912271,665954723.5086980056359185,true,true,201981180862427400000,200115959709504160000,1865221152923240000,true,true,359341023358.9877182883948196,355989164563.4979568925183796,3351858795.48976139587644,true,true,405285509430462360000,401571149925778120000,3714359504684240000,true,true,716920891635.267092751741036,710156965153.7380766528075112,6763926481.5290160989335248,true,true
4,0x11b815efb8f581194ae79006d24e0d814b7697f6,25514961,-201383,1701567134461412546,15,S4_P15,-201910:-200700,0xc36442b4a4522e871399cd717abdd847ab11fe88:-201910:-200700,0xc36442b4a4522e871399cd717abdd847ab11fe88,-201910,-200700,15527240520062560,0.0091252588308702,1210,527,683,527,12832430181869.884297520661157,0.0000075415362239,122.5538824512976483,126.1783958853487838,1.111301520623406,1.2003124371614947,2.3116139577849007,1.2003124371614947,40127374654567000000,39760357397423736000,367017257143264000,true,true,72150136729.7983906275481895,71491898629.3756719709066405,658238100.422718656641549,true,true,201981180862427400000,200137573501458760000,1843607360968640000,true,true,359341023358.9877182883948196,356027998210.1031236480160624,3313025148.8845946403787572,true,true,405285509430462360000,401614189713262480000,3671319717199880000,true,true,716920891635.267092751741036,710235339109.59967588672083,6685552525.667416865020206,true,true
4,0x11b815efb8f581194ae79006d24e0d814b7697f6,25514961,-201383,1701567134461412546,16,S4_P16,-203190:-199170,0xc36442b4a4522e871399cd717abdd847ab11fe88:-203190:-199170,0xc36442b4a4522e871399cd717abdd847ab11fe88,-203190,-199170,15336325105087858,0.0090130590762393,4020,1807,2213,1807,3815006245046.7308457711442786,0.0000022420544966,122.5538824512976483,126.1783958853487838,1.0975133610150127,1.1854139596487546,2.2829273206637673,1.1854139596487546,40127374654567000000,39764870385759328000,362504268807672000,true,true,72150136729.7983906275481895,71499993032.4420557627694455,650143697.356334864778744,true,true,201981180862427400000,200160243578446240000,1820937283981160000,true,true,359341023358.9877182883948196,356068729786.0456000079668332,3272293572.9421182804279864,true,true,405285509430462360000,401659332168892600000,3626177261569760000,true,true,716920891635.267092751741036,710317541852.9511247537358436,6603349782.3159679980051924,true,true
4,0x11b815efb8f581194ae79006d24e0d814b7697f6,25514961,-201383,1701567134461412546,17,S4_P17,-203070:-201050,0xc36442b4a4522e871399cd717abdd847ab11fe88:-203070:-201050,0xc36442b4a4522e871399cd717abdd847ab11fe88,-203070,-201050,14491882956695774,0.0085167858870774,2020,1687,333,333,7174199483512.7594059405940594,0.0000042162306372,122.5538824512976483,126.1783958853487838,1.0365642116428337,1.0496432549453183,2.086207466588152,1.0496432549453183,40127374654567000000,39784829803726484000,342544850840516000,true,true,72150136729.7983906275481895,71535788402.698387632846128,614348327.1000029947020615,true,true,201981180862427400000,200260514409165880000,1720666453261520000,true,true,359341023358.9877182883948196,356248887903.5179117575596292,3092135455.4698065308351904,true,true,405285509430462360000,401859001586830200000,3426507843632160000,true,true,716920891635.267092751741036,710681132692.6915978167513408,6239758942.5754949349896952,true,true
4,0x11b815efb8f581194ae79006d24e0d814b7697f6,25514961,-201383,1701567134461412546,18,S4_P18,-205670:-192890,0xc36442b4a4522e871399cd717abdd847ab11fe88:-205670:-192890,0xc36442b4a4522e871399cd717abdd847ab11fe88,-205670,-192890,13398742248352511,0.0078743541626958,12780,4287,8493,4287,1048414886412.5595461658841941,0.0000006161466481,122.5538824512976483,126.1783958853487838,0.95775519332794,1.0344100598501527,1.9921652531780927,1.0344100598501527,40127374654567000000,39810668345379364000,316706309187636000,true,true,72150136729.7983906275481895,71582128850.009613903244659,568007879.7887767243035305,true,true,201981180862427400000,200390315073566960000,1590865788860440000,true,true,359341023358.9877182883948196,356482109292.3621485037374616,2858914066.625569784657358,true,true,405285509430462360000,402117474981723000000,3168034448739360000,true,true,716920891635.267092751741036,711151806054.8032899150883032,5769085580.4638028366527328,true,true
4,0x11b815efb8f581194ae79006d24e0d814b7697f6,25514961,-201383,1701567134461412546,19,S4_P19,-201970:-200650,0xc36442b4a4522e871399cd717abdd847ab11fe88:-201970:-200650,0xc36442b4a4522e871399cd717abdd847ab11fe88,-201970,-200650,12464316657804916,0.007325198286549,1320,587,733,587,9442664134700.6939393939393939,0.0000055493926413,122.5538824512976483,126.1783958853487838,0.890469350268776,0.9617155239576106,1.8521848742263866,0.9617155239576106,40127374654567000000,39832755016519140000,294619638047860000,true,true,72150136729.7983906275481895,71621740125.623750783117098,528396604.1746398444310915,true,true,201981180862427400000,200501268547853600000,1479912314573800000,true,true,359341023358.9877182883948196,356681470961.2448725588751724,2659552397.7428457295196472,true,true,405285509430462360000,402338419188573200000,2947090241889160000,true,true,716920891635.267092751741036,711554140938.0636415991665728,5366750697.2034511525744632,true,true
4,0x11b815efb8f581194ae79006d24e0d814b7697f6,25514961,-201383,1701567134461412546,20,S4_P20,-205670:-196950,0xc36442b4a4522e871399cd717abdd847ab11fe88:-205670:-196950,0xc36442b4a4522e871399cd717abdd847ab11fe88,-205670,-196950,10887379047933520,0.0063984422521064,8720,4287,4433,4287,1248552643111.6422018348623853,0.0000007337663133,122.5538824512976483,126.1783958853487838,0.7770861023254517,0.8392260069767,1.6163121093021517,0.8392260069767,40127374654567000000,39870029413750792000,257345240816208000,true,true,72150136729.7983906275481895,71688590619.807719770940477,461546109.9906708566077125,true,true,201981180862427400000,200688511607144160000,1292669255283240000,true,true,359341023358.9877182883948196,357017921486.4090947154969816,2323101872.578623572897838,true,true,405285509430462360000,402711282759407800000,2574226671054560000,true,true,716920891635.267092751741036,712233122593.0086831203886672,4687769042.2584096313523688,true,true
5,0x11b815efb8f581194ae79006d24e0d814b7697f6,25504961,-201393,1419994525432133683,1,S5_P1,-203180:-200820,0xc36442b4a4522e871399cd717abdd847ab11fe88:-203180:-200820,0xc36442b4a4522e871399cd717abdd847ab11fe88,-203180,-200820,1015513737925999911,0.7151532768177103,2360,1787,573,573,430302431324576.2334745762711864,0.000303031049499,141.1322823042355973,149.9008861102173432,303.9043050559349675,411.5182722891025992,715.4225773450375667,411.5182722891025992,33582028324789312000,9564877488816881000,24017150835972431000,true,true,60436610325.183745700988649,17409889432.8979541663896561,43026720892.2857915345989929,true,true,172418016380853720000,50072895473741280000,122345120907112440000,true,true,301215869151.1119447596053741,86200339766.49871805846266,215015529384.6132267011427141,true,true,350415381932969000000,106225679120639920000,244189702812329080000,true,true,601389359290.5847520740266563,171139358411.12060064573158,430250000879.4641514282950763,true,true
5,0x11b815efb8f581194ae79006d24e0d814b7697f6,25504961,-201393,1419994525432133683,2,S5_P2,-203840:-193690,0xc36442b4a4522e871399cd717abdd847ab11fe88:-203840:-193690,0xc36442b4a4522e871399cd717abdd847ab11fe88,-203840,-193690,121974768461373800,0.0858980554338788,10150,2447,7703,2447,12017218567623.0344827586206897,0.0000084628626043,141.1322823042355973,149.9008861102173432,12.4379006985924392,19.2766164740142514,31.7145171726066906,19.2766164740142514,33582028324789312000,30700910928657364000,2881117396131948000,true,true,60436610325.183745700988649,55254693189.238795514016322,5181917135.944950186972327,true,true,172418016380853720000,157666819301652680000,14751197079201040000,true,true,301215869151.1119447596053741,275397595651.8265680976645408,25818273499.2853766619408333,true,true,350415381932969000000,321418720547545000000,28996661385424000000,true,true,601389359290.5847520740266563,549650996631.3253531146794812,51738362659.2593989593471751,true,true
5,0x11b815efb8f581194ae79006d24e0d814b7697f6,25504961,-201393,1419994525432133683,3,S5_P3,-203520:-200040,0xc36442b4a4522e871399cd717abdd847ab11fe88:-203520:-200040,0xc36442b4a4522e871399cd717abdd847ab11fe88,-203520,-200040,43442553758780513,0.0305934656653412,3480,2127,1353,1353,12483492459419.6876436781609195,0.0000087912257659,141.1322823042355973,149.9008861102173432,4.1899963598725732,5.628871389688212,9.8188677495607852,5.628871389688212,33582028324789312000,32555886450463012000,1026141874326300000,true,true,60436610325.183745700988649,58591200089.489893163627932,1845410235.693852537360717,true,true,172418016380853720000,167170226825848080000,5247789555005640000,true,true,301215869151.1119447596053741,292019909758.4862024118375839,9195959392.6257423477677902,true,true,350415381932969000000,340099212976016080000,10316168956952920000,true,true,601389359290.5847520740266563,582962328989.9552690184079853,18427030300.629483055618671,true,true
5,0x11b815efb8f581194ae79006d24e0d814b7697f6,25504961,-201393,1419994525432133683,4,S5_P4,-205010:-190760,0xc36442b4a4522e871399cd717abdd847ab11fe88:-205010:-190760,0xc36442b4a4522e871399cd717abdd847ab11fe88,-205010,-190760,30283666877182300,0.021326608190948,14250,3617,10633,3617,2125169605416.3017543859649123,0.0000014966040836,141.1322823042355973,149.9008861102173432,2.8945699445428722,3.8151320775957072,6.7097020221385794,3.8151320775957072,33582028324789312000,32866706925993848000,715321398795464000,true,true,60436610325.183745700988649,59150205613.018456672650394,1286404712.165289028338255,true,true,172418016380853720000,168760495127271600000,3657521253582120000,true,true,301215869151.1119447596053741,294805344933.5993939413662796,6410524217.5125508182390945,true,true,350415381932969000000,343225326154100560000,7190055778868440000,true,true,601389359290.5847520740266563,588543963717.8024397683948676,12845395572.7823123056317887,true,true
5,0x11b815efb8f581194ae79006d24e0d814b7697f6,25504961,-201393,1419994525432133683,5,S5_P5,-203530:-192890,0xc36442b4a4522e871399cd717abdd847ab11fe88:-203530:-192890,0xc36442b4a4522e871399cd717abdd847ab11fe88,-203530,-192890,17766195839534702,0.0125114537565756,10640,2137,8503,2137,1669755248076.5697368421052632,0.000001175888511,141.1322823042355973,149.9008861102173432,1.683724880699152,2.1821987477670739,3.8659236284662259,2.1821987477670739,33582028324789312000,33162377476586616000,419650848202696000,true,true,60436610325.183745700988649,59681943756.526102628625286,754666568.657643072363363,true,true,172418016380853720000,170272684967956160000,2145331412897560000,true,true,301215869151.1119447596053741,297455050805.1067655873580913,3760818346.0051791722472828,true,true,350415381932969000000,346198000502968800000,4217381430000200000,true,true,601389359290.5847520740266563,593853511406.0616509444161839,7535847884.5231011296104724,true,true
5,0x11b815efb8f581194ae79006d24e0d814b7697f6,25504961,-201393,1419994525432133683,6,S5_P6,-202540:-200830,0xc36442b4a4522e871399cd717abdd847ab11fe88:-202540:-200830,0xc36442b4a4522e871399cd717abdd847ab11fe88,-202540,-200830,17458894666438901,0.0122950436454153,1710,1147,563,563,10209879921894.0941520467836257,0.0000071900840032,141.1322823042355973,149.9008861102173432,1.654257115920233,2.0993937557166373,3.7536508716368703,2.0993937557166373,33582028324789312000,33169636023296020000,412392301493292000,true,true,60436610325.183745700988649,59694997049.973686036294488,741613275.210059664694161,true,true,172418016380853720000,170309802136637000000,2108214244216720000,true,true,301215869151.1119447596053741,297520100808.278477829538512,3695768342.8334669300668621,true,true,350415381932969000000,346270966115858080000,4144415817110920000,true,true,601389359290.5847520740266563,593983859083.1805055181339273,7405500207.404246555892729,true,true
5,0x11b815efb8f581194ae79006d24e0d814b7697f6,25504961,-201393,1419994525432133683,7,S5_P7,-203190:-199170,0xc36442b4a4522e871399cd717abdd847ab11fe88:-203190:-199170,0xc36442b4a4522e871399cd717abdd847ab11fe88,-203190,-199170,15336325105087858,0.0108002705858466,4020,1797,2223,1797,3815006245046.7308457711442786,0.0000026866344741,141.1322823042355973,149.9008861102173432,1.4510540955722565,1.8747319286491289,3.3257860242213854,1.8747319286491289,33582028324789312000,33219772952567680000,362255372221632000,true,true,60436610325.183745700988649,59785161304.440440093150779,651449020.74330560783787,true,true,172418016380853720000,170566165404918960000,1851850975934760000,true,true,301215869151.1119447596053741,297969410769.7972870938261891,3246458381.314657665779185,true,true,350415381932969000000,346774931483349200000,3640450449619800000,true,true,601389359290.5847520740266563,594884187990.5161467244003489,6505171300.0686053496263074,true,true
5,0x11b815efb8f581194ae79006d24e0d814b7697f6,25504961,-201393,1419994525432133683,8,S5_P8,-205670:-192890,0xc36442b4a4522e871399cd717abdd847ab11fe88:-205670:-192890,0xc36442b4a4522e871399cd717abdd847ab11fe88,-205670,-192890,13398742248352511,0.0094357703557167,12780,4277,8503,4277,1048414886412.5595461658841941,0.000000738323189,141.1322823042355973,149.9008861102173432,1.2660693776625937,1.631672631532803,2.8977420091953967,1.631672631532803,33582028324789312000,33265539698503176000,316488626286136000,true,true,60436610325.183745700988649,59867465878.62625148571322,569144446.557494215275429,true,true,172418016380853720000,170800172779419320000,1617843601434400000,true,true,301215869151.1119447596053741,298379563975.4823596706941278,2836305175.6295850889112463,true,true,350415381932969000000,347234949578044360000,3180432354924640000,true,true,601389359290.5847520740266563,595706050890.2842355211928367,5683308400.3005165528338196,true,true
5,0x11b815efb8f581194ae79006d24e0d814b7697f6,25504961,-201393,1419994525432133683,9,S5_P9,-203070:-201050,0xc36442b4a4522e871399cd717abdd847ab11fe88:-203070:-201050,0xc36442b4a4522e871399cd717abdd847ab11fe88,-203070,-201050,14491882956695774,0.0102055907238696,2020,1677,343,343,7174199483512.7594059405940594,0.0000050522726356,141.1322823042355973,149.9008861102173432,1.3703740181859572,1.5167588255435795,2.8871328437295367,1.5167588255435795,33582028324789312000,33239719364578668000,342308960210644000,true,true,60436610325.183745700988649,59821030728.340583472009058,615579596.843162228979591,true,true,172418016380853720000,170668152652910560000,1749863727943160000,true,true,301215869151.1119447596053741,298148164816.8675551726652529,3067704334.2443895869401212,true,true,350415381932969000000,346975420761803800000,3439961171165200000,true,true,601389359290.5847520740266563,595242374534.4109656133602556,6146984756.1737864606664007,true,true
5,0x11b815efb8f581194ae79006d24e0d814b7697f6,25504961,-201393,1419994525432133683,10,S5_P10,-205670:-196950,0xc36442b4a4522e871399cd717abdd847ab11fe88:-205670:-196950,0xc36442b4a4522e871399cd717abdd847ab11fe88,-205670,-196950,10887379047933520,0.0076671979031893,8720,4277,4443,4277,1248552643111.6422018348623853,0.0000008792658146,141.1322823042355973,149.9008861102173432,1.0270241715167497,1.319379595531393,2.3464037670481427,1.319379595531393,33582028324789312000,33324860199111968000,257168125677344000,true,true,60436610325.183745700988649,59974143903.42873850443442,462466421.755007196554229,true,true,172418016380853720000,171103457103484040000,1314559277369680000,true,true,301215869151.1119447596053741,298911177377.6608750728834948,2304691773.4510696867218793,true,true,350415381932969000000,347831156613209840000,2584225319759160000,true,true,601389359290.5847520740266563,596771291950.2596544568693731,4618067340.3250976171572832,true,true
5,0x11b815efb8f581194ae79006d24e0d814b7697f6,25504961,-201393,1419994525432133683,11,S5_P11,-203210:-197150,0xc36442b4a4522e871399cd717abdd847ab11fe88:-203210:-197150,0xc36442b4a4522e871399cd717abdd847ab11fe88,-203210,-197150,10724049893069410,0.0075521769281511,6060,1817,4243,1817,1769645196876.1402640264026403,0.0000012462338165,141.1322823042355973,149.9008861102173432,1.0115056945045005,1.2991753361890418,2.3106810306935423,1.2991753361890418,33582028324789312000,33328717573917296000,253310750872016000,true,true,60436610325.183745700988649,59981081955.2758291802776,455528369.907916520711049,true,true,172418016380853720000,171123180607752160000,1294835773101560000,true,true,301215869151.1119447596053741,298945751591.5310749968858035,2270117559.5808697627195706,true,true,350415381932969000000,347869930022343160000,2545451910625840000,true,true,601389359290.5847520740266563,596840571058.7900345653794251,4548788231.7947175086472312,true,true
5,0x11b815efb8f581194ae79006d24e0d814b7697f6,25504961,-201393,1419994525432133683,12,S5_P12,-202160:-200680,0xc36442b4a4522e871399cd717abdd847ab11fe88:-202160:-200680,0xc36442b4a4522e871399cd717abdd847ab11fe88,-202160,-200680,8201451022202026,0.0057756920011407,1480,767,713,713,5541520960947.3148648648648649,0.0000039024945954,141.1322823042355973,149.9008861102173432,0.7722574170811757,0.9887472433695739,1.7610046604507496,0.9887472433695739,33582028324789312000,33388303245708828000,193725079080484000,true,true,60436610325.183745700988649,60088236020.366674817967463,348374304.817070883021186,true,true,172418016380853720000,171427798572071120000,990217808782600000,true,true,301215869151.1119447596053741,299479744826.6500935500282763,1736124324.4618512095770978,true,true,350415381932969000000,348468760153480800000,1946621779488200000,true,true,601389359290.5847520740266563,597910576509.0205632778379659,3478782781.5641887961886904,true,true
5,0x11b815efb8f581194ae79006d24e0d814b7697f6,25504961,-201393,1419994525432133683,13,S5_P13,-201940:-198000,0xc36442b4a4522e871399cd717abdd847ab11fe88:-201940:-198000,0xc36442b4a4522e871399cd717abdd847ab11fe88,-201940,-198000,6908418761684097,0.0048651023915615,3940,547,3393,547,1753405777077.1819796954314721,0.0000012347975613,141.1322823042355973,149.9008861102173432,0.649478061476725,0.8307988440160956,1.4802769054928206,0.8307988440160956,33582028324789312000,33418846031498268000,163182293291044000,true,true,60436610325.183745700988649,60143162601.873260628292804,293447723.310485072695845,true,true,172418016380853720000,171583930891863800000,834085488989920000,true,true,301215869151.1119447596053741,299753459944.4184975037703046,1462409206.6934472558350695,true,true,350415381932969000000,348775691933137360000,1639689999831640000,true,true,601389359290.5847520740266563,598459039082.0088542146256679,2930320208.5758978594009884,true,true
5,0x11b815efb8f581194ae79006d24e0d814b7697f6,25504961,-201393,1419994525432133683,14,S5_P14,-202880:-200860,0xc36442b4a4522e871399cd717abdd847ab11fe88:-202880:-200860,0xc36442b4a4522e871399cd717abdd847ab11fe88,-202880,-200860,5449074917990168,0.0038373914972186,2020,1487,533,533,2697561840589.1920792079207921,0.000001899698761,141.1322823042355973,149.9008861102173432,0.5121418467723935,0.6379858545130994,1.1501277012854929,0.6379858545130994,33582028324789312000,33453316695936804000,128711628852508000,true,true,60436610325.183745700988649,60205149921.567653410854136,231460403.616092290134513,true,true,172418016380853720000,171760137849536680000,657878531317040000,true,true,301215869151.1119447596053741,300062379912.1593652309423998,1153489238.9525795286629743,true,true,350415381932969000000,349122088302466520000,1293293630502480000,true,true,601389359290.5847520740266563,599078044617.8050937245312764,2311314672.7796583494953799,true,true
5,0x11b815efb8f581194ae79006d24e0d814b7697f6,25504961,-201393,1419994525432133683,15,S5_P15,-203190:-197130,0xc36442b4a4522e871399cd717abdd847ab11fe88:-203190:-197130,0xc36442b4a4522e871399cd717abdd847ab11fe88,-203190,-197130,5247607549681962,0.0036955125218423,6060,1797,4263,1797,865941839881.5118811881188119,0.0000006098205482,141.1322823042355973,149.9008861102173432,0.4931397791809067,0.629073119970364,1.1222128991512707,0.629073119970364,33582028324789312000,33458075339929100000,123952984860212000,true,true,60436610325.183745700988649,60213709169.484722216768722,222901155.699023484219927,true,true,172418016380853720000,171784463388987880000,633552991865840000,true,true,301215869151.1119447596053741,300105028002.8974496180408533,1110841148.2144951415645208,true,true,350415381932969000000,349169908474264120000,1245473458704880000,true,true,601389359290.5847520740266563,599163500734.1032235046199379,2225858556.4815285694067184,true,true
5,0x11b815efb8f581194ae79006d24e0d814b7697f6,25504961,-201393,1419994525432133683,16,S5_P16,-201860:-201340,0xc36442b4a4522e871399cd717abdd847ab11fe88:-201860:-201340,0xc36442b4a4522e871399cd717abdd847ab11fe88,-201860,-201340,8344564281271148,0.0058764763749577,520,467,53,53,16047239002444.5153846153846154,0.0000113009161057,141.1322823042355973,149.9008861102173432,0.773388499974466,0.2535818329258682,1.0269703329003342,0.773388499974466,33582028324789312000,33384923067196172000,197105257593140000,true,true,60436610325.183745700988649,60082157685.050159518218667,354452640.133586182769982,true,true,172418016380853720000,171410517429254400000,1007498951599320000,true,true,301215869151.1119447596053741,300069528257.7393949120943849,1146340893.3725498475109892,true,true,350415381932969000000,348434788155577360000,1980593777391640000,true,true,601389359290.5847520740266563,599968717844.4840528316632413,1420641446.100699242363415,true,true
5,0x11b815efb8f581194ae79006d24e0d814b7697f6,25504961,-201393,1419994525432133683,17,S5_P17,-203260:-201370,0xc36442b4a4522e871399cd717abdd847ab11fe88:-203260:-201370,0xc36442b4a4522e871399cd717abdd847ab11fe88,-203260,-201370,9423794533909475,0.0066365006097764,1890,1867,23,23,4986134674026.1772486772486772,0.000003511375984,141.1322823042355973,149.9008861102173432,0.8880853237356967,0.1363451696081988,1.0244304933438955,0.8880853237356967,33582028324789312000,33359430768167536000,222597556621776000,true,true,60436610325.183745700988649,60060430316.131286774152894,376180009.052458926835755,true,true,172418016380853720000,171280196568792880000,1137819812060840000,true,true,301215869151.1119447596053741,300476774657.1028911792330587,739094494.0090535803723154,true,true,350415381932969000000,348178597960742840000,2236783972226160000,true,true,601389359290.5847520740266563,600592413751.250406597207164,796945539.3343454768194923,true,true
5,0x11b815efb8f581194ae79006d24e0d814b7697f6,25504961,-201393,1419994525432133683,18,S5_P18,-203300:-199920,0xc36442b4a4522e871399cd717abdd847ab11fe88:-203300:-199920,0xc36442b4a4522e871399cd717abdd847ab11fe88,-203300,-199920,3792946371544558,0.0026710992920133,3380,1907,1473,1473,1122173482705.4905325443786982,0.0000007902660627,141.1322823042355973,149.9008861102173432,0.3560911547809657,0.4534358118264913,0.809526966607457,0.4534358118264913,33582028324789312000,33492435212877664000,89593111911648000,true,true,60436610325.183745700988649,60275498996.368709785582759,161111328.81503591540589,true,true,172418016380853720000,171960096764065680000,457919616788040000,true,true,301215869151.1119447596053741,300412957646.8201483106891876,802911504.2917964489161865,true,true,350415381932969000000,349515177612670000000,900204320299000000,true,true,601389359290.5847520740266563,599780519656.019799607253964,1608839634.5649524667726923,true,true
5,0x11b815efb8f581194ae79006d24e0d814b7697f6,25504961,-201393,1419994525432133683,19,S5_P19,-202140:-200580,0xc36442b4a4522e871399cd717abdd847ab11fe88:-202140:-200580,0xc36442b4a4522e871399cd717abdd847ab11fe88,-202140,-200580,3270890407098832,0.0023034528292308,1560,747,813,747,2096724619935.1487179487179487,0.0000014765723264,141.1322823042355973,149.9008861102173432,0.3069717151992897,0.390638916452995,0.6976106316522847,0.390638916452995,33582028324789312000,33504766430501236000,77261894288076000,true,true,60436610325.183745700988649,60297673833.764898482998741,138936491.418847217989908,true,true,172418016380853720000,172023127077516560000,394889303337160000,true,true,301215869151.1119447596053741,300523469350.9804689976197132,692399800.1314757619856609,true,true,350415381932969000000,349639086049872280000,776295883096720000,true,true,601389359290.5847520740266563,600001958471.360326617455806,1387400819.2244254565708503,true,true
5,0x11b815efb8f581194ae79006d24e0d814b7697f6,25504961,-201393,1419994525432133683,20,S5_P20,-205050:-192620,0xc36442b4a4522e871399cd717abdd847ab11fe88:-205050:-192620,0xc36442b4a4522e871399cd717abdd847ab11fe88,-205050,-192620,3162737997976704,0.0022272888671977,12430,3657,8773,3657,254443925822.7436846339501207,0.0000001791865541,141.1322823042355973,149.9008861102173432,0.2968001005622505,0.3776450564543982,0.6744451570166487,0.3776450564543982,33582028324789312000,33507321170745740000,74707154043572000,true,true,60436610325.183745700988649,60302268187.909007414256481,134342137.274738286732168,true,true,172418016380853720000,172036184915807440000,381831465046280000,true,true,301215869151.1119447596053741,300546363697.0386454132055119,669505454.0732993463998622,true,true,350415381932969000000,349664755580505000000,750626352464000000,true,true,601389359290.5847520740266563,600047833172.0130887972372103,1341526118.571663276789446,true,true
6,0x11b815efb8f581194ae79006d24e0d814b7697f6,25494961,-201699,1436849349117494968,1,S6_P1,-203180:-200820,0xc36442b4a4522e871399cd717abdd847ab11fe88:-203180:-200820,0xc36442b4a4522e871399cd717abdd847ab11fe88,-203180,-200820,1015513737925999911,0.7067642397929351,2360,1481,879,879,430302431324576.2334745762711864,0.0002994763727936,142.9414853942518878,145.6702166633223281,363.4380407237012567,381.3073060206821504,744.7453467443834071,381.3073060206821504,34491671297520036000,10105660371447756000,24386010926072280000,true,true,59981395875.0792181373340692,17588541756.0263434023797339,42392854119.0528747349543353,true,true,173475841886055320000,50636094180507840000,122839747705547480000,true,true,299645596867.6501961970456612,87873317161.4295322138743842,211772279706.220663983171277,true,true,348011079192744400000,101409238549046520000,246601840643697880000,true,true,598917715548.8157942726637924,175273297496.6038735340896484,423644418052.211920738574144,true,true
6,0x11b815efb8f581194ae79006d24e0d814b7697f6,25494961,-201699,1436849349117494968,2,S6_P2,-203840:-193690,0xc36442b4a4522e871399cd717abdd847ab11fe88:-203840:-193690,0xc36442b4a4522e871399cd717abdd847ab11fe88,-203840,-193690,121974768461373800,0.084890436520913,10150,2141,8009,2141,12017218567623.0344827586206897,0.000008363589805,142.9414853942518878,145.6702166633223281,13.1661910814404145,13.6593816890125679,26.8255727704529824,13.6593816890125679,34491671297520036000,31565496572929612000,2926174724590424000,true,true,59981395875.0792181373340692,54889520274.9501183540419651,5091875600.1290997832921041,true,true,173475841886055320000,158700343874269640000,14775498011785680000,true,true,299645596867.6501961970456612,274155376391.1772943238439784,25490220476.4729018732016828,true,true,348011079192744400000,318483568670293920000,29527510522450480000,true,true,598917715548.8157942726637924,547793080044.9279194113818932,51124635503.8878748612818992,true,true
6,0x11b815efb8f581194ae79006d24e0d814b7697f6,25494961,-201699,1436849349117494968,3,S6_P3,-203520:-200040,0xc36442b4a4522e871399cd717abdd847ab11fe88:-203520:-200040,0xc36442b4a4522e871399cd717abdd847ab11fe88,-203520,-200040,43442553758780513,0.0302345919462348,3480,1821,1659,1659,12483492459419.6876436781609195,0.000008688101134,142.9414853942518878,145.6702166633223281,4.4247489002406692,4.5859938362532074,9.0107427364938766,4.5859938362532074,34491671297520036000,33449511360843068000,1042159936676968000,true,true,59981395875.0792181373340692,58167872880.5022971228442842,1813522994.576921014489785,true,true,173475841886055320000,168215068903393240000,5260772982662080000,true,true,299645596867.6501961970456612,290567070536.4708531393439172,9078526331.179343057701744,true,true,348011079192744400000,337498885139705640000,10512194053038760000,true,true,598917715548.8157942726637924,580716257246.9911390102470632,18201458301.8246552624167292,true,true
6,0x11b815efb8f581194ae79006d24e0d814b7697f6,25494961,-201699,1436849349117494968,4,S6_P4,-205010:-190760,0xc36442b4a4522e871399cd717abdd847ab11fe88:-205010:-190760,0xc36442b4a4522e871399cd717abdd847ab11fe88,-205010,-190760,30283666877182300,0.0210764384559748,14250,3311,10939,3311,2125169605416.3017543859649123,0.0000014790483127,142.9414853942518878,145.6702166633223281,3.0555934857709715,3.1664539477091828,6.2220474334801543,3.1664539477091828,34491671297520036000,33765188193297572000,726483104222464000,true,true,59981395875.0792181373340692,58717194557.6575627680547655,1264201317.4216553692793037,true,true,173475841886055320000,169808780450978480000,3667061435076840000,true,true,299645596867.6501961970456612,293317061179.3408085617510388,6328535688.3093876352946224,true,true,348011079192744400000,340683588711797920000,7327490480946480000,true,true,598917715548.8157942726637924,586230470242.4994026674765884,12687245306.316391605187204,true,true
6,0x11b815efb8f581194ae79006d24e0d814b7697f6,25494961,-201699,1436849349117494968,5,S6_P5,-203530:-192890,0xc36442b4a4522e871399cd717abdd847ab11fe88:-203530:-192890,0xc36442b4a4522e871399cd717abdd847ab11fe88,-203530,-192890,17766195839534702,0.0123646893464834,10640,1831,8809,1831,1669755248076.5697368421052632,0.0000011620948634,142.9414853942518878,145.6702166633223281,1.7767647864736902,1.8409617156851295,3.6177265021588197,1.8409617156851295,34491671297520036000,34065474785656240000,426196511863796000,true,true,59981395875.0792181373340692,59239740422.4833094053922758,741655452.5959087319417934,true,true,173475841886055320000,171324642285947120000,2151199600108200000,true,true,299645596867.6501961970456612,295932953060.1423591000483456,3712643807.5078370969973156,true,true,348011079192744400000,343712633383102120000,4298445809642280000,true,true,598917715548.8157942726637924,591475153701.5888057295347036,7442561847.2269885431290888,true,true
6,0x11b815efb8f581194ae79006d24e0d814b7697f6,25494961,-201699,1436849349117494968,6,S6_P6,-202540:-200830,0xc36442b4a4522e871399cd717abdd847ab11fe88:-202540:-200830,0xc36442b4a4522e871399cd717abdd847ab11fe88,-202540,-200830,17458894666438901,0.0121508178134069,1710,841,869,841,10209879921894.0941520467836257,0.0000071057414113,142.9414853942518878,145.6702166633223281,1.7456537878309352,1.8087202566539832,3.5543740444849184,1.8087202566539832,34491671297520036000,34072845954943484000,418825342576552000,true,true,59981395875.0792181373340692,59252568621.194109244577564,728827253.8851088927565052,true,true,173475841886055320000,171361854238456360000,2113987647598960000,true,true,299645596867.6501961970456612,295997171710.4652146798341796,3648425157.1849815172114816,true,true,348011079192744400000,343786990492660800000,4224088700083600000,true,true,598917715548.8157942726637924,591603900219.6018527005873772,7313815329.2139415720764152,true,true
6,0x11b815efb8f581194ae79006d24e0d814b7697f6,25494961,-201699,1436849349117494968,7,S6_P7,-203190:-199170,0xc36442b4a4522e871399cd717abdd847ab11fe88:-203190:-199170,0xc36442b4a4522e871399cd717abdd847ab11fe88,-203190,-199170,15336325105087858,0.0106735790460617,4020,1491,2529,1491,3815006245046.7308457711442786,0.0000026551191657,142.9414853942518878,145.6702166633223281,1.5311335332620932,1.5864114742953419,3.1175450075574351,1.5864114742953419,34491671297520036000,34123765479071752000,367905818448284000,true,true,59981395875.0792181373340692,59341176033.4866571074664541,640219841.5925610298676151,true,true,173475841886055320000,171618880019402600000,1856961866652720000,true,true,299645596867.6501961970456612,296440738123.092513513362342,3204858744.5576826836833192,true,true,348011079192744400000,344300578468222480000,3710500724521920000,true,true,598917715548.8157942726637924,592493157277.993673737468998,6424558270.8221205351947944,true,true
6,0x11b815efb8f581194ae79006d24e0d814b7697f6,25494961,-201699,1436849349117494968,8,S6_P8,-203070:-201050,0xc36442b4a4522e871399cd717abdd847ab11fe88:-203070:-201050,0xc36442b4a4522e871399cd717abdd847ab11fe88,-203070,-201050,14491882956695774,0.0100858750192542,2020,1371,649,649,7174199483512.7594059405940594,0.0000049930074353,142.9414853942518878,145.6702166633223281,1.445967081279068,1.4981559081017312,2.9441229893807992,1.4981559081017312,34491671297520036000,34144022950246860000,347648347273176000,true,true,59981395875.0792181373340692,59376427451.7578124367693502,604968423.321405700564719,true,true,173475841886055320000,171721133911885000000,1754707974170320000,true,true,299645596867.6501961970456612,296617205648.1195806930754368,3028391219.5306155039702244,true,true,348011079192744400000,344504900860339840000,3506178332404560000,true,true,598917715548.8157942726637924,592846932910.9321859973348512,6070782637.8836082753289412,true,true
6,0x11b815efb8f581194ae79006d24e0d814b7697f6,25494961,-201699,1436849349117494968,9,S6_P9,-205670:-192890,0xc36442b4a4522e871399cd717abdd847ab11fe88:-205670:-192890,0xc36442b4a4522e871399cd717abdd847ab11fe88,-205670,-192890,13398742248352511,0.0093250849552056,12780,3971,8809,3971,1048414886412.5595461658841941,0.0000007296623596,142.9414853942518878,145.6702166633223281,1.335868352054011,1.3840661609526865,2.7199345130066975,1.3840661609526865,34491671297520036000,34170246124668288000,321425172851748000,true,true,59981395875.0792181373340692,59422061002.0078909082198276,559334873.0713272291142416,true,true,173475841886055320000,171853501310964440000,1622340575090880000,true,true,299645596867.6501961970456612,296845644905.7779637656444724,2799951961.8722324314011888,true,true,348011079192744400000,344769395637862960000,3241683554881440000,true,true,598917715548.8157942726637924,593304894961.8249474502992416,5612820586.9908468223645508,true,true
6,0x11b815efb8f581194ae79006d24e0d814b7697f6,25494961,-201699,1436849349117494968,10,S6_P10,-205670:-196950,0xc36442b4a4522e871399cd717abdd847ab11fe88:-205670:-196950,0xc36442b4a4522e871399cd717abdd847ab11fe88,-205670,-196950,10887379047933520,0.0075772585724596,8720,3971,4749,3971,1248552643111.6422018348623853,0.0000008689516712,142.9414853942518878,145.6702166633223281,1.0835692406456362,1.1226322354472257,2.2062014760928619,1.1226322354472257,34491671297520036000,34230492255052624000,261179042467412000,true,true,59981395875.0792181373340692,59526898929.7840946956269077,454496945.2951234417071615,true,true,173475841886055320000,172157595511538600000,1318246374516720000,true,true,299645596867.6501961970456612,297370454868.06067786431122,2275141999.5895183327344412,true,true,348011079192744400000,345377029787290720000,2634049405453680000,true,true,598917715548.8157942726637924,594356987334.7171035581621384,4560728214.098690714501654,true,true
6,0x11b815efb8f581194ae79006d24e0d814b7697f6,25494961,-201699,1436849349117494968,11,S6_P11,-203210:-197150,0xc36442b4a4522e871399cd717abdd847ab11fe88:-203210:-197150,0xc36442b4a4522e871399cd717abdd847ab11fe88,-203210,-197150,10724049893069410,0.0074635868399537,6060,1511,4549,1511,1769645196876.1402640264026403,0.0000012316149901,142.9414853942518878,145.6702166633223281,1.0671914814676412,1.105662048823228,2.1728535302908692,1.105662048823228,34491671297520036000,34234410818948300000,257260478571736000,true,true,59981395875.0792181373340692,59533717063.6524603885251477,447678811.4267577488089215,true,true,173475841886055320000,172177372560020120000,1298469326035200000,true,true,299645596867.6501961970456612,297404586215.737412911282898,2241010651.9127832857627632,true,true,348011079192744400000,345416547410012320000,2594531782732080000,true,true,598917715548.8157942726637924,594425410129.6094838540933928,4492305419.2063104185703996,true,true
6,0x11b815efb8f581194ae79006d24e0d814b7697f6,25494961,-201699,1436849349117494968,12,S6_P12,-203030:-201450,0xc36442b4a4522e871399cd717abdd847ab11fe88:-203030:-201450,0xc36442b4a4522e871399cd717abdd847ab11fe88,-203030,-201450,9653117368608244,0.0067182529431754,1580,1331,249,249,6109567954815.3443037974683544,0.0000042520588248,142.9414853942518878,145.6702166633223281,0.959897391822086,0.8210395343001411,1.7809369261222271,0.959897391822086,34491671297520036000,34260100987895948000,231570309624088000,true,true,59981395875.0792181373340692,59578423294.964043491185589,402972580.1151746461484802,true,true,173475841886055320000,172307046349477840000,1168795536577480000,true,true,299645596867.6501961970456612,297650762137.0473437928427152,1994834730.602852404202946,true,true,348011079192744400000,345675657909743760000,2335421283000640000,true,true,598917715548.8157942726637924,594950278263.448971218114444,3967437285.3668230545493484,true,true
6,0x11b815efb8f581194ae79006d24e0d814b7697f6,25494961,-201699,1436849349117494968,13,S6_P13,-202160:-200680,0xc36442b4a4522e871399cd717abdd847ab11fe88:-202160:-200680,0xc36442b4a4522e871399cd717abdd847ab11fe88,-202160,-200680,8201451022202026,0.0057079407992489,1480,461,1019,461,5541520960947.3148648648648649,0.0000038567167562,142.9414853942518878,145.6702166633223281,0.7970220603226295,0.8440606465039292,1.6410827068265587,0.8440606465039292,34491671297520036000,34294925918763320000,196745378756716000,true,true,59981395875.0792181373340692,59639023628.8681230330561614,342372246.2110951042779078,true,true,173475841886055320000,172482820073876280000,993021812179040000,true,true,299645596867.6501961970456612,297931740435.255049734826242,1713856432.3951464622194192,true,true,348011079192744400000,346026881957877640000,1984197234866760000,true,true,598917715548.8157942726637924,595482176983.027898626827222,3435538565.7878956458365704,true,true
6,0x11b815efb8f581194ae79006d24e0d814b7697f6,25494961,-201699,1436849349117494968,14,S6_P14,-201860:-201340,0xc36442b4a4522e871399cd717abdd847ab11fe88:-201860:-201340,0xc36442b4a4522e871399cd717abdd847ab11fe88,-201860,-201340,8344564281271148,0.0058075429316207,520,161,359,161,16047239002444.5153846153846154,0.0000111683517916,142.9414853942518878,145.6702166633223281,0.5387471554396675,0.7956029558189277,1.3343501112585952,0.7956029558189277,34491671297520036000,34291492341488740000,200178956031296000,true,true,59981395875.0792181373340692,59633049321.4450950172826651,348346553.6341231200514041,true,true,173475841886055320000,172570536627731720000,905305258323600000,true,true,299645596867.6501961970456612,297901833910.4252709222483572,1743762957.224925274797304,true,true,348011079192744400000,346348845121602600000,1662234071141800000,true,true,598917715548.8157942726637924,595422224810.4153233720484748,3495490738.4004709006153176,true,true
6,0x11b815efb8f581194ae79006d24e0d814b7697f6,25494961,-201699,1436849349117494968,15,S6_P15,-201940:-198000,0xc36442b4a4522e871399cd717abdd847ab11fe88:-201940:-198000,0xc36442b4a4522e871399cd717abdd847ab11fe88,-201940,-198000,6908418761684097,0.0048080327738793,3940,241,3699,241,1753405777077.1819796954314721,0.0000012203128868,142.9414853942518878,145.6702166633223281,0.5597010350747107,0.7103330567357331,1.2700340918104438,0.7103330567357331,34491671297520036000,34325944372035312000,165726925484724000,true,true,59981395875.0792181373340692,59693001802.4190989121056969,288394072.6601192252283723,true,true,173475841886055320000,172652284807787520000,823557078267800000,true,true,299645596867.6501961970456612,298201947960.0182834676131504,1443648907.6319127294325108,true,true,348011079192744400000,346383472306936520000,1627606885807880000,true,true,598917715548.8157942726637924,596023842225.0328843807322696,2893873323.7829098919315228,true,true
6,0x11b815efb8f581194ae79006d24e0d814b7697f6,25494961,-201699,1436849349117494968,16,S6_P16,-204150:-201460,0xc36442b4a4522e871399cd717abdd847ab11fe88:-204150:-201460,0xc36442b4a4522e871399cd717abdd847ab11fe88,-204150,-201460,6472838118092166,0.0045048829385403,2690,2451,239,239,2406259523454.3368029739776952,0.0000016746776723,142.9414853942518878,145.6702166633223281,0.6422207765394625,0.539826909611003,1.1820476861504655,0.6422207765394625,34491671297520036000,34336392701294952000,155278596225084000,true,true,59981395875.0792181373340692,59711185141.0516858109155997,270210734.0275323264184695,true,true,173475841886055320000,172692124178954600000,783717707100720000,true,true,299645596867.6501961970456612,298315494940.31630092174196,1330101927.3338952753037012,true,true,348011079192744400000,346445104344065240000,1565974848679160000,true,true,598917715548.8157942726637924,596282858317.2648684990401572,2634857231.5509257736236352,true,true
6,0x11b815efb8f581194ae79006d24e0d814b7697f6,25494961,-201699,1436849349117494968,17,S6_P17,-202880:-200860,0xc36442b4a4522e871399cd717abdd847ab11fe88:-202880:-200860,0xc36442b4a4522e871399cd717abdd847ab11fe88,-202880,-200860,5449074917990168,0.0037923773437605,2020,1181,839,839,2697561840589.1920792079207921,0.0000018774145266,142.9414853942518878,145.6702166633223281,0.5402581563951132,0.5597004683805466,1.0999586247756598,0.5597004683805466,34491671297520036000,34360953167190312000,130718130329724000,true,true,59981395875.0792181373340692,59753922666.7311991727688644,227473208.3480189645652048,true,true,173475841886055320000,172816082404331360000,659759481723960000,true,true,299645596867.6501961970456612,298506908257.5418825798836096,1138688610.1083136171620516,true,true,348011079192744400000,346692791057633520000,1318288135110880000,true,true,598917715548.8157942726637924,596635167020.2399834181962556,2282548528.5758108544675368,true,true
6,0x11b815efb8f581194ae79006d24e0d814b7697f6,25494961,-201699,1436849349117494968,18,S6_P18,-203190:-197130,0xc36442b4a4522e871399cd717abdd847ab11fe88:-203190:-197130,0xc36442b4a4522e871399cd717abdd847ab11fe88,-203190,-197130,5247607549681962,0.0036521626661174,6060,1491,4569,1491,865941839881.5118811881188119,0.0000006026671066,142.9414853942518878,145.6702166633223281,0.5202100714343422,0.5389296387189592,1.0591397101533014,0.5389296387189592,34491671297520036000,34365785739801064000,125885557718972000,true,true,59981395875.0792181373340692,59762332859.3952752263595918,219063015.6839429109744774,true,true,173475841886055320000,172840475858763400000,635366027291920000,true,true,299645596867.6501961970456612,298549009174.0255464039656976,1096587693.6246497930799636,true,true,348011079192744400000,346741533074625440000,1269546118118960000,true,true,598917715548.8157942726637924,596719561874.9187750120546684,2198153673.897019260609124,true,true
6,0x11b815efb8f581194ae79006d24e0d814b7697f6,25494961,-201699,1436849349117494968,19,S6_P19,-203300:-199920,0xc36442b4a4522e871399cd717abdd847ab11fe88:-203300:-199920,0xc36442b4a4522e871399cd717abdd847ab11fe88,-203300,-199920,3792946371544558,0.0026397662175747,3380,1601,1779,1601,1122173482705.4905325443786982,0.0000007809959224,142.9414853942518878,145.6702166633223281,0.3756233563589925,0.3891338049306599,0.7647571612896524,0.3891338049306599,34491671297520036000,34400681654464556000,90989643055480000,true,true,59981395875.0792181373340692,59823058050.7626211384176698,158337824.3165969989163994,true,true,173475841886055320000,173016605269797680000,459236616257640000,true,true,299645596867.6501961970456612,298852989866.1668956640917912,792607001.48330053295387,true,true,348011079192744400000,347093464569340720000,917614623403680000,true,true,598917715548.8157942726637924,597328913644.9552358393356032,1588801903.8605584333281892,true,true
6,0x11b815efb8f581194ae79006d24e0d814b7697f6,25494961,-201699,1436849349117494968,20,S6_P20,-203050:-201420,0xc36442b4a4522e871399cd717abdd847ab11fe88:-203050:-201420,0xc36442b4a4522e871399cd717abdd847ab11fe88,-203050,-201420,3321959140789274,0.0023119745593577,1630,1351,279,279,2038011742815.505521472392638,0.0000014183893002,142.9414853942518878,145.6702166633223281,0.3288723230273927,0.2943606527610254,0.6232329757884181,0.3288723230273927,34491671297520036000,34411980634224696000,79690663295340000,true,true,59981395875.0792181373340692,59842719745.6207317313649492,138676129.45848640596912,true,true,173475841886055320000,173073631644705800000,402210241349520000,true,true,299645596867.6501961970456612,298951968193.8730115215950736,693628673.7771846754505876,true,true,348011079192744400000,347207411006926960000,803668185817440000,true,true,598917715548.8157942726637924,597528092939.0801397875907832,1389622609.7356544850730092,true,true
7,0x11b815efb8f581194ae79006d24e0d814b7697f6,25484961,-201598,1431879480147007672,1,S7_P1,-203180:-200820,0xc36442b4a4522e871399cd717abdd847ab11fe88:-203180:-200820,0xc36442b4a4522e871399cd717abdd847ab11fe88,-203180,-200820,1015513737925999911,0.7092173273002973,2360,1582,778,778,430302431324576.2334745762711864,0.0003005158166527,143.4749672233238038,147.136218733352728,355.2557843641795977,392.3595455468272045,747.6153299110068022,392.3595455468272045,34207489668631568000,9943721492839972500,24263768175791595500,true,true,60076271813.6373072796182531,17469161831.0335666376890989,42607109982.6037406419291542,true,true,172411376339589560000,49982028132024816000,122429348207564744000,true,true,299828346767.005208042990654,87354294220.7514194618832732,212474052546.2537885811073808,true,true,346363661751444800000,100620931293441800000,245742730458003000000,true,true,598875481914.178230873865973,173857347164.610787196716788,425018134749.567443677149185,true,true
7,0x11b815efb8f581194ae79006d24e0d814b7697f6,25484961,-201598,1431879480147007672,2,S7_P2,-203840:-193690,0xc36442b4a4522e871399cd717abdd847ab11fe88:-203840:-193690,0xc36442b4a4522e871399cd717abdd847ab11fe88,-203840,-193690,121974768461373800,0.0851850802756465,10150,2242,7908,2242,12017218567623.0344827586206897,0.0000083926187464,143.4749672233238038,147.136218733352728,13.1522787792895607,13.8751805248408767,27.0274593041304374,13.8751805248408767,34207489668631568000,31296025627183320000,2911464041448248000,true,true,60076271813.6373072796182531,54958674921.7733941309583053,5117596891.8639131486599478,true,true,172411376339589560000,157704643174663960000,14706733164925600000,true,true,299828346767.005208042990654,274247237989.2501149239922435,25581108777.7550931189984105,true,true,346363661751444800000,317062690371122320000,29300971380322480000,true,true,598875481914.178230873865973,547519909417.9989087132798095,51355572496.1793221605861635,true,true
7,0x11b815efb8f581194ae79006d24e0d814b7697f6,25484961,-201598,1431879480147007672,3,S7_P3,-203520:-200040,0xc36442b4a4522e871399cd717abdd847ab11fe88:-203520:-200040,0xc36442b4a4522e871399cd717abdd847ab11fe88,-203520,-200040,43442553758780513,0.030339532314773,3480,1922,1558,1558,12483492459419.6876436781609195,0.0000087182564123,143.4749672233238038,147.136218733352728,4.4208329475906677,4.656958673699723,9.0777916212903907,4.656958673699723,34207489668631568000,33170569733869924000,1036919934761644000,true,true,60076271813.6373072796182531,58253587357.5986551902930961,1822684456.038652089325157,true,true,172411376339589560000,167176493821248800000,5234882518340760000,true,true,299828346767.005208042990654,290714117955.159140834501156,9114228811.846067208489498,true,true,346363661751444800000,335933356916650200000,10430304834794600000,true,true,598875481914.178230873865973,580583567273.820875473964978,18291914640.357355399900995,true,true
7,0x11b815efb8f581194ae79006d24e0d814b7697f6,25484961,-201598,1431879480147007672,4,S7_P4,-205010:-190760,0xc36442b4a4522e871399cd717abdd847ab11fe88:-205010:-190760,0xc36442b4a4522e871399cd717abdd847ab11fe88,-205010,-190760,30283666877182300,0.0211495920551031,14250,3412,10838,3412,2125169605416.3017543859649123,0.0000014841818986,143.4749672233238038,147.136218733352728,3.0529742954232162,3.2153166703378795,6.2682909657610957,3.2153166703378795,34207489668631568000,33484658799951356000,722830868680212000,true,true,60076271813.6373072796182531,58805684292.9335933716536051,1270587520.703713907964648,true,true,172411376339589560000,168762512300866320000,3648864038723240000,true,true,299828346767.005208042990654,293474501805.4177901833860515,6353844961.5874178596046025,true,true,346363661751444800000,339093371785931880000,7270289965512920000,true,true,598875481914.178230873865973,586124138249.4089810175580685,12751343664.7692498563079045,true,true
7,0x11b815efb8f581194ae79006d24e0d814b7697f6,25484961,-201598,1431879480147007672,5,S7_P5,-203530:-192890,0xc36442b4a4522e871399cd717abdd847ab11fe88:-203530:-192890,0xc36442b4a4522e871399cd717abdd847ab11fe88,-203530,-192890,17766195839534702,0.0124076055882236,10640,1932,8708,1932,1669755248076.5697368421052632,0.0000011661283448,143.4749672233238038,147.136218733352728,1.7752878728664822,1.8692967743801991,3.6445846472466813,1.8692967743801991,34207489668631568000,33783436381138464000,424053287493104000,true,true,60076271813.6373072796182531,59330869709.1785240872891089,745402104.4587831923291442,true,true,172411376339589560000,170270934266602040000,2140442072987520000,true,true,299828346767.005208042990654,296100617031.4341384223352405,3727729735.5710696206554135,true,true,346363661751444800000,342098836272475440000,4264825478969360000,true,true,598875481914.178230873865973,591394730706.3810193003761005,7480751207.7972115734898725,true,true
7,0x11b815efb8f581194ae79006d24e0d814b7697f6,25484961,-201598,1431879480147007672,6,S7_P6,-202540:-200830,0xc36442b4a4522e871399cd717abdd847ab11fe88:-202540:-200830,0xc36442b4a4522e871399cd717abdd847ab11fe88,-202540,-200830,17458894666438901,0.0121929917346441,1710,942,768,768,10209879921894.0941520467836257,0.0000071304045232,143.4749672233238038,147.136218733352728,1.744203827842597,1.8365573189055949,3.5807611467481919,1.8365573189055949,34207489668631568000,33790771192113868000,416718476517700000,true,true,60076271813.6373072796182531,59343762722.3303140999250721,732509091.306993179693181,true,true,172411376339589560000,170307962180114520000,2103414159475040000,true,true,299828346767.005208042990654,296165090798.762325808625498,3663255968.242882234365156,true,true,346363661751444800000,342172613385728080000,4191048365716720000,true,true,598875481914.178230873865973,591524123572.0093932783212825,7351358342.1688375955446905,true,true
7,0x11b815efb8f581194ae79006d24e0d814b7697f6,25484961,-201598,1431879480147007672,7,S7_P7,-203190:-199170,0xc36442b4a4522e871399cd717abdd847ab11fe88:-203190:-199170,0xc36442b4a4522e871399cd717abdd847ab11fe88,-203190,-199170,15336325105087858,0.0107106256620937,4020,1592,2428,1592,3815006245046.7308457711442786,0.0000026643347418,143.4749672233238038,147.136218733352728,1.5298684597975895,1.610816452654461,3.1406849124520505,1.610816452654461,34207489668631568000,33841434084081168000,366055584550400000,true,true,60076271813.6373072796182531,59432817741.4333441207898683,643454072.2039631588283848,true,true,172411376339589560000,170563714249059480000,1847662090530080000,true,true,299828346767.005208042990654,296610425276.078169954120425,3217921490.927038088870229,true,true,346363661751444800000,342682193511654800000,3681468239790000000,true,true,598875481914.178230873865973,592417859088.576727492550462,6457622825.601503381315511,true,true
7,0x11b815efb8f581194ae79006d24e0d814b7697f6,25484961,-201598,1431879480147007672,8,S7_P8,-203070:-201050,0xc36442b4a4522e871399cd717abdd847ab11fe88:-203070:-201050,0xc36442b4a4522e871399cd717abdd847ab11fe88,-203070,-201050,14491882956695774,0.0101208817904199,2020,1472,548,548,7174199483512.7594059405940594,0.00000501033752,143.4749672233238038,147.136218733352728,1.444774911412267,1.5174277135127912,2.9622026249250582,1.5174277135127912,34207489668631568000,33861589182941504000,345900485690064000,true,true,60076271813.6373072796182531,59468247494.9236770139000834,608024318.7136302657181697,true,true,172411376339589560000,170665460267723560000,1745916071866000000,true,true,299828346767.005208042990654,296787599084.581875814165106,3040747682.423332228825548,true,true,346363661751444800000,342884920572572600000,3478741178872200000,true,true,598875481914.178230873865973,592773423121.4655429756243035,6102058792.7126878982416695,true,true
7,0x11b815efb8f581194ae79006d24e0d814b7697f6,25484961,-201598,1431879480147007672,9,S7_P9,-205670:-192890,0xc36442b4a4522e871399cd717abdd847ab11fe88:-205670:-192890,0xc36442b4a4522e871399cd717abdd847ab11fe88,-205670,-192890,13398742248352511,0.009357451122197,12780,4072,8708,4072,1048414886412.5595461658841941,0.0000007321949235,143.4749672233238038,147.136218733352728,1.3347698948728795,1.405349872380834,2.7401197672537135,1.405349872380834,34207489668631568000,33887681485459840000,319808183171728000,true,true,60076271813.6373072796182531,59514111257.7921510716541741,562160555.845156207964079,true,true,172411376339589560000,170797169865003320000,1614206474586240000,true,true,299828346767.005208042990654,297016954173.2715824869575095,2811392593.7336255560331445,true,true,346363661751444800000,343147349875242160000,3216311876202640000,true,true,598875481914.178230873865973,593233705368.86180196114905,5641776545.316428912716923,true,true
7,0x11b815efb8f581194ae79006d24e0d814b7697f6,25484961,-201598,1431879480147007672,10,S7_P10,-205670:-196950,0xc36442b4a4522e871399cd717abdd847ab11fe88:-205670:-196950,0xc36442b4a4522e871399cd717abdd847ab11fe88,-205670,-196950,10887379047933520,0.0076035582595371,8720,4072,4648,4072,1248552643111.6422018348623853,0.0000008719676903,143.4749672233238038,147.136218733352728,1.082683837644696,1.1398868258424903,2.2225706634871863,1.1398868258424903,34207489668631568000,33947623816635656000,259865851995912000,true,true,60076271813.6373072796182531,59619478504.7953905916303842,456793308.8419166879878689,true,true,172411376339589560000,171099749261663000000,1311627077926560000,true,true,299828346767.005208042990654,297543878748.055469123564105,2284468018.949738919426549,true,true,346363661751444800000,343750235976953240000,2613425774491560000,true,true,598875481914.178230873865973,594291152674.4665912611377645,4584329239.7116396127282085,true,true
7,0x11b815efb8f581194ae79006d24e0d814b7697f6,25484961,-201598,1431879480147007672,11,S7_P11,-203210:-197150,0xc36442b4a4522e871399cd717abdd847ab11fe88:-203210:-197150,0xc36442b4a4522e871399cd717abdd847ab11fe88,-203210,-197150,10724049893069410,0.0074894919871108,6060,1612,4448,1612,1769645196876.1402640264026403,0.0000012358897668,143.4749672233238038,147.136218733352728,1.0663198392944045,1.1226551981760418,2.1889750374704463,1.1226551981760418,34207489668631568000,33951522584210604000,255967084420964000,true,true,60076271813.6373072796182531,59626331519.8102277605215619,449940293.8270795190966912,true,true,172411376339589560000,171119427397653880000,1291948941935680000,true,true,299828346767.005208042990654,297578148591.1729900342291745,2250198175.8322180087614795,true,true,346363661751444800000,343789444607759480000,2574217143685320000,true,true,598875481914.178230873865973,594359925271.421978296449467,4515556642.756252577416506,true,true
7,0x11b815efb8f581194ae79006d24e0d814b7697f6,25484961,-201598,1431879480147007672,12,S7_P12,-202160:-200680,0xc36442b4a4522e871399cd717abdd847ab11fe88:-202160:-200680,0xc36442b4a4522e871399cd717abdd847ab11fe88,-202160,-200680,8201451022202026,0.0057277523254681,1480,562,918,562,5541520960947.3148648648648649,0.0000038701029226,143.4749672233238038,147.136218733352728,0.8134708606534445,0.8570264587243833,1.6704973193778278,0.8570264587243833,34207489668631568000,34011733588753968000,195756079877600000,true,true,60076271813.6373072796182531,59732169992.0102447881910806,344101821.6270624914271725,true,true,172411376339589560000,171423348483036040000,988027856553520000,true,true,299828346767.005208042990654,298107441814.5790977173020745,1720904952.4261103256885795,true,true,346363661751444800000,344395006223412320000,1968655528032480000,true,true,598875481914.178230873865973,595422106823.64867518875649,3453375090.529555685109483,true,true
7,0x11b815efb8f581194ae79006d24e0d814b7697f6,25484961,-201598,1431879480147007672,13,S7_P13,-203030:-201450,0xc36442b4a4522e871399cd717abdd847ab11fe88:-203030:-201450,0xc36442b4a4522e871399cd717abdd847ab11fe88,-203030,-201450,9653117368608244,0.006741571132521,1580,1432,148,148,6109567954815.3443037974683544,0.0000042668171725,143.4749672233238038,147.136218733352728,0.9591154325088477,0.6133049575312396,1.5724203900400873,0.9591154325088477,34207489668631568000,33977084205555128000,230405463076440000,true,true,60076271813.6373072796182531,59671263383.0606377992466273,405008430.5766694803716258,true,true,172411376339589560000,171248454033270960000,1162922306318600000,true,true,299828346767.005208042990654,298060526289.593027217381014,1767820477.41218082560964,true,true,346363661751444800000,344046529415642520000,2317132335802280000,true,true,598875481914.178230873865973,595696117526.079365180662076,3179364388.098865693203897,true,true
7,0x11b815efb8f581194ae79006d24e0d814b7697f6,25484961,-201598,1431879480147007672,14,S7_P14,-201860:-201340,0xc36442b4a4522e871399cd717abdd847ab11fe88:-201860:-201340,0xc36442b4a4522e871399cd717abdd847ab11fe88,-201860,-201340,8344564281271148,0.0058277001639932,520,262,258,258,16047239002444.5153846153846154,0.0000112071157,143.4749672233238038,147.136218733352728,0.699574465842825,0.7284011986287932,1.4279756644716182,0.7284011986287932,34207489668631568000,34008317571227532000,199172097404036000,true,true,60076271813.6373072796182531,59726165650.0016655627529924,350106163.6356417168652607,true,true,172411376339589560000,171411587945668240000,999788393921320000,true,true,299828346767.005208042990654,298091168692.478779907803166,1737178074.526428135187488,true,true,346363661751444800000,344379409807742400000,1984251943702400000,true,true,598875481914.178230873865973,595409059681.8938289731543135,3466422232.2844019007116595,true,true
7,0x11b815efb8f581194ae79006d24e0d814b7697f6,25484961,-201598,1431879480147007672,15,S7_P15,-201940:-198000,0xc36442b4a4522e871399cd717abdd847ab11fe88:-201940:-198000,0xc36442b4a4522e871399cd717abdd847ab11fe88,-201940,-198000,6908418761684097,0.0048247208354259,3940,342,3598,342,1753405777077.1819796954314721,0.0000012245484354,143.4749672233238038,147.136218733352728,0.6269386264340877,0.7212417657208711,1.3481803921549588,0.7212417657208711,34207489668631568000,34042596474241692000,164893194389876000,true,true,60076271813.6373072796182531,59786420587.7192055235809718,289851225.9181017560372813,true,true,172411376339589560000,171579127941851280000,832248397738280000,true,true,299828346767.005208042990654,298378750331.701746623929721,1449596435.303461419060933,true,true,346363661751444800000,344705396801770640000,1658264949674160000,true,true,598875481914.178230873865973,595966560217.8414094130253965,2908921696.3368214608405765,true,true
7,0x11b815efb8f581194ae79006d24e0d814b7697f6,25484961,-201598,1431879480147007672,16,S7_P16,-202880:-200860,0xc36442b4a4522e871399cd717abdd847ab11fe88:-202880:-200860,0xc36442b4a4522e871399cd717abdd847ab11fe88,-202880,-200860,5449074917990168,0.0038055401963235,2020,1282,738,738,2697561840589.1920792079207921,0.0000018839307903,143.4749672233238038,147.136218733352728,0.5398226663468092,0.5682932396966802,1.1081159060434894,0.5682932396966802,34207489668631568000,34077428623338892000,130061045292676000,true,true,60076271813.6373072796182531,59847649068.0087472131715314,228622745.6285600664467217,true,true,172411376339589560000,171754940298635280000,656436040954280000,true,true,299828346767.005208042990654,298684958706.4599198509045765,1143388060.5452881920860775,true,true,346363661751444800000,345055703751313040000,1307958000131760000,true,true,598875481914.178230873865973,596581043104.422467278008488,2294438809.755763595857485,true,true
7,0x11b815efb8f581194ae79006d24e0d814b7697f6,25484961,-201598,1431879480147007672,17,S7_P17,-203190:-197130,0xc36442b4a4522e871399cd717abdd847ab11fe88:-203190:-197130,0xc36442b4a4522e871399cd717abdd847ab11fe88,-203190,-197130,5247607549681962,0.0036648388516212,6060,1592,4468,1592,865941839881.5118811881188119,0.0000006047588864,143.4749672233238038,147.136218733352728,0.519790923538381,0.5472031827788776,1.0669941063172586,0.5472031827788776,34207489668631568000,34082237480436732000,125252188194836000,true,true,60076271813.6373072796182531,59856101950.7831308015245894,220169862.8541764780936637,true,true,172411376339589560000,171779211320316280000,632165019273280000,true,true,299828346767.005208042990654,298727232214.849730365149701,1101114552.155477677840953,true,true,346363661751444800000,345104064159222680000,1259597592222120000,true,true,598875481914.178230873865973,596665874693.895109732923695,2209607220.283121140942278,true,true
7,0x11b815efb8f581194ae79006d24e0d814b7697f6,25484961,-201598,1431879480147007672,18,S7_P18,-204150:-201460,0xc36442b4a4522e871399cd717abdd847ab11fe88:-204150:-201460,0xc36442b4a4522e871399cd717abdd847ab11fe88,-204150,-201460,6472838118092166,0.0045205188061132,2690,2552,138,138,2406259523454.3368029739776952,0.0000016804902625,143.4749672233238038,147.136218733352728,0.6417017391618837,0.3915833051881659,1.0332850443500496,0.6417017391618837,34207489668631568000,34052993112124560000,154496556507008000,true,true,60076271813.6373072796182531,59804695810.4515397784736828,271576003.1857675011445703,true,true,172411376339589560000,171631604281575200000,779772058014360000,true,true,299828346767.005208042990654,298667485168.633191266121293,1160861598.372016776869361,true,true,346363661751444800000,344809956074439240000,1553705677005560000,true,true,598875481914.178230873865973,596826404431.168026353518646,2049077483.010204520347327,true,true
7,0x11b815efb8f581194ae79006d24e0d814b7697f6,25484961,-201598,1431879480147007672,19,S7_P19,-203300:-199920,0xc36442b4a4522e871399cd717abdd847ab11fe88:-203300:-199920,0xc36442b4a4522e871399cd717abdd847ab11fe88,-203300,-199920,3792946371544558,0.0026489285055996,3380,1702,1678,1678,1122173482705.4905325443786982,0.0000007837066585,143.4749672233238038,147.136218733352728,0.3753218160448387,0.3951058503692999,0.7704276664141386,0.3951058503692999,34207489668631568000,34116957941240124000,90531727391444000,true,true,60076271813.6373072796182531,59917133968.8060646919752782,159137844.8312425876429749,true,true,172411376339589560000,171954455447800720000,456920891788840000,true,true,299828346767.005208042990654,299032461662.6749735202078285,795885104.3302345227828255,true,true,346363661751444800000,345453239427514360000,910422323930440000,true,true,598875481914.178230873865973,597278386794.8839318238539775,1597095119.2942990500119955,true,true
7,0x11b815efb8f581194ae79006d24e0d814b7697f6,25484961,-201598,1431879480147007672,20,S7_P20,-203050:-201420,0xc36442b4a4522e871399cd717abdd847ab11fe88:-203050:-201420,0xc36442b4a4522e871399cd717abdd847ab11fe88,-203050,-201420,3321959140789274,0.0023199991248203,1630,1452,178,178,2038011742815.505521472392638,0.0000014233123465,143.4749672233238038,147.136218733352728,0.3286086432444997,0.2377444448611537,0.5663530881056534,0.3286086432444997,34207489668631568000,34128199808803916000,79289859827652000,true,true,60076271813.6373072796182531,59936894929.4739537853301298,139376884.1633534942881233,true,true,172411376339589560000,172011194591650720000,400181747938840000,true,true,299828346767.005208042990654,299187148346.965260381735248,641198420.039947661255406,true,true,346363661751444800000,345566293043456200000,797368707988600000,true,true,598875481914.178230873865973,597667752876.7215265914173555,1207729037.4567042824486175,true,true
8,0x11b815efb8f581194ae79006d24e0d814b7697f6,25474961,-201394,1418728008199570248,1,S8_P1,-203180:-200820,0xc36442b4a4522e871399cd717abdd847ab11fe88:-203180:-200820,0xc36442b4a4522e871399cd717abdd847ab11fe88,-203180,-200820,1015513737925999911,0.7157917035942165,2360,1786,574,574,430302431324576.2334745762711864,0.0003033015693196,144.4828866122307225,149.5466830003551162,333.9520486599402193,401.0743978729247473,735.0264465328649666,401.0743978729247473,33552230584074168000,9532340207095085500,24019890376979082500,true,true,60145750755.55645752551886,17101715714.67263005537884,43044035040.88382747014002,true,true,170033017566345600000,48506160892926500000,121526856673419100000,true,true,300900282332.451687747459638,85807799894.970153862614756,215092482437.481533884844882,true,true,342736215808226240000,99028642337506450000,243707573470719790000,true,true,601678286604.8502285561371215,171358078220.7095024367915858,430320208384.1407261193455357,true,true
8,0x11b815efb8f581194ae79006d24e0d814b7697f6,25474961,-201394,1418728008199570248,2,S8_P2,-203840:-193690,0xc36442b4a4522e871399cd717abdd847ab11fe88:-203840:-193690,0xc36442b4a4522e871399cd717abdd847ab11fe88,-203840,-193690,121974768461373800,0.0859747377625718,10150,2446,7704,2446,12017218567623.0344827586206897,0.0000084704175136,144.4828866122307225,149.5466830003551162,13.0920025457337788,18.4499287238798439,31.5419312696136227,18.4499287238798439,33552230584074168000,30672542242628472000,2879688341445696000,true,true,60145750755.55645752551886,54975688940.242241649306936,5170061815.314215876211924,true,true,170033017566345600000,155437948199240000000,14595069367105600000,true,true,300900282332.451687747459638,275067682820.794112585635281,25832599511.657575161824357,true,true,342736215808226240000,313822850047317880000,28913365760908360000,true,true,601678286604.8502285561371215,549953969696.655242737690654,51724316908.1949858184464675,true,true
8,0x11b815efb8f581194ae79006d24e0d814b7697f6,25474961,-201394,1418728008199570248,3,S8_P3,-203520:-200040,0xc36442b4a4522e871399cd717abdd847ab11fe88:-203520:-200040,0xc36442b4a4522e871399cd717abdd847ab11fe88,-203520,-200040,43442553758780513,0.0306207768562426,3480,2126,1354,1354,12483492459419.6876436781609195,0.0000087990738093,144.4828866122307225,149.5466830003551162,4.404853685498539,5.4416096538574328,9.8464633393559718,5.4416096538574328,33552230584074168000,32526528758729700000,1025701825344468000,true,true,60145750755.55645752551886,58304383029.73118489989878,1841367725.82527262562008,true,true,170033017566345600000,164839224623205040000,5193792943140560000,true,true,300900282332.451687747459638,291699608369.020267580752094,9200673963.431420166707544,true,true,342736215808226240000,332442761204440880000,10293454603785360000,true,true,601678286604.8502285561371215,583256809917.8301352631837265,18421476687.020093292953395,true,true
8,0x11b815efb8f581194ae79006d24e0d814b7697f6,25474961,-201394,1418728008199570248,4,S8_P4,-205010:-190760,0xc36442b4a4522e871399cd717abdd847ab11fe88:-205010:-190760,0xc36442b4a4522e871399cd717abdd847ab11fe88,-205010,-190760,30283666877182300,0.0213456467357782,14250,3616,10634,3616,2125169605416.3017543859649123,0.0000014979401218,144.4828866122307225,149.5466830003551162,3.0423959432694018,3.6942212566130247,6.7366171998824265,3.6942212566130247,33552230584074168000,32837207997941544000,715022586132624000,true,true,60145750755.55645752551886,58862139366.82137545316258,1283611388.73508207235628,true,true,170033017566345600000,166412918605325480000,3620098961020120000,true,true,300900282332.451687747459638,294486517833.6785580232031355,6413764498.7731297242565025,true,true,342736215808226240000,335561148725215200000,7175067083011040000,true,true,601678286604.8502285561371215,588836832363.0802391272067445,12841454241.769989428930377,true,true
8,0x11b815efb8f581194ae79006d24e0d814b7697f6,25474961,-201394,1418728008199570248,5,S8_P5,-203530:-192890,0xc36442b4a4522e871399cd717abdd847ab11fe88:-203530:-192890,0xc36442b4a4522e871399cd717abdd847ab11fe88,-203530,-192890,17766195839534702,0.012522622896605,10640,2136,8504,2136,1669755248076.5697368421052632,0.0000011769382422,144.4828866122307225,149.5466830003551162,1.769385139012332,2.1154857675487556,3.8848709065610876,2.1154857675487556,33552230584074168000,33132750717528788000,419479866545380000,true,true,60145750755.55645752551886,59392707527.935748319692652,753043227.620709205826208,true,true,170033017566345600000,167909514186235840000,2123503380109760000,true,true,300900282332.451687747459638,297137586461.1573147325670085,3762695871.2943730148926295,true,true,342736215808226240000,338527151667449240000,4209064140777000000,true,true,601678286604.8502285561371215,594144784942.6117457697708725,7533501662.238482786366249,true,true
8,0x11b815efb8f581194ae79006d24e0d814b7697f6,25474961,-201394,1418728008199570248,6,S8_P6,-202540:-200830,0xc36442b4a4522e871399cd717abdd847ab11fe88:-202540:-200830,0xc36442b4a4522e871399cd717abdd847ab11fe88,-202540,-200830,17458894666438901,0.0123060195932799,1710,1146,564,564,10209879921894.0941520467836257,0.0000071965026861,144.4828866122307225,149.5466830003551162,1.7384103563476933,2.0465627008558839,3.7849730572035772,2.0465627008558839,33552230584074168000,33140006758185176000,412223825888992000,true,true,60145750755.55645752551886,59405733188.218890245592936,740017567.337567279925924,true,true,170033017566345600000,167946250744207560000,2086766822138040000,true,true,300900282332.451687747459638,297202669481.97963938546649,3697612850.472048361993148,true,true,342736215808226240000,338599961894633560000,4136253913592680000,true,true,601678286604.8502285561371215,594275092853.445137754652335,7403193751.4050908014847865,true,true
8,0x11b815efb8f581194ae79006d24e0d814b7697f6,25474961,-201394,1418728008199570248,7,S8_P7,-203470:-200620,0xc36442b4a4522e871399cd717abdd847ab11fe88:-203470:-200620,0xc36442b4a4522e871399cd717abdd847ab11fe88,-203470,-200620,15884280091646075,0.01119614189601,2850,2076,774,774,5573431611103.8859649122807018,0.0000039284708407,144.4828866122307225,149.5466830003551162,1.5799018698701888,1.8846888388933987,3.4645907087635875,1.8846888388933987,33552230584074168000,33177184497926828000,375046086147340000,true,true,60145750755.55645752551886,59472475263.713756802711276,673275491.842700722807584,true,true,170033017566345600000,168134484891714760000,1898532674630840000,true,true,300900282332.451687747459638,297536156464.4022095812457085,3364125868.0494781662139295,true,true,342736215808226240000,338973038316981400000,3763177491244840000,true,true,601678286604.8502285561371215,594942792103.7959690261005455,6735494501.054259530036576,true,true
8,0x11b815efb8f581194ae79006d24e0d814b7697f6,25474961,-201394,1418728008199570248,8,S8_P8,-203190:-199170,0xc36442b4a4522e871399cd717abdd847ab11fe88:-203190:-199170,0xc36442b4a4522e871399cd717abdd847ab11fe88,-203190,-199170,15336325105087858,0.0108099121300568,4020,1796,2224,1796,3815006245046.7308457711442786,0.0000026890328682,144.4828866122307225,149.5466830003551162,1.524822903054245,1.8177981710695254,3.3426210741237704,1.8177981710695254,33552230584074168000,33190122303983608000,362108280090560000,true,true,60145750755.55645752551886,59495701964.938829446476924,650048790.617628079041936,true,true,170033017566345600000,168199987791741840000,1833029774603760000,true,true,300900282332.451687747459638,297652207946.4129704342187575,3248074386.0387173132408805,true,true,342736215808226240000,339102865063985760000,3633350744240480000,true,true,601678286604.8502285561371215,595175146715.7038937543401235,6503139889.146334801796998,true,true
8,0x11b815efb8f581194ae79006d24e0d814b7697f6,25474961,-201394,1418728008199570248,9,S8_P9,-203070:-201050,0xc36442b4a4522e871399cd717abdd847ab11fe88:-203070:-201050,0xc36442b4a4522e871399cd717abdd847ab11fe88,-203070,-201050,14491882956695774,0.010214701389512,2020,1676,344,344,7174199483512.7594059405940594,0.0000050567828661,144.4828866122307225,149.5466830003551162,1.4400235069472798,1.4915613224794235,2.9315848294267033,1.4915613224794235,33552230584074168000,33210060346422364000,342170237651804000,true,true,60145750755.55645752551886,59531494559.375594186664804,614256196.180863338854056,true,true,170033017566345600000,168300931336547160000,1732086229798440000,true,true,300900282332.451687747459638,297831051654.9574941148384735,3069230677.4941936326211645,true,true,342736215808226240000,339302936865005960000,3433278943220280000,true,true,601678286604.8502285561371215,595533222822.779910831018328,6145063782.0703177251187935,true,true
8,0x11b815efb8f581194ae79006d24e0d814b7697f6,25474961,-201394,1418728008199570248,10,S8_P10,-205670:-192890,0xc36442b4a4522e871399cd717abdd847ab11fe88:-205670:-192890,0xc36442b4a4522e871399cd717abdd847ab11fe88,-205670,-192890,13398742248352511,0.0094441937925481,12780,4276,8504,4276,1048414886412.5595461658841941,0.0000007389822999,144.4828866122307225,149.5466830003551162,1.3303963934172485,1.5823811322610044,2.9127775256782529,1.5823811322610044,33552230584074168000,33235870314548616000,316360269525552000,true,true,60145750755.55645752551886,59577827721.768035992341504,567923033.788421533177356,true,true,170033017566345600000,168431601875803880000,1601415690541720000,true,true,300900282332.451687747459638,298062567305.5829630993985895,2837715026.8687246480610485,true,true,342736215808226240000,339561930079166560000,3174285729059680000,true,true,601678286604.8502285561371215,595996756246.8463782766982245,5681530358.003850279438897,true,true
8,0x11b815efb8f581194ae79006d24e0d814b7697f6,25474961,-201394,1418728008199570248,11,S8_P11,-205670:-196950,0xc36442b4a4522e871399cd717abdd847ab11fe88:-205670:-196950,0xc36442b4a4522e871399cd717abdd847ab11fe88,-205670,-196950,10887379047933520,0.0076740425120317,8720,4276,4444,4276,1248552643111.6422018348623853,0.0000008800507468,144.4828866122307225,149.5466830003551162,1.0791663356978415,1.2797930243048019,2.3589593600026434,1.2797930243048019,33552230584074168000,33295165930712948000,257064653361220000,true,true,60145750755.55645752551886,59684275108.420669949675076,461475647.135787575843784,true,true,170033017566345600000,168731791204820000000,1301226361525600000,true,true,300900282332.451687747459638,298594448373.4322152576164285,2305833959.0194724898432095,true,true,342736215808226240000,340156926135598400000,2579289672627840000,true,true,601678286604.8502285561371215,597061668577.689980827119315,4616618027.1602477290178065,true,true
8,0x11b815efb8f581194ae79006d24e0d814b7697f6,25474961,-201394,1418728008199570248,12,S8_P12,-203210:-197150,0xc36442b4a4522e871399cd717abdd847ab11fe88:-203210:-197150,0xc36442b4a4522e871399cd717abdd847ab11fe88,-203210,-197150,10724049893069410,0.0075589188562498,6060,1816,4244,1816,1769645196876.1402640264026403,0.0000012473463459,144.4828866122307225,149.5466830003551162,1.0628574320608735,1.2602122124241254,2.3230696444849989,1.2602122124241254,33552230584074168000,33299022098891904000,253208485182264000,true,true,60145750755.55645752551886,59691198204.112675772505924,454552551.443781753012936,true,true,170033017566345600000,168751313835645800000,1281703730699800000,true,true,300900282332.451687747459638,298629039915.323610519077113,2271242417.128077228382525,true,true,342736215808226240000,340195621804995960000,2540594003230280000,true,true,601678286604.8502285561371215,597130926210.522921789918424,4547360394.3273067662186975,true,true
8,0x11b815efb8f581194ae79006d24e0d814b7697f6,25474961,-201394,1418728008199570248,13,S8_P13,-201940:-198000,0xc36442b4a4522e871399cd717abdd847ab11fe88:-201940:-198000,0xc36442b4a4522e871399cd717abdd847ab11fe88,-201940,-198000,6908418761684097,0.0048694455327284,3940,546,3394,546,1753405777077.1819796954314721,0.0000012358998814,144.4828866122307225,149.5466830003551162,0.6815056121028733,0.8061370488136475,1.4876426609165208,0.8061370488136475,33552230584074168000,33389113445328852000,163117138745316000,true,true,60145750755.55645752551886,59852929418.092779228657252,292821337.463678296861608,true,true,170033017566345600000,169207376019793640000,825641546551960000,true,true,300900282332.451687747459638,299437151001.9773886357945565,1463131330.4742991116650815,true,true,342736215808226240000,341099598195798960000,1636617612427280000,true,true,601678286604.8502285561371215,598748889974.0038208885258715,2929396630.84640766761125,true,true
8,0x11b815efb8f581194ae79006d24e0d814b7697f6,25474961,-201394,1418728008199570248,14,S8_P14,-202820:-197310,0xc36442b4a4522e871399cd717abdd847ab11fe88:-202820:-197310,0xc36442b4a4522e871399cd717abdd847ab11fe88,-202820,-197310,5765695218992012,0.0040639891407437,5510,1426,4084,1426,1046405665878.7680580762250454,0.0000007375660872,144.4828866122307225,149.5466830003551162,0.569491381227672,0.6713884078905278,1.2408797891181998,0.6713884078905278,33552230584074168000,33416094837495780000,136135746578388000,true,true,60145750755.55645752551886,59901363361.205225086117212,244387394.351232439401648,true,true,170033017566345600000,169343953173915480000,689064392430120000,true,true,300900282332.451687747459638,299679167472.7000255209602765,1221114859.7516622264993615,true,true,342736215808226240000,341370318999953360000,1365896808272880000,true,true,601678286604.8502285561371215,599233443750.2044834836499085,2444842854.645745072487213,true,true
8,0x11b815efb8f581194ae79006d24e0d814b7697f6,25474961,-201394,1418728008199570248,15,S8_P15,-202880:-200860,0xc36442b4a4522e871399cd717abdd847ab11fe88:-202880:-200860,0xc36442b4a4522e871399cd717abdd847ab11fe88,-202880,-200860,5449074917990168,0.0038408171872953,2020,1486,534,534,2697561840589.1920792079207921,0.0000019013946472,144.4828866122307225,149.5466830003551162,0.5381010940810043,0.6226857902448329,1.1607868843258372,0.6226857902448329,33552230584074168000,33423570437322196000,128660146751972000,true,true,60145750755.55645752551886,59914784723.675916986148276,230966031.880540539370584,true,true,170033017566345600000,169381794872287640000,651222694057960000,true,true,300900282332.451687747459638,299746224974.3994939842343685,1154057358.0521937632252695,true,true,342736215808226240000,341445328503115400000,1290887305110840000,true,true,601678286604.8502285561371215,599367701921.1694628998213875,2310584683.680765656315734,true,true
8,0x11b815efb8f581194ae79006d24e0d814b7697f6,25474961,-201394,1418728008199570248,16,S8_P16,-203190:-197130,0xc36442b4a4522e871399cd717abdd847ab11fe88:-203190:-197130,0xc36442b4a4522e871399cd717abdd847ab11fe88,-203190,-197130,5247607549681962,0.0036988115546837,6060,1796,4264,1796,865941839881.5118811881188119,0.000000610364943,144.4828866122307225,149.5466830003551162,0.5181343491934075,0.6104819103287081,1.1286162595221156,0.6104819103287081,33552230584074168000,33428327445065948000,123903139008220000,true,true,60145750755.55645752551886,59923323547.265659116124116,222427208.290798409394744,true,true,170033017566345600000,169405873560297320000,627144006048280000,true,true,300900282332.451687747459638,299788893122.793416274119296,1111389209.658271473340342,true,true,342736215808226240000,341493057398276240000,1243158409950000000,true,true,601678286604.8502285561371215,599453130552.8020009430926055,2225156052.048227613044516,true,true
8,0x11b815efb8f581194ae79006d24e0d814b7697f6,25474961,-201394,1418728008199570248,17,S8_P17,-201860:-201340,0xc36442b4a4522e871399cd717abdd847ab11fe88:-201860:-201340,0xc36442b4a4522e871399cd717abdd847ab11fe88,-201860,-201340,6909110296110464,0.0048699329654304,520,466,54,54,13286750569443.2,0.0000093652557028,144.4828866122307225,149.5466830003551162,0.6693418583297538,0.213727226347952,0.8830690846777058,0.6693418583297538,33552230584074168000,33389096752566540000,163133831507628000,true,true,60145750755.55645752551886,59852899737.384167940881976,292851018.172289584636884,true,true,170033017566345600000,169207293162892640000,825724403452960000,true,true,300900282332.451687747459638,299936361610.06779238963239,963920722.383895357827248,true,true,342736215808226240000,341099434253006320000,1636781555219920000,true,true,601678286604.8502285561371215,600472275071.928820011685133,1206011532.9214085444519885,true,true
8,0x11b815efb8f581194ae79006d24e0d814b7697f6,25474961,-201394,1418728008199570248,18,S8_P18,-203300:-199920,0xc36442b4a4522e871399cd717abdd847ab11fe88:-203300:-199920,0xc36442b4a4522e871399cd717abdd847ab11fe88,-203300,-199920,3792946371544558,0.0026734838176332,3380,1906,1474,1474,1122173482705.4905325443786982,0.0000007909715437,144.4828866122307225,149.5466830003551162,0.374131644492282,0.4400867962328981,0.8142184407251801,0.4400867962328981,33552230584074168000,33462674290120800000,89556293953368000,true,true,60145750755.55645752551886,59984981757.233110383097572,160768998.323347142421288,true,true,170033017566345600000,169579727083325760000,453290483019840000,true,true,300900282332.451687747459638,300096975652.8375568348188455,803306679.6141309126407925,true,true,342736215808226240000,341837672838526400000,898542969699840000,true,true,601678286604.8502285561371215,600069955717.027376312353791,1608330887.8228522437833305,true,true
8,0x11b815efb8f581194ae79006d24e0d814b7697f6,25474961,-201394,1418728008199570248,19,S8_P19,-202140:-200580,0xc36442b4a4522e871399cd717abdd847ab11fe88:-202140:-200580,0xc36442b4a4522e871399cd717abdd847ab11fe88,-202140,-200580,3270890407098832,0.0023055091519972,1560,746,814,746,2096724619935.1487179487179487,0.000001477890482,144.4828866122307225,149.5466830003551162,0.3225212546795598,0.3791544471725786,0.7016757018521384,0.3791544471725786,33552230584074168000,33475000083449600000,77230500624568000,true,true,60145750755.55645752551886,60007110233.206082988453408,138640522.350374537065452,true,true,170033017566345600000,169642119286179200000,390898280166400000,true,true,300900282332.451687747459638,300207541701.1760238674011535,692740631.2756638800584845,true,true,342736215808226240000,341961348975470240000,774866832756000000,true,true,601678286604.8502285561371215,600291324771.4159839224951705,1386961833.434244633641951,true,true
8,0x11b815efb8f581194ae79006d24e0d814b7697f6,25474961,-201394,1418728008199570248,20,S8_P20,-205050:-192620,0xc36442b4a4522e871399cd717abdd847ab11fe88:-205050:-192620,0xc36442b4a4522e871399cd717abdd847ab11fe88,-205050,-192620,3162737997976704,0.0022292771973892,12430,3656,8774,3656,254443925822.7436846339501207,0.0000001793465163,144.4828866122307225,149.5466830003551162,0.3118339423736213,0.3665457995770281,0.6783797419506494,0.3665457995770281,33552230584074168000,33477553839497124000,74676744577044000,true,true,60145750755.55645752551886,60011694402.187511818328688,134056353.368945707190172,true,true,170033017566345600000,169655044720939160000,377972845406440000,true,true,300900282332.451687747459638,300230447175.847202908014258,669835156.60448483944538,true,true,342736215808226240000,341986970410616720000,749245397609520000,true,true,601678286604.8502285561371215,600337184772.0062145609450255,1341101832.844013995192096,true,true
9,0x11b815efb8f581194ae79006d24e0d814b7697f6,25464961,-201538,1440223119539794178,1,S9_P1,-203180:-200820,0xc36442b4a4522e871399cd717abdd847ab11fe88:-203180:-200820,0xc36442b4a4522e871399cd717abdd847ab11fe88,-203180,-200820,1015513737925999911,0.7051086211214933,2360,1642,718,718,430302431324576.2334745762711864,0.0002987748394583,142.9972920004954005,146.7836426451225307,334.957765759736977,381.8452816676907353,716.8030474274277123,381.8452816676907353,34283820421831856000,10094270252242540000,24189550169589316000,true,true,60591041567.0681325575489184,17869981728.419089058985608,42721059838.6490434985633104,true,true,172813350071661280000,50785128918417265000,122028221153244015000,true,true,302124245419.3967982609598744,88868694418.2742108641778326,213255551001.1225873967820418,true,true,347207569588597800000,102224736281279160000,244982833307318640000,true,true,603383720766.6376952389641984,176375176436.5179032830751152,427008544330.1197919558890832,true,true
9,0x11b815efb8f581194ae79006d24e0d814b7697f6,25464961,-201538,1440223119539794178,2,S9_P2,-203840:-193690,0xc36442b4a4522e871399cd717abdd847ab11fe88:-203840:-193690,0xc36442b4a4522e871399cd717abdd847ab11fe88,-203840,-193690,121974768461373800,0.0846915778579845,10150,2302,7848,2302,12017218567623.0344827586206897,0.0000083439978185,142.9972920004954005,146.7836426451225307,12.9779285154951235,13.7340004466046867,26.7119289620998102,13.7340004466046867,34283820421831856000,31381135046594680000,2902685375237176000,true,true,60591041567.0681325575489184,55454059805.7679957928532688,5136981761.3001367646956496,true,true,172813350071661280000,158163140151616640000,14650209920044640000,true,true,302124245419.3967982609598744,276498734732.422275859315144,25625510686.9745224016447304,true,true,347207569588597800000,318033641805600960000,29173927782996840000,true,true,603383720766.6376952389641984,552020843798.0967994171376376,51362876968.5408958218265608,true,true
9,0x11b815efb8f581194ae79006d24e0d814b7697f6,25464961,-201538,1440223119539794178,3,S9_P3,-203520:-200040,0xc36442b4a4522e871399cd717abdd847ab11fe88:-203520:-200040,0xc36442b4a4522e871399cd717abdd847ab11fe88,-203520,-200040,43442553758780513,0.0301637664118752,3480,1982,1498,1498,12483492459419.6876436781609195,0.0000086677489689,142.9972920004954005,146.7836426451225307,4.3660646063688928,4.6122774375602483,8.9783420439291411,4.6122774375602483,34283820421831856000,33250025269158800000,1033795152673056000,true,true,60591041567.0681325575489184,58761459319.0291298033293968,1829582248.0390027542195216,true,true,172813350071661280000,167597796204856760000,5215553866804520000,true,true,302124245419.3967982609598744,292995340173.1668835939330328,9128905246.2299146670268416,true,true,347207569588597800000,336819996640118080000,10387572948479720000,true,true,603383720766.6376952389641984,585088369958.6188380374618776,18295350808.0188572015023208,true,true
9,0x11b815efb8f581194ae79006d24e0d814b7697f6,25464961,-201538,1440223119539794178,4,S9_P4,-205010:-190760,0xc36442b4a4522e871399cd717abdd847ab11fe88:-205010:-190760,0xc36442b4a4522e871399cd717abdd847ab11fe88,-205010,-190760,30283666877182300,0.0210270661998948,14250,3472,10778,3472,2125169605416.3017543859649123,0.000001475583593,142.9972920004954005,146.7836426451225307,3.015586172474601,3.1847409256875131,6.2003270981621141,3.1847409256875131,34283820421831856000,33563168447914100000,720651973917756000,true,true,60591041567.0681325575489184,59315646898.6918399462860608,1275394668.3762926112628576,true,true,172813350071661280000,169177857505126120000,3635492566535160000,true,true,302124245419.3967982609598744,295760284430.7668720281792096,6363960988.6299262327806648,true,true,347207569588597800000,339966766517773680000,7240803070824120000,true,true,603383720766.6376952389641984,590629880563.4814105046357128,12753840203.1562847343284856,true,true
9,0x11b815efb8f581194ae79006d24e0d814b7697f6,25464961,-201538,1440223119539794178,5,S9_P5,-203530:-192890,0xc36442b4a4522e871399cd717abdd847ab11fe88:-203530:-192890,0xc36442b4a4522e871399cd717abdd847ab11fe88,-203530,-192890,17766195839534702,0.0123357246516163,10640,1992,8648,1992,1669755248076.5697368421052632,0.0000011593726176,142.9972920004954005,146.7836426451225307,1.7537877439777875,1.851668857040017,3.6054566010178045,1.851668857040017,34283820421831856000,33861044932853172000,422775488978684000,true,true,60591041567.0681325575489184,59842820076.8415044203090848,748221490.2266281372398336,true,true,172813350071661280000,170680694262614040000,2132655809047240000,true,true,302124245419.3967982609598744,298390642373.7669884245840264,3733603045.629809836375848,true,true,347207569588597800000,342959873637609320000,4247695950988480000,true,true,603383720766.6376952389641984,595901447180.0699854870979304,7482273586.567709751866268,true,true
9,0x11b815efb8f581194ae79006d24e0d814b7697f6,25464961,-201538,1440223119539794178,6,S9_P6,-202540:-200830,0xc36442b4a4522e871399cd717abdd847ab11fe88:-202540:-200830,0xc36442b4a4522e871399cd717abdd847ab11fe88,-202540,-200830,17458894666438901,0.012122354119699,1710,1002,708,708,10209879921894.0941520467836257,0.0000070890959764,142.9972920004954005,146.7836426451225307,1.7230860718489123,1.8192416596383459,3.5423277314872582,1.8192416596383459,34283820421831856000,33868357526138964000,415462895692892000,true,true,60591041567.0681325575489184,59855762158.1116750375975792,735279408.9564575199513392,true,true,172813350071661280000,170717585951586960000,2095764120074320000,true,true,302124245419.3967982609598744,298455219426.0585667321660456,3669025993.3382315287938288,true,true,347207569588597800000,343033350290858720000,4174219297739080000,true,true,603383720766.6376952389641984,596030865094.9171205313663912,7352855671.7205747075978072,true,true
9,0x11b815efb8f581194ae79006d24e0d814b7697f6,25464961,-201538,1440223119539794178,7,S9_P7,-203470:-200620,0xc36442b4a4522e871399cd717abdd847ab11fe88:-203470:-200620,0xc36442b4a4522e871399cd717abdd847ab11fe88,-203470,-200620,15884280091646075,0.0110290411785097,2850,1932,918,918,5573431611103.8859649122807018,0.00000386983901,142.9972920004954005,146.7836426451225307,1.5659750378524963,1.6533072422209154,3.2192822800734117,1.6533072422209154,34283820421831856000,33905828631646692000,377991790185164000,true,true,60591041567.0681325575489184,59922076683.8530344024673744,668964883.215098155081544,true,true,172813350071661280000,170906618174687880000,1906731896973400000,true,true,302124245419.3967982609598744,298786114005.1622605756411104,3338131414.234537685318764,true,true,347207569588597800000,343409843548686080000,3797726039911720000,true,true,603383720766.6376952389641984,596694004973.439565575890356,6689715793.1981296630738424,true,true
9,0x11b815efb8f581194ae79006d24e0d814b7697f6,25464961,-201538,1440223119539794178,8,S9_P8,-203190:-199170,0xc36442b4a4522e871399cd717abdd847ab11fe88:-203190:-199170,0xc36442b4a4522e871399cd717abdd847ab11fe88,-203190,-199170,15336325105087858,0.0106485758331587,4020,1652,2368,1652,3815006245046.7308457711442786,0.000002648899461,142.9972920004954005,146.7836426451225307,1.511381771615772,1.5956504960892106,3.1070322677049826,1.5956504960892106,34283820421831856000,33918867384450000000,364953037381856000,true,true,60591041567.0681325575489184,59945153835.736856687356792,645887731.3312758701921264,true,true,172813350071661280000,170972399447269440000,1840950624391840000,true,true,302124245419.3967982609598744,298901263827.0854342826409504,3222981592.311363978318924,true,true,347207569588597800000,343540859637703480000,3666709950894320000,true,true,603383720766.6376952389641984,596924773812.1871742537816672,6458946954.4505209851825312,true,true
9,0x11b815efb8f581194ae79006d24e0d814b7697f6,25464961,-201538,1440223119539794178,9,S9_P9,-203070:-201050,0xc36442b4a4522e871399cd717abdd847ab11fe88:-203070:-201050,0xc36442b4a4522e871399cd717abdd847ab11fe88,-203070,-201050,14491882956695774,0.0100622485225251,2020,1532,488,488,7174199483512.7594059405940594,0.0000049813111498,142.9972920004954005,146.7836426451225307,1.427330162188851,1.4850415693480708,2.9123717315369218,1.4850415693480708,34283820421831856000,33938962499556892000,344857922274964000,true,true,60591041567.0681325575489184,59980717426.0622797315263776,610324141.0058528260225408,true,true,172813350071661280000,171073772726287840000,1739577345373440000,true,true,302124245419.3967982609598744,299078719401.3682625761723848,3045526018.0285356847874896,true,true,347207569588597800000,343742764755161480000,3464804833436320000,true,true,603383720766.6376952389641984,597280407405.5211656377916336,6103313361.1165296011725648,true,true
9,0x11b815efb8f581194ae79006d24e0d814b7697f6,25464961,-201538,1440223119539794178,10,S9_P10,-205670:-192890,0xc36442b4a4522e871399cd717abdd847ab11fe88:-205670:-192890,0xc36442b4a4522e871399cd717abdd847ab11fe88,-205670,-192890,13398742248352511,0.009303240634433,12780,4132,8648,4132,1048414886412.5595461658841941,0.0000007279531013,142.9972920004954005,146.7836426451225307,1.3186699170322995,1.3921353030429994,2.7108052200752989,1.3921353030429994,34283820421831856000,33964975973477808000,318844448354048000,true,true,60591041567.0681325575489184,60026755310.605377597580168,564286256.4627549599687504,true,true,172813350071661280000,171205000478686120000,1608349592975160000,true,true,302124245419.3967982609598744,299308439255.7725789729727992,2815806163.6242192879870752,true,true,347207569588597800000,344004131725218920000,3203437863378880000,true,true,603383720766.6376952389641984,597740780586.1947788483386776,5642940180.4429163906255208,true,true
9,0x11b815efb8f581194ae79006d24e0d814b7697f6,25464961,-201538,1440223119539794178,11,S9_P11,-205670:-196950,0xc36442b4a4522e871399cd717abdd847ab11fe88:-205670:-196950,0xc36442b4a4522e871399cd717abdd847ab11fe88,-205670,-196950,10887379047933520,0.007559508592955,8720,4132,4588,4132,1248552643111.6422018348623853,0.000000866916123,142.9972920004954005,146.7836426451225307,1.0696557768976668,1.1291861614913689,2.1988419383890357,1.1291861614913689,34283820421831856000,34024738526778456000,259081895053400000,true,true,60591041567.0681325575489184,60132520920.3712597331730288,458520646.6968728243758896,true,true,172813350071661280000,171506474666380600000,1306875405280680000,true,true,302124245419.3967982609598744,299836198206.129833303370588,2288047213.2669649575892864,true,true,347207569588597800000,344604583778784480000,2602985809813320000,true,true,603383720766.6376952389641984,598798438547.0416277159224304,4585282219.596067523041768,true,true
9,0x11b815efb8f581194ae79006d24e0d814b7697f6,25464961,-201538,1440223119539794178,12,S9_P12,-203210:-197150,0xc36442b4a4522e871399cd717abdd847ab11fe88:-203210:-197150,0xc36442b4a4522e871399cd717abdd847ab11fe88,-203210,-197150,10724049893069410,0.0074461031402524,6060,1672,4388,1672,1769645196876.1402640264026403,0.0000012287298911,142.9972920004954005,146.7836426451225307,1.0534906978912493,1.1121174710450967,2.165608168936346,1.1121174710450967,34283820421831856000,34028623917310920000,255196504520936000,true,true,60591041567.0681325575489184,60139399401.0804278723551552,451642165.9877046851937632,true,true,172813350071661280000,171526081181003240000,1287268890658040000,true,true,302124245419.3967982609598744,299870521745.9731613225962864,2253723673.423636938363588,true,true,347207569588597800000,344643634559124000000,2563935029473800000,true,true,603383720766.6376952389641984,598867224639.7718461601960536,4516496126.8658490787681448,true,true
9,0x11b815efb8f581194ae79006d24e0d814b7697f6,25464961,-201538,1440223119539794178,13,S9_P13,-202990:-200820,0xc36442b4a4522e871399cd717abdd847ab11fe88:-202990:-200820,0xc36442b4a4522e871399cd717abdd847ab11fe88,-202990,-200820,7679066244347052,0.0053318587517195,2170,1452,718,718,3538740204768.2267281105990783,0.0000024570777658,142.9972920004954005,146.7836426451225307,0.7527852620214548,0.7946250955457505,1.5474103575672053,0.7946250955457505,34283820421831856000,34101084642156244000,182735779675612000,true,true,60591041567.0681325575489184,60267638569.38183899860472,323402997.6862935589441984,true,true,172813350071661280000,171891602443068520000,921747628592760000,true,true,302124245419.3967982609598744,300510430414.750778151771504,1613815004.6460201091883704,true,true,347207569588597800000,345371657206543160000,1835912382054640000,true,true,603383720766.6376952389641984,600149625525.674251263119932,3234095240.9634439758442664,true,true
9,0x11b815efb8f581194ae79006d24e0d814b7697f6,25464961,-201538,1440223119539794178,14,S9_P14,-201940:-198000,0xc36442b4a4522e871399cd717abdd847ab11fe88:-201940:-198000,0xc36442b4a4522e871399cd717abdd847ab11fe88,-201940,-198000,6908418761684097,0.0047967697976489,3940,402,3538,402,1753405777077.1819796954314721,0.0000012174542634,142.9972920004954005,146.7836426451225307,0.6455598202745523,0.7144888142027963,1.3600486344773486,0.7144888142027963,34283820421831856000,34119424544017384000,164395877814472000,true,true,60591041567.0681325575489184,60300094583.3848895969993552,290946983.6832429605495632,true,true,172813350071661280000,171984109599940560000,829240471720720000,true,true,302124245419.3967982609598744,300672385195.3923614818665336,1451860224.0044367790933408,true,true,347207569588597800000,345555908227674840000,1651661360922960000,true,true,603383720766.6376952389641984,600474186901.3305753225194024,2909533865.307119916444796,true,true
9,0x11b815efb8f581194ae79006d24e0d814b7697f6,25464961,-201538,1440223119539794178,15,S9_P15,-202820:-197310,0xc36442b4a4522e871399cd717abdd847ab11fe88:-202820:-197310,0xc36442b4a4522e871399cd717abdd847ab11fe88,-202820,-197310,5765695218992012,0.0040033347199942,5510,1282,4228,1282,1046405665878.7680580762250454,0.0000007265580254,142.9972920004954005,146.7836426451225307,0.564474156031422,0.5958228740357349,1.1602970300671569,0.5958228740357349,34283820421831856000,34146616718962208000,137203702869648000,true,true,60591041567.0681325575489184,60348220025.9740688956378864,242821541.094063661911032,true,true,172813350071661280000,172121278489660920000,692071582000360000,true,true,302124245419.3967982609598744,300912534047.48726556322952,1211711371.9095326977303544,true,true,347207569588597800000,345829115452408800000,1378454136189000000,true,true,603383720766.6376952389641984,600955450401.4943878752380536,2428270365.1433073637261448,true,true
9,0x11b815efb8f581194ae79006d24e0d814b7697f6,25464961,-201538,1440223119539794178,16,S9_P16,-202880:-200860,0xc36442b4a4522e871399cd717abdd847ab11fe88:-202880:-200860,0xc36442b4a4522e871399cd717abdd847ab11fe88,-202880,-200860,5449074917990168,0.0037834935740591,2020,1342,678,678,2697561840589.1920792079207921,0.0000018730166208,142.9972920004954005,146.7836426451225307,0.53336050773818,0.562977441176236,1.096337948914416,0.562977441176236,34283820421831856000,34154151151216788000,129669270615068000,true,true,60591041567.0681325575489184,60361554467.3778648519449392,229487099.6902677056039792,true,true,172813350071661280000,172159284262806960000,654065808854320000,true,true,302124245419.3967982609598744,300979073624.476039962436756,1145171794.9207582985231184,true,true,347207569588597800000,345904814038379120000,1302755550218680000,true,true,603383720766.6376952389641984,601088796774.8373075481688456,2294923991.8003876907953528,true,true
9,0x11b815efb8f581194ae79006d24e0d814b7697f6,25464961,-201538,1440223119539794178,17,S9_P17,-203190:-197130,0xc36442b4a4522e871399cd717abdd847ab11fe88:-203190:-197130,0xc36442b4a4522e871399cd717abdd847ab11fe88,-203190,-197130,5247607549681962,0.0036436073539486,6060,1652,4408,1652,865941839881.5118811881188119,0.0000006012553389,142.9972920004954005,146.7836426451225307,0.5135697425532715,0.5420853548355902,1.0556550973888617,0.5420853548355902,34283820421831856000,34158944972543992000,124875449287864000,true,true,60591041567.0681325575489184,60370039162.6960453619962912,221002404.3720871955526272,true,true,172813350071661280000,172183467590576560000,629882481084720000,true,true,302124245419.3967982609598744,301021413151.9872415212438304,1102832267.409556739716044,true,true,347207569588597800000,345952981387410160000,1254588201187640000,true,true,603383720766.6376952389641984,601173645896.1005048636848176,2210074870.5371903752793808,true,true
9,0x11b815efb8f581194ae79006d24e0d814b7697f6,25464961,-201538,1440223119539794178,18,S9_P18,-204150:-201460,0xc36442b4a4522e871399cd717abdd847ab11fe88:-204150:-201460,0xc36442b4a4522e871399cd717abdd847ab11fe88,-204150,-201460,6472838118092166,0.004494330100853,2690,2612,78,78,2406259523454.3368029739776952,0.0000016707546843,142.9972920004954005,146.7836426451225307,0.6340125043859953,0.2537184010890311,0.8877309054750264,0.6340125043859953,34283820421831856000,34129788749805032000,154031672026824000,true,true,60591041567.0681325575489184,60318438662.564751202381832,272602904.5033813551670864,true,true,172813350071661280000,172036395431640760000,776954640020520000,true,true,302124245419.3967982609598744,301144387309.050313208099236,979858110.3464850528606384,true,true,347207569588597800000,345660048924982520000,1547520663615280000,true,true,603383720766.6376952389641984,601959423798.984093348552672,1424296967.6536018904115264,true,true
9,0x11b815efb8f581194ae79006d24e0d814b7697f6,25464961,-201538,1440223119539794178,19,S9_P19,-203300:-199920,0xc36442b4a4522e871399cd717abdd847ab11fe88:-203300:-199920,0xc36442b4a4522e871399cd717abdd847ab11fe88,-203300,-199920,3792946371544558,0.0026335824776626,3380,1762,1618,1618,1122173482705.4905325443786982,0.0000007791664135,142.9972920004954005,146.7836426451225307,0.3708359152060095,0.3914140739201834,0.7622499891261929,0.3914140739201834,34283820421831856000,34193562263442268000,90258158389588000,true,true,60591041567.0681325575489184,60431301936.9953157315887952,159739630.0728168259601232,true,true,172813350071661280000,172358077554485280000,455272517176000000,true,true,302124245419.3967982609598744,301327120231.5318464066079672,797125187.8649518543519072,true,true,347207569588597800000,346300763809780320000,906805778817480000,true,true,603383720766.6376952389641984,601786286058.9696396979931768,1597434707.6680555409710216,true,true
9,0x11b815efb8f581194ae79006d24e0d814b7697f6,25464961,-201538,1440223119539794178,20,S9_P20,-201620:-201090,0xc36442b4a4522e871399cd717abdd847ab11fe88:-201620:-201090,0xc36442b4a4522e871399cd717abdd847ab11fe88,-201620,-201090,5170330107078882,0.0035899507770234,530,82,448,82,9755339824677.1358490566037736,0.0000067734920321,142.9972920004954005,146.7836426451225307,0.2045112444275273,0.5195133536469192,0.7240245980744465,0.5195133536469192,34283820421831856000,34160784769691728000,123035652140128000,true,true,60591041567.0681325575489184,60373293951.9271002649300288,217747615.1410322926188896,true,true,172813350071661280000,172357257578302280000,456092493359000000,true,true,302124245419.3967982609598744,301037653647.0284194271237224,1086591772.368378833836152,true,true,347207569588597800000,346531980247198080000,675589341399720000,true,true,603383720766.6376952389641984,601206191789.5495893243040768,2177528977.0881059146601216,true,true
10,0x11b815efb8f581194ae79006d24e0d814b7697f6,25454961,-201585,1423946948405318012,1,S10_P1,-203180:-200820,0xc36442b4a4522e871399cd717abdd847ab11fe88:-203180:-200820,0xc36442b4a4522e871399cd717abdd847ab11fe88,-203180,-200820,1015513737925999911,0.7131682392123361,2360,1595,765,765,430302431324576.2334745762711864,0.0003021899318696,143.2706797061443383,147.7452410997298526,333.6652332079055975,387.084505236061546,720.7497384439671435,387.084505236061546,34074801357310152000,9819106760794186500,24255694596515965500,true,true,59783393581.7490234154917884,17147776047.2592251315819765,42635617534.4897982839098119,true,true,172150846666440080000,49579447726192940000,122571398940247140000,true,true,298516227946.8585704467881486,85724275359.8106462215866996,212791952587.047924225201449,true,true,346191134919841280000,100358421726320080000,245832713193521200000,true,true,596438956911.1662804765956145,170663187413.8106066223357992,425775769497.3556738542598153,true,true
10,0x11b815efb8f581194ae79006d24e0d814b7697f6,25454961,-201585,1423946948405318012,2,S10_P2,-203840:-193690,0xc36442b4a4522e871399cd717abdd847ab11fe88:-203840:-193690,0xc36442b4a4522e871399cd717abdd847ab11fe88,-203840,-193690,121974768461373800,0.0856596298043081,10150,2255,7895,2255,12017218567623.0344827586206897,0.0000084393723945,143.2706797061443383,147.7452410997298526,13.0297461732174025,13.9373932415171282,26.9671394147345307,13.9373932415171282,34074801357310152000,31165593152494728000,2909208204815424000,true,true,59783393581.7490234154917884,54662370219.1354645371274812,5121023362.6135588783643072,true,true,172150846666440080000,157452634460248080000,14698212206192000000,true,true,298516227946.8585704467881486,272941306976.8741410077912214,25574920969.9844294389969272,true,true,346191134919841280000,316984137069537760000,29206997850303520000,true,true,596438956911.1662804765956145,545173267644.5222857358236902,51265689266.6439947407719243,true,true
10,0x11b815efb8f581194ae79006d24e0d814b7697f6,25454961,-201585,1423946948405318012,3,S10_P3,-203520:-200040,0xc36442b4a4522e871399cd717abdd847ab11fe88:-203520:-200040,0xc36442b4a4522e871399cd717abdd847ab11fe88,-203520,-200040,43442553758780513,0.0305085479535821,3480,1935,1545,1545,12483492459419.6876436781609195,0.0000087668241246,143.2706797061443383,147.7452410997298526,4.3831734331893452,4.6786155650835379,9.0617889982728831,4.6786155650835379,34074801357310152000,33038726486521540000,1036074870788612000,true,true,59783393581.7490234154917884,57959489051.8480847140511164,1823904529.900938701440672,true,true,172150846666440080000,166919757050415120000,5231089616024960000,true,true,298516227946.8585704467881486,289404831826.4575437273442362,9111396120.4010267194439124,true,true,346191134919841280000,335792666245779600000,10398468674061680000,true,true,596438956911.1662804765956145,578177138364.9336990181887252,18261818546.2325814584068893,true,true
10,0x11b815efb8f581194ae79006d24e0d814b7697f6,25454961,-201585,1423946948405318012,4,S10_P4,-205010:-190760,0xc36442b4a4522e871399cd717abdd847ab11fe88:-205010:-190760,0xc36442b4a4522e871399cd717abdd847ab11fe88,-205010,-190760,30283666877182300,0.0212674123225567,14250,3425,10825,3425,2125169605416.3017543859649123,0.0000014924499875,143.2706797061443383,147.7452410997298526,3.0273489825606485,3.2303341011534678,6.2576830837141163,3.2303341011534678,34074801357310152000,33352565736133592000,722235621176560000,true,true,59783393581.7490234154917884,58511955500.4151221072296392,1271438081.3339013082621492,true,true,172150846666440080000,168504689287728120000,3646157378711960000,true,true,298516227946.8585704467881486,292164412294.7474618823951939,6351815652.1111085643929547,true,true,346191134919841280000,338942822552154440000,7248312367686840000,true,true,596438956911.1662804765956145,583708363377.6498885401370099,12730593533.5163919364586046,true,true
10,0x11b815efb8f581194ae79006d24e0d814b7697f6,25454961,-201585,1423946948405318012,5,S10_P5,-203530:-192890,0xc36442b4a4522e871399cd717abdd847ab11fe88:-203530:-192890,0xc36442b4a4522e871399cd717abdd847ab11fe88,-203530,-192890,17766195839534702,0.012476725947853,10640,1945,8695,1945,1669755248076.5697368421052632,0.0000011726246192,143.2706797061443383,147.7452410997298526,1.7605944116250822,1.8780613143312882,3.6386557259563704,1.8780613143312882,34074801357310152000,33651100192996188000,423701164313964000,true,true,59783393581.7490234154917884,59037492563.8023329135347388,745901017.9466905019570496,true,true,172150846666440080000,170012024065313880000,2138822601126200000,true,true,298516227946.8585704467881486,294789716322.2752924738573242,3726511624.5832779729308244,true,true,346191134919841280000,341939079291287840000,4252055628553440000,true,true,596438956911.1662804765956145,588970249338.4227184002184077,7468707572.7435620763772068,true,true
10,0x11b815efb8f581194ae79006d24e0d814b7697f6,25454961,-201585,1423946948405318012,6,S10_P6,-203470:-200620,0xc36442b4a4522e871399cd717abdd847ab11fe88:-203470:-200620,0xc36442b4a4522e871399cd717abdd847ab11fe88,-203470,-200620,15884280091646075,0.0111551066628114,2850,1885,965,965,5573431611103.8859649122807018,0.0000039140725133,143.2706797061443383,147.7452410997298526,1.5720472511528742,1.6768569151511382,3.2489041663040124,1.6768569151511382,34074801357310152000,33695981352699592000,378820004610560000,true,true,59783393581.7490234154917884,59116503449.6866160108601024,666890132.062407404631686,true,true,172150846666440080000,170238613071355720000,1912233595084360000,true,true,298516227946.8585704467881486,295184432563.0540189668910104,3331795383.8045514798971382,true,true,346191134919841280000,342389516913936920000,3801618005904360000,true,true,596438956911.1662804765956145,589761360721.3632805888458477,6677596189.8029998877497668,true,true
10,0x11b815efb8f581194ae79006d24e0d814b7697f6,25454961,-201585,1423946948405318012,7,S10_P7,-203190:-199170,0xc36442b4a4522e871399cd717abdd847ab11fe88:-203190:-199170,0xc36442b4a4522e871399cd717abdd847ab11fe88,-203190,-199170,15336325105087858,0.0107702924763195,4020,1605,2415,1605,3815006245046.7308457711442786,0.0000026791772329,143.2706797061443383,147.7452410997298526,1.5172406543511127,1.6183745951990257,3.1356152495501384,1.6183745951990257,34074801357310152000,33709049414906532000,365751942403620000,true,true,59783393581.7490234154917884,59139508947.6520500531392532,643884634.0969733623525352,true,true,172150846666440080000,170304587074501680000,1846259591938400000,true,true,298516227946.8585704467881486,295299362498.2336759046078265,3216865448.6248945421803221,true,true,346191134919841280000,342520668714884360000,3670466204956920000,true,true,596438956911.1662804765956145,589991708695.5843741558698784,6447248215.5819063207257361,true,true
10,0x11b815efb8f581194ae79006d24e0d814b7697f6,25454961,-201585,1423946948405318012,8,S10_P8,-203070:-201050,0xc36442b4a4522e871399cd717abdd847ab11fe88:-203070:-201050,0xc36442b4a4522e871399cd717abdd847ab11fe88,-203070,-201050,14491882956695774,0.0101772632561384,2020,1485,535,535,7174199483512.7594059405940594,0.0000050382491367,143.2706797061443383,147.7452410997298526,1.4328606757586965,1.5215678725066566,2.9544285482653531,1.5215678725066566,34074801357310152000,33729188906362040000,345612450948112000,true,true,59783393581.7490234154917884,59174962246.9269045621520644,608431334.822118853339724,true,true,172150846666440080000,170406257811240040000,1744588855200040000,true,true,298516227946.8585704467881486,295476479518.9056698605169994,3039748427.9529005862711492,true,true,346191134919841280000,342722783293237760000,3468351626603520000,true,true,596438956911.1662804765956145,590346694250.8367444459524437,6092262660.3295360306431708,true,true
10,0x11b815efb8f581194ae79006d24e0d814b7697f6,25454961,-201585,1423946948405318012,9,S10_P9,-205670:-192890,0xc36442b4a4522e871399cd717abdd847ab11fe88:-205670:-192890,0xc36442b4a4522e871399cd717abdd847ab11fe88,-205670,-192890,13398742248352511,0.0094095796640161,12780,4085,8695,4085,1048414886412.5595461658841941,0.0000007362738391,143.2706797061443383,147.7452410997298526,1.3237762689188727,1.4119477831746417,2.7357240520935144,1.4119477831746417,34074801357310152000,33755258718728376000,319542638581776000,true,true,59783393581.7490234154917884,59220856977.260524922467618,562536604.4884984930241704,true,true,172150846666440080000,170537869120100000000,1612977546340080000,true,true,298516227946.8585704467881486,295705761081.7080877479738465,2810466865.1504826988143021,true,true,346191134919841280000,342984420510115000000,3206714409726280000,true,true,596438956911.1662804765956145,590806228999.7381061521141763,5632727911.4281743244814382,true,true
10,0x11b815efb8f581194ae79006d24e0d814b7697f6,25454961,-201585,1423946948405318012,10,S10_P10,-205670:-196950,0xc36442b4a4522e871399cd717abdd847ab11fe88:-205670:-196950,0xc36442b4a4522e871399cd717abdd847ab11fe88,-205670,-196950,10887379047933520,0.0076459162050428,8720,4085,4635,4085,1248552643111.6422018348623853,0.0000008768252529,143.2706797061443383,147.7452410997298526,1.0737914626259307,1.1452424681111353,2.219033930737066,1.1452424681111353,34074801357310152000,33815152487188120000,259648870122032000,true,true,59783393581.7490234154917884,59326294763.9735376348203316,457098817.7754857806714568,true,true,172150846666440080000,170840221560356760000,1310625106083320000,true,true,298516227946.8585704467881486,296232515229.655849830086292,2283712717.2027206167018566,true,true,346191134919841280000,343585492080900960000,2605642838940320000,true,true,596438956911.1662804765956145,591861964038.8238523584161016,4576992872.3424281181795129,true,true
10,0x11b815efb8f581194ae79006d24e0d814b7697f6,25454961,-201585,1423946948405318012,11,S10_P11,-203210:-197150,0xc36442b4a4522e871399cd717abdd847ab11fe88:-203210:-197150,0xc36442b4a4522e871399cd717abdd847ab11fe88,-203210,-197150,10724049893069410,0.0075312144915787,6060,1625,4435,1625,1769645196876.1402640264026403,0.0000012427746686,143.2706797061443383,147.7452410997298526,1.0575634680111647,1.1279301654477148,2.1854936334588795,1.1279301654477148,34074801357310152000,33819047461227856000,255753896082296000,true,true,59783393581.7490234154917884,59333152021.6547892053066292,450241560.0942342101851592,true,true,172150846666440080000,170859884982040840000,1290961684399240000,true,true,298516227946.8585704467881486,296266773523.8070640296585077,2249454423.0515064171296409,true,true,346191134919841280000,343624582972472400000,2566551947368880000,true,true,596438956911.1662804765956145,591930625291.4135753168043102,4508331619.7527051597913043,true,true
10,0x11b815efb8f581194ae79006d24e0d814b7697f6,25454961,-201585,1423946948405318012,12,S10_P12,-203510:-200520,0xc36442b4a4522e871399cd717abdd847ab11fe88:-203510:-200520,0xc36442b4a4522e871399cd717abdd847ab11fe88,-203510,-200520,10142412299056612,0.0071227459073634,2990,1925,1065,1065,3392111136808.231438127090301,0.0000023821892667,143.2706797061443383,147.7452410997298526,0.9998030485236607,1.0663115276707135,2.0661145761943742,1.0663115276707135,34074801357310152000,33832919016762332000,241882340547820000,true,true,59783393581.7490234154917884,59357571659.7890824011393748,425821921.9599410143524136,true,true,172150846666440080000,170929908703133160000,1220937963306920000,true,true,298516227946.8585704467881486,296388772508.4642280626744309,2127455438.3943423841137177,true,true,346191134919841280000,343763790612561720000,2427344307279560000,true,true,596438956911.1662804765956145,592175137608.6772965362791557,4263819302.4889839403164588,true,true
10,0x11b815efb8f581194ae79006d24e0d814b7697f6,25454961,-201585,1423946948405318012,13,S10_P13,-202990:-200820,0xc36442b4a4522e871399cd717abdd847ab11fe88:-202990:-200820,0xc36442b4a4522e871399cd717abdd847ab11fe88,-202990,-200820,7679066244347052,0.0053928036103781,2170,1405,765,765,3538740204768.2267281105990783,0.0000024851629541,143.2706797061443383,147.7452410997298526,0.7556900485912817,0.8059116525962684,1.5616017011875501,0.8059116525962684,34074801357310152000,33891666543873860000,183134813436292000,true,true,59783393581.7490234154917884,59460993481.0057919748075004,322400100.743231440684288,true,true,172150846666440080000,171226464097577800000,924382568862280000,true,true,298516227946.8585704467881486,296905466667.3499310432364807,1610761279.5086394035516679,true,true,346191134919841280000,344353353285282360000,1837781634558920000,true,true,596438956911.1662804765956145,593210700471.7977822424608522,3228256439.3684982341347623,true,true
10,0x11b815efb8f581194ae79006d24e0d814b7697f6,25454961,-201585,1423946948405318012,14,S10_P14,-201940:-198000,0xc36442b4a4522e871399cd717abdd847ab11fe88:-201940:-198000,0xc36442b4a4522e871399cd717abdd847ab11fe88,-201940,-198000,6908418761684097,0.0048515984176383,3940,355,3585,355,1753405777077.1819796954314721,0.0000012313701568,143.2706797061443383,147.7452410997298526,0.629330052657318,0.7246344735413057,1.3539645261986237,0.7246344735413057,34074801357310152000,33910045663429412000,164755693880740000,true,true,59783393581.7490234154917884,59493348564.0488090239268212,290045017.7002143915649672,true,true,172150846666440080000,171319237656748240000,831609009691840000,true,true,298516227946.8585704467881486,297067113849.7711635555566778,1449114097.0874068912314708,true,true,346191134919841280000,344537792854799560000,1653342065041720000,true,true,596438956911.1662804765956145,593534673982.3661776427254557,2904282928.8001028338701588,true,true
10,0x11b815efb8f581194ae79006d24e0d814b7697f6,25454961,-201585,1423946948405318012,15,S10_P15,-202820:-197310,0xc36442b4a4522e871399cd717abdd847ab11fe88:-202820:-197310,0xc36442b4a4522e871399cd717abdd847ab11fe88,-202820,-197310,5765695218992012,0.0040490941221153,5510,1235,4275,1235,1046405665878.7680580762250454,0.0000007348628171,143.2706797061443383,147.7452410997298526,0.5666497395170825,0.60428016573373,1.1709299052508125,0.60428016573373,34074801357310152000,33937297792826636000,137503564483516000,true,true,59783393581.7490234154917884,59541324994.197658092764092,242068587.5513653227276964,true,true,172150846666440080000,171456800897495440000,694045768944640000,true,true,298516227946.8585704467881486,297306807704.8140064136276031,1209420242.0445640331605455,true,true,346191134919841280000,344811279405152160000,1379855514689120000,true,true,596438956911.1662804765956145,594015066877.1537923610531451,2423890034.0124881155424694,true,true
10,0x11b815efb8f581194ae79006d24e0d814b7697f6,25454961,-201585,1423946948405318012,16,S10_P16,-202880:-200860,0xc36442b4a4522e871399cd717abdd847ab11fe88:-202880:-200860,0xc36442b4a4522e871399cd717abdd847ab11fe88,-202880,-200860,5449074917990168,0.0038267401212472,2020,1295,725,725,2697561840589.1920792079207921,0.0000018944258026,143.2706797061443383,147.7452410997298526,0.5354157626488545,0.5709676456513407,1.1063834083001952,0.5709676456513407,34074801357310152000,33944849134481152000,129952222829000000,true,true,59783393581.7490234154917884,59554618070.9458768354649352,228775510.8031465800268532,true,true,172150846666440080000,171494915876804720000,655930789635360000,true,true,298516227946.8585704467881486,297373221156.9826607674963614,1143006789.8759096792917872,true,true,346191134919841280000,344887055289024800000,1304079630816480000,true,true,596438956911.1662804765956145,594148172130.7129739893489854,2290784780.4533064872466291,true,true
10,0x11b815efb8f581194ae79006d24e0d814b7697f6,25454961,-201585,1423946948405318012,17,S10_P17,-203190:-197130,0xc36442b4a4522e871399cd717abdd847ab11fe88:-203190:-197130,0xc36442b4a4522e871399cd717abdd847ab11fe88,-203190,-197130,5247607549681962,0.0036852549566954,6060,1605,4455,1605,865941839881.5118811881188119,0.0000006081278806,143.2706797061443383,147.7452410997298526,0.515548489757294,0.5497784811725069,1.0653269709298009,0.5497784811725069,34074801357310152000,33949654463269056000,125146894041096000,true,true,59783393581.7490234154917884,59563076534.2236953434440464,220317047.525328072047742,true,true,172150846666440080000,171519168474633840000,631678191806240000,true,true,298516227946.8585704467881486,297415480683.0303129431576823,1100747263.8282575036304663,true,true,346191134919841280000,344935271763555320000,1255863156285960000,true,true,596438956911.1662804765956145,594232868086.9730915048165742,2206088824.1931889717790403,true,true
10,0x11b815efb8f581194ae79006d24e0d814b7697f6,25454961,-201585,1423946948405318012,18,S10_P18,-204150:-201460,0xc36442b4a4522e871399cd717abdd847ab11fe88:-204150:-201460,0xc36442b4a4522e871399cd717abdd847ab11fe88,-204150,-201460,6472838118092166,0.0045457017379342,2690,2565,125,125,2406259523454.3368029739776952,0.0000016898519472,143.2706797061443383,147.7452410997298526,0.6364571240807465,0.3656201299245636,1.0020772540053101,0.6364571240807465,34074801357310152000,33920434396177616000,154366961132536000,true,true,59783393581.7490234154917884,59511636105.6485154932929072,271757476.1005079221988812,true,true,172150846666440080000,171371674085254720000,779172581185360000,true,true,298516227946.8585704467881486,297390010895.0041966111107852,1126217051.8543738356773634,true,true,346191134919841280000,344642040220743440000,1549094699097840000,true,true,596438956911.1662804765956145,594516468435.2286710583859179,1922488475.9376094182096966,true,true
10,0x11b815efb8f581194ae79006d24e0d814b7697f6,25454961,-201585,1423946948405318012,19,S10_P19,-203300:-199920,0xc36442b4a4522e871399cd717abdd847ab11fe88:-203300:-199920,0xc36442b4a4522e871399cd717abdd847ab11fe88,-203300,-199920,3792946371544558,0.0026636851715524,3380,1715,1665,1665,1122173482705.4905325443786982,0.000000788072536,143.2706797061443383,147.7452410997298526,0.3722634753975155,0.3969661307890018,0.7692296061865173,0.3969661307890018,34074801357310152000,33984345642380436000,90455714929716000,true,true,59783393581.7490234154917884,59624149442.763607438651492,159244138.9854159768402964,true,true,172150846666440080000,171694278077552440000,456568588887640000,true,true,298516227946.8585704467881486,297720609151.4031251982854418,795618795.4554452485027068,true,true,346191134919841280000,345283408543347400000,907726376493880000,true,true,596438956911.1662804765956145,594844401616.9964763717304113,1594555294.1698041048652032,true,true
10,0x11b815efb8f581194ae79006d24e0d814b7697f6,25454961,-201585,1423946948405318012,20,S10_P20,-203050:-201420,0xc36442b4a4522e871399cd717abdd847ab11fe88:-203050:-201420,0xc36442b4a4522e871399cd717abdd847ab11fe88,-203050,-201420,3321959140789274,0.0023329233891119,1630,1465,165,165,2038011742815.505521472392638,0.000001431241343,143.2706797061443383,147.7452410997298526,0.3259323460556102,0.2270845056772626,0.5530168517328728,0.3259323460556102,34074801357310152000,33995577524651584000,79223832658568000,true,true,59783393581.7490234154917884,59643923504.5850422977708848,139470077.1639811177209036,true,true,172150846666440080000,171750973897377120000,399872769062960000,true,true,298516227946.8585704467881486,297888920421.9738410446655406,627307524.884729402122608,true,true,346191134919841280000,345396126631996360000,795008287844920000,true,true,596438956911.1662804765956145,595281660248.2109162283910905,1157296662.955364248204524,true,true
11,0x11b815efb8f581194ae79006d24e0d814b7697f6,25444961,-202142,1410684888786745791,1,S11_P1,-203180:-200820,0xc36442b4a4522e871399cd717abdd847ab11fe88:-203180:-200820,0xc36442b4a4522e871399cd717abdd847ab11fe88,-203180,-200820,1015513737925999911,0.7198728404891249,2360,1038,1322,1038,430302431324576.2334745762711864,0.000305030864614,141.4324959058406503,143.9268836781698807,434.409377591734979,374.8033553383779357,809.2127329301129147,434.409377591734979,34628301403780184000,9697523733701431500,24930777670078752500,true,true,57737252733.919253641085696,16258542859.9434358753694,41478709873.975817765716296,true,true,174521346808075720000,48672087614671744000,125849259193403976000,true,true,289235991865.2932732464733945,82005273361.894767780258224,207230718503.3985054662151705,true,true,350562788799761960000,97866810587003770000,252695978212758190000,true,true,578681539592.186688030264846,164131400083.2478822916696308,414550139508.9388057385952152,true,true
11,0x11b815efb8f581194ae79006d24e0d814b7697f6,25444961,-202142,1410684888786745791,2,S11_P2,-203840:-193690,0xc36442b4a4522e871399cd717abdd847ab11fe88:-203840:-193690,0xc36442b4a4522e871399cd717abdd847ab11fe88,-203840,-193690,121974768461373800,0.0864649287951739,10150,1698,8452,1698,12017218567623.0344827586206897,0.0000085187121966,141.4324959058406503,143.9268836781698807,13.041259017266762,13.5684418573198605,26.6097008745866225,13.5684418573198605,34628301403780184000,31636534676399956000,2991766727380228000,true,true,57737252733.919253641085696,52762981910.245512786436256,4974270823.67374085464944,true,true,174521346808075720000,159441702099113480000,15079644708962240000,true,true,289235991865.2932732464733945,264333559825.482538900553814,24902432039.8107343459195805,true,true,350562788799761960000,320573995297368000000,29988793502393960000,true,true,578681539592.186688030264846,528852353538.5578507626121225,49829186053.6288372676527235,true,true
11,0x11b815efb8f581194ae79006d24e0d814b7697f6,25444961,-202142,1410684888786745791,3,S11_P3,-203520:-200040,0xc36442b4a4522e871399cd717abdd847ab11fe88:-203520:-200040,0xc36442b4a4522e871399cd717abdd847ab11fe88,-203520,-200040,43442553758780513,0.0307953633756885,3480,1378,2102,1378,12483492459419.6876436781609195,0.0000088492423493,141.4324959058406503,143.9268836781698807,4.3847133967955357,4.5550026279014609,8.9397160246969966,4.5550026279014609,34628301403780184000,33562782488453424000,1065518915326760000,true,true,57737252733.919253641085696,55965525844.577816226551408,1771726889.341437414534288,true,true,174521346808075720000,169153764806999560000,5367582001076160000,true,true,289235991865.2932732464733945,280366328799.969258096396328,8869663065.3240151500770665,true,true,350562788799761960000,339884439831139560000,10678348968622400000,true,true,578681539592.186688030264846,560934586505.8249379570086075,17746953086.3617500732562385,true,true
11,0x11b815efb8f581194ae79006d24e0d814b7697f6,25444961,-202142,1410684888786745791,4,S11_P4,-205010:-190760,0xc36442b4a4522e871399cd717abdd847ab11fe88:-205010:-190760,0xc36442b4a4522e871399cd717abdd847ab11fe88,-205010,-190760,30283666877182300,0.0214673504465109,14250,2868,11382,2868,2125169605416.3017543859649123,0.0000015064807331,141.4324959058406503,143.9268836781698807,3.0281600480378627,3.1450107683258468,6.1731708163637095,3.1450107683258468,34628301403780184000,33885534575377880000,742766828402304000,true,true,57737252733.919253641085696,56502175454.584956431465264,1235077279.334297209620432,true,true,174521346808075720000,170779964352894760000,3741382455180960000,true,true,289235991865.2932732464733945,283052937998.7863003948544465,6183053866.506972851618948,true,true,350562788799761960000,343119203376460320000,7443585423301640000,true,true,578681539592.186688030264846,566310228262.8246468333791715,12371311329.3620411968856745,true,true
11,0x11b815efb8f581194ae79006d24e0d814b7697f6,25444961,-202142,1410684888786745791,5,S11_P5,-203530:-192890,0xc36442b4a4522e871399cd717abdd847ab11fe88:-203530:-192890,0xc36442b4a4522e871399cd717abdd847ab11fe88,-203530,-192890,17766195839534702,0.0125940215144818,10640,1388,9252,1388,1669755248076.5697368421052632,0.0000011836486386,141.4324959058406503,143.9268836781698807,1.7609289091358177,1.8284702613173662,3.5893991704531839,1.8284702613173662,34628301403780184000,34192552470218900000,435748933561284000,true,true,57737252733.919253641085696,57012676553.463422784822152,724576180.455830856263544,true,true,174521346808075720000,172326616432270440000,2194730375805280000,true,true,289235991865.2932732464733945,285608624447.5064346143920045,3627367417.78683863208139,true,true,350562788799761960000,346196079549378280000,4366709250383680000,true,true,578681539592.186688030264846,571423814317.491265106053699,7257725274.695422924211147,true,true
11,0x11b815efb8f581194ae79006d24e0d814b7697f6,25444961,-202142,1410684888786745791,6,S11_P6,-203470:-200620,0xc36442b4a4522e871399cd717abdd847ab11fe88:-203470:-200620,0xc36442b4a4522e871399cd717abdd847ab11fe88,-203470,-200620,15884280091646075,0.0112599774888829,2850,1328,1522,1328,5573431611103.8859649122807018,0.0000039508692943,141.4324959058406503,143.9268836781698807,1.5723276622530217,1.6325807055802738,3.2049083678332955,1.6325807055802738,34628301403780184000,34238710355228876000,389591048551308000,true,true,57737252733.919253641085696,57089427971.264749552728104,647824762.654504088357592,true,true,174521346808075720000,172559121889821800000,1962224918253920000,true,true,289235991865.2932732464733945,285992857190.567740070011669,3243134674.7255331764617255,true,true,350562788799761960000,346658649371327320000,3904139428434640000,true,true,578681539592.186688030264846,572192604564.862905081276604,6488935027.323782948988242,true,true
11,0x11b815efb8f581194ae79006d24e0d814b7697f6,25444961,-202142,1410684888786745791,7,S11_P7,-203190:-199170,0xc36442b4a4522e871399cd717abdd847ab11fe88:-203190:-199170,0xc36442b4a4522e871399cd717abdd847ab11fe88,-203190,-199170,15336325105087858,0.0108715456066718,4020,1048,2972,1048,3815006245046.7308457711442786,0.0000027043645788,141.4324959058406503,143.9268836781698807,1.5175061499590475,1.575643090559475,3.0931492405185225,1.575643090559475,34628301403780184000,34252149362382508000,376152041397676000,true,true,57737252733.919253641085696,57111776462.857665983665904,625476271.061587657419792,true,true,174521346808075720000,172626819136165280000,1894527671910440000,true,true,289235991865.2932732464733945,286104734051.466673330223135,3131257813.8265999162502595,true,true,350562788799761960000,346793334446611080000,3769454353150880000,true,true,578681539592.186688030264846,572416452219.355623243376647,6265087372.831064786888199,true,true
11,0x11b815efb8f581194ae79006d24e0d814b7697f6,25444961,-202142,1410684888786745791,8,S11_P8,-203070:-201050,0xc36442b4a4522e871399cd717abdd847ab11fe88:-203070:-201050,0xc36442b4a4522e871399cd717abdd847ab11fe88,-203070,-201050,14491882956695774,0.0102729412300996,2020,928,1092,928,7174199483512.7594059405940594,0.0000050856144703,141.4324959058406503,143.9268836781698807,1.4331039840254395,1.4879852954358973,2.9210892794613368,1.4879852954358973,34628301403780184000,34272861431989148000,355439971791036000,true,true,57737252733.919253641085696,57146214108.43458301284584,591038625.484670628239856,true,true,174521346808075720000,172731145030074920000,1790201778000800000,true,true,289235991865.2932732464733945,286277144443.4784844241652615,2958847421.814788822308133,true,true,350562788799761960000,347000894112922280000,3561894686839680000,true,true,578681539592.186688030264846,572761418686.1207440602849035,5920120906.0659439699799425,true,true
11,0x11b815efb8f581194ae79006d24e0d814b7697f6,25444961,-202142,1410684888786745791,9,S11_P9,-205670:-192890,0xc36442b4a4522e871399cd717abdd847ab11fe88:-205670:-192890,0xc36442b4a4522e871399cd717abdd847ab11fe88,-205670,-192890,13398742248352511,0.0094980405297146,12780,3528,9252,3528,1048414886412.5595461658841941,0.0000007431956596,141.4324959058406503,143.9268836781698807,1.3239921672253607,1.3746684454153902,2.6986606126407509,1.3746684454153902,34628301403780184000,34299672933298712000,328628470481472000,true,true,57737252733.919253641085696,57190798210.671536210400896,546454523.2477174306848,true,true,174521346808075720000,172866194135837080000,1655152672238640000,true,true,289235991865.2932732464733945,286500332954.412984822556287,2735658910.8802884239171075,true,true,350562788799761960000,347269581153983200000,3293207645778760000,true,true,578681539592.186688030264846,573207982312.746449408976164,5473557279.440238621288682,true,true
11,0x11b815efb8f581194ae79006d24e0d814b7697f6,25444961,-202142,1410684888786745791,10,S11_P10,-205670:-196950,0xc36442b4a4522e871399cd717abdd847ab11fe88:-205670:-196950,0xc36442b4a4522e871399cd717abdd847ab11fe88,-205670,-196950,10887379047933520,0.0077177966067937,8720,3528,5192,3528,1248552643111.6422018348623853,0.0000008850684182,141.4324959058406503,143.9268836781698807,1.073950070467786,1.1150066349009803,2.1889567053687663,1.1150066349009803,34628301403780184000,34361268918846940000,267032484933244000,true,true,57737252733.919253641085696,57293220148.3402653908726,444032585.578988250213096,true,true,174521346808075720000,173176446288257400000,1344900519818320000,true,true,289235991865.2932732464733945,287013082751.117616795305315,2222909114.1756564511680795,true,true,350562788799761960000,347886852770513720000,2675936029248240000,true,true,578681539592.186688030264846,574233908922.583263838292844,4447630669.603424191972002,true,true
11,0x11b815efb8f581194ae79006d24e0d814b7697f6,25444961,-202142,1410684888786745791,11,S11_P11,-203210:-197150,0xc36442b4a4522e871399cd717abdd847ab11fe88:-203210:-197150,0xc36442b4a4522e871399cd717abdd847ab11fe88,-203210,-197150,10724049893069410,0.0076020165653668,6060,1068,4992,1068,1769645196876.1402640264026403,0.0000012544581791,141.4324959058406503,143.9268836781698807,1.0577186315297432,1.0981515631373422,2.1558701946670854,1.0981515631373422,34628301403780184000,34365274493360208000,263026910419976000,true,true,57737252733.919253641085696,57299880607.426897446951512,437372126.492356194134184,true,true,174521346808075720000,173196623592118840000,1324723215956880000,true,true,289235991865.2932732464733945,287046429613.361548897583433,2189562251.9317243488899615,true,true,350562788799761960000,347926997468471240000,2635791331290720000,true,true,578681539592.186688030264846,574300630826.667230352338463,4380908765.519457677926383,true,true
11,0x11b815efb8f581194ae79006d24e0d814b7697f6,25444961,-202142,1410684888786745791,12,S11_P12,-203510:-200520,0xc36442b4a4522e871399cd717abdd847ab11fe88:-203510:-200520,0xc36442b4a4522e871399cd717abdd847ab11fe88,-203510,-200520,10142412299056612,0.0071897079069016,2990,1368,1622,1368,3392111136808.231438127090301,0.0000024045845842,141.4324959058406503,143.9268836781698807,0.999946191255647,1.0381600894304943,2.0381062806861413,1.0381600894304943,34628301403780184000,34379540843416532000,248760560363652000,true,true,57737252733.919253641085696,57323601897.741647428237712,413650836.177606212847984,true,true,174521346808075720000,173268477024583400000,1252869783492320000,true,true,289235991865.2932732464733945,287165183749.2083554293527945,2070808116.0849178171206,true,true,350562788799761960000,348069957739250520000,2492831060511440000,true,true,578681539592.186688030264846,574538237675.7108834646134325,4143301916.4758045656514135,true,true
11,0x11b815efb8f581194ae79006d24e0d814b7697f6,25444961,-202142,1410684888786745791,13,S11_P13,-204150:-201460,0xc36442b4a4522e871399cd717abdd847ab11fe88:-204150:-201460,0xc36442b4a4522e871399cd717abdd847ab11fe88,-204150,-201460,6472838118092166,0.0045884365598182,2690,2008,682,682,2406259523454.3368029739776952,0.0000017057384981,141.4324959058406503,143.9268836781698807,0.6365340467636402,0.6608173881108246,1.2973514348744648,0.6608173881108246,34628301403780184000,34469543756521444000,158757647258740000,true,true,57737252733.919253641085696,57473262304.813751020793792,263990429.105502620291904,true,true,174521346808075720000,173721790883739760000,799555924335960000,true,true,289235991865.2932732464733945,287914410176.0418550416876055,1321581689.251418204785789,true,true,350562788799761960000,348971890573608240000,1590898226153720000,true,true,578681539592.186688030264846,576037306777.7797418484946315,2644232814.4069461817702145,true,true
11,0x11b815efb8f581194ae79006d24e0d814b7697f6,25444961,-202142,1410684888786745791,14,S11_P14,-202820:-197310,0xc36442b4a4522e871399cd717abdd847ab11fe88:-202820:-197310,0xc36442b4a4522e871399cd717abdd847ab11fe88,-202820,-197310,5765695218992012,0.0040871602615314,5510,678,4832,678,1046405665878.7680580762250454,0.0000007417713723,141.4324959058406503,143.9268836781698807,0.5667157715949685,0.5883283085315838,1.1550440801265523,0.5883283085315838,34628301403780184000,34486887368947488000,141414034832696000,true,true,57737252733.919253641085696,57502103062.45963762438568,235149671.459616016700016,true,true,174521346808075720000,173809143791960920000,712203016114800000,true,true,289235991865.2932732464733945,288058789779.040360175190744,1177202086.2529130712826505,true,true,350562788799761960000,349145695006489480000,1417093793272480000,true,true,578681539592.186688030264846,576326183698.205637432826497,2355355893.981050597438349,true,true
11,0x11b815efb8f581194ae79006d24e0d814b7697f6,25444961,-202142,1410684888786745791,15,S11_P15,-202870:-201590,0xc36442b4a4522e871399cd717abdd847ab11fe88:-202870:-201590,0xc36442b4a4522e871399cd717abdd847ab11fe88,-202870,-201590,5765790870463532,0.0040872280665191,1280,728,552,552,4504524117549.634375,0.000003193146927,141.4324959058406503,143.9268836781698807,0.5667252154422035,0.5880063178355406,1.1547315332777441,0.5880063178355406,34628301403780184000,34486885085269196000,141416318510988000,true,true,57737252733.919253641085696,57502099475.734142781758312,235153258.185110859327384,true,true,174521346808075720000,173809131927486600000,712214880589120000,true,true,289235991865.2932732464733945,288058770140.2180590161163215,1177221725.075214230357073,true,true,350562788799761960000,349145671470777520000,1417117328984440000,true,true,578681539592.186688030264846,576326144530.549644073294273,2355395061.637043956970573,true,true
11,0x11b815efb8f581194ae79006d24e0d814b7697f6,25444961,-202142,1410684888786745791,16,S11_P16,-203190:-197130,0xc36442b4a4522e871399cd717abdd847ab11fe88:-203190:-197130,0xc36442b4a4522e871399cd717abdd847ab11fe88,-203190,-197130,5247607549681962,0.0037199005897023,6060,1048,5012,1048,865941839881.5118811881188119,0.0000006138449818,141.4324959058406503,143.9268836781698807,0.5156069663519775,0.535265553137491,1.0508725194894685,0.535265553137491,34628301403780184000,34499594519817572000,128706883962612000,true,true,57737252733.919253641085696,57523232664.393529299231176,214020069.52572434185452,true,true,174521346808075720000,173873142365360560000,648204442715160000,true,true,289235991865.2932732464733945,288164569321.212063019764833,1071422544.0812102267085615,true,true,350562788799761960000,349273032335976280000,1289756463785680000,true,true,578681539592.186688030264846,576537829054.5904257210496465,2143710537.5962623092151995,true,true
11,0x11b815efb8f581194ae79006d24e0d814b7697f6,25444961,-202142,1410684888786745791,17,S11_P17,-203930:-201920,0xc36442b4a4522e871399cd717abdd847ab11fe88:-203930:-201920,0xc36442b4a4522e871399cd717abdd847ab11fe88,-203930,-201920,5634422710017571,0.0039941043919904,2010,1788,222,222,2803195378118.1945273631840796,0.0000019871166129,141.4324959058406503,143.9268836781698807,0.55376239655977,0.4534641115001886,1.0072265080599586,0.55376239655977,34628301403780184000,34490107599219756000,138193804560428000,true,true,57737252733.919253641085696,57507457254.061265020773008,229795479.857988620312688,true,true,174521346808075720000,173825359801421040000,695987006654680000,true,true,289235991865.2932732464733945,288117404474.283714086433515,1118587391.0095591600398795,true,true,350562788799761960000,349177959645093440000,1384829154668520000,true,true,578681539592.186688030264846,576487089065.786424142478277,2194450526.400263887786569,true,true
11,0x11b815efb8f581194ae79006d24e0d814b7697f6,25444961,-202142,1410684888786745791,18,S11_P18,-202920:-201590,0xc36442b4a4522e871399cd717abdd847ab11fe88:-202920:-201590,0xc36442b4a4522e871399cd717abdd847ab11fe88,-202920,-201590,3953978711217748,0.0028028787595636,1330,778,552,552,2972916324223.8706766917293233,0.0000021074276388,141.4324959058406503,143.9268836781698807,0.3881521107008372,0.4027313444722929,0.7908834551731301,0.4027313444722929,34628301403780184000,34531323506921440000,96977896858744000,true,true,57737252733.919253641085696,57575992314.378932364520376,161260419.54032127656532,true,true,174521346808075720000,174032940626801360000,488406181274360000,true,true,289235991865.2932732464733945,288428693500.650088704070784,807298364.6431845424026105,true,true,350562788799761960000,349590983472316280000,971805327445680000,true,true,578681539592.186688030264846,577066292308.0475347492012835,1615247284.1391532810635625,true,true
11,0x11b815efb8f581194ae79006d24e0d814b7697f6,25444961,-202142,1410684888786745791,19,S11_P19,-203300:-199920,0xc36442b4a4522e871399cd717abdd847ab11fe88:-203300:-199920,0xc36442b4a4522e871399cd717abdd847ab11fe88,-203300,-199920,3792946371544558,0.0026887268742254,3380,1158,2222,1158,1122173482705.4905325443786982,0.0000007954813237,141.4324959058406503,143.9268836781698807,0.3723024413182505,0.3864874510646409,0.7587898923828914,0.3864874510646409,34628301403780184000,34535272828628108000,93028575152076000,true,true,57737252733.919253641085696,57582560320.584274515096656,154692413.33497912598904,true,true,174521346808075720000,174052832065782480000,468514742293240000,true,true,289235991865.2932732464733945,288461572149.108986696749902,774419716.1842865497234925,true,true,350562788799761960000,349630562086087360000,932226713674600000,true,true,578681539592.186688030264846,577132076087.5434426917057375,1549463504.6432453385591085,true,true
11,0x11b815efb8f581194ae79006d24e0d814b7697f6,25444961,-202142,1410684888786745791,20,S11_P20,-203050:-201420,0xc36442b4a4522e871399cd717abdd847ab11fe88:-203050:-201420,0xc36442b4a4522e871399cd717abdd847ab11fe88,-203050,-201420,3321959140789274,0.0023548555508001,1630,908,722,722,2038011742815.505521472392638,0.0000014446966569,141.4324959058406503,143.9268836781698807,0.325965511337254,0.3383822938198828,0.6643478051571368,0.3383822938198828,34628301403780184000,34546824213795236000,81477189984948000,true,true,57737252733.919253641085696,57601768959.44380850465852,135483774.475445136427176,true,true,174521346808075720000,174111010961070480000,410335847005240000,true,true,289235991865.2932732464733945,288557735210.672742996663905,678256654.6205302498094895,true,true,350562788799761960000,349746321845721320000,816466954040640000,true,true,578681539592.186688030264846,577324480079.037852987071151,1357059513.148835043193695,true,true
12,0x11b815efb8f581194ae79006d24e0d814b7697f6,25434961,-202647,1398690837259741390,1,S12_P1,-203180:-200820,0xc36442b4a4522e871399cd717abdd847ab11fe88:-203180:-200820,0xc36442b4a4522e871399cd717abdd847ab11fe88,-203180,-200820,1015513737925999911,0.7260458929691378,2360,533,1827,533,430302431324576.2334745762711864,0.0003076465648174,140.5609743635722,142.2022675090262787,928.4510794279287485,370.8346337274047232,1299.2857131553334717,928.4510794279287485,35212993422155552000,9643853868693070500,25569139553462481500,true,true,55686614089.985298508215528,15255843754.2290396097922998,40430770335.7562588984232282,true,true,177340720172285240000,48438088895353560000,128902631276931680000,true,true,278392901356.7966973933706323,76244517201.3710278217837328,202148384155.4256695715868995,true,true,355957893238879560000,97270372009676005000,258687521229203555000,true,true,556736725916.445275475436515,152421907343.894390099134458,404314818572.550885376302057,true,true
12,0x11b815efb8f581194ae79006d24e0d814b7697f6,25434961,-202647,1398690837259741390,2,S12_P2,-203840:-193690,0xc36442b4a4522e871399cd717abdd847ab11fe88:-203840:-193690,0xc36442b4a4522e871399cd717abdd847ab11fe88,-203840,-193690,121974768461373800,0.0872063827202456,10150,1193,8957,1193,12017218567623.0344827586206897,0.0000085917618444,140.5609743635722,142.2022675090262787,22.2626379540758758,13.5590600980156286,35.8216980520915044,22.2626379540758758,35212993422155552000,32145434463372196000,3067558958783356000,true,true,55686614089.985298508215528,50830431046.33250183887332,4856183043.652796669342208,true,true,177340720172285240000,161850804289360400000,15489915882924840000,true,true,278392901356.7966973933706323,254114746875.8162483925508167,24278154480.9804490008198156,true,true,355957893238879560000,325041397030172400000,30916496208707160000,true,true,556736725916.445275475436515,508178666523.4888267103788206,48558059392.9564487650576944,true,true
12,0x11b815efb8f581194ae79006d24e0d814b7697f6,25434961,-202647,1398690837259741390,3,S12_P3,-203520:-200040,0xc36442b4a4522e871399cd717abdd847ab11fe88:-203520:-200040,0xc36442b4a4522e871399cd717abdd847ab11fe88,-203520,-200040,43442553758780513,0.0310594397285761,3480,873,2607,873,12483492459419.6876436781609195,0.0000089251263588,140.5609743635722,142.2022675090262787,5.8101976105516878,4.551387075063638,10.3615846856153258,5.8101976105516878,35212993422155552000,34120461486353168000,1092531935802384000,true,true,55686614089.985298508215528,53957035517.9931043301509776,1729578571.9921941780645504,true,true,177340720172285240000,171826592154226600000,5514128018058640000,true,true,278392901356.7966973933706323,269746009562.8542311549524194,8646891793.9424662384182129,true,true,355957893238879560000,344952677686176280000,11005215552703280000,true,true,556736725916.445275475436515,539442235408.1700107832307299,17294490508.2752646922057851,true,true
12,0x11b815efb8f581194ae79006d24e0d814b7697f6,25434961,-202647,1398690837259741390,4,S12_P4,-205010:-190760,0xc36442b4a4522e871399cd717abdd847ab11fe88:-205010:-190760,0xc36442b4a4522e871399cd717abdd847ab11fe88,-205010,-190760,30283666877182300,0.0216514372372045,14250,2363,11887,2363,2125169605416.3017543859649123,0.0000015193991044,140.5609743635722,142.2022675090262787,3.9172541081254845,3.1424669454442732,7.0597210535697577,3.9172541081254845,35212993422155552000,34451394130926184000,761599291229368000,true,true,55686614089.985298508215528,54480930669.4147904368872432,1205683420.5705080713282848,true,true,177340720172285240000,173497165338009120000,3843554834276120000,true,true,278392901356.7966973933706323,272365182419.0069685688680084,6027718937.7897288245026239,true,true,355957893238879560000,348286897516321360000,7670995722558200000,true,true,556736725916.445275475436515,544680785716.8675356378305107,12055940199.5777398376060043,true,true
12,0x11b815efb8f581194ae79006d24e0d814b7697f6,25434961,-202647,1398690837259741390,5,S12_P5,-203530:-192890,0xc36442b4a4522e871399cd717abdd847ab11fe88:-203530:-192890,0xc36442b4a4522e871399cd717abdd847ab11fe88,-203530,-192890,17766195839534702,0.012702017748498,10640,883,9757,883,1669755248076.5697368421052632,0.0000011937986606,140.5609743635722,142.2022675090262787,2.2298413443886613,1.8269656160687965,4.0568069604574578,2.2298413443886613,35212993422155552000,34766194344542784000,446799077612768000,true,true,55686614089.985298508215528,54979288865.370837833898384,707325224.614460674317144,true,true,177340720172285240000,175086045505183240000,2254674667102000000,true,true,278392901356.7966973933706323,274856684473.8493620036833373,3536216882.947335389687295,true,true,355957893238879560000,351458026063780920000,4499867175098640000,true,true,556736725916.445275475436515,549663992612.3653444653545403,7072733304.0799310100819747,true,true
12,0x11b815efb8f581194ae79006d24e0d814b7697f6,25434961,-202647,1398690837259741390,6,S12_P6,-203190:-199170,0xc36442b4a4522e871399cd717abdd847ab11fe88:-203190:-199170,0xc36442b4a4522e871399cd717abdd847ab11fe88,-203190,-199170,15336325105087858,0.0109647712679195,4020,543,3477,543,3815006245046.7308457711442786,0.0000027275550418,140.5609743635722,142.2022675090262787,1.8461029255725023,1.5743422955667583,3.4204452211392606,1.8461029255725023,35212993422155552000,34827303258718340000,385690163437212000,true,true,55686614089.985298508215528,55076028961.2096983919417936,610585128.7756001162737344,true,true,177340720172285240000,175394446432098000000,1946273740187240000,true,true,278392901356.7966973933706323,275340330397.5115332666999831,3052570959.2851641266706492,true,true,355957893238879560000,352073535920088240000,3884357318791320000,true,true,556736725916.445275475436515,550631324957.4606992724758016,6105400958.9845762029607134,true,true
12,0x11b815efb8f581194ae79006d24e0d814b7697f6,25434961,-202647,1398690837259741390,7,S12_P7,-203070:-201050,0xc36442b4a4522e871399cd717abdd847ab11fe88:-203070:-201050,0xc36442b4a4522e871399cd717abdd847ab11fe88,-203070,-201050,14491882956695774,0.0103610337400134,2020,423,1597,423,7174199483512.7594059405940594,0.0000051292246238,140.5609743635722,142.2022675090262787,1.6251263255585445,1.486755417510247,3.1118817430687915,1.6251263255585445,35212993422155552000,34848539764902452000,364453657253100000,true,true,55686614089.985298508215528,55109648809.4912615147742432,576965280.4940369934412848,true,true,177340720172285240000,175501621491720680000,1839098680564560000,true,true,278392901356.7966973933706323,275508409918.5448029743557221,2884491438.2518944190149102,true,true,355957893238879560000,352287436522415400000,3670456716464160000,true,true,556736725916.445275475436515,550967497826.431224501408003,5769228090.014050974028512,true,true
12,0x11b815efb8f581194ae79006d24e0d814b7697f6,25434961,-202647,1398690837259741390,8,S12_P8,-205670:-192890,0xc36442b4a4522e871399cd717abdd847ab11fe88:-205670:-192890,0xc36442b4a4522e871399cd717abdd847ab11fe88,-205670,-192890,13398742248352511,0.0095794881123285,12780,3023,9757,3023,1048414886412.5595461658841941,0.0000007495687099,140.5609743635722,142.2022675090262787,1.6646526418344798,1.3735305905326897,3.0381832323671695,1.6646526418344798,35212993422155552000,34876031164611612000,336962257543940000,true,true,55686614089.985298508215528,55153170338.5989894710307456,533443751.3863090371847824,true,true,177340720172285240000,175640358933862560000,1700361238422680000,true,true,278392901356.7966973933706323,275725991003.9586044508543675,2666910352.8380929425162648,true,true,355957893238879560000,352564329559261800000,3393563679617760000,true,true,556736725916.445275475436515,551402677757.9917881742965207,5334048158.4534873011399943,true,true
12,0x11b815efb8f581194ae79006d24e0d814b7697f6,25434961,-202647,1398690837259741390,9,S12_P9,-205670:-196950,0xc36442b4a4522e871399cd717abdd847ab11fe88:-205670:-196950,0xc36442b4a4522e871399cd717abdd847ab11fe88,-205670,-196950,10887379047933520,0.0077839782444444,8720,3023,5697,3023,1248552643111.6422018348623853,0.0000008926580556,140.5609743635722,142.2022675090262787,1.3448521513822295,1.1140806205290777,2.4589327719113072,1.3448521513822295,35212993422155552000,34939188739246212000,273804682909340000,true,true,55686614089.985298508215528,55253155273.9300626581247408,433458816.0552358500907872,true,true,177340720172285240000,175959084689619720000,1381635482665520000,true,true,278392901356.7966973933706323,276225857471.5121224435629573,2167043885.284574949807675,true,true,355957893238879560000,353200442943027600000,2757450295851960000,true,true,556736725916.445275475436515,552402452716.7441154699756213,4334273199.7011600054608937,true,true
12,0x11b815efb8f581194ae79006d24e0d814b7697f6,25434961,-202647,1398690837259741390,10,S12_P10,-203210:-197150,0xc36442b4a4522e871399cd717abdd847ab11fe88:-203210:-197150,0xc36442b4a4522e871399cd717abdd847ab11fe88,-203210,-197150,10724049893069410,0.0076672053661834,6060,563,5497,563,1769645196876.1402640264026403,0.000001265215407,140.5609743635722,142.2022675090262787,1.2916427397182105,1.0972393097413259,2.3888820494595364,1.2916427397182105,35212993422155552000,34943296209708916000,269697212446636000,true,true,55686614089.985298508215528,55259657704.2123029124654912,426956385.7729955957500368,true,true,177340720172285240000,175979813199544680000,1360906972740560000,true,true,278392901356.7966973933706323,276258366684.4548947829181404,2134534672.3418026104524919,true,true,355957893238879560000,353241812605165840000,2716080633713720000,true,true,556736725916.445275475436515,552467474073.7540246165703787,4269251842.6912508588661363,true,true
12,0x11b815efb8f581194ae79006d24e0d814b7697f6,25434961,-202647,1398690837259741390,11,S12_P11,-203510:-200520,0xc36442b4a4522e871399cd717abdd847ab11fe88:-203510:-200520,0xc36442b4a4522e871399cd717abdd847ab11fe88,-203510,-200520,10142412299056612,0.0072513610791411,2990,863,2127,863,3392111136808.231438127090301,0.0000024252043743,140.5609743635722,142.2022675090262787,1.2506993985513208,1.0372970143504009,2.2879964129017217,1.2506993985513208,35212993422155552000,34957923978693068000,255069443462484000,true,true,55686614089.985298508215528,55282814529.363534380584032,403799560.621764127631496,true,true,177340720172285240000,176053629028906520000,1287091143378720000,true,true,278392901356.7966973933706323,276374136980.6252374002702831,2018764376.1714599931003492,true,true,355957893238879560000,353389134319567880000,2568758919311680000,true,true,556736725916.445275475436515,552699024333.6959847615983676,4037701582.7492907138381474,true,true
12,0x11b815efb8f581194ae79006d24e0d814b7697f6,25434961,-202647,1398690837259741390,12,S12_P12,-204150:-201460,0xc36442b4a4522e871399cd717abdd847ab11fe88:-204150:-201460,0xc36442b4a4522e871399cd717abdd847ab11fe88,-204150,-201460,6472838118092166,0.0046277833139834,2690,1503,1187,1187,2406259523454.3368029739776952,0.0000017203655442,140.5609743635722,142.2022675090262787,0.7915778817237973,0.6602653605306873,1.4518432422544846,0.7915778817237973,35212993422155552000,35050208902203208000,162784519952344000,true,true,55686614089.985298508215528,55428911376.2429901816279888,257702713.7423083265875392,true,true,177340720172285240000,176519324495375640000,821395676909600000,true,true,278392901356.7966973933706323,277104535959.0367284578044167,1288365397.7599689355662156,true,true,355957893238879560000,354318566012284600000,1639327226594960000,true,true,556736725916.445275475436515,554159884073.4809426441766393,2576841842.9643328312598757,true,true
12,0x11b815efb8f581194ae79006d24e0d814b7697f6,25434961,-202647,1398690837259741390,13,S12_P13,-203930:-201920,0xc36442b4a4522e871399cd717abdd847ab11fe88:-203930:-201920,0xc36442b4a4522e871399cd717abdd847ab11fe88,-203930,-201920,5634422710017571,0.0040283546298597,2010,1283,727,727,2803195378118.1945273631840796,0.0000020041565323,140.5609743635722,142.2022675090262787,0.6877487155648973,0.5743989000146975,1.2621476155795948,0.6877487155648973,35212993422155552000,35071294512964884000,141698909190668000,true,true,55686614089.985298508215528,55462290803.6949515360206944,224323286.2903469721948336,true,true,177340720172285240000,176625722159311280000,714998012973960000,true,true,278392901356.7966973933706323,277271415333.8569456029188832,1121486022.9397517904517491,true,true,355957893238879560000,354530913481879520000,1426979757000040000,true,true,556736725916.445275475436515,554493657630.8810349231695316,2243068285.5642405522669834,true,true
12,0x11b815efb8f581194ae79006d24e0d814b7697f6,25434961,-202647,1398690837259741390,14,S12_P14,-203190:-197130,0xc36442b4a4522e871399cd717abdd847ab11fe88:-203190:-197130,0xc36442b4a4522e871399cd717abdd847ab11fe88,-203190,-197130,5247607549681962,0.0037517994755459,6060,543,5517,543,865941839881.5118811881188119,0.0000006191088243,140.5609743635722,142.2022675090262787,0.6221297023975623,0.5348177274742964,1.1569474298718587,0.6221297023975623,35212993422155552000,35081022509097424000,131970913058128000,true,true,55686614089.985298508215528,55477691133.9497565071159376,208922956.0355420010995904,true,true,177340720172285240000,176674809834169440000,665910338115800000,true,true,278392901356.7966973933706323,277348407820.5971006134850739,1044493536.1995967798855584,true,true,355957893238879560000,354628882162020000000,1329011076859560000,true,true,556736725916.445275475436515,554647649086.8801667349720688,2089076829.5651087404644462,true,true
12,0x11b815efb8f581194ae79006d24e0d814b7697f6,25434961,-202647,1398690837259741390,15,S12_P15,-202870:-201590,0xc36442b4a4522e871399cd717abdd847ab11fe88:-202870:-201590,0xc36442b4a4522e871399cd717abdd847ab11fe88,-202870,-201590,5765790870463532,0.0041222768583797,1280,223,1057,223,4504524117549.634375,0.0000032205287956,140.5609743635722,142.2022675090262787,0.5006862798923823,0.5878461902714379,1.0885324701638202,0.5878461902714379,35212993422155552000,35067990581355508000,145002840800044000,true,true,55686614089.985298508215528,55457060895.971862335135208,229553194.01343617308032,true,true,177340720172285240000,176627008752041600000,713711420243640000,true,true,278392901356.7966973933706323,277245267771.3778217727751053,1147633585.418875620595527,true,true,355957893238879560000,354557296694319560000,1400596544560000000,true,true,556736725916.445275475436515,554441360031.1366820574108861,2295365885.3085934180256289,true,true
12,0x11b815efb8f581194ae79006d24e0d814b7697f6,25434961,-202647,1398690837259741390,16,S12_P16,-202820:-197310,0xc36442b4a4522e871399cd717abdd847ab11fe88:-202820:-197310,0xc36442b4a4522e871399cd717abdd847ab11fe88,-202820,-197310,5765695218992012,0.0041222084719508,5510,173,5337,173,1046405665878.7680580762250454,0.0000007481322091,140.5609743635722,142.2022675090262787,0.4304891907780973,0.5878364052366841,1.0183255960147814,0.5878364052366841,35212993422155552000,35067992526173672000,145000895981880000,true,true,55686614089.985298508215528,55457064600.7646363654721312,229549489.2206621427433968,true,true,177340720172285240000,176668687018521920000,672033153763320000,true,true,278392901356.7966973933706323,277245286802.5566660298962111,1147614554.2400313634744212,true,true,355957893238879560000,354695738037656720000,1262155201222840000,true,true,556736725916.445275475436515,554441398082.1798549349785801,2295327834.2654205404579349,true,true
12,0x11b815efb8f581194ae79006d24e0d814b7697f6,25434961,-202647,1398690837259741390,17,S12_P17,-203780:-201600,0xc36442b4a4522e871399cd717abdd847ab11fe88:-203780:-201600,0xc36442b4a4522e871399cd717abdd847ab11fe88,-203780,-201600,3873202061769852,0.0027691623899947,2180,1133,1047,1047,1776698193472.4091743119266055,0.0000012702579771,140.5609743635722,142.2022675090262787,0.4709114184876463,0.3943569092887847,0.865268327776431,0.4709114184876463,35212993422155552000,35115587197857716000,97406224297836000,true,true,55686614089.985298508215528,55532410627.1806432998868608,154203462.8046552083286672,true,true,177340720172285240000,176849223533032800000,491496639252440000,true,true,278392901356.7966973933706323,277621972271.6984193394071225,770929085.0982780539635098,true,true,355957893238879560000,354976974216537800000,980919022341760000,true,true,556736725916.445275475436515,555194801062.9232892498306858,1541924853.5219862256058292,true,true
12,0x11b815efb8f581194ae79006d24e0d814b7697f6,25434961,-202647,1398690837259741390,18,S12_P18,-203300:-199920,0xc36442b4a4522e871399cd717abdd847ab11fe88:-203300:-199920,0xc36442b4a4522e871399cd717abdd847ab11fe88,-203300,-199920,3792946371544558,0.0027117832408022,3380,653,2727,653,1122173482705.4905325443786982,0.000000802302734,140.5609743635722,142.2022675090262787,0.4602653837652733,0.3861634723428921,0.8464288561081654,0.4602653837652733,35212993422155552000,35117605212827036000,95388209328516000,true,true,55686614089.985298508215528,55535605757.782381564227216,151008332.202916943988312,true,true,177340720172285240000,176859407757771960000,481312414513280000,true,true,278392901356.7966973933706323,277637946487.7443184902343082,754954869.0523789031363241,true,true,355957893238879560000,354997300046478440000,960593192401120000,true,true,556736725916.445275475436515,555226750909.5407803778185977,1509975006.9044950976179173,true,true
12,0x11b815efb8f581194ae79006d24e0d814b7697f6,25434961,-202647,1398690837259741390,19,S12_P19,-202920:-201590,0xc36442b4a4522e871399cd717abdd847ab11fe88:-202920:-201590,0xc36442b4a4522e871399cd717abdd847ab11fe88,-202920,-201590,3953978711217748,0.0028269140012129,1330,273,1057,273,2972916324223.8706766917293233,0.000002125499249,140.5609743635722,142.2022675090262787,0.377062783612669,0.4026044907858528,0.7796672743985218,0.4026044907858528,35212993422155552000,35113555231442160000,99438190713392000,true,true,55686614089.985298508215528,55529194541.233295904640992,157419548.752002603574536,true,true,177340720172285240000,176839340079136360000,501380093148880000,true,true,278392901356.7966973933706323,277605894203.5255338391384776,787007153.2711635542321547,true,true,355957893238879560000,354957734570863840000,1000158668015720000,true,true,556736725916.445275475436515,555162643696.4306974254365319,1574082220.0145780499999831,true,true
12,0x11b815efb8f581194ae79006d24e0d814b7697f6,25434961,-202647,1398690837259741390,20,S12_P20,-203050:-201420,0xc36442b4a4522e871399cd717abdd847ab11fe88:-203050:-201420,0xc36442b4a4522e871399cd717abdd847ab11fe88,-203050,-201420,3321959140789274,0.0023750489045153,1630,403,1227,403,2038011742815.505521472392638,0.0000014570852175,140.5609743635722,142.2022675090262787,0.3624386827429088,0.3380984765341894,0.7005371592770982,0.3624386827429088,35212993422155552000,35129449584277072000,83543837878480000,true,true,55686614089.985298508215528,55554357128.443109950862304,132256961.542188557353224,true,true,177340720172285240000,176919175955542200000,421544216743040000,true,true,278392901356.7966973933706323,277731692416.5490597821315426,661208940.2476376112390897,true,true,355957893238879560000,355116584077061960000,841309161817600000,true,true,556736725916.445275475436515,555414251156.1183514371490731,1322474760.3269240382874419,true,true
13,0x11b815efb8f581194ae79006d24e0d814b7697f6,25424961,-202352,1562868960740228298,1,S13_P1,-203180:-200820,0xc36442b4a4522e871399cd717abdd847ab11fe88:-203180:-200820,0xc36442b4a4522e871399cd717abdd847ab11fe88,-203180,-200820,1015513737925999911,0.6497753576505978,2360,828,1532,828,430302431324576.2334745762711864,0.0002753285413774,129.117016549168536,128.7609367253922917,555.652941698821498,234.5757398951792293,790.2286815940007273,555.652941698821498,38766655719133188000,13583713716544784000,25182942002588404000,true,true,63146482162.177105806443406,22115454131.196720750366468,41031028030.980385056076938,true,true,195192927908175840000,68187580323449985000,127005347584725855000,true,true,315890520824.0892775110173056,110577121490.574602376061905,205313399333.5146751349554006,true,true,391549693783048640000,129495572997244240000,262054120785804400000,true,true,631949966605.509627783529108,222572038408.239396728912138,409377928197.27023105461697,true,true
13,0x11b815efb8f581194ae79006d24e0d814b7697f6,25424961,-202352,1562868960740228298,2,S13_P2,-202590:-201150,0xc36442b4a4522e871399cd717abdd847ab11fe88:-202590:-201150,0xc36442b4a4522e871399cd717abdd847ab11fe88,-202590,-201150,174431682197401549,0.1116099216115884,1440,238,1202,238,121133112637084.4090277777777778,0.000077506890008,129.117016549168536,128.7609367253922917,13.4189564844632635,16.025074908749998,29.4440313932132615,16.025074908749998,38766655719133188000,34443548359803848000,4323107359329340000,true,true,63146482162.177105806443406,56098708238.0624582482172604,7047773924.1146475582261456,true,true,195192927908175840000,173483553945687680000,21709373962488160000,true,true,315890520824.0892775110173056,280734308401.6571675168862784,35156212422.4321099941310272,true,true,391549693783048640000,348337228527106680000,43212465255941960000,true,true,631949966605.509627783529108,561803060538.570855594300492,70146906066.938772189228616,true,true
13,0x11b815efb8f581194ae79006d24e0d814b7697f6,25424961,-202352,1562868960740228298,3,S13_P3,-203840:-193690,0xc36442b4a4522e871399cd717abdd847ab11fe88:-203840:-193690,0xc36442b4a4522e871399cd717abdd847ab11fe88,-203840,-193690,121974768461373800,0.0780454225692744,10150,1488,8662,1488,12017218567623.0344827586206897,0.000007689204194,129.117016549168536,128.7609367253922917,11.474321097542467,10.803229937393384,22.277551034935851,11.474321097542467,38766655719133188000,35743679422893144000,3022976296240044000,true,true,63146482162.177105806443406,58218188278.1046590521702152,4928293884.0724467542731908,true,true,195192927908175840000,179754310747504560000,15438617160671280000,true,true,315890520824.0892775110173056,291307266668.5383760523037676,24583254155.550901458713538,true,true,391549693783048640000,360478320645804240000,31071373137244400000,true,true,631949966605.509627783529108,582890147803.299992478102248,49059818802.20963530542686,true,true
13,0x11b815efb8f581194ae79006d24e0d814b7697f6,25424961,-202352,1562868960740228298,4,S13_P4,-203520:-200040,0xc36442b4a4522e871399cd717abdd847ab11fe88:-203520:-200040,0xc36442b4a4522e871399cd717abdd847ab11fe88,-203520,-200040,43442553758780513,0.0277966706423068,3480,1168,2312,1168,12483492459419.6876436781609195,0.0000079875490351,129.117016549168536,128.7609367253922917,3.8523006508934758,3.6512800928094657,7.5035807437029415,3.8523006508934758,38766655719133188000,37690011954613052000,1076643764520136000,true,true,63146482162.177105806443406,61391220195.3093653156550252,1755261966.8677404907883808,true,true,195192927908175840000,189708788778251000000,5484139129924840000,true,true,315890520824.0892775110173056,307134754973.4669995181679264,8755765850.6222779928493792,true,true,391549693783048640000,380536176352179760000,11013517430868880000,true,true,631949966605.509627783529108,614472027823.8383997009588656,17477938781.6712280825702424,true,true
13,0x11b815efb8f581194ae79006d24e0d814b7697f6,25424961,-202352,1562868960740228298,5,S13_P5,-205010:-190760,0xc36442b4a4522e871399cd717abdd847ab11fe88:-205010:-190760,0xc36442b4a4522e871399cd717abdd847ab11fe88,-205010,-190760,30283666877182300,0.0193769712227434,14250,2658,11592,2658,2125169605416.3017543859649123,0.0000013597874542,129.117016549168536,128.7609367253922917,2.6598912395376738,2.5237100133149187,5.1836012528525925,2.6598912395376738,38766655719133188000,38016132857437896000,750522861695292000,true,true,63146482162.177105806443406,61922894594.5122068242946988,1223587567.6648989821487072,true,true,195192927908175840000,191371797370939880000,3821130537235960000,true,true,315890520824.0892775110173056,309786853345.8502844234894688,6103667478.2389930875278368,true,true,391549693783048640000,383878508461269280000,7671185321779360000,true,true,631949966605.509627783529108,619765567790.4242755025527836,12184398815.0853522809763244,true,true
13,0x11b815efb8f581194ae79006d24e0d814b7697f6,25424961,-202352,1562868960740228298,6,S13_P6,-203530:-192890,0xc36442b4a4522e871399cd717abdd847ab11fe88:-203530:-192890,0xc36442b4a4522e871399cd717abdd847ab11fe88,-203530,-192890,17766195839534702,0.0113676810313771,10640,1178,9462,1178,1669755248076.5697368421052632,0.0000010683910744,129.117016549168536,128.7609367253922917,1.5464618323775825,1.468709492443861,3.0151713248214435,1.5464618323775825,38766655719133188000,38326355734125544000,440299985007644000,true,true,63146482162.177105806443406,62428653094.7077318756906884,717829067.4693739307527176,true,true,195192927908175840000,192952278065036720000,2240649843139120000,true,true,315890520824.0892775110173056,312309714683.586780857447576,3580806140.5024966535697296,true,true,391549693783048640000,387052856661906000000,4496837121142640000,true,true,631949966605.509627783529108,624801546029.7834693994813024,7148420575.7261583840478056,true,true
13,0x11b815efb8f581194ae79006d24e0d814b7697f6,25424961,-202352,1562868960740228298,7,S13_P7,-203190:-199170,0xc36442b4a4522e871399cd717abdd847ab11fe88:-203190:-199170,0xc36442b4a4522e871399cd717abdd847ab11fe88,-203190,-199170,15336325105087858,0.009812930892059,4020,838,3182,838,3815006245046.7308457711442786,0.0000024410275851,129.117016549168536,128.7609367253922917,1.33263436434039,1.2658685737058821,2.5985029380462721,1.33263436434039,38766655719133188000,38386575075380496000,380080643752692000,true,true,63146482162.177105806443406,62526830096.6477485339801716,619652065.5293572724632344,true,true,195192927908175840000,193258908716437760000,1934019191738080000,true,true,315890520824.0892775110173056,312799453240.4677251579114004,3091067583.6215523531059052,true,true,391549693783048640000,387668480220458240000,3881213562590400000,true,true,631949966605.509627783529108,625779175102.5536526083960636,6170791502.9559751751330444,true,true
13,0x11b815efb8f581194ae79006d24e0d814b7697f6,25424961,-202352,1562868960740228298,8,S13_P8,-203070:-201050,0xc36442b4a4522e871399cd717abdd847ab11fe88:-203070:-201050,0xc36442b4a4522e871399cd717abdd847ab11fe88,-203070,-201050,14491882956695774,0.0092726155043939,2020,718,1302,718,7174199483512.7594059405940594,0.000004590403715,129.117016549168536,128.7609367253922917,1.2584976821301173,1.1955234187170988,2.4540211008472161,1.2584976821301173,38766655719133188000,38407503297093528000,359152422039660000,true,true,63146482162.177105806443406,62560949112.6357915882022572,585533049.5413142182411488,true,true,195192927908175840000,193365457609899360000,1827470298276480000,true,true,315890520824.0892775110173056,312969650339.7734534787796932,2920870484.3158240322376124,true,true,391549693783048640000,387882381154396440000,3667312628652200000,true,true,631949966605.509627783529108,626118930377.6283727676437072,5831036227.8812550158854008,true,true
13,0x11b815efb8f581194ae79006d24e0d814b7697f6,25424961,-202352,1562868960740228298,9,S13_P9,-205670:-192890,0xc36442b4a4522e871399cd717abdd847ab11fe88:-205670:-192890,0xc36442b4a4522e871399cd717abdd847ab11fe88,-205670,-192890,13398742248352511,0.008573170614385,12780,3318,9462,3318,1048414886412.5595461658841941,0.0000006708271216,129.117016549168536,128.7609367253922917,1.1626596249692505,1.1045732736028806,2.2672328985721311,1.1626596249692505,38766655719133188000,38434594374721444000,332061344411744000,true,true,63146482162.177105806443406,62605116596.903452516269846,541365565.27365329017356,true,true,195192927908175840000,193503376241624720000,1689551666551120000,true,true,315890520824.0892775110173056,313189972812.945771656748086,2700548011.1435058542692196,true,true,391549693783048640000,388159244763778400000,3390449019270240000,true,true,631949966605.509627783529108,626558750652.7555410465924376,5391215952.7540867369366704,true,true
13,0x11b815efb8f581194ae79006d24e0d814b7697f6,25424961,-202352,1562868960740228298,10,S13_P10,-205670:-196950,0xc36442b4a4522e871399cd717abdd847ab11fe88:-205670:-196950,0xc36442b4a4522e871399cd717abdd847ab11fe88,-205670,-196950,10887379047933520,0.0069662776095936,8720,3318,5402,3318,1248552643111.6422018348623853,0.000000798885047,129.117016549168536,128.7609367253922917,0.9430483738139943,0.8961052861510646,1.8391536599650589,0.9430483738139943,38766655719133188000,38496833824587372000,269821894545816000,true,true,63146482162.177105806443406,62706586237.3659654544268988,439895924.8111403520165072,true,true,195192927908175840000,193820185457832600000,1372742450343240000,true,true,315890520824.0892775110173056,313696139483.2554301342361448,2194381340.8338473767811608,true,true,391549693783048640000,388795162623869880000,2754531159178760000,true,true,631949966605.509627783529108,627569200205.115810204864302,4380766400.393817578664806,true,true
13,0x11b815efb8f581194ae79006d24e0d814b7697f6,25424961,-202352,1562868960740228298,11,S13_P11,-203210:-197150,0xc36442b4a4522e871399cd717abdd847ab11fe88:-203210:-197150,0xc36442b4a4522e871399cd717abdd847ab11fe88,-203210,-197150,10724049893069410,0.0068617716279874,6060,858,5202,858,1769645196876.1402640264026403,0.0000011323055492,129.117016549168536,128.7609367253922917,0.9287929554625018,0.8825704299691618,1.8113633854316636,0.9287929554625018,38766655719133188000,38500881797024912000,265773922108276000,true,true,63146482162.177105806443406,62713185422.468912111749716,433296739.70819369469369,true,true,195192927908175840000,193840787277927800000,1352140630248040000,true,true,315890520824.0892775110173056,313729058642.3535545522806088,2161462181.7357229587366968,true,true,391549693783048640000,388836513186815120000,2713180596233520000,true,true,631949966605.509627783529108,627634916531.191551690216224,4315050074.318076093312884,true,true
13,0x11b815efb8f581194ae79006d24e0d814b7697f6,25424961,-202352,1562868960740228298,12,S13_P12,-203510:-200520,0xc36442b4a4522e871399cd717abdd847ab11fe88:-203510:-200520,0xc36442b4a4522e871399cd717abdd847ab11fe88,-203510,-200520,10142412299056612,0.0064896114478163,2990,1158,1832,1158,3392111136808.231438127090301,0.0000021704386113,129.117016549168536,128.7609367253922917,0.8780543365227125,0.83439380335476,1.7124481398774725,0.8780543365227125,38766655719133188000,38515296463011184000,251359256122004000,true,true,63146482162.177105806443406,62736686028.6486971159798172,409796133.5284086904635888,true,true,195192927908175840000,193914151517922240000,1278776390253600000,true,true,315890520824.0892775110173056,313846288307.9658231254603808,2044232516.1234543855569248,true,true,391549693783048640000,388983761608308840000,2565932174739800000,true,true,631949966605.509627783529108,627868941877.2137924643138876,4081024728.2958353192152204,true,true
13,0x11b815efb8f581194ae79006d24e0d814b7697f6,25424961,-202352,1562868960740228298,13,S13_P13,-202540:-200820,0xc36442b4a4522e871399cd717abdd847ab11fe88:-202540:-200820,0xc36442b4a4522e871399cd717abdd847ab11fe88,-202540,-200820,7115547737579695,0.0045528754593792,1720,188,1532,188,4136946359057.9622093023255814,0.0000026470206159,129.117016549168536,128.7609367253922917,0.4561094387018903,0.5842552067782059,1.0403646454800962,0.5842552067782059,38766655719133188000,38590311316630476000,176344402502712000,true,true,63146482162.177105806443406,62858984093.1931171428633456,287498068.9839886635800604,true,true,195192927908175840000,194337588704563080000,855339203612760000,true,true,315890520824.0892775110173056,314456357966.8664315151460184,1434162857.2228459958712872,true,true,391549693783048640000,389878006105178480000,1671687677870160000,true,true,631949966605.509627783529108,629086835699.626378042148852,2863130905.883249741380256,true,true
13,0x11b815efb8f581194ae79006d24e0d814b7697f6,25424961,-202352,1562868960740228298,14,S13_P14,-202870:-201590,0xc36442b4a4522e871399cd717abdd847ab11fe88:-202870:-201590,0xc36442b4a4522e871399cd717abdd847ab11fe88,-202870,-201590,5765790870463532,0.0036892350000557,1280,518,762,518,4504524117549.634375,0.0000028822148438,129.117016549168536,128.7609367253922917,0.4968563517137875,0.4730217077935242,0.9698780595073117,0.4968563517137875,38766655719133188000,38623762432775044000,142893286358144000,true,true,63146482162.177105806443406,62913519950.053687544169756,232962212.12341826227365,true,true,195192927908175840000,194466087371578960000,726840536596880000,true,true,315890520824.0892775110173056,314728404685.9538072487987172,1162116138.1354702622185884,true,true,391549693783048640000,390091408034872080000,1458285748176560000,true,true,631949966605.509627783529108,629629934675.9665298512323668,2320031929.5430979322967412,true,true
13,0x11b815efb8f581194ae79006d24e0d814b7697f6,25424961,-202352,1562868960740228298,15,S13_P15,-203930:-201920,0xc36442b4a4522e871399cd717abdd847ab11fe88:-203930:-201920,0xc36442b4a4522e871399cd717abdd847ab11fe88,-203930,-201920,5634422710017571,0.0036051792258699,2010,1578,432,432,2803195378118.1945273631840796,0.0000017936215054,129.117016549168536,128.7609367253922917,0.4862250979718988,0.4570381283729932,0.943263226344892,0.4862250979718988,38766655719133188000,38627017778284816000,139637940848372000,true,true,63146482162.177105806443406,62918827776.501722753424714,227654385.675383053018692,true,true,195192927908175840000,194482651543534400000,710276364641440000,true,true,315890520824.0892775110173056,314754882314.5102724490514492,1135638509.5790050619658564,true,true,391549693783048640000,390124645672045360000,1425048111003280000,true,true,631949966605.509627783529108,629682793402.8925030373652796,2267173202.6171247461638284,true,true
13,0x11b815efb8f581194ae79006d24e0d814b7697f6,25424961,-202352,1562868960740228298,16,S13_P16,-203190:-197130,0xc36442b4a4522e871399cd717abdd847ab11fe88:-203190:-197130,0xc36442b4a4522e871399cd717abdd847ab11fe88,-203190,-197130,5247607549681962,0.0033576759674058,6060,838,5222,838,865941839881.5118811881188119,0.0000005540719418,129.117016549168536,128.7609367253922917,0.452720394436799,0.4303687816119692,0.8830891760487682,0.452720394436799,38766655719133188000,38636604559774564000,130051159358624000,true,true,63146482162.177105806443406,62934456736.5972739850814444,212025425.5798318213619616,true,true,195192927908175840000,194531423259600840000,661504648575000000,true,true,315890520824.0892775110173056,314832845981.5150513547957596,1057674842.574226156221546,true,true,391549693783048640000,390222510672261240000,1327183110787400000,true,true,631949966605.509627783529108,629838436661.0705396299670892,2111529944.4390881535620188,true,true
13,0x11b815efb8f581194ae79006d24e0d814b7697f6,25424961,-202352,1562868960740228298,17,S13_P17,-202920:-201590,0xc36442b4a4522e871399cd717abdd847ab11fe88:-202920:-201590,0xc36442b4a4522e871399cd717abdd847ab11fe88,-202920,-201590,3953978711217748,0.0025299489659997,1330,568,762,568,2972916324223.8706766917293233,0.0000019022172677,129.117016549168536,128.7609367253922917,0.3408038279244648,0.3240093546968909,0.6648131826213557,0.3408038279244648,38766655719133188000,38668663982786708000,97991736346480000,true,true,63146482162.177105806443406,62986724784.9237657643361712,159757377.2533400421072348,true,true,195192927908175840000,194694521012822160000,498406895353680000,true,true,315890520824.0892775110173056,315093580794.8925341835118452,796940029.1967433275054604,true,true,391549693783048640000,390549766944865720000,999926838182920000,true,true,631949966605.509627783529108,630358958737.637672664259942,1591007867.871955119269166,true,true
13,0x11b815efb8f581194ae79006d24e0d814b7697f6,25424961,-202352,1562868960740228298,18,S13_P18,-203780:-201600,0xc36442b4a4522e871399cd717abdd847ab11fe88:-203780:-201600,0xc36442b4a4522e871399cd717abdd847ab11fe88,-203780,-201600,3873202061769852,0.0024782641149488,2180,1428,752,752,1776698193472.4091743119266055,0.0000011368184014,129.117016549168536,128.7609367253922917,0.3338223631202608,0.3173738559258257,0.6511962190460865,0.3338223631202608,38766655719133188000,38670666187296500000,95989531836688000,true,true,63146482162.177105806443406,62989988501.44991962176687,156493660.727186184676536,true,true,195192927908175840000,194704704527072800000,488223381103040000,true,true,315890520824.0892775110173056,315109861590.217840358714624,780659233.8714371523026816,true,true,391549693783048640000,390570199628989600000,979494154059040000,true,true,631949966605.509627783529108,630391461287.6606737167896816,1558505317.8489540667394264,true,true
13,0x11b815efb8f581194ae79006d24e0d814b7697f6,25424961,-202352,1562868960740228298,19,S13_P19,-203300:-199920,0xc36442b4a4522e871399cd717abdd847ab11fe88:-203300:-199920,0xc36442b4a4522e871399cd717abdd847ab11fe88,-203300,-199920,3792946371544558,0.0024269125990883,3380,948,2432,948,1122173482705.4905325443786982,0.000000718021479,129.117016549168536,128.7609367253922917,0.3268866885592155,0.3107818153842576,0.6376685039434731,0.3268866885592155,38766655719133188000,38672655006093036000,94000713040152000,true,true,63146482162.177105806443406,62993231169.0306867965385252,153250993.1464190099048808,true,true,195192927908175840000,194714822406580840000,478105501595000000,true,true,315890520824.0892775110173056,315126037406.5983319558263856,764483417.49094555519092,true,true,391549693783048640000,390590500386904120000,959193396144520000,true,true,631949966605.509627783529108,630423754296.8460461302593744,1526212308.6635816532697336,true,true
13,0x11b815efb8f581194ae79006d24e0d814b7697f6,25424961,-202352,1562868960740228298,20,S13_P20,-203050:-201420,0xc36442b4a4522e871399cd717abdd847ab11fe88:-203050:-201420,0xc36442b4a4522e871399cd717abdd847ab11fe88,-203050,-201420,3321959140789274,0.0021255519331678,1630,698,932,698,2038011742815.505521472392638,0.0000013040195909,129.117016549168536,128.7609367253922917,0.2862001266717795,0.2721094303040894,0.5583095569758689,0.2862001266717795,38766655719133188000,38684327580378460000,82328138754728000,true,true,63146482162.177105806443406,63012261034.9452134365297236,134221127.2318923699136824,true,true,195192927908175840000,194774198585776320000,418729322399520000,true,true,315890520824.0892775110173056,315220966469.8106779275020588,669554354.2785995835152468,true,true,391549693783048640000,390709632866141200000,840060916907440000,true,true,631949966605.509627783529108,630613268564.813087794195748,1336698040.69653998933336,true,true
14,0x11b815efb8f581194ae79006d24e0d814b7697f6,25414961,-202699,1379575939644742857,1,S14_P1,-203180:-200820,0xc36442b4a4522e871399cd717abdd847ab11fe88:-203180:-200820,0xc36442b4a4522e871399cd717abdd847ab11fe88,-203180,-200820,1015513737925999911,0.7361057182452071,2360,481,1879,481,430302431324576.2334745762711864,0.0003119092026463,147.7162615537390045,135.6576455312187463,1070.4174404664164598,258.1026238100715883,1328.5200642764880481,1070.4174404664164598,34802417110196444000,9166964358185091500,25635452752011352500,true,true,54787545810.719323665751436,14460702125.9969060134045368,40326843684.7224176523468992,true,true,175254626691012320000,46021950230153904000,129232676460858416000,true,true,280433881539.604126694630385,72069167461.053609512065462,208364714078.550517182564923,true,true,351827433283329960000,92450469848421940000,259376963434908020000,true,true,569810950080.445588883455977,156690351993.3105105308374532,413120598087.1350783526185238,true,true
14,0x11b815efb8f581194ae79006d24e0d814b7697f6,25414961,-202699,1379575939644742857,2,S14_P2,-203840:-193690,0xc36442b4a4522e871399cd717abdd847ab11fe88:-203840:-193690,0xc36442b4a4522e871399cd717abdd847ab11fe88,-203840,-193690,121974768461373800,0.0884146823354891,10150,1141,9009,1141,12017218567623.0344827586206897,0.0000087108061414,147.7162615537390045,135.6576455312187463,45.0183786547206033,11.7402648332369131,56.7586434879575164,45.0183786547206033,34802417110196444000,31726242146593588000,3076174963602856000,true,true,54787545810.719323665751436,49943688818.651198569851058,4843856992.068125095900378,true,true,175254626691012320000,159723750814940200000,15530875876072120000,true,true,280433881539.604126694630385,256003079283.421608866341636,24430802256.182517828288749,true,true,351827433283329960000,320843991488057440000,30983441795272520000,true,true,569810950080.445588883455977,522977087268.7786288729270515,46833862811.6669600105289255,true,true
14,0x11b815efb8f581194ae79006d24e0d814b7697f6,25414961,-202699,1379575939644742857,3,S14_P3,-203520:-200040,0xc36442b4a4522e871399cd717abdd847ab11fe88:-203520:-200040,0xc36442b4a4522e871399cd717abdd847ab11fe88,-203520,-200040,43442553758780513,0.0314897879198788,3480,821,2659,821,12483492459419.6876436781609195,0.0000090487896321,147.7162615537390045,135.6576455312187463,8.7891686045665653,3.9636525221377992,12.7528211267043645,8.7891686045665653,34802417110196444000,33706834251359588000,1095582858836856000,true,true,54787545810.719323665751436,53062523761.496229605828624,1725022049.223094059922812,true,true,175254626691012320000,169725456929415720000,5529169761596600000,true,true,280433881539.604126694630385,271770001998.279403424989324,8663879541.324723269641061,true,true,351827433283329960000,340796328029345160000,11031105253984800000,true,true,569810950080.445588883455977,553155077582.1886279106556765,16655872498.2569609728003005,true,true
14,0x11b815efb8f581194ae79006d24e0d814b7697f6,25414961,-202699,1379575939644742857,4,S14_P4,-205010:-190760,0xc36442b4a4522e871399cd717abdd847ab11fe88:-205010:-190760,0xc36442b4a4522e871399cd717abdd847ab11fe88,-205010,-190760,30283666877182300,0.021951431600772,14250,2311,11939,2311,2125169605416.3017543859649123,0.0000015404513404,147.7162615537390045,135.6576455312187463,6.2114862452913495,2.7390805522998646,8.9505667975912141,6.2114862452913495,34802417110196444000,34038692678295824000,763724431900620000,true,true,54787545810.719323665751436,53585058567.830643789144278,1202487242.888679876607158,true,true,175254626691012320000,171400524431817840000,3854102259194480000,true,true,280433881539.604126694630385,274398296695.834378410830921,6035584843.769748283799464,true,true,351827433283329960000,344138142183291920000,7689291100038040000,true,true,569810950080.445588883455977,558202686173.668084707684938,11608263906.777504175771039,true,true
14,0x11b815efb8f581194ae79006d24e0d814b7697f6,25414961,-202699,1379575939644742857,5,S14_P5,-203530:-192890,0xc36442b4a4522e871399cd717abdd847ab11fe88:-203530:-192890,0xc36442b4a4522e871399cd717abdd847ab11fe88,-203530,-192890,17766195839534702,0.0128780122420153,10640,831,9809,831,1669755248076.5697368421052632,0.0000012103394964,147.7162615537390045,135.6576455312187463,3.3823486580130763,1.5937553548525051,4.9761040128655814,3.3823486580130763,34802417110196444000,34354372888200100000,448044221996344000,true,true,54787545810.719323665751436,54082106724.672824033162464,705439086.046499632588972,true,true,175254626691012320000,172993728478529640000,2260898212482680000,true,true,280433881539.604126694630385,276895213235.6496014291924555,3538668303.9545252654379295,true,true,351827433283329960000,347316693433532880000,4510739849797080000,true,true,569810950080.445588883455977,563002190825.9815565151871865,6808759254.4640323682687905,true,true
14,0x11b815efb8f581194ae79006d24e0d814b7697f6,25414961,-202699,1379575939644742857,6,S14_P6,-205670:-192890,0xc36442b4a4522e871399cd717abdd847ab11fe88:-205670:-192890,0xc36442b4a4522e871399cd717abdd847ab11fe88,-205670,-192890,13398742248352511,0.0097122179818552,12780,2971,9809,2971,1048414886412.5595461658841941,0.0000007599544587,147.7162615537390045,135.6576455312187463,2.574605365204401,1.1985408409454344,3.7731462061498354,2.574605365204401,34802417110196444000,34464516556094172000,337900554102272000,true,true,54787545810.719323665751436,54255526956.290793895480638,532018854.428529770270798,true,true,175254626691012320000,173549562489385720000,1705064201626600000,true,true,280433881539.604126694630385,277765681559.6361540307751545,2668199979.9679726638552305,true,true,351827433283329960000,348425633017261000000,3401800266068960000,true,true,569810950080.445588883455977,564676326795.2128982921140545,5134623285.2326905913419225,true,true
14,0x11b815efb8f581194ae79006d24e0d814b7697f6,25414961,-202699,1379575939644742857,7,S14_P7,-203190:-199170,0xc36442b4a4522e871399cd717abdd847ab11fe88:-203190:-199170,0xc36442b4a4522e871399cd717abdd847ab11fe88,-203190,-199170,15336325105087858,0.0111166951121496,4020,491,3529,491,3815006245046.7308457711442786,0.0000027653470428,147.7162615537390045,135.6576455312187463,2.3968916799099788,1.3735961845072541,3.7704878644172329,2.3968916799099788,34802417110196444000,34415651299788556000,386765810407888000,true,true,54787545810.719323665751436,54178591209.885575025022958,608954600.833748640728478,true,true,175254626691012320000,173302974466219600000,1951652224792720000,true,true,280433881539.604126694630385,277379551852.3799631745355465,3054329687.2241635200948385,true,true,351827433283329960000,347933666823995920000,3893766459334040000,true,true,569810950080.445588883455977,563933639268.144820579143868,5877310812.300768304312109,true,true
14,0x11b815efb8f581194ae79006d24e0d814b7697f6,25414961,-202699,1379575939644742857,8,S14_P8,-203070:-201050,0xc36442b4a4522e871399cd717abdd847ab11fe88:-203070:-201050,0xc36442b4a4522e871399cd717abdd847ab11fe88,-203070,-201050,14491882956695774,0.0105045924187599,2020,371,1649,371,7174199483512.7594059405940594,0.0000052002932766,147.7162615537390045,135.6576455312187463,1.9834230127065263,1.2972487208392329,3.2806717335457592,1.9834230127065263,34802417110196444000,34436947957568744000,365469152627700000,true,true,54787545810.719323665751436,54212121412.798272658809256,575424397.92105100694218,true,true,175254626691012320000,173410443654887520000,1844183036124800000,true,true,280433881539.604126694630385,277547844680.5659674553257975,2886036859.0381592393045875,true,true,351827433283329960000,348148077800823360000,3679355482506600000,true,true,569810950080.445588883455977,564257324666.2724706219239125,5553625414.1731182615320645,true,true
14,0x11b815efb8f581194ae79006d24e0d814b7697f6,25414961,-202699,1379575939644742857,9,S14_P9,-205670:-196950,0xc36442b4a4522e871399cd717abdd847ab11fe88:-205670:-196950,0xc36442b4a4522e871399cd717abdd847ab11fe88,-205670,-196950,10887379047933520,0.0078918301885847,8720,2971,5749,2971,1248552643111.6422018348623853,0.0000009050263978,147.7162615537390045,135.6576455312187463,2.072899326609305,0.9723030019651298,3.0452023285744348,2.072899326609305,34802417110196444000,34527848959865060000,274568150331384000,true,true,54787545810.719323665751436,54355246594.91483589534839,432299215.804487770403046,true,true,175254626691012320000,173869165121883920000,1385461569128400000,true,true,280433881539.604126694630385,278266049794.1351104732094375,2167831745.4690162214209475,true,true,351827433283329960000,349063272851487160000,2764160431842800000,true,true,569810950080.445588883455977,565638882016.86805455451456,4172068063.577534328941417,true,true
14,0x11b815efb8f581194ae79006d24e0d814b7697f6,25414961,-202699,1379575939644742857,10,S14_P10,-203510:-200520,0xc36442b4a4522e871399cd717abdd847ab11fe88:-203510:-200520,0xc36442b4a4522e871399cd717abdd847ab11fe88,-203510,-200520,10142412299056612,0.0073518332754255,2990,811,2179,811,3392111136808.231438127090301,0.0000024588071155,147.7162615537390045,135.6576455312187463,1.8829934658791325,0.9053343894844387,2.7883278553635712,1.8829934658791325,34802417110196444000,34546636889999764000,255780220196680000,true,true,54787545810.719323665751436,54384826474.005047644253006,402719336.71427602149843,true,true,175254626691012320000,173963970249792000000,1290656441220320000,true,true,280433881539.604126694630385,278414454462.9431038730764125,2019427076.6610228215539725,true,true,351827433283329960000,349252418751887640000,2575014531442320000,true,true,569810950080.445588883455977,565924398325.7342952120975745,3886551754.7112936713584025,true,true
14,0x11b815efb8f581194ae79006d24e0d814b7697f6,25414961,-202699,1379575939644742857,11,S14_P11,-203210:-197150,0xc36442b4a4522e871399cd717abdd847ab11fe88:-203210:-197150,0xc36442b4a4522e871399cd717abdd847ab11fe88,-203210,-197150,10724049893069410,0.0077734393482036,6060,511,5549,511,1769645196876.1402640264026403,0.000001282745767,147.7162615537390045,135.6576455312187463,1.6960093966455433,0.9576150168211412,2.6536244134666845,1.6960093966455433,34802417110196444000,34531969057363412000,270448052833032000,true,true,54787545810.719323665751436,54361731789.921957480765256,425814020.79736618498618,true,true,175254626691012320000,173889950578529920000,1364676112482400000,true,true,280433881539.604126694630385,278298587445.450083940604111,2135294094.154042754026274,true,true,351827433283329960000,349104742016307160000,2722691267022800000,true,true,569810950080.445588883455977,565701480116.168530738949419,4109469964.277058144506558,true,true
14,0x11b815efb8f581194ae79006d24e0d814b7697f6,25414961,-202699,1379575939644742857,12,S14_P12,-203930:-201920,0xc36442b4a4522e871399cd717abdd847ab11fe88:-203930:-201920,0xc36442b4a4522e871399cd717abdd847ab11fe88,-203930,-201920,5634422710017571,0.0040841700323278,2010,1231,779,779,2803195378118.1945273631840796,0.0000020319253892,147.7162615537390045,135.6576455312187463,1.052751231921997,0.5014704260384981,1.5542216579604951,1.052751231921997,34802417110196444000,34660323971723168000,142093138473276000,true,true,54787545810.719323665751436,54563823934.462771976826964,223721876.256551688924472,true,true,175254626691012320000,174537643745768440000,716982945243880000,true,true,280433881539.604126694630385,279312266817.541056180157642,1121614722.063070514472743,true,true,351827433283329960000,350396962244925640000,1430471038404320000,true,true,569810950080.445588883455977,567651996016.5583623985380875,2158954063.8872264849178895,true,true
14,0x11b815efb8f581194ae79006d24e0d814b7697f6,25414961,-202699,1379575939644742857,13,S14_P13,-203190:-197130,0xc36442b4a4522e871399cd717abdd847ab11fe88:-203190:-197130,0xc36442b4a4522e871399cd717abdd847ab11fe88,-203190,-197130,5247607549681962,0.0038037830313519,6060,491,5569,491,865941839881.5118811881188119,0.0000006276869689,147.7162615537390045,135.6576455312187463,0.8097586854839345,0.4669262369072391,1.2766849223911736,0.8097586854839345,34802417110196444000,34670077990634412000,132339119562032000,true,true,54787545810.719323665751436,54579183249.559638164826098,208362561.159685500925338,true,true,175254626691012320000,174586867485988640000,667759205023680000,true,true,280433881539.604126694630385,279389287264.217085505266953,1044594275.387041189363432,true,true,351827433283329960000,350495169407801920000,1332263875528040000,true,true,569810950080.445588883455977,567800224408.132947159612648,2010725672.312641723843329,true,true
14,0x11b815efb8f581194ae79006d24e0d814b7697f6,25414961,-202699,1379575939644742857,14,S14_P14,-203780:-201600,0xc36442b4a4522e871399cd717abdd847ab11fe88:-203780:-201600,0xc36442b4a4522e871399cd717abdd847ab11fe88,-203780,-201600,3873202061769852,0.002807530887185,2180,1081,1099,1081,1776698193472.4091743119266055,0.0000012878582051,147.7162615537390045,135.6576455312187463,0.7192080736794565,0.3443262669159052,1.0635343405953617,0.7192080736794565,34802417110196444000,34704738796026308000,97678314170136000,true,true,54787545810.719323665751436,54633755822.550016163703398,153789988.169307502048038,true,true,175254626691012320000,174761764324115520000,492862366896800000,true,true,280433881539.604126694630385,279662927674.731534446668129,770953864.872592247962256,true,true,351827433283329960000,350844109867140960000,983323416189000000,true,true,569810950080.445588883455977,568326885479.989608603999649,1484064600.455980279456328,true,true
14,0x11b815efb8f581194ae79006d24e0d814b7697f6,25414961,-202699,1379575939644742857,15,S14_P15,-202870:-201590,0xc36442b4a4522e871399cd717abdd847ab11fe88:-202870:-201590,0xc36442b4a4522e871399cd717abdd847ab11fe88,-202870,-201590,5765790870463532,0.0041793936127563,1280,171,1109,171,4504524117549.634375,0.00000326515126,147.7162615537390045,135.6576455312187463,0.505815825247773,0.5132060558989585,1.0190218811467315,0.5132060558989585,34802417110196444000,34657010215763548000,145406894432896000,true,true,54787545810.719323665751436,54558608445.38279156522411,228937365.336532100527326,true,true,175254626691012320000,174584350109635960000,670276581376360000,true,true,280433881539.604126694630385,279286109412.924618791018431,1147772126.679507903611954,true,true,351827433283329960000,350576689660676320000,1250743622653640000,true,true,569810950080.445588883455977,567601655272.312441515714612,2209294808.133147367741365,true,true
14,0x11b815efb8f581194ae79006d24e0d814b7697f6,25414961,-202699,1379575939644742857,16,S14_P16,-203300:-199920,0xc36442b4a4522e871399cd717abdd847ab11fe88:-203300:-199920,0xc36442b4a4522e871399cd717abdd847ab11fe88,-203300,-199920,3792946371544558,0.0027493567135719,3380,601,2779,601,1122173482705.4905325443786982,0.000000813419146,147.7162615537390045,135.6576455312187463,0.6344389647282003,0.3371740043670151,0.9716129690952154,0.6344389647282003,34802417110196444000,34706763833351636000,95653276844808000,true,true,54787545810.719323665751436,54636942972.650222535902428,150602838.069101129849008,true,true,175254626691012320000,174771977254249240000,482649436763080000,true,true,280433881539.604126694630385,279678905615.8516809433506875,754975923.7524457512796975,true,true,351827433283329960000,350864485573694080000,962947709635880000,true,true,569810950080.445588883455977,568357638305.8697581549819225,1453311774.5758307284740545,true,true
14,0x11b815efb8f581194ae79006d24e0d814b7697f6,25414961,-202699,1379575939644742857,17,S14_P17,-205050:-192620,0xc36442b4a4522e871399cd717abdd847ab11fe88:-205050:-192620,0xc36442b4a4522e871399cd717abdd847ab11fe88,-205050,-192620,3162737997976704,0.0022925436049509,12430,2351,10079,2351,254443925822.7436846339501207,0.0000001844363319,147.7162615537390045,135.6576455312187463,0.585826010512119,0.2810369000915602,0.8668629106036792,0.585826010512119,34802417110196444000,34722656445226020000,79760664970424000,true,true,54787545810.719323665751436,54661965779.143370869589422,125580031.575952796162014,true,true,175254626691012320000,174852171868908000000,402454822104320000,true,true,280433881539.604126694630385,279804365298.9749545990551585,629516240.6291720955752265,true,true,351827433283329960000,351024484087873560000,802949195456400000,true,true,569810950080.445588883455977,568599121085.0303381140838305,1211828995.4152507693721465,true,true
14,0x11b815efb8f581194ae79006d24e0d814b7697f6,25414961,-202699,1379575939644742857,18,S14_P18,-887270:887270,0xc36442b4a4522e871399cd717abdd847ab11fe88:-887270:887270,0xc36442b4a4522e871399cd717abdd847ab11fe88,-887270,887270,2890931413325999,0.0020955217688636,1774540,684571,1089969,684571,1629115947.415104196016996,0.0000000011808817,147.7162615537390045,135.6576455312187463,0.5349724997345535,0.256839298705408,0.7918117984399615,0.5349724997345535,34802417110196444000,34729511644841880000,72905465354564000,true,true,54787545810.719323665751436,54672758135.690012142471746,114787675.02931152327969,true,true,175254626691012320000,174886759660723760000,367867030288560000,true,true,280433881539.604126694630385,279858473412.075407928466349,575408127.528718766164036,true,true,351827433283329960000,351093490761057240000,733942522272720000,true,true,569810950080.445588883455977,568703270438.905708520503379,1107679641.539880362952598,true,true
14,0x11b815efb8f581194ae79006d24e0d814b7697f6,25414961,-202699,1379575939644742857,19,S14_P19,-202920:-201590,0xc36442b4a4522e871399cd717abdd847ab11fe88:-202920:-201590,0xc36442b4a4522e871399cd717abdd847ab11fe88,-202920,-201590,3953978711217748,0.0028660826835208,1330,221,1109,221,2972916324223.8706766917293233,0.0000021549493861,147.7162615537390045,135.6576455312187463,0.410959955519888,0.3515256990652918,0.7624856545851798,0.410959955519888,34802417110196444000,34702702556548352000,99714553648092000,true,true,54787545810.719323665751436,54630548351.081662563450442,156997459.637661102300994,true,true,175254626691012320000,174765556973343480000,489069717668840000,true,true,280433881539.604126694630385,279646846126.4356607309023925,787035413.1684659637279925,true,true,351827433283329960000,350870817426661160000,956615856668800000,true,true,569810950080.445588883455977,568295932990.6795447901997435,1515017089.7660440932562335,true,true
14,0x11b815efb8f581194ae79006d24e0d814b7697f6,25414961,-202699,1379575939644742857,20,S14_P20,-203050:-201420,0xc36442b4a4522e871399cd717abdd847ab11fe88:-203050:-201420,0xc36442b4a4522e871399cd717abdd847ab11fe88,-203050,-201420,3321959140789274,0.0024079567099762,1630,351,1279,351,2038011742815.505521472392638,0.0000014772740552,147.7162615537390045,135.6576455312187463,0.438310765902402,0.2952155406988757,0.7335263066012777,0.438310765902402,34802417110196444000,34718641244296260000,83775865900184000,true,true,54787545810.719323665751436,54655643522.76395990613315,131902287.955363759618286,true,true,175254626691012320000,174831911135533720000,422715555478600000,true,true,280433881539.604126694630385,279772668608.290043316410868,661212931.314083378219517,true,true,351827433283329960000,350984060919216320000,843372364113640000,true,true,569810950080.445588883455977,568538111166.7584634353216295,1272838913.6871254481343475,true,true
15,0x11b815efb8f581194ae79006d24e0d814b7697f6,25404961,-202679,1372020426053549274,1,S15_P1,-203180:-200820,0xc36442b4a4522e871399cd717abdd847ab11fe88:-203180:-200820,0xc36442b4a4522e871399cd717abdd847ab11fe88,-203180,-200820,1015513737925999911,0.7401593435798928,2360,501,1859,501,430302431324576.2334745762711864,0.0003136268405,146.913897708044128,135.1323305995067003,1115.693722090827429,249.8261752462629589,1365.5198973370903879,1115.693722090827429,34592754193178264000,8984329776747982500,25608424416430281500,true,true,54520747948.9568668935019788,14158720794.2826968228923406,40362027154.6741700706096382,true,true,174211079811504360000,45043484910128236000,129167594901376124000,true,true,280993236806.21601224949197,71646669716.429647117697328,209346567089.786365131794642,true,true,349809694767935560000,90508793935907825000,259300900832027735000,true,true,573605193427.401753974127915,161474513611.3132748084493,412130679816.088479165678615,true,true
15,0x11b815efb8f581194ae79006d24e0d814b7697f6,25404961,-202679,1372020426053549274,2,S15_P2,-203840:-193690,0xc36442b4a4522e871399cd717abdd847ab11fe88:-203840:-193690,0xc36442b4a4522e871399cd717abdd847ab11fe88,-203840,-193690,121974768461373800,0.0889015689163021,10150,1161,8989,1161,12017218567623.0344827586206897,0.0000087587752627,146.913897708044128,135.1323305995067003,42.0070993016668395,11.616234183032927,53.6233334846997665,42.0070993016668395,34592754193178264000,31518929185810824000,3073825007367440000,true,true,54520747948.9568668935019788,49671836300.8892911447195236,4848911648.0675757487824552,true,true,174211079811504360000,158691212675560200000,15519867135944160000,true,true,280993236806.21601224949197,256231969091.1055019405604725,24761267715.1105103089314975,true,true,349809694767935560000,318868101014793280000,30941593753142280000,true,true,573605193427.401753974127915,526299658814.3005662983785125,47305534613.1011876757494025,true,true
15,0x11b815efb8f581194ae79006d24e0d814b7697f6,25404961,-202679,1372020426053549274,3,S15_P3,-203520:-200040,0xc36442b4a4522e871399cd717abdd847ab11fe88:-203520:-200040,0xc36442b4a4522e871399cd717abdd847ab11fe88,-203520,-200040,43442553758780513,0.0316631975252276,3480,841,2639,841,12483492459419.6876436781609195,0.0000090986199785,146.913897708044128,135.1323305995067003,8.4040559568366945,3.9250579779152284,12.3291139347519229,8.4040559568366945,34592754193178264000,33498021055867908000,1094733137310356000,true,true,54520747948.9568668935019788,52793739413.212583355930108,1727008535.7442835375718708,true,true,174211079811504360000,168687934156250640000,5523145655253720000,true,true,280993236806.21601224949197,272216997900.0286584621040825,8776238906.1873537873878875,true,true,349809694767935560000,338799726050878920000,11009968717056640000,true,true,573605193427.401753974127915,556789664467.404508737436925,16815528959.99724523669099,true,true
15,0x11b815efb8f581194ae79006d24e0d814b7697f6,25404961,-202679,1372020426053549274,4,S15_P4,-205010:-190760,0xc36442b4a4522e871399cd717abdd847ab11fe88:-205010:-190760,0xc36442b4a4522e871399cd717abdd847ab11fe88,-205010,-190760,30283666877182300,0.0220723148884085,14250,2331,11919,2331,2125169605416.3017543859649123,0.0000015489343781,146.913897708044128,135.1323305995067003,5.8003640587326183,2.7128314939028187,8.513195552635437,5.8003640587326183,34592754193178264000,33829622261065812000,763131932112452000,true,true,54520747948.9568668935019788,53316853685.294337792792684,1203894263.6625291007092948,true,true,174211079811504360000,170361438396847560000,3849641414656800000,true,true,280993236806.21601224949197,274879928650.1375748091488275,6113308156.0784374403431425,true,true,349809694767935560000,342135880889551920000,7673813878383640000,true,true,573605193427.401753974127915,561886584485.6929956816245975,11718608941.7087582925033175,true,true
15,0x11b815efb8f581194ae79006d24e0d814b7697f6,25404961,-202679,1372020426053549274,5,S15_P5,-203530:-192890,0xc36442b4a4522e871399cd717abdd847ab11fe88:-203530:-192890,0xc36442b4a4522e871399cd717abdd847ab11fe88,-203530,-192890,17766195839534702,0.012948929551025,10640,851,9789,851,1669755248076.5697368421052632,0.0000012170046571,146.913897708044128,135.1323305995067003,3.201300831585361,1.5787119115718027,4.7800127431571637,3.201300831585361,34592754193178264000,34145058667375364000,447695525802900000,true,true,54520747948.9568668935019788,53814471172.9811440030180656,706276775.9757228904839132,true,true,174211079811504360000,171952946602885880000,2258133208618480000,true,true,280993236806.21601224949197,277409304374.2431182302935,3583932431.97289401919847,true,true,349809694767935560000,345308451466020960000,4501243301914600000,true,true,573605193427.401753974127915,566732227326.8824417578128125,6872966100.5193122163151025,true,true
15,0x11b815efb8f581194ae79006d24e0d814b7697f6,25404961,-202679,1372020426053549274,6,S15_P6,-203190:-199170,0xc36442b4a4522e871399cd717abdd847ab11fe88:-203190:-199170,0xc36442b4a4522e871399cd717abdd847ab11fe88,-203190,-199170,15336325105087858,0.0111779131081896,4020,511,3509,511,3815006245046.7308457711442786,0.0000027805754,146.913897708044128,135.1323305995067003,2.3390483985680225,1.3606688766736388,3.6997172752416613,2.3390483985680225,34592754193178264000,34206289881712024000,386464311466240000,true,true,54520747948.9568668935019788,53911067955.01147348699302,609679993.9453934065089588,true,true,174211079811504360000,172261839779951560000,1949240031552800000,true,true,280993236806.21601224949197,277899889254.423525980913385,3093347551.792486268578585,true,true,349809694767935560000,345924196294563480000,3885498473372080000,true,true,573605193427.401753974127915,567672545642.9420211677595725,5932647784.4597328063683425,true,true
15,0x11b815efb8f581194ae79006d24e0d814b7697f6,25404961,-202679,1372020426053549274,7,S15_P7,-205670:-192890,0xc36442b4a4522e871399cd717abdd847ab11fe88:-205670:-192890,0xc36442b4a4522e871399cd717abdd847ab11fe88,-205670,-192890,13398742248352511,0.0097657017300335,12780,2991,9789,2991,1048414886412.5595461658841941,0.0000007641394155,146.913897708044128,135.1323305995067003,2.4010179270083893,1.1872874310874955,3.5883053580958848,2.4010179270083893,34592754193178264000,34255115092087164000,337639101091100000,true,true,54520747948.9568668935019788,53988094216.209221431288632,532653732.7476454622133468,true,true,174211079811504360000,172508140053858720000,1702939757645640000,true,true,280993236806.21601224949197,278290987282.46496224640922,2702249523.75105000308275,true,true,349809694767935560000,346415166339904920000,3394528428030640000,true,true,573605193427.401753974127915,568422285914.6593316398014675,5182907512.7424223343264475,true,true
15,0x11b815efb8f581194ae79006d24e0d814b7697f6,25404961,-202679,1372020426053549274,8,S15_P8,-202960:-202010,0xc36442b4a4522e871399cd717abdd847ab11fe88:-202960:-202010,0xc36442b4a4522e871399cd717abdd847ab11fe88,-202960,-202010,16195028818365475,0.0118037811324344,950,281,669,281,17047398756174.1842105263157895,0.000012425032771,146.913897708044128,135.1323305995067003,1.885662685645372,1.4376464721243861,3.3233091577697581,1.885662685645372,34592754193178264000,34184651056110140000,408103137068124000,true,true,54520747948.9568668935019788,53876931132.9658029741323784,643816815.9910639193696004,true,true,174211079811504360000,172153938125137080000,2057141686367280000,true,true,280993236806.21601224949197,277726534234.175420887135025,3266702572.040591362356945,true,true,349809694767935560000,345710882786546840000,4098811981388720000,true,true,573605193427.401753974127915,567340253334.6825649489174925,6264940092.7191890252104225,true,true
15,0x11b815efb8f581194ae79006d24e0d814b7697f6,25404961,-202679,1372020426053549274,9,S15_P9,-203070:-201050,0xc36442b4a4522e871399cd717abdd847ab11fe88:-203070:-201050,0xc36442b4a4522e871399cd717abdd847ab11fe88,-203070,-201050,14491882956695774,0.0105624396557855,2020,391,1629,391,7174199483512.7594059405940594,0.0000052289305227,146.913897708044128,135.1323305995067003,1.9622295112684335,1.2850523908326112,3.2472819021010447,1.9622295112684335,34592754193178264000,34227569267896816000,365184925281448000,true,true,54520747948.9568668935019788,53944637878.8887507271717516,576110070.0681161663302272,true,true,174211079811504360000,172369184271066200000,1841895540438160000,true,true,280993236806.21601224949197,278070348921.2784608051544825,2922887884.9375514443374875,true,true,349809694767935560000,346138174882756960000,3671519885178600000,true,true,573605193427.401753974127915,567999307050.5975686629966575,5605886376.8041853111312575,true,true
15,0x11b815efb8f581194ae79006d24e0d814b7697f6,25404961,-202679,1372020426053549274,10,S15_P10,-205670:-196950,0xc36442b4a4522e871399cd717abdd847ab11fe88:-205670:-196950,0xc36442b4a4522e871399cd717abdd847ab11fe88,-205670,-196950,10887379047933520,0.0079352893303854,8720,2991,5729,2991,1248552643111.6422018348623853,0.0000009100102443,146.913897708044128,135.1323305995067003,1.9328312847822493,0.9632015027026439,2.8960327874848932,1.9328312847822493,34592754193178264000,34318401087890504000,274353105287760000,true,true,54520747948.9568668935019788,54087930921.84188475174084,432817027.1149821417611388,true,true,174211079811504360000,172827363362311960000,1383716449192400000,true,true,280993236806.21601224949197,278797777861.15572293195092,2195458945.06028931754105,true,true,349809694767935560000,347051494962393640000,2758199805541920000,true,true,573605193427.401753974127915,569393955771.9922943715774975,4211237655.4094596025504175,true,true
15,0x11b815efb8f581194ae79006d24e0d814b7697f6,25404961,-202679,1372020426053549274,11,S15_P11,-203210:-197150,0xc36442b4a4522e871399cd717abdd847ab11fe88:-203210:-197150,0xc36442b4a4522e871399cd717abdd847ab11fe88,-203210,-197150,10724049893069410,0.007816246529154,6060,531,5529,531,1769645196876.1402640264026403,0.0000012898096583,146.913897708044128,135.1323305995067003,1.650270704568668,0.9486527616197079,2.5989234661883759,1.650270704568668,34592754193178264000,34322515857592196000,270238335586068000,true,true,54520747948.9568668935019788,54094424110.371394989138774,426323838.5854719043632048,true,true,174211079811504360000,172848123659328760000,1362956152175600000,true,true,280993236806.21601224949197,278830732792.9232473826090475,2162504013.2927648668829225,true,true,349809694767935560000,347092877873814720000,2716816894120840000,true,true,573605193427.401753974127915,569457145729.6529663409472575,4148047697.7487876331806575,true,true
15,0x11b815efb8f581194ae79006d24e0d814b7697f6,25404961,-202679,1372020426053549274,12,S15_P12,-203930:-201920,0xc36442b4a4522e871399cd717abdd847ab11fe88:-203930:-201920,0xc36442b4a4522e871399cd717abdd847ab11fe88,-203930,-201920,5634422710017571,0.0041066609527267,2010,1251,759,759,2803195378118.1945273631840796,0.0000020431149019,146.913897708044128,135.1323305995067003,0.9813179424607293,0.4968060043788964,1.4781239468396257,0.9813179424607293,34592754193178264000,34450770437654300000,141983755523964000,true,true,54520747948.9568668935019788,54296756934.5568062564121204,223991014.4000606370898584,true,true,174211079811504360000,173495019802731560000,716060008772800000,true,true,280993236806.21601224949197,279857368553.2250685559752175,1135868252.9909436935167525,true,true,349809694767935560000,348382364040797200000,1427330727138360000,true,true,573605193427.401753974127915,571426038318.46262616557939,2179155108.939127808548525,true,true
15,0x11b815efb8f581194ae79006d24e0d814b7697f6,25404961,-202679,1372020426053549274,13,S15_P13,-203190:-197130,0xc36442b4a4522e871399cd717abdd847ab11fe88:-203190:-197130,0xc36442b4a4522e871399cd717abdd847ab11fe88,-203190,-197130,5247607549681962,0.0038247299020001,6060,511,5549,511,865941839881.5118811881188119,0.0000006311435482,146.913897708044128,135.1323305995067003,0.7887974348216668,0.4625851970381515,1.2513826318598183,0.7887974348216668,34592754193178264000,34460518215718956000,132235977459308000,true,true,54520747948.9568668935019788,54312134256.0887644289668212,208613692.8681024645351576,true,true,174211079811504360000,173544181828634240000,666897982870120000,true,true,280993236806.21601224949197,279935370111.117064253599405,1057866695.098947995892565,true,true,349809694767935560000,348480359698224160000,1329335069711400000,true,true,573605193427.401753974127915,571575658080.058808070502835,2029535347.34294590362508,true,true
15,0x11b815efb8f581194ae79006d24e0d814b7697f6,25404961,-202679,1372020426053549274,14,S15_P14,-203300:-199920,0xc36442b4a4522e871399cd717abdd847ab11fe88:-203300:-199920,0xc36442b4a4522e871399cd717abdd847ab11fe88,-203300,-199920,3792946371544558,0.0027644970144173,3380,621,2759,621,1122173482705.4905325443786982,0.000000817898525,146.913897708044128,135.1323305995067003,0.6108214714554913,0.334044803138291,0.9448662745937823,0.6108214714554913,34592754193178264000,34497174299297360000,95579893880904000,true,true,54520747948.9568668935019788,54369962952.1154564533469856,150784996.8414104401549932,true,true,174211079811504360000,173729056307182200000,482023504322160000,true,true,280993236806.21601224949197,280228675614.93010438506027,764561191.2859078644317,true,true,349809694767935560000,348848874161474440000,960820606461120000,true,true,573605193427.401753974127915,572138299058.33331479644036,1466894369.068439177687555,true,true
15,0x11b815efb8f581194ae79006d24e0d814b7697f6,25404961,-202679,1372020426053549274,15,S15_P15,-205050:-192620,0xc36442b4a4522e871399cd717abdd847ab11fe88:-205050:-192620,0xc36442b4a4522e871399cd717abdd847ab11fe88,-205050,-192620,3162737997976704,0.0023051683035609,12430,2371,10059,2371,254443925822.7436846339501207,0.0000001854519955,146.913897708044128,135.1323305995067003,0.5460043165569193,0.2784306631818715,0.8244349797387908,0.5460043165569193,34592754193178264000,34513055818921140000,79698374257124000,true,true,54520747948.9568668935019788,54395016392.0420952508714824,125731556.9147716426304964,true,true,174211079811504360000,173809148410368080000,401931401136280000,true,true,280993236806.21601224949197,280355731025.6547494950341475,637505780.5612627544578225,true,true,349809694767935560000,349008523138215320000,801171629720240000,true,true,573605193427.401753974127915,572382043380.3100614231385725,1223150047.0916925509893425,true,true
15,0x11b815efb8f581194ae79006d24e0d814b7697f6,25404961,-202679,1372020426053549274,16,S15_P16,-202920:-201590,0xc36442b4a4522e871399cd717abdd847ab11fe88:-202920:-201590,0xc36442b4a4522e871399cd717abdd847ab11fe88,-202920,-201590,3953978711217748,0.0028818657770212,1330,241,1089,241,2972916324223.8706766917293233,0.0000021668163737,146.913897708044128,135.1323305995067003,0.4210373314474275,0.3482626020599663,0.7692999335073938,0.4210373314474275,34592754193178264000,34493116134521416000,99638058656848000,true,true,54520747948.9568668935019788,54363561443.867416980908214,157186505.0894499125937648,true,true,174211079811504360000,173715692335688640000,495387475815720000,true,true,280993236806.21601224949197,280196208812.8405516431349475,797027993.3754606063570225,true,true,349809694767935560000,348832051402786480000,977643365149080000,true,true,573605193427.401753974127915,572076015988.99225576477511,1529177438.409498209352805,true,true
15,0x11b815efb8f581194ae79006d24e0d814b7697f6,25404961,-202679,1372020426053549274,17,S15_P17,-887270:887270,0xc36442b4a4522e871399cd717abdd847ab11fe88:-887270:887270,0xc36442b4a4522e871399cd717abdd847ab11fe88,-887270,887270,2890931413325999,0.0021070614973579,1774540,684591,1089949,684591,1629115947.415104196016996,0.0000000011873846,146.913897708044128,135.1323305995067003,0.4986007207599768,0.2544582176869422,0.753058938446919,0.4986007207599768,34592754193178264000,34519904843008328000,72849350169936000,true,true,54520747948.9568668935019788,54405821836.9553714213457924,114926112.0014954721561864,true,true,174211079811504360000,173843691629759040000,367388181745320000,true,true,280993236806.21601224949197,280410527197.180179812379965,582709609.035832437112005,true,true,349809694767935560000,349077378453357320000,732316314578240000,true,true,573605193427.401753974127915,572487167723.9229014351362825,1118025703.4788525389916325,true,true
15,0x11b815efb8f581194ae79006d24e0d814b7697f6,25404961,-202679,1372020426053549274,18,S15_P18,-203050:-201420,0xc36442b4a4522e871399cd717abdd847ab11fe88:-203050:-201420,0xc36442b4a4522e871399cd717abdd847ab11fe88,-203050,-201420,3321959140789274,0.0024212169714882,1630,371,1259,371,2038011742815.505521472392638,0.000001485409185,146.913897708044128,135.1323305995067003,0.4342056563299843,0.2924772863223093,0.7266829426522936,0.4342056563299843,34592754193178264000,34509042983725624000,83711209452640000,true,true,54520747948.9568668935019788,54388686566.2193867021842116,132061382.7374801913177672,true,true,174211079811504360000,173788913402966840000,422166408537520000,true,true,280993236806.21601224949197,280323631392.2541724539078325,669605413.9618397955841375,true,true,349809694767935560000,348968188331975960000,841506435959600000,true,true,573605193427.401753974127915,572320462303.0154620360413675,1284731124.3862919380865475,true,true
15,0x11b815efb8f581194ae79006d24e0d814b7697f6,25404961,-202679,1372020426053549274,19,S15_P19,-203310:-196260,0xc36442b4a4522e871399cd717abdd847ab11fe88:-203310:-196260,0xc36442b4a4522e871399cd717abdd847ab11fe88,-203310,-196260,2681743529024169,0.0019545944638287,7050,631,6419,631,380389153053.0736170212765957,0.0000002772474417,146.913897708044128,135.1323305995067003,0.433152064909053,0.2360142281538135,0.6691662930628665,0.433152064909053,34592754193178264000,34525175648371804000,67578544806460000,true,true,54520747948.9568668935019788,54414137782.4034312657315036,106610166.5534356277704752,true,true,174211079811504360000,173870276564617200000,340803246887160000,true,true,280993236806.21601224949197,280452697783.6472680013919775,540539022.5687442480999925,true,true,349809694767935560000,349130370556994040000,679324210941520000,true,true,573605193427.401753974127915,572568072368.24489380732423,1037121059.156860166803685,true,true
15,0x11b815efb8f581194ae79006d24e0d814b7697f6,25404961,-202679,1372020426053549274,20,S15_P20,-203130:-201120,0xc36442b4a4522e871399cd717abdd847ab11fe88:-203130:-201120,0xc36442b4a4522e871399cd717abdd847ab11fe88,-203130,-201120,2749308635660849,0.0020038394352254,2010,451,1559,451,1367815241622.3129353233830846,0.0000009969350424,146.913897708044128,135.1323305995067003,0.3911761840501553,0.2419708728396374,0.6331470568897927,0.3911761840501553,34592754193178264000,34523472857131920000,69281336046344000,true,true,54520747948.9568668935019788,54411451624.6584091927558524,109296324.2984577007461264,true,true,174211079811504360000,173861690028610200000,349389782894160000,true,true,280993236806.21601224949197,280439077303.791437936729575,554159502.424574312762395,true,true,349809694767935560000,349113254832004600000,696439935930960000,true,true,573605193427.401753974127915,572541941257.502777988518855,1063252169.89897598560906,true,true
16,0x11b815efb8f581194ae79006d24e0d814b7697f6,25394961,-202397,1657547148426668279,1,S16_P1,-203180:-200820,0xc36442b4a4522e871399cd717abdd847ab11fe88:-203180:-200820,0xc36442b4a4522e871399cd717abdd847ab11fe88,-203180,-200820,1015513737925999911,0.6126605441600368,2360,783,1577,783,430302431324576.2334745762711864,0.0002596019254915,131.5869123897671878,120.5733172774490005,741.5725635489283497,200.7185969016357082,942.2911604505640579,741.5725635489283497,40602779091856248000,15058681965173212000,25544097126683036000,true,true,66821725076.5581057940384152,25942919849.5467115056460972,40878805227.011394288392318,true,true,194861723083916480000,68646446513135340000,126215276570781140000,true,true,336397556842.9856520486538976,130486662343.7003092059556424,205910894499.2853428426982552,true,true,386433178650787160000,125158526963282800000,261274651687504360000,true,true,674575239267.8834669366847344,259989674440.5319885812983312,414585564827.3514783553864032,true,true
16,0x11b815efb8f581194ae79006d24e0d814b7697f6,25394961,-202397,1657547148426668279,2,S16_P2,-202590:-201150,0xc36442b4a4522e871399cd717abdd847ab11fe88:-202590:-201150,0xc36442b4a4522e871399cd717abdd847ab11fe88,-202590,-201150,174431682197401549,0.1052348238558226,1440,193,1247,193,121133112637084.4090277777777778,0.0000730797387888,131.5869123897671878,120.5733172774490005,12.495720870071964,14.1952639755235474,26.6909848455955114,14.1952639755235474,40602779091856248000,36130578094207732000,4472200997648516000,true,true,66821725076.5581057940384152,59789921398.0778291565223253,7031803678.4802766375160899,true,true,194861723083916480000,174044057338725080000,20817665745191400000,true,true,336397556842.9856520486538976,301233093888.8809250661293072,35164462954.1047269825245904,true,true,386433178650787160000,345833713576708680000,40599465074078480000,true,true,674575239267.8834669366847344,604567825838.4748835838663584,70007413429.408583352818376,true,true
16,0x11b815efb8f581194ae79006d24e0d814b7697f6,25394961,-202397,1657547148426668279,3,S16_P3,-203840:-193690,0xc36442b4a4522e871399cd717abdd847ab11fe88:-203840:-193690,0xc36442b4a4522e871399cd717abdd847ab11fe88,-203840,-193690,121974768461373800,0.0735875106642676,10150,1443,8707,1443,12017218567623.0344827586206897,0.0000072500010507,131.5869123897671878,120.5733172774490005,12.206143023531239,9.5758856054259584,21.7820286289571974,12.206143023531239,40602779091856248000,37475675686525588000,3127103405330660000,true,true,66821725076.5581057940384152,61904480669.8999822699548509,4917244406.6581235240835643,true,true,194861723083916480000,179236844405769720000,15624878678146760000,true,true,336397556842.9856520486538976,311835481878.0309536447235008,24562074964.9546984039303968,true,true,386433178650787160000,354550691517896520000,31882487132890640000,true,true,674575239267.8834669366847344,625691460405.0785602511496896,48883778862.8049066855350448,true,true
16,0x11b815efb8f581194ae79006d24e0d814b7697f6,25394961,-202397,1657547148426668279,4,S16_P4,-202410:-202170,0xc36442b4a4522e871399cd717abdd847ab11fe88:-202410:-202170,0xc36442b4a4522e871399cd717abdd847ab11fe88,-202410,-202170,121760077773879775,0.0734579875386673,240,13,227,13,507333657391165.7291666666666667,0.0003060749480778,131.5869123897671878,120.5733172774490005,0.9936833465111557,7.9373981139830485,8.9310814604942042,7.9373981139830485,40602779091856248000,38180918927664216000,2421860164192032000,true,true,66821725076.5581057940384152,61913135628.5875342353527635,4908589447.9705715586856517,true,true,194861723083916480000,191233525431762080000,3628197652154400000,true,true,336397556842.9856520486538976,312066884288.385417404342168,24330672554.6002346443117296,true,true,386433178650787160000,382551249131706800000,3881929519080360000,true,true,674575239267.8834669366847344,626360641743.9485557382189696,48214597523.9349111984657648,true,true
16,0x11b815efb8f581194ae79006d24e0d814b7697f6,25394961,-202397,1657547148426668279,5,S16_P5,-203520:-200040,0xc36442b4a4522e871399cd717abdd847ab11fe88:-203520:-200040,0xc36442b4a4522e871399cd717abdd847ab11fe88,-203520,-200040,43336118720480811,0.0261447276245597,3480,1123,2357,1123,12452907678299.0836206896551724,0.0000075128527657,131.5869123897671878,120.5733172774490005,4.08232281920542,3.2311352166005705,7.3134580358059905,4.08232281920542,40602779091856248000,39491970503668872000,1110808588187376000,true,true,66821725076.5581057940384152,65074689275.0349517259222857,1747035801.5231540681161295,true,true,194861723083916480000,189311476181259720000,5550246902656760000,true,true,336397556842.9856520486538976,327686360012.5678211114775152,8711196830.4178309371763824,true,true,386433178650787160000,375131889956806320000,11301288693980840000,true,true,674575239267.8834669366847344,657246014568.39614781310208,17329224699.4873191235826544,true,true
16,0x11b815efb8f581194ae79006d24e0d814b7697f6,25394961,-202397,1657547148426668279,6,S16_P6,-205010:-190760,0xc36442b4a4522e871399cd717abdd847ab11fe88:-205010:-190760,0xc36442b4a4522e871399cd717abdd847ab11fe88,-205010,-190760,30283666877182300,0.0182701692111306,14250,2613,11637,2613,2125169605416.3017543859649123,0.0000012821171376,131.5869123897671878,120.5733172774490005,2.825288729803445,2.2392591192242206,5.0645478490276656,2.825288729803445,40602779091856248000,39826569886156016000,776209205700232000,true,true,66821725076.5581057940384152,65600880852.4333339648969035,1220844224.1247718291415117,true,true,194861723083916480000,190983456437515280000,3878266646401200000,true,true,336397556842.9856520486538976,330311928073.9451134908109184,6085628769.0405385578429792,true,true,386433178650787160000,378538945764647280000,7894232886139880000,true,true,674575239267.8834669366847344,662469935549.7446039679020864,12105303718.138862968782648,true,true
16,0x11b815efb8f581194ae79006d24e0d814b7697f6,25394961,-202397,1657547148426668279,7,S16_P7,-203530:-192890,0xc36442b4a4522e871399cd717abdd847ab11fe88:-203530:-192890,0xc36442b4a4522e871399cd717abdd847ab11fe88,-203530,-192890,17766195839534702,0.010718365300437,10640,1133,9507,1133,1669755248076.5697368421052632,0.0000010073651598,131.5869123897671878,120.5733172774490005,1.6423112440786835,1.3033378172116582,2.9456490612903417,1.6423112440786835,40602779091856248000,40147428914222148000,455350177634100000,true,true,66821725076.5581057940384152,66105505417.184439970120322,716219659.3736658239180932,true,true,194861723083916480000,192586696166987920000,2275026916928560000,true,true,336397556842.9856520486538976,332828404176.2518863540365984,3569152666.7337656946172992,true,true,386433178650787160000,381803794138786200000,4629384512000960000,true,true,674575239267.8834669366847344,667476094753.858807141756928,7099144514.0246597949278064,true,true
16,0x11b815efb8f581194ae79006d24e0d814b7697f6,25394961,-202397,1657547148426668279,8,S16_P8,-203190:-199170,0xc36442b4a4522e871399cd717abdd847ab11fe88:-203190:-199170,0xc36442b4a4522e871399cd717abdd847ab11fe88,-203190,-199170,15336325105087858,0.0092524216397977,4020,793,3227,793,3815006245046.7308457711442786,0.0000023015974228,131.5869123897671878,120.5733172774490005,1.4151789543727372,1.1233640554856001,2.5385430098583373,1.4151789543727372,40602779091856248000,40209710684595320000,393068407260928000,true,true,66821725076.5581057940384152,66203462301.4504651006836732,618262775.107640693354742,true,true,194861723083916480000,192897885204216560000,1963837879699920000,true,true,336397556842.9856520486538976,333316729279.1981296554530336,3080827563.787522393200864,true,true,386433178650787160000,382437263165231400000,3995915485555760000,true,true,674575239267.8834669366847344,668447466864.4628998529045984,6127772403.420567083780136,true,true
16,0x11b815efb8f581194ae79006d24e0d814b7697f6,25394961,-202397,1657547148426668279,9,S16_P9,-203070:-201050,0xc36442b4a4522e871399cd717abdd847ab11fe88:-203070:-201050,0xc36442b4a4522e871399cd717abdd847ab11fe88,-203070,-201050,14491882956695774,0.0087429687719299,2020,673,1347,673,7174199483512.7594059405940594,0.0000043282023623,131.5869123897671878,120.5733172774490005,1.3364332210443122,1.0609471383021124,2.3973803593464246,1.3364332210443122,40602779091856248000,40231354572894828000,371424518961420000,true,true,66821725076.5581057940384152,66237504820.9315495103334012,584220255.626556283705014,true,true,194861723083916480000,193006028997543920000,1855694086372560000,true,true,336397556842.9856520486538976,333486421851.4851529744515008,2911134991.5004990742023968,true,true,386433178650787160000,382657386985289240000,3775791665497920000,true,true,674575239267.8834669366847344,668785011916.7811393732505472,5790227351.1023275634341872,true,true
16,0x11b815efb8f581194ae79006d24e0d814b7697f6,25394961,-202397,1657547148426668279,10,S16_P10,-205670:-192890,0xc36442b4a4522e871399cd717abdd847ab11fe88:-205670:-192890,0xc36442b4a4522e871399cd717abdd847ab11fe88,-205670,-192890,13398742248352511,0.008083475791968,12780,3273,9507,3273,1048414886412.5595461658841941,0.0000006325098429,131.5869123897671878,120.5733172774490005,1.2346398813322742,0.9802458866267259,2.2148857679590001,1.2346398813322742,40602779091856248000,40259372402499048000,343406689357200000,true,true,66821725076.5581057940384152,66281573279.5269979869011664,540151797.0311078071372488,true,true,194861723083916480000,193146020273018400000,1715702810898080000,true,true,336397556842.9856520486538976,333706081098.3012222775472096,2691475744.684429771106688,true,true,386433178650787160000,382942322190069960000,3490856460717200000,true,true,674575239267.8834669366847344,669221943820.544355909430184,5353295447.3391110272545504,true,true
16,0x11b815efb8f581194ae79006d24e0d814b7697f6,25394961,-202397,1657547148426668279,11,S16_P11,-205670:-196950,0xc36442b4a4522e871399cd717abdd847ab11fe88:-205670:-196950,0xc36442b4a4522e871399cd717abdd847ab11fe88,-205670,-196950,10887379047933520,0.0065683676378483,8720,3273,5447,3273,1248552643111.6422018348623853,0.0000007532531695,131.5869123897671878,120.5733172774490005,1.001394830440966,0.7952627873327607,1.7966576177737267,1.001394830440966,40602779091856248000,40323741259063780000,279037832792468000,true,true,66821725076.5581057940384152,66382815420.0602449942971056,438909656.4978607997413096,true,true,194861723083916480000,193467625983117240000,1394097100799240000,true,true,336397556842.9856520486538976,334210680073.1547510025381136,2186876769.830901046115784,true,true,386433178650787160000,383596852377160600000,2836326273626560000,true,true,674575239267.8834669366847344,670225640044.400431910514296,4349599223.4830350261704384,true,true
16,0x11b815efb8f581194ae79006d24e0d814b7697f6,25394961,-202397,1657547148426668279,12,S16_P12,-203210:-197150,0xc36442b4a4522e871399cd717abdd847ab11fe88:-203210:-197150,0xc36442b4a4522e871399cd717abdd847ab11fe88,-203210,-197150,10724049893069410,0.0064698309808253,6060,813,5247,813,1769645196876.1402640264026403,0.0000010676288747,131.5869123897671878,120.5733172774490005,0.9862549838978647,0.7832523534914527,1.7695073373893174,0.9862549838978647,40602779091856248000,40327927724297424000,274851367558824000,true,true,66821725076.5581057940384152,66389399809.4640542452367839,432325267.0940515488016313,true,true,194861723083916480000,193488541765952000000,1373181317964480000,true,true,336397556842.9856520486538976,334243495192.8093467298870464,2154061650.1763053187668512,true,true,386433178650787160000,383639416930774520000,2793761720012640000,true,true,674575239267.8834669366847344,670290911639.1023739778809728,4284327628.7810929588037616,true,true
16,0x11b815efb8f581194ae79006d24e0d814b7697f6,25394961,-202397,1657547148426668279,13,S16_P13,-202980:-200960,0xc36442b4a4522e871399cd717abdd847ab11fe88:-202980:-200960,0xc36442b4a4522e871399cd717abdd847ab11fe88,-202980,-200960,5752565575006063,0.0034705290769354,2020,583,1437,583,2847804740102.0113861386138614,0.0000017180837015,131.5869123897671878,120.5733172774490005,0.5271377297544855,0.4188459659527367,0.9459836957072222,0.5271377297544855,40602779091856248000,40455346715102160000,147432376754088000,true,true,66821725076.5581057940384152,66589818336.707469536690153,231906739.8506362573482622,true,true,194861723083916480000,194125153776371400000,736569307545080000,true,true,336397556842.9856520486538976,335242215666.8504426106257552,1155341176.1352094380281424,true,true,386433178650787160000,384934797318117120000,1498381332670040000,true,true,674575239267.8834669366847344,672277380039.7987763651893424,2297859228.084690571495392,true,true
16,0x11b815efb8f581194ae79006d24e0d814b7697f6,25394961,-202397,1657547148426668279,14,S16_P14,-202540:-200820,0xc36442b4a4522e871399cd717abdd847ab11fe88:-202540:-200820,0xc36442b4a4522e871399cd717abdd847ab11fe88,-202540,-200820,7115547737579695,0.0042928177001383,1720,143,1577,143,4136946359057.9622093023255814,0.0000024958242443,131.5869123897671878,120.5733172774490005,0.401767761145635,0.5185263397785744,0.9202941009242094,0.5185263397785744,40602779091856248000,40420414373413708000,182364718442540000,true,true,66821725076.5581057940384152,66534871592.3982214137891308,286853484.1598843802492844,true,true,194861723083916480000,194075386563947360000,786336519969120000,true,true,336397556842.9856520486538976,334968429538.8347154836358032,1429127304.1509365650180944,true,true,386433178650787160000,384957604370977560000,1475574279809600000,true,true,674575239267.8834669366847344,671732826333.0542244632694176,2842412934.8292424734153168,true,true
16,0x11b815efb8f581194ae79006d24e0d814b7697f6,25394961,-202397,1657547148426668279,15,S16_P15,-203190:-197130,0xc36442b4a4522e871399cd717abdd847ab11fe88:-203190:-197130,0xc36442b4a4522e871399cd717abdd847ab11fe88,-203190,-197130,5247607549681962,0.0031658873502711,6060,793,5267,793,865941839881.5118811881188119,0.0000005224236552,131.5869123897671878,120.5733172774490005,0.4806898421933612,0.3819593940891732,0.8626492362825344,0.4806898421933612,40602779091856248000,40468288720360464000,134490371495784000,true,true,66821725076.5581057940384152,66610175022.4143593282163969,211550054.1437464658220183,true,true,194861723083916480000,194189812207328280000,671910876588200000,true,true,336397556842.9856520486538976,335343643516.469198367205568,1053913326.5164536814483296,true,true,386433178650787160000,385066346977338240000,1366831673448920000,true,true,674575239267.8834669366847344,672479115745.696327326482936,2096123522.1871396102017984,true,true
16,0x11b815efb8f581194ae79006d24e0d814b7697f6,25394961,-202397,1657547148426668279,16,S16_P16,-202920:-201590,0xc36442b4a4522e871399cd717abdd847ab11fe88:-202920:-201590,0xc36442b4a4522e871399cd717abdd847ab11fe88,-202920,-201590,3953978711217748,0.0023854396630412,1330,523,807,523,2972916324223.8706766917293233,0.0000017935636564,131.5869123897671878,120.5733172774490005,0.360966149564627,0.2875674109338892,0.6485335604985162,0.360966149564627,40602779091856248000,40501443576021012000,101335515835236000,true,true,66821725076.5581057940384152,66662325883.2099280331712776,159399193.3481777608671376,true,true,194861723083916480000,194355455559390560000,506267524525920000,true,true,336397556842.9856520486538976,335603476129.3623010452768416,794080713.623351003377056,true,true,386433178650787160000,385403338603538200000,1029840047248960000,true,true,674575239267.8834669366847344,672995906223.383583694791152,1579333044.4998832418935824,true,true
16,0x11b815efb8f581194ae79006d24e0d814b7697f6,25394961,-202397,1657547148426668279,17,S16_P17,-203300:-199920,0xc36442b4a4522e871399cd717abdd847ab11fe88:-203300:-199920,0xc36442b4a4522e871399cd717abdd847ab11fe88,-203300,-199920,3792946371544558,0.0022882886771244,3380,903,2477,903,1122173482705.4905325443786982,0.0000006770084844,131.5869123897671878,120.5733172774490005,0.347074560490838,0.2758280502244933,0.6229026107153313,0.347074560490838,40602779091856248000,40505570384746948000,97208707109300000,true,true,66821725076.5581057940384152,66668817679.6793482867240608,152907396.8787575073143544,true,true,194861723083916480000,194376074762963640000,485648320952840000,true,true,336397556842.9856520486538976,335635819171.8000886282284368,761737671.1855634204254608,true,true,386433178650787160000,385445285676547800000,987892974239360000,true,true,674575239267.8834669366847344,673060234199.0813412788357648,1515005068.8021256578489696,true,true
16,0x11b815efb8f581194ae79006d24e0d814b7697f6,25394961,-202397,1657547148426668279,18,S16_P18,-203050:-201420,0xc36442b4a4522e871399cd717abdd847ab11fe88:-203050:-201420,0xc36442b4a4522e871399cd717abdd847ab11fe88,-203050,-201420,3321959140789274,0.0020041415678235,1630,653,977,653,2038011742815.505521472392638,0.0000012295347042,131.5869123897671878,120.5733172774490005,0.3038731077469052,0.2415063138946473,0.5453794216415525,0.3038731077469052,40602779091856248000,40517641942727848000,85137149128400000,true,true,66821725076.5581057940384152,66687804879.69706887174297,133920196.8610369222954452,true,true,194861723083916480000,194436381777435960000,425341306480520000,true,true,336397556842.9856520486538976,335730414815.157177268049456,667142027.8284747806044416,true,true,386433178650787160000,385567970184337360000,865208466449800000,true,true,674575239267.8834669366847344,673248377143.0954954827102752,1326862124.7879714539744592,true,true
16,0x11b815efb8f581194ae79006d24e0d814b7697f6,25394961,-202397,1657547148426668279,19,S16_P19,-205050:-192620,0xc36442b4a4522e871399cd717abdd847ab11fe88:-205050:-192620,0xc36442b4a4522e871399cd717abdd847ab11fe88,-205050,-192620,3162737997976704,0.0019080832789455,12430,2653,9777,2653,254443925822.7436846339501207,0.0000001535062976,131.5869123897671878,120.5733172774490005,0.2892751941975887,0.2299081213851786,0.5191833155827673,0.2892751941975887,40602779091856248000,40521722344717756000,81056747138492000,true,true,66821725076.5581057940384152,66694223660.2685042714950644,127501416.2896015225433508,true,true,194861723083916480000,194456768763849680000,404954320066800000,true,true,336397556842.9856520486538976,335762393344.5623863758904448,635163498.4232656727634528,true,true,386433178650787160000,385609443708809160000,823734941978000000,true,true,674575239267.8834669366847344,673311979276.8718102124166512,1263259991.0116567242680832,true,true
16,0x11b815efb8f581194ae79006d24e0d814b7697f6,25394961,-202397,1657547148426668279,20,S16_P20,-887270:887270,0xc36442b4a4522e871399cd717abdd847ab11fe88:-887270:887270,0xc36442b4a4522e871399cd717abdd847ab11fe88,-887270,887270,2890931413325999,0.0017441020703816,1774540,684873,1089667,684873,1629115947.415104196016996,0.0000000009828474,131.5869123897671878,120.5733172774490005,0.264362832015592,0.2101141500344116,0.4744769820500036,0.264362832015592,40602779091856248000,40528688564077916000,74090527778332000,true,true,66821725076.5581057940384152,66705181167.5047056654368744,116543909.0534001286015408,true,true,194861723083916480000,194491571381811000000,370151702105480000,true,true,336397556842.9856520486538976,335816983208.6425434362034176,580573634.34310861245048,true,true,386433178650787160000,385680242307905880000,752936342881280000,true,true,674575239267.8834669366847344,673420553252.4145016847809168,1154686015.4689652519038176,true,true
17,0x11b815efb8f581194ae79006d24e0d814b7697f6,25384961,-202135,1620350909397487632,1,S17_P1,-203180:-200820,0xc36442b4a4522e871399cd717abdd847ab11fe88:-203180:-200820,0xc36442b4a4522e871399cd717abdd847ab11fe88,-203180,-200820,1015513737925999911,0.6267245767792417,2360,1045,1315,1045,430302431324576.2334745762711864,0.0002655612613471,127.0469721392077443,126.3646662481196595,403.045359461589345,229.4784311235661081,632.5237905851554531,403.045359461589345,39710867179672764000,14772998919992688000,24937868259680076000,true,true,66221117293.107021763369305,24869267654.685133374779735,41351849638.42188838858957,true,true,197661000815801480000,73286527813188075000,124374473002613405000,true,true,331713341972.836896628355072,126261590815.1954268008218628,205451751157.6414698275332092,true,true,394393985944423400000,138730359330842800000,255663626613580600000,true,true,662777825609.8605005040574016,247346570149.5648153510365984,415431255460.2956851530208032,true,true
17,0x11b815efb8f581194ae79006d24e0d814b7697f6,25384961,-202135,1620350909397487632,2,S17_P2,-202590:-201150,0xc36442b4a4522e871399cd717abdd847ab11fe88:-202590:-201150,0xc36442b4a4522e871399cd717abdd847ab11fe88,-202590,-201150,174431682197401549,0.1076505596323344,1440,455,985,455,121133112637084.4090277777777778,0.000074757333078,127.0469721392077443,126.3646662481196595,15.70305438437853,15.532741155478985,31.235795539857515,15.70305438437853,39710867179672764000,35433567458137320000,4277299721535444000,true,true,66221117293.107021763369305,59116075860.200739549923075,7105041432.90628221344623,true,true,197661000815801480000,176073157746534760000,21587843069266720000,true,true,331713341972.836896628355072,295939953538.2535597704860552,35773388434.5833368578690168,true,true,394393985944423400000,350805192898058360000,43588793046365040000,true,true,662777825609.8605005040574016,590558811540.7123155467465192,72219014069.1481849573108824,true,true
17,0x11b815efb8f581194ae79006d24e0d814b7697f6,25384961,-202135,1620350909397487632,3,S17_P3,-203840:-193690,0xc36442b4a4522e871399cd717abdd847ab11fe88:-203840:-193690,0xc36442b4a4522e871399cd717abdd847ab11fe88,-203840,-193690,121974768461373800,0.0752767611965787,10150,1705,8445,1705,12017218567623.0344827586206897,0.0000074164296745,127.0469721392077443,126.3646662481196595,10.8933904591323625,10.4730551838927099,21.3664456430250724,10.8933904591323625,39710867179672764000,36719864903297172000,2991002276375592000,true,true,66221117293.107021763369305,61251479005.08642475352617,4969638288.020597009843135,true,true,197661000815801480000,182559889241480600000,15101111574320880000,true,true,331713341972.836896628355072,306683940133.9702745985465032,25029401838.8666220298085688,true,true,394393985944423400000,363916282511904840000,30477703432518560000,true,true,662777825609.8605005040574016,612270257082.411232388954084,50507568527.4492681151033176,true,true
17,0x11b815efb8f581194ae79006d24e0d814b7697f6,25384961,-202135,1620350909397487632,4,S17_P4,-203520:-200040,0xc36442b4a4522e871399cd717abdd847ab11fe88:-203520:-200040,0xc36442b4a4522e871399cd717abdd847ab11fe88,-203520,-200040,43336118720480811,0.0267448973362165,3480,1385,2095,1385,12452907678299.0836206896551724,0.0000076853153265,127.0469721392077443,126.3646662481196595,3.6560551498218575,3.5315733968874696,7.1876285467093271,3.6560551498218575,39710867179672764000,38648194043257232000,1062673136415532000,true,true,66221117293.107021763369305,64454737959.57690657865697,1766379333.530115184712335,true,true,197661000815801480000,192293489149792680000,5367511666008800000,true,true,331713341972.836896628355072,322814102643.8163532112431112,8899239329.0205434171119608,true,true,394393985944423400000,383567622276267080000,10826363668156320000,true,true,662777825609.8605005040574016,644830332650.8620138348363752,17947492958.9984866692210264,true,true
17,0x11b815efb8f581194ae79006d24e0d814b7697f6,25384961,-202135,1620350909397487632,5,S17_P5,-202250:-202010,0xc36442b4a4522e871399cd717abdd847ab11fe88:-202250:-202010,0xc36442b4a4522e871399cd717abdd847ab11fe88,-202250,-202010,61226136179001698,0.0377857264274737,240,115,125,115,255108900745840.4083333333333333,0.0001574405267811,127.0469721392077443,126.3646662481196595,2.8110934867140007,2.940948852076633,5.7520423387906337,2.940948852076633,39710867179672764000,38209503154760700000,1501364024912064000,true,true,66221117293.107021763369305,63725780735.899503939637825,2495336557.20751782373148,true,true,197661000815801480000,191521622741497760000,6139378074303720000,true,true,331713341972.836896628355072,321188956153.7817499840092776,10524385819.0551466443457944,true,true,394393985944423400000,383569468492964280000,10824517451459120000,true,true,662777825609.8605005040574016,643740949295.6900271125354984,19036876314.1704733915219032,true,true
17,0x11b815efb8f581194ae79006d24e0d814b7697f6,25384961,-202135,1620350909397487632,6,S17_P6,-205010:-190760,0xc36442b4a4522e871399cd717abdd847ab11fe88:-205010:-190760,0xc36442b4a4522e871399cd717abdd847ab11fe88,-205010,-190760,30283666877182300,0.0186895731668661,14250,2875,11375,2875,2125169605416.3017543859649123,0.0000013115489942,127.0469721392077443,126.3646662481196595,2.531630716059635,2.4472225654942772,4.9788532815539122,2.531630716059635,39710867179672764000,38968260876563452000,742606303109312000,true,true,66221117293.107021763369305,64986668245.920230066403965,1234449047.18679169696534,true,true,197661000815801480000,193909915987742800000,3751084828058680000,true,true,331713341972.836896628355072,325493777318.8060265261402096,6219564654.0308701022148624,true,true,394393985944423400000,386828700947627040000,7565284996796360000,true,true,662777825609.8605005040574016,650235704854.2677361747881672,12542120755.5927643292692344,true,true
17,0x11b815efb8f581194ae79006d24e0d814b7697f6,25384961,-202135,1620350909397487632,7,S17_P7,-203530:-192890,0xc36442b4a4522e871399cd717abdd847ab11fe88:-203530:-192890,0xc36442b4a4522e871399cd717abdd847ab11fe88,-203530,-192890,17766195839534702,0.010964412545762,10640,1395,9245,1395,1669755248076.5697368421052632,0.0000010304899009,127.0469721392077443,126.3646662481196595,1.4723525014884652,1.4242447088437763,2.8965972103322415,1.4723525014884652,39710867179672764000,39275209436291700000,435657743381064000,true,true,66221117293.107021763369305,65496866375.94098212049469,724250917.166039642874615,true,true,197661000815801480000,195460274847866200000,2200725967935280000,true,true,331713341972.836896628355072,328064194242.162779121114356,3649147730.674117507240716,true,true,394393985944423400000,389955902049757800000,4438083894665600000,true,true,662777825609.8605005040574016,655419741563.6394633662780096,7358084046.221037137779392,true,true
17,0x11b815efb8f581194ae79006d24e0d814b7697f6,25384961,-202135,1620350909397487632,8,S17_P8,-203190:-199170,0xc36442b4a4522e871399cd717abdd847ab11fe88:-203190:-199170,0xc36442b4a4522e871399cd717abdd847ab11fe88,-203190,-199170,15336325105087858,0.0094648171677767,4020,1055,2965,1055,3815006245046.7308457711442786,0.0000023544321313,127.0469721392077443,126.3646662481196595,1.2688481938678027,1.2275527001228341,2.4964008939906368,1.2688481938678027,39710867179672764000,39334793703680524000,376073475992240000,true,true,66221117293.107021763369305,65595914021.90975420991309,625203271.197267553456215,true,true,197661000815801480000,195761247581364480000,1899753234437000000,true,true,331713341972.836896628355072,328563223215.4205373428895032,3150118757.4163592854655688,true,true,394393985944423400000,390562923367232480000,3831062577190920000,true,true,662777825609.8605005040574016,656426080915.1497213245614312,6351744694.7107791794959704,true,true
17,0x11b815efb8f581194ae79006d24e0d814b7697f6,25384961,-202135,1620350909397487632,9,S17_P9,-203070:-201050,0xc36442b4a4522e871399cd717abdd847ab11fe88:-203070:-201050,0xc36442b4a4522e871399cd717abdd847ab11fe88,-203070,-201050,14491882956695774,0.0089436694685378,2020,935,1085,935,7174199483512.7594059405940594,0.0000044275591428,127.0469721392077443,126.3646662481196595,1.1982849872555327,1.1593394103460933,2.357624397601626,1.1982849872555327,39710867179672764000,39355501164322280000,355366015350484000,true,true,66221117293.107021763369305,65630335828.560901310007245,590781464.54612045336206,true,true,197661000815801480000,195865844682807680000,1795156132993800000,true,true,331713341972.836896628355072,328736652949.2382833083566016,2976689023.5986133199984704,true,true,394393985944423400000,390773876800931200000,3620109143492200000,true,true,662777825609.8605005040574016,656775811104.9398642757291728,6002014504.9206362283282288,true,true
17,0x11b815efb8f581194ae79006d24e0d814b7697f6,25384961,-202135,1620350909397487632,10,S17_P10,-205670:-192890,0xc36442b4a4522e871399cd717abdd847ab11fe88:-205670:-192890,0xc36442b4a4522e871399cd717abdd847ab11fe88,-205670,-192890,13398742248352511,0.0082690373860652,12780,3535,9245,3535,1048414886412.5595461658841941,0.0000006470295294,127.0469721392077443,126.3646662481196595,1.107062067190959,1.0711450877405752,2.1782071549315342,1.107062067190959,39710867179672764000,39382306957580128000,328560222092636000,true,true,66221117293.107021763369305,65674896064.93310695813423,546221228.173914805235075,true,true,197661000815801480000,196001248135742360000,1659752680059120000,true,true,331713341972.836896628355072,328961163823.9652345880423224,2752178148.8716620403127496,true,true,394393985944423400000,391046957056413720000,3347028888009680000,true,true,662777825609.8605005040574016,657228542424.7035557991603848,5549283185.1569447048970168,true,true
17,0x11b815efb8f581194ae79006d24e0d814b7697f6,25384961,-202135,1620350909397487632,11,S17_P11,-205670:-196950,0xc36442b4a4522e871399cd717abdd847ab11fe88:-205670:-196950,0xc36442b4a4522e871399cd717abdd847ab11fe88,-205670,-196950,10887379047933520,0.006719148910764,8720,3535,5185,3535,1248552643111.6422018348623853,0.0000007705445999,127.0469721392077443,126.3646662481196595,0.8980078571370647,0.8689918778988873,1.766999735035952,0.8980078571370647,39710867179672764000,39443889596705800000,266977582966964000,true,true,66221117293.107021763369305,65777269617.349364430626265,443847675.75765733274304,true,true,197661000815801480000,196312326546771880000,1348674269029600000,true,true,331713341972.836896628355072,329476966315.4704986411859928,2236375657.3663979871690792,true,true,394393985944423400000,391674320474186080000,2719665470237320000,true,true,662777825609.8605005040574016,658268644835.0687392165247,4509180774.7917612875327016,true,true
17,0x11b815efb8f581194ae79006d24e0d814b7697f6,25384961,-202135,1620350909397487632,12,S17_P12,-203210:-197150,0xc36442b4a4522e871399cd717abdd847ab11fe88:-203210:-197150,0xc36442b4a4522e871399cd717abdd847ab11fe88,-203210,-197150,10724049893069410,0.0066183502788646,6060,1075,4985,1075,1769645196876.1402640264026403,0.0000010921370097,127.0469721392077443,126.3646662481196595,0.884436822862692,0.8558669307658067,1.7403037536284987,0.884436822862692,39710867179672764000,39447894271743380000,262972907929384000,true,true,66221117293.107021763369305,65783927551.751106866257355,437189741.35591489711195,true,true,197661000815801480000,196332558142128000000,1328442673673480000,true,true,331713341972.836896628355072,329510512546.1929845560486576,2202829426.6439120723064144,true,true,394393985944423400000,391715121421571440000,2678864522851960000,true,true,662777825609.8605005040574016,658336289136.134461225307984,4441536473.7260392787494176,true,true
17,0x11b815efb8f581194ae79006d24e0d814b7697f6,25384961,-202135,1620350909397487632,13,S17_P13,-202170:-195270,0xc36442b4a4522e871399cd717abdd847ab11fe88:-202170:-195270,0xc36442b4a4522e871399cd717abdd847ab11fe88,-202170,-195270,13496553483379004,0.0083294016160966,6900,35,6865,35,1956022243967.9715942028985507,0.0000012071596545,127.0469721392077443,126.3646662481196595,0.2484231888911232,1.0790314936256628,1.327454682516786,1.0790314936256628,39710867179672764000,39379908305697428000,330958873975336000,true,true,66221117293.107021763369305,65670908869.542747804237895,550208423.56427395913141,true,true,197661000815801480000,196817453408327520000,843547407473960000,true,true,331713341972.836896628355072,328941074874.9981994828685672,2772267097.8386971454865048,true,true,394393985944423400000,393381996858314840000,1011989086108560000,true,true,662777825609.8605005040574016,657188033159.738436667208624,5589792450.1220638368487776,true,true
17,0x11b815efb8f581194ae79006d24e0d814b7697f6,25384961,-202135,1620350909397487632,14,S17_P14,-202370:-199390,0xc36442b4a4522e871399cd717abdd847ab11fe88:-202370:-199390,0xc36442b4a4522e871399cd717abdd847ab11fe88,-202370,-199390,8598449546185490,0.0053065354524859,2980,235,2745,235,2885385753753.5201342281879195,0.0000017807165948,127.0469721392077443,126.3646662481196595,0.593632328262378,0.6853033859242897,1.2789357141866677,0.6853033859242897,39710867179672764000,39500018117776408000,210849061896356000,true,true,66221117293.107021763369305,65870578194.788783115991175,350539098.31823864737813,true,true,197661000815801480000,196601480503606120000,1059520312195360000,true,true,331713341972.836896628355072,329947102141.9524255827646104,1766239830.8844710455904616,true,true,394393985944423400000,392263119743780280000,2130866200643120000,true,true,662777825609.8605005040574016,659216630513.516397575595764,3561195096.3441029284616376,true,true
17,0x11b815efb8f581194ae79006d24e0d814b7697f6,25384961,-202135,1620350909397487632,15,S17_P15,-202540:-200820,0xc36442b4a4522e871399cd717abdd847ab11fe88:-202540:-200820,0xc36442b4a4522e871399cd717abdd847ab11fe88,-202540,-200820,7115547737579695,0.0043913622020464,1720,405,1315,405,4136946359057.9622093023255814,0.0000025531175593,127.0469721392077443,126.3646662481196595,0.5687273479644847,0.5665831042459145,1.1353104522103992,0.5687273479644847,39710867179672764000,39536381501687488000,174485677985276000,true,true,66221117293.107021763369305,65931030535.738584558244765,290086757.36843720512454,true,true,197661000815801480000,196779549109880760000,881451705920720000,true,true,331713341972.836896628355072,330251693216.7807163125707696,1461648756.0561803157843024,true,true,394393985944423400000,392616543687980840000,1777442256442560000,true,true,662777825609.8605005040574016,659830794091.7270777353433648,2947031518.1334227687140368,true,true
17,0x11b815efb8f581194ae79006d24e0d814b7697f6,25384961,-202135,1620350909397487632,16,S17_P16,-202980:-200960,0xc36442b4a4522e871399cd717abdd847ab11fe88:-202980:-200960,0xc36442b4a4522e871399cd717abdd847ab11fe88,-202980,-200960,5752565575006063,0.0035501973934431,2020,845,1175,845,2847804740102.0113861386138614,0.0000017575234621,127.0469721392077443,126.3646662481196595,0.4728099603700055,0.4576597198715135,0.930469680241519,0.4728099603700055,39710867179672764000,39569804208913120000,141062970759644000,true,true,66221117293.107021763369305,65986594844.93033702644319,234522448.176684736926115,true,true,197661000815801480000,196948387134212280000,712613681589200000,true,true,331713341972.836896628355072,330531658959.8567074957249088,1181683012.9801891326301632,true,true,394393985944423400000,392957018501204840000,1436967443218560000,true,true,662777825609.8605005040574016,660395293561.056849409045952,2382532048.8036510950114496,true,true
17,0x11b815efb8f581194ae79006d24e0d814b7697f6,25384961,-202135,1620350909397487632,17,S17_P17,-203190:-197130,0xc36442b4a4522e871399cd717abdd847ab11fe88:-203190:-197130,0xc36442b4a4522e871399cd717abdd847ab11fe88,-203190,-197130,5247607549681962,0.0032385624121588,6060,1055,5005,1055,865941839881.5118811881188119,0.0000005344162396,127.0469721392077443,126.3646662481196595,0.4311576186363475,0.4173533840765805,0.848511002712928,0.4311576186363475,39710867179672764000,39582186905497628000,128680274175136000,true,true,66221117293.107021763369305,66007180753.21970137800074,213936539.887320385368565,true,true,197661000815801480000,197010938716533400000,650062099268080000,true,true,331713341972.836896628355072,330635382176.4691777273356632,1077959796.3677189010194088,true,true,394393985944423400000,393083156906096000000,1310829038327400000,true,true,662777825609.8605005040574016,660604429813.6728669639608888,2173395796.1876335400965128,true,true
17,0x11b815efb8f581194ae79006d24e0d814b7697f6,25384961,-202135,1620350909397487632,18,S17_P18,-203300:-199920,0xc36442b4a4522e871399cd717abdd847ab11fe88:-203300:-199920,0xc36442b4a4522e871399cd717abdd847ab11fe88,-203300,-199920,3792946371544558,0.0023408178744164,3380,1165,2215,1165,1122173482705.4905325443786982,0.000000692549667,127.0469721392077443,126.3646662481196595,0.3113283036101942,0.3013842031081972,0.6127125067183914,0.3113283036101942,39710867179672764000,39617857452651904000,93009727020860000,true,true,66221117293.107021763369305,66066483359.50646793188613,154633933.600553831483175,true,true,197661000815801480000,197191136327510040000,469864488291440000,true,true,331713341972.836896628355072,330934188345.583120331761088,779153627.253776296593984,true,true,394393985944423400000,393446529086251160000,947456858172240000,true,true,662777825609.8605005040574016,661206902182.4656579291365872,1570923427.3948425749208144,true,true
17,0x11b815efb8f581194ae79006d24e0d814b7697f6,25384961,-202135,1620350909397487632,19,S17_P19,-203050:-201420,0xc36442b4a4522e871399cd717abdd847ab11fe88:-203050:-201420,0xc36442b4a4522e871399cd717abdd847ab11fe88,-203050,-201420,3321959140789274,0.0020501479781466,1630,915,715,715,2038011742815.505521472392638,0.0000012577594958,127.0469721392077443,126.3646662481196595,0.272581369177483,0.2638815246575846,0.5364628938350676,0.272581369177483,39710867179672764000,39629406855235040000,81460324437724000,true,true,66221117293.107021763369305,66085684960.68324845638564,135432332.423773306983665,true,true,197661000815801480000,197249480789522680000,411520026278800000,true,true,331713341972.836896628355072,331030937003.99505560035358,682404968.841841028001492,true,true,394393985944423400000,393564180247752680000,829805696670720000,true,true,662777825609.8605005040574016,661401970117.157859381826232,1375855492.7026411222311696,true,true
17,0x11b815efb8f581194ae79006d24e0d814b7697f6,25384961,-202135,1620350909397487632,20,S17_P20,-202140:-200580,0xc36442b4a4522e871399cd717abdd847ab11fe88:-202140:-200580,0xc36442b4a4522e871399cd717abdd847ab11fe88,-202140,-200580,3270890407098832,0.0020186308953997,1560,5,1555,5,2096724619935.1487179487179487,0.0000012939941637,127.0469721392077443,126.3646662481196595,0.01114998258095,0.2598164901787717,0.2709664727597217,0.2598164901787717,39710867179672764000,39675560075113216000,35307104559548000,true,true,66221117293.107021763369305,66087766446.511592884313075,133350846.59542887905623,true,true,197661000815801480000,197617581604483520000,43419211317960000,true,true,331713341972.836896628355072,331041427210.8471805628653856,671914761.9897160654896864,true,true,394393985944423400000,394349297382311480000,44688562111920000,true,true,662777825609.8605005040574016,661423121135.3747380671683936,1354704474.485762436889008,true,true
18,0x11b815efb8f581194ae79006d24e0d814b7697f6,25374961,-201694,1623457338782541393,1,S18_P1,-203180:-200820,0xc36442b4a4522e871399cd717abdd847ab11fe88:-203180:-200820,0xc36442b4a4522e871399cd717abdd847ab11fe88,-203180,-200820,1015513737925999911,0.6255253610098256,2360,1486,874,874,430302431324576.2334745762711864,0.000265053119072,128.4947953881168225,128.9033705468269555,316.6547968348812398,236.0866379295870256,552.7414347644682654,316.6547968348812398,38960949312657224000,14595286595653372000,24365662717003852000,true,true,67789241891.176582854204691,25385320811.910777519503158,42403921079.265805334701533,true,true,195679342372297280000,73237992277993290000,122441350094303990000,true,true,338965985466.03772714490727,126927393733.0090236373409577,212038591733.0287035075663123,true,true,392012983334724400000,138058956561871880000,253954026772852520000,true,true,677953815921.676988446716,250543696083.11298278967369,427410119838.56400565704231,true,true
18,0x11b815efb8f581194ae79006d24e0d814b7697f6,25374961,-201694,1623457338782541393,2,S18_P2,-202000:-200560,0xc36442b4a4522e871399cd717abdd847ab11fe88:-202000:-200560,0xc36442b4a4522e871399cd717abdd847ab11fe88,-202000,-200560,165600044051825778,0.1020045553990425,1440,306,1134,306,115000030591545.6791666666666667,0.0000708364968049,128.4947953881168225,128.9033705468269555,13.3462650650949938,14.8545589456106248,28.2008240107056186,14.8545589456106248,38960949312657224000,34989500869743228000,3971448442913996000,true,true,67789241891.176582854204691,60874387302.272453473545895,6914854588.904129380658796,true,true,195679342372297280000,175525371787104080000,20153970585193200000,true,true,338965985466.03772714490727,304393880036.67327939404292,34572105429.36444775086435,true,true,392012983334724400000,351474079436151280000,40538903898573120000,true,true,677953815921.676988446716,608817966945.57336872672493,69135848976.10361971999107,true,true
18,0x11b815efb8f581194ae79006d24e0d814b7697f6,25374961,-201694,1623457338782541393,3,S18_P3,-203840:-193690,0xc36442b4a4522e871399cd717abdd847ab11fe88:-203840:-193690,0xc36442b4a4522e871399cd717abdd847ab11fe88,-203840,-193690,121974768461373800,0.0751327217214373,10150,2146,8004,2146,12017218567623.0344827586206897,0.0000074022385932,128.4947953881168225,128.9033705468269555,10.9447997897249683,10.6169667532050324,21.5617665429300007,10.9447997897249683,38960949312657224000,36035755447830728000,2925193864826496000,true,true,67789241891.176582854204691,62696019929.576066425973206,5093221961.600516428231485,true,true,195679342372297280000,180834839746467440000,14844502625829840000,true,true,338965985466.03772714490727,313501927531.22892492448077,25464057934.8088022204265,true,true,392012983334724400000,362165108710691080000,29847874624033320000,true,true,677953815921.676988446716,627032042859.6141489273081,50921773062.0628395194079,true,true
18,0x11b815efb8f581194ae79006d24e0d814b7697f6,25374961,-201694,1623457338782541393,4,S18_P4,-201860:-201400,0xc36442b4a4522e871399cd717abdd847ab11fe88:-201860:-201400,0xc36442b4a4522e871399cd717abdd847ab11fe88,-201860,-201400,64565824010359323,0.039770570170189,460,166,294,166,140360486979042.0065217391304348,0.0000864577612395,128.4947953881168225,128.9033705468269555,3.7657850793617903,4.8419379317890466,8.6077230111508369,4.8419379317890466,38960949312657224000,37412551569380136000,1548397743277088000,true,true,67789241891.176582854204691,65093208055.114046977164466,2696033836.062535877040225,true,true,195679342372297280000,188477524167991440000,7201818204305840000,true,true,338965985466.03772714490727,325487009650.61818251557925,13478975815.41954462932802,true,true,392012983334724400000,378283079551873560000,13729903782850840000,true,true,677953815921.676988446716,650999088050.78762176824288,26954727870.88936667847312,true,true
18,0x11b815efb8f581194ae79006d24e0d814b7697f6,25374961,-201694,1623457338782541393,5,S18_P5,-203520:-200040,0xc36442b4a4522e871399cd717abdd847ab11fe88:-203520:-200040,0xc36442b4a4522e871399cd717abdd847ab11fe88,-203520,-200040,43336118720480811,0.0266937219015434,3480,1826,1654,1654,12452907678299.0836206896551724,0.0000076706097418,128.4947953881168225,128.9033705468269555,3.6751915522503658,3.5808063883066421,7.2559979405570079,3.6751915522503658,38960949312657224000,37921679725950116000,1039269586707108000,true,true,67789241891.176582854204691,65979683209.829069377885948,1809558681.347513476318743,true,true,195679342372297280000,190405927622736640000,5273414749560640000,true,true,338965985466.03772714490727,329919014825.31003969304413,9046970640.72768745186314,true,true,392012983334724400000,381416354769149600000,10596628565574800000,true,true,677953815921.676988446716,659862001608.83496894554571,18091814312.84201950117029,true,true
18,0x11b815efb8f581194ae79006d24e0d814b7697f6,25374961,-201694,1623457338782541393,6,S18_P6,-205010:-190760,0xc36442b4a4522e871399cd717abdd847ab11fe88:-205010:-190760,0xc36442b4a4522e871399cd717abdd847ab11fe88,-205010,-190760,30283666877182300,0.0186538113159737,14250,3316,10934,3316,2125169605416.3017543859649123,0.0000013090393906,128.4947953881168225,128.9033705468269555,2.5454935660665513,2.4814159061380492,5.0269094722046005,2.5454935660665513,38960949312657224000,38234700506993944000,726248805663280000,true,true,67789241891.176582854204691,66524706187.030927493013814,1264535704.145655361190877,true,true,195679342372297280000,191994352814238800000,3684989558058480000,true,true,338965985466.03772714490727,332643890343.5492128580082,6322095122.48851428689907,true,true,392012983334724400000,384608930205299400000,7404053129425000000,true,true,677953815921.676988446716,665311096657.06792271004567,12642719264.60906573667033,true,true
18,0x11b815efb8f581194ae79006d24e0d814b7697f6,25374961,-201694,1623457338782541393,7,S18_P7,-202110:-200230,0xc36442b4a4522e871399cd717abdd847ab11fe88:-202110:-200230,0xc36442b4a4522e871399cd717abdd847ab11fe88,-202110,-200230,16819834977408074,0.0103605032147143,1880,416,1464,416,8946720732663.8691489361702128,0.0000055109059653,128.4947953881168225,128.9033705468269555,1.359563987927288,1.3664385543195157,2.7260025422468037,1.3664385543195157,38960949312657224000,38557584600257988000,403364712399236000,true,true,67789241891.176582854204691,67086906863.256593067105901,702335027.91998978709879,true,true,195679342372297280000,193632739602979120000,2046602769318160000,true,true,338965985466.03772714490727,335454638642.58125146387743,3511346823.45647568102984,true,true,392012983334724400000,387901262088234160000,4111721246490240000,true,true,677953815921.676988446716,670931931081.33521211788844,7021884840.34177632882756,true,true
18,0x11b815efb8f581194ae79006d24e0d814b7697f6,25374961,-201694,1623457338782541393,8,S18_P8,-203190:-199170,0xc36442b4a4522e871399cd717abdd847ab11fe88:-203190:-199170,0xc36442b4a4522e871399cd717abdd847ab11fe88,-203190,-199170,15336325105087858,0.0094467065679649,4020,1496,2524,1496,3815006245046.7308457711442786,0.000002349927007,128.4947953881168225,128.9033705468269555,1.2761611029071663,1.2447480216032033,2.5209091245103696,1.2761611029071663,38960949312657224000,38593161439992212000,367787872665012000,true,true,67789241891.176582854204691,67148852725.17842692870471,640389165.998155925499981,true,true,195679342372297280000,193813258053037720000,1866084319259560000,true,true,338965985466.03772714490727,335764339855.48390533943704,3201645610.55382180547023,true,true,392012983334724400000,388263972634377240000,3749010700347160000,true,true,677953815921.676988446716,671551261517.80587281348022,6402554403.87111563323578,true,true
18,0x11b815efb8f581194ae79006d24e0d814b7697f6,25374961,-201694,1623457338782541393,9,S18_P9,-203070:-201050,0xc36442b4a4522e871399cd717abdd847ab11fe88:-203070:-201050,0xc36442b4a4522e871399cd717abdd847ab11fe88,-203070,-201050,14491882956695774,0.0089265560667972,2020,1376,644,644,7174199483512.7594059405940594,0.0000044190871618,128.4947953881168225,128.9033705468269555,1.2052116367653215,1.1755815108584332,2.3807931476237547,1.2052116367653215,38960949312657224000,38613412661038808000,347536651618416000,true,true,67789241891.176582854204691,67184113405.748466924779785,605128485.428115929424906,true,true,195679342372297280000,193916011923156120000,1763330449141160000,true,true,338965985466.03772714490727,335940627885.79980505797441,3025357580.23792208693286,true,true,392012983334724400000,388470429559495480000,3542553775228920000,true,true,677953815921.676988446716,671903796347.08991881638981,6050019574.58706963032619,true,true
18,0x11b815efb8f581194ae79006d24e0d814b7697f6,25374961,-201694,1623457338782541393,10,S18_P10,-202170:-195270,0xc36442b4a4522e871399cd717abdd847ab11fe88:-202170:-195270,0xc36442b4a4522e871399cd717abdd847ab11fe88,-202170,-195270,13496553483379004,0.0083134635946149,6900,476,6424,476,1956022243967.9715942028985507,0.0000012048497963,128.4947953881168225,128.9033705468269555,1.1122770221439773,1.0941510084281207,2.206428030572098,1.1122770221439773,38960949312657224000,38637282180126432000,323667132530792000,true,true,67789241891.176582854204691,67225675060.707759256184668,563566830.468823598020023,true,true,195679342372297280000,194037125403617480000,1642216968679800000,true,true,338965985466.03772714490727,336148415387.19759223760157,2817570078.8401349073057,true,true,392012983334724400000,388713772192656760000,3299211142067640000,true,true,677953815921.676988446716,672319323037.2845101355715,5634492884.3924783111445,true,true
18,0x11b815efb8f581194ae79006d24e0d814b7697f6,25374961,-201694,1623457338782541393,11,S18_P11,-205670:-192890,0xc36442b4a4522e871399cd717abdd847ab11fe88:-205670:-192890,0xc36442b4a4522e871399cd717abdd847ab11fe88,-205670,-192890,13398742248352511,0.0082532148694467,12780,3976,8804,3976,1048414886412.5595461658841941,0.0000006457914608,128.4947953881168225,128.9033705468269555,1.1134858461004435,1.0861543776594771,2.1996402237599206,1.1134858461004435,38960949312657224000,38639628052783316000,321321259873908000,true,true,67789241891.176582854204691,67229758863.117467253748678,559483028.059115600456013,true,true,195679342372297280000,194049027307173800000,1630315065123480000,true,true,338965985466.03772714490727,336168834463.99833435536685,2797151002.03939278954042,true,true,392012983334724400000,388737685271228720000,3275298063495680000,true,true,677953815921.676988446716,672360156761.06030732717943,5593659160.61668111953657,true,true
18,0x11b815efb8f581194ae79006d24e0d814b7697f6,25374961,-201694,1623457338782541393,12,S18_P12,-205670:-196950,0xc36442b4a4522e871399cd717abdd847ab11fe88:-205670:-196950,0xc36442b4a4522e871399cd717abdd847ab11fe88,-205670,-196950,10887379047933520,0.0067062920520586,8720,3976,4744,3976,1248552643111.6422018348623853,0.0000007690701895,128.4947953881168225,128.9033705468269555,0.903264052083852,0.8811736251838248,1.7844376772676768,0.903264052083852,38960949312657224000,38699854258105904000,261095054551320000,true,true,67789241891.176582854204691,67334624537.741042215804438,454617353.435540638400253,true,true,195679342372297280000,194354611482636120000,1324730889661160000,true,true,338965985466.03772714490727,336693112817.59890264247419,2272872648.43882450243308,true,true,392012983334724400000,389351651673335920000,2661331661388480000,true,true,677953815921.676988446716,673408591892.60100981266916,4545224029.07597863404684,true,true
18,0x11b815efb8f581194ae79006d24e0d814b7697f6,25374961,-201694,1623457338782541393,13,S18_P13,-203210:-197150,0xc36442b4a4522e871399cd717abdd847ab11fe88:-203210:-197150,0xc36442b4a4522e871399cd717abdd847ab11fe88,-203210,-197150,10724049893069410,0.00660568629485,6060,1516,4544,1516,1769645196876.1402640264026403,0.0000010900472434,128.4947953881168225,128.9033705468269555,0.889616475538773,0.8678650160554413,1.7574814915942143,0.889616475538773,38960949312657224000,38703770920611084000,257178392046140000,true,true,67789241891.176582854204691,67341444401.971843634824429,447797489.204739219380262,true,true,195679342372297280000,194374485399308760000,1304856972988520000,true,true,338965985466.03772714490727,336727209663.30359770370697,2238775802.7341294412003,true,true,392012983334724400000,389391580575250360000,2621402759474040000,true,true,677953815921.676988446716,673476777882.44827351140183,4477038039.22871493531417,true,true
18,0x11b815efb8f581194ae79006d24e0d814b7697f6,25374961,-201694,1623457338782541393,14,S18_P14,-202370:-199390,0xc36442b4a4522e871399cd717abdd847ab11fe88:-202370:-199390,0xc36442b4a4522e871399cd717abdd847ab11fe88,-202370,-199390,8598449546185490,0.0052963815807033,2980,676,2304,676,2885385753753.5201342281879195,0.0000017773092553,128.4947953881168225,128.9033705468269555,0.7122753303624508,0.6949137852295533,1.4071891155920041,0.7122753303624508,38960949312657224000,38754745692886712000,206203619770512000,true,true,67789241891.176582854204691,67430201930.544144310962349,359039960.632438543242342,true,true,195679342372297280000,194633126054449840000,1046216317847440000,true,true,338965985466.03772714490727,337170955281.64145322950694,1795030184.39627391540033,true,true,392012983334724400000,389911211244518760000,2101772090205640000,true,true,677953815921.676988446716,674364166163.35335640552335,3589649758.32363204119265,true,true
18,0x11b815efb8f581194ae79006d24e0d814b7697f6,25374961,-201694,1623457338782541393,15,S18_P15,-202240:-200570,0xc36442b4a4522e871399cd717abdd847ab11fe88:-202240:-200570,0xc36442b4a4522e871399cd717abdd847ab11fe88,-202240,-200570,7335650844648730,0.004518536255563,1670,546,1124,546,4392605296196.844311377245509,0.0000027057103327,128.4947953881168225,128.9033705468269555,0.6071566057998535,0.5923845446192354,1.1995411504190889,0.6071566057998535,38960949312657224000,38785029774935632000,175919537721592000,true,true,67789241891.176582854204691,67482931527.740861362388356,306310363.435721491816335,true,true,195679342372297280000,194786780554556840000,892561817740440000,true,true,338965985466.03772714490727,337434579681.70712404909263,1531405784.33060309581464,true,true,392012983334724400000,390219908110299920000,1793075224424480000,true,true,677953815921.676988446716,674891354686.28396058960984,3062461235.39302785710616,true,true
18,0x11b815efb8f581194ae79006d24e0d814b7697f6,25374961,-201694,1623457338782541393,16,S18_P16,-201940:-198000,0xc36442b4a4522e871399cd717abdd847ab11fe88:-201940:-198000,0xc36442b4a4522e871399cd717abdd847ab11fe88,-201940,-198000,6908418761684097,0.004255374377047,3940,246,3694,246,1753405777077.1819796954314721,0.0000010800442581,128.4947953881168225,128.9033705468269555,0.4825560012769053,0.5577336096778552,1.0402896109547605,0.5577336096778552,38960949312657224000,38795275371164252000,165673941492972000,true,true,67789241891.176582854204691,67500771266.271218148945052,288470624.905364705259639,true,true,195679342372297280000,194840163520419560000,839178851877720000,true,true,338965985466.03772714490727,337523769529.89564853798395,1442215936.14207860692332,true,true,392012983334724400000,390328627083479760000,1684356251244640000,true,true,677953815921.676988446716,675069714032.79150615627663,2884101888.88548229043937,true,true
18,0x11b815efb8f581194ae79006d24e0d814b7697f6,25374961,-201694,1623457338782541393,17,S18_P17,-202980:-200960,0xc36442b4a4522e871399cd717abdd847ab11fe88:-202980:-200960,0xc36442b4a4522e871399cd717abdd847ab11fe88,-202980,-200960,5752565575006063,0.0035434042137011,2020,1286,734,734,2847804740102.0113861386138614,0.0000017541605018,128.4947953881168225,128.9033705468269555,0.475626093855421,0.4640808235696365,0.9397069174250575,0.475626093855421,38960949312657224000,38822994201457500000,137955111199724000,true,true,67789241891.176582854204691,67549035325.338369951503194,240206565.838212902701497,true,true,195679342372297280000,194979404844072320000,699937528224960000,true,true,338965985466.03772714490727,337765067909.65658710275093,1200917556.38114004215634,true,true,392012983334724400000,390606889169223160000,1406094165501240000,true,true,677953815921.676988446716,675552255454.58489431474674,2401560467.09209413196926,true,true
18,0x11b815efb8f581194ae79006d24e0d814b7697f6,25374961,-201694,1623457338782541393,18,S18_P18,-203190:-197130,0xc36442b4a4522e871399cd717abdd847ab11fe88:-203190:-197130,0xc36442b4a4522e871399cd717abdd847ab11fe88,-203190,-197130,5247607549681962,0.0032323655351592,6060,1496,4564,1496,865941839881.5118811881188119,0.0000005333936527,128.4947953881168225,128.9033705468269555,0.433729975863189,0.4232094671093103,0.8569394429724993,0.433729975863189,38960949312657224000,38835104177759724000,125845134897500000,true,true,67789241891.176582854204691,67570120553.577580540890343,219121337.599002313314348,true,true,195679342372297280000,195040846125180160000,638496247117120000,true,true,338965985466.03772714490727,337870483870.0586998447332,1095501595.97902730017407,true,true,392012983334724400000,390730322266141080000,1282661068583320000,true,true,677953815921.676988446716,675763063460.08026668837868,2190752461.59672175833732,true,true
18,0x11b815efb8f581194ae79006d24e0d814b7697f6,25374961,-201694,1623457338782541393,19,S18_P19,-203300:-199920,0xc36442b4a4522e871399cd717abdd847ab11fe88:-203300:-199920,0xc36442b4a4522e871399cd717abdd847ab11fe88,-203300,-199920,3792946371544558,0.0023363388004941,3380,1606,1774,1606,1122173482705.4905325443786982,0.0000006912244972,128.4947953881168225,128.9033705468269555,0.313194790510978,0.3056140614346463,0.6188088519456243,0.313194790510978,38960949312657224000,38869988598672340000,90960713984884000,true,true,67789241891.176582854204691,67630862086.283137821159394,158379804.893445033045297,true,true,195679342372297280000,195217842320199080000,461500052098200000,true,true,338965985466.03772714490727,338174162096.17961533324932,791823369.85811181165795,true,true,392012983334724400000,391085895736588440000,927087598135960000,true,true,677953815921.676988446716,676370350247.05472193958347,1583465674.62226650713253,true,true
18,0x11b815efb8f581194ae79006d24e0d814b7697f6,25374961,-201694,1623457338782541393,20,S18_P20,-203050:-201420,0xc36442b4a4522e871399cd717abdd847ab11fe88:-203050:-201420,0xc36442b4a4522e871399cd717abdd847ab11fe88,-203050,-201420,3321959140789274,0.0020462250910027,1630,1356,274,274,2038011742815.505521472392638,0.0000012553528166,128.4947953881168225,128.9033705468269555,0.274218072548051,0.2374533602048245,0.5116714327528755,0.274218072548051,38960949312657224000,38881284074249968000,79665238407256000,true,true,67789241891.176582854204691,67650528760.117641813998443,138713131.058941040206248,true,true,195679342372297280000,195275149637308720000,404192734988560000,true,true,338965985466.03772714490727,338272486424.79362204229096,693499041.24410510261631,true,true,392012983334724400000,391201020439110800000,811962895613600000,true,true,677953815921.676988446716,676566976314.81365795666544,1386839606.86333049005056,true,true
19,0x11b815efb8f581194ae79006d24e0d814b7697f6,25364961,-201769,1647421755765092252,1,S19_P1,-203180:-200820,0xc36442b4a4522e871399cd717abdd847ab11fe88:-203180:-200820,0xc36442b4a4522e871399cd717abdd847ab11fe88,-203180,-200820,1015513737925999911,0.6164260817682216,2360,1411,949,949,430302431324576.2334745762711864,0.0002611974922747,126.55267310942457,128.9424168241307613,325.6620319173381915,238.4666445394398619,564.1286764567780534,325.6620319173381915,39689073158758340000,15232544693341864000,24456528465416476000,true,true,68531780250.7821582652788224,26287023552.0421859276729856,42244756698.7399723376058368,true,true,199750829044759920000,76442229975505630000,123308599069254290000,true,true,339541710552.624500458600448,131321537868.072355591758272,208220172684.552144866842176,true,true,400557759482469640000,141070291923425760000,259487467559043880000,true,true,675909358639.16434948420608,252663704314.320014703250432,423245654324.844334780955648,true,true
19,0x11b815efb8f581194ae79006d24e0d814b7697f6,25364961,-201769,1647421755765092252,2,S19_P2,-202000:-200560,0xc36442b4a4522e871399cd717abdd847ab11fe88:-202000:-200560,0xc36442b4a4522e871399cd717abdd847ab11fe88,-202000,-200560,165600044051825778,0.1005207339725328,1440,231,1209,231,115000030591545.6791666666666667,0.0000698060652587,126.55267310942457,128.9424168241307613,11.8381301458459043,15.1201349392714916,26.9582650851173959,15.1201349392714916,39689073158758340000,35702854721217980000,3986218437540360000,true,true,68531780250.7821582652788224,61642915399.5302646060820992,6888864851.2518936591967232,true,true,199750829044759920000,179703720432517000000,20047108612242920000,true,true,339541710552.624500458600448,304934652393.49371748370432,34607058159.130782974896128,true,true,400557759482469640000,360574678073356920000,39983081409112720000,true,true,675909358639.16434948420608,605679469521.585599636429312,70229889117.578749847776768,true,true
19,0x11b815efb8f581194ae79006d24e0d814b7697f6,25364961,-201769,1647421755765092252,3,S19_P3,-203840:-193690,0xc36442b4a4522e871399cd717abdd847ab11fe88:-203840:-193690,0xc36442b4a4522e871399cd717abdd847ab11fe88,-203840,-193690,121974768461373800,0.0740397946272881,10150,2071,8079,2071,12017218567623.0344827586206897,0.000007294561047,126.55267310942457,128.9424168241307613,10.8432993355133933,10.8015378080511014,21.6448371435644947,10.8432993355133933,39689073158758340000,36753004421269060000,2936068737489280000,true,true,68531780250.7821582652788224,63457701315.5715575759021568,5074078935.2106006893766656,true,true,199750829044759920000,184722261348427400000,15028567696332520000,true,true,339541710552.624500458600448,314034251224.266474393243648,25507459328.3580260653568,true,true,400557759482469640000,370264780756142880000,30292978726326760000,true,true,675909358639.16434948420608,624172686897.32244982307584,51736671741.84189966113024,true,true
19,0x11b815efb8f581194ae79006d24e0d814b7697f6,25364961,-201769,1647421755765092252,4,S19_P4,-202000:-201650,0xc36442b4a4522e871399cd717abdd847ab11fe88:-202000:-201650,0xc36442b4a4522e871399cd717abdd847ab11fe88,-202000,-201650,84797089237809276,0.0514726049604875,350,231,119,119,242277397822312.2171428571428571,0.0001470645856014,126.55267310942457,128.9424168241307613,5.8723635229927253,4.0003783858696741,9.8727419088623994,5.8723635229927253,39689073158758340000,37647928794453820000,2041144364304520000,true,true,68531780250.7821582652788224,65004270998.6972366478078976,3527509252.0849216174709248,true,true,199750829044759920000,189432324577125880000,10318504467634040000,true,true,339541710552.624500458600448,325042053035.705352720071168,14499657516.91914773852928,true,true,400557759482469640000,379911229499048400000,20646529983421240000,true,true,675909358639.16434948420608,650107596359.875477589642752,25801762279.288871894563328,true,true
19,0x11b815efb8f581194ae79006d24e0d814b7697f6,25364961,-201769,1647421755765092252,5,S19_P5,-203520:-200040,0xc36442b4a4522e871399cd717abdd847ab11fe88:-203520:-200040,0xc36442b4a4522e871399cd717abdd847ab11fe88,-203520,-200040,43336118720480811,0.0263054184933686,3480,1751,1729,1729,12452907678299.0836206896551724,0.0000075590283027,126.55267310942457,128.9424168241307613,3.6340754635672923,3.6400575724836786,7.2741330360509709,3.6400575724836786,39689073158758340000,38645941740349420000,1043131418408920000,true,true,68531780250.7821582652788224,66729023091.1916429709274624,1802757159.59051529435136,true,true,199750829044759920000,194423790581231160000,5327038463528760000,true,true,339541710552.624500458600448,330469514212.076678286196224,9072196340.547822172404224,true,true,400557759482469640000,389841626920162840000,10716132562306800000,true,true,675909358639.16434948420608,657524185237.640877815268352,18385173401.523471668937728,true,true
19,0x11b815efb8f581194ae79006d24e0d814b7697f6,25364961,-201769,1647421755765092252,6,S19_P6,-205010:-190760,0xc36442b4a4522e871399cd717abdd847ab11fe88:-205010:-190760,0xc36442b4a4522e871399cd717abdd847ab11fe88,-205010,-190760,30283666877182300,0.0183824614256827,14250,3241,11009,3241,2125169605416.3017543859649123,0.000001289997293,126.55267310942457,128.9424168241307613,2.5158531460542445,2.5221505411434947,5.0380036871977392,2.5221505411434947,39689073158758340000,38960125201943512000,728947956814828000,true,true,68531780250.7821582652788224,67271997443.8925329737509888,1259782806.8896252915278336,true,true,199750829044759920000,196029819730483320000,3721009314276600000,true,true,339541710552.624500458600448,333200956181.925679541045248,6340754370.6988209175552,true,true,400557759482469640000,393074745412261920000,7483014070207720000,true,true,675909358639.16434948420608,663061303265.13863625612288,12848055374.0257132280832,true,true
19,0x11b815efb8f581194ae79006d24e0d814b7697f6,25364961,-201769,1647421755765092252,7,S19_P7,-202110:-200230,0xc36442b4a4522e871399cd717abdd847ab11fe88:-202110:-200230,0xc36442b4a4522e871399cd717abdd847ab11fe88,-202110,-200230,16819834977408074,0.0102097929194802,1880,341,1539,341,8946720732663.8691489361702128,0.0000054307409146,126.55267310942457,128.9424168241307613,1.2795607048708368,1.3886883199319348,2.6682490248027716,1.3886883199319348,39689073158758340000,39284209867576368000,404863291181972000,true,true,68531780250.7821582652788224,67832084966.0209680559407104,699695284.761190209338112,true,true,199750829044759920000,197685066335606840000,2065762709153080000,true,true,339541710552.624500458600448,336019425693.059551221535744,3522284859.564949237064704,true,true,400557759482469640000,396404799095439600000,4152960387030040000,true,true,675909358639.16434948420608,668773253261.179632595277312,7136105377.984716888928768,true,true
19,0x11b815efb8f581194ae79006d24e0d814b7697f6,25364961,-201769,1647421755765092252,8,S19_P8,-203190:-199170,0xc36442b4a4522e871399cd717abdd847ab11fe88:-203190:-199170,0xc36442b4a4522e871399cd717abdd847ab11fe88,-203190,-199170,15336325105087858,0.0093092889245993,4020,1421,2599,1421,3815006245046.7308457711442786,0.0000023157435136,126.55267310942457,128.9424168241307613,1.2606283622471733,1.2649982321822934,2.5256265944294667,1.2649982321822934,39689073158758340000,39319918674196088000,369154484562252000,true,true,68531780250.7821582652788224,67893798107.9106068812973568,637982142.8715513839814656,true,true,199750829044759920000,197867360378000760000,1883468666759160000,true,true,339541710552.624500458600448,336330035001.85640335308032,3211675550.768097105520128,true,true,400557759482469640000,396771410412709480000,3786349069760160000,true,true,675909358639.16434948420608,669402641423.180001161517568,6506717215.984348322688512,true,true
19,0x11b815efb8f581194ae79006d24e0d814b7697f6,25364961,-201769,1647421755765092252,9,S19_P9,-203070:-201050,0xc36442b4a4522e871399cd717abdd847ab11fe88:-203070:-201050,0xc36442b4a4522e871399cd717abdd847ab11fe88,-203070,-201050,14491882956695774,0.0087967048547113,2020,1301,719,719,7174199483512.7594059405940594,0.0000043548043835,126.55267310942457,128.9424168241307613,1.1905058803281605,1.1946967979464843,2.3852026782746448,1.1946967979464843,39689073158758340000,39340245304209852000,348827854548488000,true,true,68531780250.7821582652788224,67928926406.7496049211304448,602853844.0325533441483776,true,true,199750829044759920000,197971117563402760000,1779711481357160000,true,true,339541710552.624500458600448,336506844548.26678562282496,3034866004.357714835775488,true,true,400557759482469640000,396980064925433480000,3577694557036160000,true,true,675909358639.16434948420608,669760902691.92604566062848,6148455947.2383038235776,true,true
19,0x11b815efb8f581194ae79006d24e0d814b7697f6,25364961,-201769,1647421755765092252,10,S19_P10,-205670:-192890,0xc36442b4a4522e871399cd717abdd847ab11fe88:-205670:-192890,0xc36442b4a4522e871399cd717abdd847ab11fe88,-205670,-192890,13398742248352511,0.0081331584953665,12780,3901,8879,3901,1048414886412.5595461658841941,0.0000006363973784,126.55267310942457,128.9424168241307613,1.099855574458176,1.1038039681582021,2.2036595426163781,1.1038039681582021,39689073158758340000,39366557518950596000,322515639807744000,true,true,68531780250.7821582652788224,67974400420.0328335869846528,557379830.7493246782941696,true,true,199750829044759920000,198105424016543440000,1645405028216480000,true,true,339541710552.624500458600448,336735732231.219002452987392,2805978321.405498005613056,true,true,400557759482469640000,397250141146354440000,3307618336115200000,true,true,675909358639.16434948420608,670224677856.631085798275072,5684680782.533263685931008,true,true
19,0x11b815efb8f581194ae79006d24e0d814b7697f6,25364961,-201769,1647421755765092252,11,S19_P11,-202170:-195270,0xc36442b4a4522e871399cd717abdd847ab11fe88:-202170:-195270,0xc36442b4a4522e871399cd717abdd847ab11fe88,-202170,-195270,13496553483379004,0.0081925308052709,6900,401,6499,401,1956022243967.9715942028985507,0.0000011873233051,126.55267310942457,128.9424168241307613,1.0663047493888283,1.1119316021100948,2.1782363514989231,1.1119316021100948,39689073158758340000,39364203135184284000,324870023574056000,true,true,68531780250.7821582652788224,67970331529.9395704026244608,561448720.8425878626543616,true,true,199750829044759920000,198093406995339200000,1657422049420720000,true,true,339541710552.624500458600448,336715251858.214937196816384,2826458694.409563261784064,true,true,400557759482469640000,397225976740914200000,3331782741555440000,true,true,675909358639.16434948420608,670183180509.091209900736,5726178130.07313958347008,true,true
19,0x11b815efb8f581194ae79006d24e0d814b7697f6,25364961,-201769,1647421755765092252,12,S19_P12,-205670:-196950,0xc36442b4a4522e871399cd717abdd847ab11fe88:-205670:-196950,0xc36442b4a4522e871399cd717abdd847ab11fe88,-205670,-196950,10887379047933520,0.0066087381751719,8720,3901,4819,3901,1248552643111.6422018348623853,0.0000007578828183,126.55267310942457,128.9424168241307613,0.8921258236904515,0.8954708609003423,1.7875966845907938,0.8954708609003423,39689073158758340000,39427007632690784000,262065526067556000,true,true,68531780250.7821582652788224,68078871658.4254455474732032,452908592.3567127178056192,true,true,199750829044759920000,198413940087274360000,1336888957485560000,true,true,339541710552.624500458600448,337261597177.07601326173696,2280113375.548487196863488,true,true,400557759482469640000,397870482338298600000,2687277144171040000,true,true,675909358639.16434948420608,671290153813.793001168178688,4619204825.371348316027392,true,true
19,0x11b815efb8f581194ae79006d24e0d814b7697f6,25364961,-201769,1647421755765092252,13,S19_P13,-203210:-197150,0xc36442b4a4522e871399cd717abdd847ab11fe88:-203210:-197150,0xc36442b4a4522e871399cd717abdd847ab11fe88,-203210,-197150,10724049893069410,0.0065095958916052,6060,1441,4619,1441,1769645196876.1402640264026403,0.0000010741907412,126.55267310942457,128.9424168241307613,0.878641339416698,0.881944916767479,1.760586256184177,0.881944916767479,39689073158758340000,39430939269945008000,258133888813332000,true,true,68531780250.7821582652788224,68085666055.6198594510362624,446114195.16229881424256,true,true,199750829044759920000,198434002878725200000,1316826166034720000,true,true,339541710552.624500458600448,337295798680.777667695502336,2245911871.846832763098112,true,true,400557759482469640000,397910820737600560000,2646938744869080000,true,true,675909358639.16434948420608,671359448581.626338731707392,4549910057.538010752498688,true,true
19,0x11b815efb8f581194ae79006d24e0d814b7697f6,25364961,-201769,1647421755765092252,14,S19_P14,-202370:-199390,0xc36442b4a4522e871399cd717abdd847ab11fe88:-202370:-199390,0xc36442b4a4522e871399cd717abdd847ab11fe88,-202370,-199390,8598449546185490,0.0052193371345835,2980,601,2379,601,2885385753753.5201342281879195,0.0000017514554143,126.55267310942457,128.9424168241307613,0.7034339617148668,0.7061734963021145,1.4096074580169813,0.7061734963021145,39689073158758340000,39482103843216788000,206969315541552000,true,true,68531780250.7821582652788224,68174089785.2200487271442944,357690465.562109538134528,true,true,199750829044759920000,198695085295136480000,1055743749623440000,true,true,339541710552.624500458600448,337740913162.939491201074688,1800797389.68500925752576,true,true,400557759482469640000,398435724799775280000,2122034682694360000,true,true,675909358639.16434948420608,672261267746.407984061989888,3648090892.756365422216192,true,true
19,0x11b815efb8f581194ae79006d24e0d814b7697f6,25364961,-201769,1647421755765092252,15,S19_P15,-202240:-200570,0xc36442b4a4522e871399cd717abdd847ab11fe88:-202240:-200570,0xc36442b4a4522e871399cd717abdd847ab11fe88,-202240,-200570,7335650844648730,0.0044528068292032,1670,471,1199,471,4392605296196.844311377245509,0.0000026663513947,126.55267310942457,128.9424168241307613,0.593828144281883,0.6019756990934911,1.1958038433753741,0.6019756990934911,39689073158758340000,39512500129288788000,176573029469552000,true,true,68531780250.7821582652788224,68226621471.6661814686284288,305158779.1159767966503936,true,true,199750829044759920000,198850174240447240000,900654804312680000,true,true,339541710552.624500458600448,338005362295.41013132853504,1536348257.214369130065408,true,true,400557759482469640000,398747505036204440000,1810254446265200000,true,true,675909358639.16434948420608,672797033080.13535215524352,3112325559.02899732896256,true,true
19,0x11b815efb8f581194ae79006d24e0d814b7697f6,25364961,-201769,1647421755765092252,16,S19_P16,-201940:-198000,0xc36442b4a4522e871399cd717abdd847ab11fe88:-201940:-198000,0xc36442b4a4522e871399cd717abdd847ab11fe88,-201940,-198000,6908418761684097,0.0041934730663282,3940,171,3769,171,1753405777077.1819796954314721,0.0000010643332656,126.55267310942457,128.9424168241307613,0.3984565058509195,0.5667614577982562,0.9652179636491757,0.5667614577982562,39689073158758340000,39522783556762540000,166289601995800000,true,true,68531780250.7821582652788224,68244394076.1120440170707456,287386174.6701142482080768,true,true,199750829044759920000,198959506910344040000,791322134415880000,true,true,339541710552.624500458600448,338094832587.032197467517952,1446877965.592302991082496,true,true,400557759482469640000,399024807223453560000,1532952259016080000,true,true,675909358639.16434948420608,672978294342.80934496610048,2931064296.3550045181056,true,true
19,0x11b815efb8f581194ae79006d24e0d814b7697f6,25364961,-201769,1647421755765092252,17,S19_P17,-202980:-200960,0xc36442b4a4522e871399cd717abdd847ab11fe88:-202980:-200960,0xc36442b4a4522e871399cd717abdd847ab11fe88,-202980,-200960,5752565575006063,0.0034918596618475,2020,1211,809,809,2847804740102.0113861386138614,0.000001728643397,126.55267310942457,128.9424168241307613,0.4696739907199388,0.4715875492285603,0.9412615399484991,0.4715875492285603,39689073158758340000,39550605757108612000,138467401649728000,true,true,68531780250.7821582652788224,68292476891.7723719820731392,239303359.0097862832056832,true,true,199750829044759920000,199044580059058400000,706248985701520000,true,true,339541710552.624500458600448,338336894910.100058933306368,1204815642.52444152529408,true,true,400557759482469640000,399138299391046800000,1419460091422840000,true,true,675909358639.16434948420608,673468688711.976465202883584,2440669927.187884281322496,true,true
19,0x11b815efb8f581194ae79006d24e0d814b7697f6,25364961,-201769,1647421755765092252,18,S19_P18,-203190:-197130,0xc36442b4a4522e871399cd717abdd847ab11fe88:-203190:-197130,0xc36442b4a4522e871399cd717abdd847ab11fe88,-203190,-197130,5247607549681962,0.0031853455445263,6060,1421,4639,1421,865941839881.5118811881188119,0.0000005256345783,126.55267310942457,128.9424168241307613,0.4282944128703413,0.4300530047832481,0.8583474176535894,0.4300530047832481,39689073158758340000,39562760401008560000,126312757749780000,true,true,68531780250.7821582652788224,68313482849.9017511333192192,218297400.8804071319596032,true,true,199750829044759920000,199106585445097040000,644243599662880000,true,true,339541710552.624500458600448,338442646832.896712985945088,1099063719.72778747265536,true,true,400557759482469640000,399262936488426840000,1294822994042800000,true,true,675909358639.16434948420608,673682928015.23834298093312,2226430623.92600650327296,true,true
19,0x11b815efb8f581194ae79006d24e0d814b7697f6,25364961,-201769,1647421755765092252,19,S19_P19,-203240:-199160,0xc36442b4a4522e871399cd717abdd847ab11fe88:-203240:-199160,0xc36442b4a4522e871399cd717abdd847ab11fe88,-203240,-199160,4242994391617767,0.0025755362139474,4080,1471,2609,1471,1039949605788.6683823529411765,0.000000631258876,126.55267310942457,128.9424168241307613,0.346056942298681,0.3474997395714351,0.6935566818701161,0.3474997395714351,39689073158758340000,39586941858596136000,102131300162204000,true,true,68531780250.7821582652788224,68355274168.9386360689617408,176506081.8435221963170816,true,true,199750829044759920000,199229938607607400000,520890437152520000,true,true,339541710552.624500458600448,338653043575.457516332564992,888666977.166984126035456,true,true,400557759482469640000,399510880322581120000,1046879159888520000,true,true,675909358639.16434948420608,674109157721.089164788726272,1800200918.075184695479808,true,true
19,0x11b815efb8f581194ae79006d24e0d814b7697f6,25364961,-201769,1647421755765092252,20,S19_P20,-203300:-199920,0xc36442b4a4522e871399cd717abdd847ab11fe88:-203300:-199920,0xc36442b4a4522e871399cd717abdd847ab11fe88,-203300,-199920,3792946371544558,0.0023023529695849,3380,1531,1849,1531,1122173482705.4905325443786982,0.0000006811695176,126.55267310942457,128.9424168241307613,0.309253644667603,0.3105517410164748,0.6198053856840778,0.3105517410164748,39689073158758340000,39597774670089064000,91298488669276000,true,true,68531780250.7821582652788224,68373995903.010806618574336,157784347.7713516467044864,true,true,199750829044759920000,199285195786341760000,465633258418160000,true,true,339541710552.624500458600448,338747299043.587220317612544,794411509.037280140987904,true,true,400557759482469640000,399621945311649520000,935814170820120000,true,true,675909358639.16434948420608,674300101195.245609567111168,1609257443.918739917094912,true,true
20,0x11b815efb8f581194ae79006d24e0d814b7697f6,25354961,-201891,1558682703083618939,1,S20_P1,-203180:-200820,0xc36442b4a4522e871399cd717abdd847ab11fe88:-203180:-200820,0xc36442b4a4522e871399cd717abdd847ab11fe88,-203180,-200820,1015513737925999911,0.6515205024838981,2360,1289,1071,1071,430302431324576.2334745762711864,0.0002760680095271,135.8840137041441513,132.5209092306296766,469.8152742585377082,248.9582525353665551,718.7735267939042633,469.8152742585377082,37782289709004416000,13163806510738824000,24618483198265592000,true,true,64446512092.7862343131432592,22458356470.7020682922447266,41988155622.0841660208985326,true,true,187109644315342160000,65090993600178880000,122018650715163280000,true,true,322205125530.0818494820091836,112287440333.4852044359741489,209917685196.5966450460350347,true,true,371905304154861720000,121230448420369160000,250674855734492560000,true,true,644378983082.4211038806196548,224600012177.1949734826509716,419778970905.2261303979686832,true,true
20,0x11b815efb8f581194ae79006d24e0d814b7697f6,25354961,-201891,1558682703083618939,2,S20_P2,-202000:-200560,0xc36442b4a4522e871399cd717abdd847ab11fe88:-202000:-200560,0xc36442b4a4522e871399cd717abdd847ab11fe88,-202000,-200560,165600044051825778,0.1062435887202771,1440,109,1331,109,115000030591545.6791666666666667,0.0000737802699446,135.8840137041441513,132.5209092306296766,8.0359360668011427,15.754413540182941,23.7903496069840837,15.754413540182941,37782289709004416000,33771558419107832000,4010731289896584000,true,true,64446512092.7862343131432592,57599483368.338212889306592,6847028724.4480214238366672,true,true,187109644315342160000,171088543776794160000,16021100538548000000,true,true,322205125530.0818494820091836,287971115541.5166834846848384,34234009988.5651659973243452,true,true,371905304154861720000,345052127473677480000,26853176681184240000,true,true,644378983082.4211038806196548,575903140260.40506588429764,68475842822.0160379963220148,true,true
20,0x11b815efb8f581194ae79006d24e0d814b7697f6,25354961,-201891,1558682703083618939,3,S20_P3,-203840:-193690,0xc36442b4a4522e871399cd717abdd847ab11fe88:-203840:-193690,0xc36442b4a4522e871399cd717abdd847ab11fe88,-203840,-193690,121974768461373800,0.0782550343441068,10150,1949,8201,1949,12017218567623.0344827586206897,0.0000077098556004,135.8840137041441513,132.5209092306296766,12.5297105746259545,11.2524056553049651,23.7821162299309196,12.5297105746259545,37782289709004416000,34828170595861108000,2954119113143308000,true,true,64446512092.7862343131432592,59403247710.9987275794223188,5043264381.7875067337209404,true,true,187109644315342160000,172208049386377600000,14901594928964560000,true,true,322205125530.0818494820091836,296989457895.0273289552667336,25215667635.05452052674245,true,true,371905304154861720000,341480968476758960000,30424335678102760000,true,true,644378983082.4211038806196548,593942059849.0060727295092372,50436923233.4150311511104176,true,true
20,0x11b815efb8f581194ae79006d24e0d814b7697f6,25354961,-201891,1558682703083618939,4,S20_P4,-203520:-200040,0xc36442b4a4522e871399cd717abdd847ab11fe88:-203520:-200040,0xc36442b4a4522e871399cd717abdd847ab11fe88,-203520,-200040,43336118720480811,0.0278030407566253,3480,1629,1851,1629,12452907678299.0836206896551724,0.0000079893795278,135.8840137041441513,132.5209092306296766,4.1942066517961945,3.7907071993070731,7.9849138511032676,4.1942066517961945,37782289709004416000,36732748228005020000,1049541480999396000,true,true,64446512092.7862343131432592,62654702668.6271346667453463,1791809424.1590996463979129,true,true,187109644315342160000,181809430735395680000,5300213579946480000,true,true,322205125530.0818494820091836,313246204216.4208912070033196,8958921313.660958275005864,true,true,371905304154861720000,361100648294020400000,10804655860841320000,true,true,644378983082.4211038806196548,626459257906.3089118931927516,17919725176.1121919874269032,true,true
20,0x11b815efb8f581194ae79006d24e0d814b7697f6,25354961,-201891,1558682703083618939,5,S20_P5,-205010:-190760,0xc36442b4a4522e871399cd717abdd847ab11fe88:-205010:-190760,0xc36442b4a4522e871399cd717abdd847ab11fe88,-205010,-190760,30283666877182300,0.0194290132412906,14250,3119,11131,3119,2125169605416.3017543859649123,0.0000013634395257,135.8840137041441513,132.5209092306296766,2.9031020656611652,2.626381095641467,5.5294831613026322,2.9031020656611652,37782289709004416000,37048863238484824000,733426470519592000,true,true,64446512092.7862343131432592,63194379538.8260864657673926,1252132553.9601478473758666,true,true,187109644315342160000,183405215151466600000,3704429163875560000,true,true,322205125530.0818494820091836,315944539436.2516306012060976,6260586093.830218880803086,true,true,371905304154861720000,364355491197846120000,7549812957015600000,true,true,644378983082.4211038806196548,631856506589.646219660601538,12522476492.7748842200181168,true,true
20,0x11b815efb8f581194ae79006d24e0d814b7697f6,25354961,-201891,1558682703083618939,6,S20_P6,-203190:-199170,0xc36442b4a4522e871399cd717abdd847ab11fe88:-203190:-199170,0xc36442b4a4522e871399cd717abdd847ab11fe88,-203190,-199170,15336325105087858,0.009839286132288,4020,1299,2721,1299,3815006245046.7308457711442786,0.000002447583615,135.8840137041441513,132.5209092306296766,1.4543954869864177,1.3171768616920192,2.7715723486784369,1.4543954869864177,37782289709004416000,37410867550856816000,371422158147600000,true,true,64446512092.7862343131432592,63812404016.5617243727537097,634108076.2245099403895495,true,true,187109644315342160000,185233274018799320000,1876370296542840000,true,true,322205125530.0818494820091836,319034617806.6732473656038272,3170507723.4086021164053564,true,true,371905304154861720000,368082138911106240000,3823165243755480000,true,true,644378983082.4211038806196548,638037314007.8546864411010644,6341669074.5664174395185904,true,true
20,0x11b815efb8f581194ae79006d24e0d814b7697f6,25354961,-201891,1558682703083618939,7,S20_P7,-202110:-200230,0xc36442b4a4522e871399cd717abdd847ab11fe88:-202110:-200230,0xc36442b4a4522e871399cd717abdd847ab11fe88,-202110,-200230,16819834977408074,0.0107910576951502,1880,219,1661,219,8946720732663.8691489361702128,0.0000057399243059,135.8840137041441513,132.5209092306296766,1.2444556836131105,1.4459800701936244,2.6904357538067349,1.4459800701936244,37782289709004416000,37374938552978904000,407351156025512000,true,true,64446512092.7862343131432592,63751065787.0124277808369551,695446305.7738065323063041,true,true,187109644315342160000,185107644384769400000,2001999930572760000,true,true,322205125530.0818494820091836,318727929958.5910277640072464,3477195571.4908217180019372,true,true,371905304154861720000,367888044046449680000,4017260108412040000,true,true,644378983082.4211038806196548,637423874010.5420024598217184,6955109071.8791014207979364,true,true
20,0x11b815efb8f581194ae79006d24e0d814b7697f6,25354961,-201891,1558682703083618939,8,S20_P8,-203070:-201050,0xc36442b4a4522e871399cd717abdd847ab11fe88:-203070:-201050,0xc36442b4a4522e871399cd717abdd847ab11fe88,-203070,-201050,14491882956695774,0.0092975195837009,2020,1179,841,841,7174199483512.7594059405940594,0.0000046027324672,135.8840137041441513,132.5209092306296766,1.373481902672141,1.2439701716671171,2.6174520743392581,1.373481902672141,37782289709004416000,37431318513524656000,350971195479760000,true,true,64446512092.7862343131432592,63847319293.8620124382146571,599192798.9242218749286021,true,true,187109644315342160000,185336568274905560000,1773076040436600000,true,true,322205125530.0818494820091836,319209190732.2803850242416328,2995934797.8014644577675508,true,true,371905304154861720000,368292652614502760000,3612651540358960000,true,true,644378983082.4211038806196548,638386495918.9312906257213056,5992487163.4898132548983492,true,true
20,0x11b815efb8f581194ae79006d24e0d814b7697f6,25354961,-201891,1558682703083618939,9,S20_P9,-205670:-192890,0xc36442b4a4522e871399cd717abdd847ab11fe88:-205670:-192890,0xc36442b4a4522e871399cd717abdd847ab11fe88,-205670,-192890,13398742248352511,0.0085961961480968,12780,3779,9001,3779,1048414886412.5595461658841941,0.0000006726288066,135.8840137041441513,132.5209092306296766,1.2688837517262962,1.1493220603931549,2.4182058121194511,1.2688837517262962,37782289709004416000,37457792828506320000,324496880498096000,true,true,64446512092.7862343131432592,63892516900.6453966752893253,553995192.1408376378539339,true,true,187109644315342160000,185470287774090120000,1639356541252040000,true,true,322205125530.0818494820091836,319435177599.3593534504966804,2769947930.7224960315125032,true,true,371905304154861720000,368565164452700120000,3340139702161600000,true,true,644378983082.4211038806196548,638838516380.529428298365954,5540466701.8916755822537008,true,true
20,0x11b815efb8f581194ae79006d24e0d814b7697f6,25354961,-201891,1558682703083618939,10,S20_P10,-202170:-195270,0xc36442b4a4522e871399cd717abdd847ab11fe88:-202170:-195270,0xc36442b4a4522e871399cd717abdd847ab11fe88,-202170,-195270,13496553483379004,0.0086589486472636,6900,279,6621,279,1956022243967.9715942028985507,0.0000012549200938,135.8840137041441513,132.5209092306296766,1.1007760315501432,1.157785449699539,2.2585614812496822,1.157785449699539,37782289709004416000,37455423587388280000,326866121616136000,true,true,64446512092.7862343131432592,63888472913.813254275543305,558039178.9729800375999542,true,true,187109644315342160000,185458322537866120000,1651321777476040000,true,true,322205125530.0818494820091836,319414956984.9936979892905928,2790168545.0881514927185908,true,true,371905304154861720000,368540780772188800000,3364523382672920000,true,true,644378983082.4211038806196548,638798070862.1262710880475916,5580912220.2948327925720632,true,true
20,0x11b815efb8f581194ae79006d24e0d814b7697f6,25354961,-201891,1558682703083618939,11,S20_P11,-205670:-196950,0xc36442b4a4522e871399cd717abdd847ab11fe88:-205670:-196950,0xc36442b4a4522e871399cd717abdd847ab11fe88,-205670,-196950,10887379047933520,0.0069849874040396,8720,3779,4941,3779,1248552643111.6422018348623853,0.0000008010306656,135.8840137041441513,132.5209092306296766,1.0292013336925295,0.9323856909307436,1.9615870246232731,1.0292013336925295,37782289709004416000,37518613812639220000,263675896365196000,true,true,64446512092.7862343131432592,63996353696.2915384150926347,450158396.4946958980506245,true,true,187109644315342160000,185777508856213000000,1332135459129160000,true,true,322205125530.0818494820091836,319954355491.8922619108918084,2250770038.1895875711173752,true,true,371905304154861720000,369191225736408520000,2714078418453200000,true,true,644378983082.4211038806196548,639876980303.0130261895218368,4502002779.408077691097818,true,true
20,0x11b815efb8f581194ae79006d24e0d814b7697f6,25354961,-201891,1558682703083618939,12,S20_P12,-203210:-197150,0xc36442b4a4522e871399cd717abdd847ab11fe88:-203210:-197150,0xc36442b4a4522e871399cd717abdd847ab11fe88,-203210,-197150,10724049893069410,0.0068802007437777,6060,1319,4741,1319,1769645196876.1402640264026403,0.0000011353466574,135.8840137041441513,132.5209092306296766,1.013643145198455,0.9183013742346915,1.9319445194331465,1.013643145198455,37782289709004416000,37522570033455364000,259719675549052000,true,true,64446512092.7862343131432592,64003106737.7062310483098812,443405355.080003264833378,true,true,187109644315342160000,185797490082078520000,1312154233263640000,true,true,322205125530.0818494820091836,319988120922.5235292703814164,2217004607.5583202116277672,true,true,371905304154861720000,369231942102618360000,2673362052243360000,true,true,644378983082.4211038806196548,639944518063.3634593144692164,4434465019.0576445661504384,true,true
20,0x11b815efb8f581194ae79006d24e0d814b7697f6,25354961,-201891,1558682703083618939,13,S20_P13,-202370:-199390,0xc36442b4a4522e871399cd717abdd847ab11fe88:-202370:-199390,0xc36442b4a4522e871399cd717abdd847ab11fe88,-202370,-199390,8598449546185490,0.0055164848683922,2980,479,2501,479,2885385753753.5201342281879195,0.0000018511694189,135.8840137041441513,132.5209092306296766,0.7993159234403,0.7352760522477243,1.5345919756880243,0.7993159234403,37782289709004416000,37574048377026460000,208241331977956000,true,true,64446512092.7862343131432592,64090993551.9708896651237081,355518540.8153446480195511,true,true,187109644315342160000,186057538617587720000,1052105697754440000,true,true,322205125530.0818494820091836,320427550005.993281166577718,1777575524.0885683154314656,true,true,371905304154861720000,369761832536618880000,2143471618242840000,true,true,644378983082.4211038806196548,640823467082.2667640875542388,3555516000.154339793065416,true,true
20,0x11b815efb8f581194ae79006d24e0d814b7697f6,25354961,-201891,1558682703083618939,14,S20_P14,-202240:-200570,0xc36442b4a4522e871399cd717abdd847ab11fe88:-202240:-200570,0xc36442b4a4522e871399cd717abdd847ab11fe88,-202240,-200570,7335650844648730,0.0047063143962118,1670,349,1321,349,4392605296196.844311377245509,0.0000028181523331,135.8840137041441513,132.5209092306296766,0.6359725071496017,0.6267800168999337,1.2627525240495354,0.6359725071496017,37782289709004416000,37604631544510564000,177658164493852000,true,true,64446512092.7862343131432592,64143206435.4281697339473859,303305657.3580645791958733,true,true,187109644315342160000,186212038407983600000,897605907358560000,true,true,322205125530.0818494820091836,320688610908.0432334451150408,1516514622.0386160368941428,true,true,371905304154861720000,370076633772374160000,1828670382487560000,true,true,644378983082.4211038806196548,641345642538.5997803879000948,3033340543.82132349271956,true,true
20,0x11b815efb8f581194ae79006d24e0d814b7697f6,25354961,-201891,1558682703083618939,15,S20_P15,-202980:-200960,0xc36442b4a4522e871399cd717abdd847ab11fe88:-202980:-200960,0xc36442b4a4522e871399cd717abdd847ab11fe88,-202980,-200960,5752565575006063,0.0036906585051759,2020,1089,931,931,2847804740102.0113861386138614,0.0000018270586659,135.8840137041441513,132.5209092306296766,0.5418093287280292,0.4910152477192146,1.0328245764472438,0.5418093287280292,37782289709004416000,37642971655722344000,139318053282072000,true,true,64446512092.7862343131432592,64208661594.9288066736747652,237850497.857427639468494,true,true,187109644315342160000,186405732413631200000,703911901710960000,true,true,322205125530.0818494820091836,321015885106.9860752049621332,1189240423.0957742770470504,true,true,371905304154861720000,370471277265524320000,1434026889337400000,true,true,644378983082.4211038806196548,642000258524.8162150537843088,2378724557.604888826835346,true,true
20,0x11b815efb8f581194ae79006d24e0d814b7697f6,25354961,-201891,1558682703083618939,16,S20_P16,-203190:-197130,0xc36442b4a4522e871399cd717abdd847ab11fe88:-203190:-197130,0xc36442b4a4522e871399cd717abdd847ab11fe88,-203190,-197130,5247607549681962,0.0033666939007537,6060,1299,4761,1299,865941839881.5118811881188119,0.0000005555600496,135.8840137041441513,132.5209092306296766,0.4940717171456947,0.4477685035242515,0.9418402206699462,0.4940717171456947,37782289709004416000,37655200910790672000,127088798213744000,true,true,64446512092.7862343131432592,64229540109.6384371783413374,216971983.1477971348019218,true,true,187109644315342160000,186467516928944920000,642127386397240000,true,true,322205125530.0818494820091836,321120275750.7650702658249008,1084849779.3167792161842828,true,true,371905304154861720000,370597156623900400000,1308147530961320000,true,true,644378983082.4211038806196548,642209061703.2320582302302596,2169921379.1890456503893952,true,true
20,0x11b815efb8f581194ae79006d24e0d814b7697f6,25354961,-201891,1558682703083618939,17,S20_P17,-201940:-198000,0xc36442b4a4522e871399cd717abdd847ab11fe88:-201940:-198000,0xc36442b4a4522e871399cd717abdd847ab11fe88,-201940,-198000,6908418761684097,0.0044322162220809,3940,49,3891,49,1753405777077.1819796954314721,0.0000011249279751,135.8840137041441513,132.5209092306296766,0.177290561785922,0.5901134784029412,0.7674040401888632,0.5901134784029412,37782289709004416000,37614978786588848000,167310922415568000,true,true,64446512092.7862343131432592,64160871008.552218269308875,285641084.2340160438343842,true,true,187109644315342160000,186606326924479920000,503317390862240000,true,true,322205125530.0818494820091836,320776933093.2164044535720228,1428192436.8654450284371608,true,true,371905304154861720000,371250096365061320000,655207789800400000,true,true,644378983082.4211038806196548,641522305609.9840594096765784,2856677472.4370444709430764,true,true
20,0x11b815efb8f581194ae79006d24e0d814b7697f6,25354961,-201891,1558682703083618939,18,S20_P18,-203300:-199920,0xc36442b4a4522e871399cd717abdd847ab11fe88:-203300:-199920,0xc36442b4a4522e871399cd717abdd847ab11fe88,-203300,-199920,3792946371544558,0.0024334307194407,3380,1409,1971,1409,1122173482705.4905325443786982,0.000000719949917,135.8840137041441513,132.5209092306296766,0.3567430829311447,0.3233420871564614,0.6800851700876061,0.3567430829311447,37782289709004416000,37690430400567540000,91859308436876000,true,true,64446512092.7862343131432592,64289685879.1355199699101882,156826213.650714343233071,true,true,187109644315342160000,186645508132202160000,464136183140000000,true,true,322205125530.0818494820091836,321421001386.9662691298370368,784124143.1155803521721468,true,true,371905304154861720000,370959783320811320000,945520834050400000,true,true,644378983082.4211038806196548,642810574042.0660788295543256,1568409040.3550250510653292,true,true
20,0x11b815efb8f581194ae79006d24e0d814b7697f6,25354961,-201891,1558682703083618939,19,S20_P19,-203190:-200820,0xc36442b4a4522e871399cd717abdd847ab11fe88:-203190:-200820,0xc36442b4a4522e871399cd717abdd847ab11fe88,-203190,-200820,3351117506243058,0.0021499677257041,2370,1299,1071,1071,1413973631326.1848101265822785,0.0000009071593779,135.8840137041441513,132.5209092306296766,0.3150880847946487,0.2855957722091996,0.6006838570038483,0.3150880847946487,37782289709004416000,37701130565259668000,81159143744748000,true,true,64446512092.7862343131432592,64307954122.7969808440704851,138557969.9892534690727741,true,true,187109644315342160000,186699571502941400000,410072812400760000,true,true,322205125530.0818494820091836,321512341448.271367306108574,692784081.8104821759006096,true,true,371905304154861720000,371069924804470640000,835379350391080000,true,true,644378983082.4211038806196548,642993273153.2817215977102832,1385709929.1393822829093716,true,true
20,0x11b815efb8f581194ae79006d24e0d814b7697f6,25354961,-201891,1558682703083618939,20,S20_P20,-203050:-201420,0xc36442b4a4522e871399cd717abdd847ab11fe88:-203050:-201420,0xc36442b4a4522e871399cd717abdd847ab11fe88,-203050,-201420,3321959140789274,0.0021312606691646,1630,1159,471,471,2038011742815.505521472392638,0.0000013075218829,135.8840137041441513,132.5209092306296766,0.3123400009679032,0.2816091743661245,0.5939491753340277,0.3123400009679032,37782289709004416000,37701836767783532000,80452941220884000,true,true,64446512092.7862343131432592,64309159618.1654965595661794,137352474.6207377535770798,true,true,187109644315342160000,186703139368001440000,406504947340720000,true,true,322205125530.0818494820091836,321518369344.9335020656800632,686756185.1483474163291204,true,true,371905304154861720000,371077193532152360000,828110622709360000,true,true,644378983082.4211038806196548,643005330290.1595131394240088,1373652792.261590741195646,true,true
21,0x11b815efb8f581194ae79006d24e0d814b7697f6,25344961,-201740,1555497429882758449,1,S21_P1,-203180:-200820,0xc36442b4a4522e871399cd717abdd847ab11fe88:-203180:-200820,0xc36442b4a4522e871399cd717abdd847ab11fe88,-203180,-200820,1015513737925999911,0.6528546549913243,2360,1440,920,920,430302431324576.2334745762711864,0.0002766333283862,133.4552515574274853,133.7269211029904401,386.6781269914698735,254.2572209775586526,640.9353479690285261,386.6781269914698735,37421221648617468000,12997148774598784000,24424072874018684000,true,true,64803274412.008302991998024,22497316469.8583326467108128,42305957942.1499703452872112,true,true,188540412199235800000,65274718746133245000,123265693453102555000,true,true,324058452221.8169372064348969,112511601080.631072385482018,211546851141.1858648209528789,true,true,378410775561359400000,124187095513734160000,254223680047625240000,true,true,648157540121.5259609038042233,225246807649.758511023765486,422910732471.7674498800387373,true,true
21,0x11b815efb8f581194ae79006d24e0d814b7697f6,25344961,-201740,1555497429882758449,2,S21_P2,-202000:-200560,0xc36442b4a4522e871399cd717abdd847ab11fe88:-202000:-200560,0xc36442b4a4522e871399cd717abdd847ab11fe88,-202000,-200560,165600044051825778,0.106461149257127,1440,260,1180,260,115000030591545.6791666666666667,0.0000739313536508,133.4552515574274853,133.7269211029904401,13.4801366663255467,15.9066747040948274,29.3868113704203741,15.9066747040948274,37421221648617468000,33440687303630052000,3980534344987416000,true,true,64803274412.008302991998024,57904276586.1810106757200288,6898997825.8272923162779952,true,true,188540412199235800000,168472385750440760000,20068026448795040000,true,true,324058452221.8169372064348969,289566072141.2895639375025638,34492380080.5273732689323331,true,true,378410775561359400000,338403378912842680000,40007396648516720000,true,true,648157540121.5259609038042233,579183140266.5107997270252681,68974399855.0151611767789552,true,true
21,0x11b815efb8f581194ae79006d24e0d814b7697f6,25344961,-201740,1555497429882758449,3,S21_P3,-203840:-193690,0xc36442b4a4522e871399cd717abdd847ab11fe88:-203840:-193690,0xc36442b4a4522e871399cd717abdd847ab11fe88,-203840,-193690,121974768461373800,0.0784152812586565,10150,2100,8050,2100,12017218567623.0344827586206897,0.0000077256434738,133.4552515574274853,133.7269211029904401,11.9129156537550812,11.3606835630770212,23.2735992168321024,11.9129156537550812,37421221648617468000,34489345615871536000,2931876032745932000,true,true,64803274412.008302991998024,59721731429.4566719458979664,5081542982.5516310461000576,true,true,188540412199235800000,173653124984696800000,14887287214539000000,true,true,324058452221.8169372064348969,298652766980.5510477571148369,25405685241.26588944932006,true,true,378410775561359400000,348578655419327480000,29832120142031920000,true,true,648157540121.5259609038042233,597353520417.5363479503149706,50804019703.9896129534892527,true,true
21,0x11b815efb8f581194ae79006d24e0d814b7697f6,25344961,-201740,1555497429882758449,4,S21_P4,-203520:-200040,0xc36442b4a4522e871399cd717abdd847ab11fe88:-203520:-200040,0xc36442b4a4522e871399cd717abdd847ab11fe88,-203520,-200040,43336118720480811,0.0278599744930129,3480,1780,1700,1700,12452907678299.0836206896551724,0.0000080057397968,133.4552515574274853,133.7269211029904401,3.9862235010792317,3.8269395002052958,7.8131630012845275,3.9862235010792317,37421221648617468000,36379583272012848000,1041638376604620000,true,true,64803274412.008302991998024,62997865039.6078520442787056,1805409372.4004509477193184,true,true,188540412199235800000,183267377870140440000,5273034329095360000,true,true,324058452221.8169372064348969,315032178809.2033578384156777,9026273412.6135793680192192,true,true,378410775561359400000,367866466598396720000,10544308962962680000,true,true,648157540121.5259609038042233,630107437581.9594913783309017,18050102539.5664695254733216,true,true
21,0x11b815efb8f581194ae79006d24e0d814b7697f6,25344961,-201740,1555497429882758449,5,S21_P5,-205010:-190760,0xc36442b4a4522e871399cd717abdd847ab11fe88:-205010:-190760,0xc36442b4a4522e871399cd717abdd847ab11fe88,-205010,-190760,30283666877182300,0.0194687990448591,14250,3270,10980,3270,2125169605416.3017543859649123,0.0000013662315119,133.4552515574274853,133.7269211029904401,2.7589517789624262,2.6514713097626684,5.4104230887250946,2.7589517789624262,37421221648617468000,36693317502104384000,727904146513084000,true,true,64803274412.008302991998024,63541638078.7554640296830336,1261636333.2528389623149904,true,true,188540412199235800000,184857612429820880000,3682799769414920000,true,true,324058452221.8169372064348969,317750815415.832532763666541,6307636805.9844044427683559,true,true,378410775561359400000,371048834557111960000,7361941004247440000,true,true,648157540121.5259609038042233,635543955042.9302874288779475,12613585078.5956734749262758,true,true
21,0x11b815efb8f581194ae79006d24e0d814b7697f6,25344961,-201740,1555497429882758449,6,S21_P6,-202110:-200230,0xc36442b4a4522e871399cd717abdd847ab11fe88:-202110:-200230,0xc36442b4a4522e871399cd717abdd847ab11fe88,-202110,-200230,16819834977408074,0.0108131551067081,1880,370,1510,370,8946720732663.8691489361702128,0.0000057516782482,133.4552515574274853,133.7269211029904401,1.4173930442044555,1.4597988628652746,2.8771919070697301,1.4597988628652746,37421221648617468000,37016937773595172000,404283875022296000,true,true,64803274412.008302991998024,64102549600.982286646748768,700724811.026016345249256,true,true,188540412199235800000,186496162616847560000,2044249582388240000,true,true,324058452221.8169372064348969,320555131568.6917485194849535,3503320653.1251886869499434,true,true,378410775561359400000,374325696452814360000,4085079108545040000,true,true,648157540121.5259609038042233,641151824600.2912341203283054,7005715521.2347267834759179,true,true
21,0x11b815efb8f581194ae79006d24e0d814b7697f6,25344961,-201740,1555497429882758449,7,S21_P7,-203190:-199170,0xc36442b4a4522e871399cd717abdd847ab11fe88:-203190:-199170,0xc36442b4a4522e871399cd717abdd847ab11fe88,-203190,-199170,15336325105087858,0.0098594345515851,4020,1450,2570,1450,3815006245046.7308457711442786,0.0000024525956596,133.4552515574274853,133.7269211029904401,1.3820380167560367,1.3297657664130461,2.7118037831690828,1.3820380167560367,37421221648617468000,37052595813134812000,368625835482656000,true,true,64803274412.008302991998024,64164353411.7605376209547968,638921000.2477653710432272,true,true,188540412199235800000,186676589139329960000,1863823059905840000,true,true,324058452221.8169372064348969,320864124412.5480711099501396,3194327809.2688660964847573,true,true,378410775561359400000,374686386936800680000,3724388624558720000,true,true,648157540121.5259609038042233,641769727447.3587203799462813,6387812674.167240523857942,true,true
21,0x11b815efb8f581194ae79006d24e0d814b7697f6,25344961,-201740,1555497429882758449,8,S21_P8,-203070:-201050,0xc36442b4a4522e871399cd717abdd847ab11fe88:-203070:-201050,0xc36442b4a4522e871399cd717abdd847ab11fe88,-203070,-201050,14491882956695774,0.0093165585993852,2020,1330,690,690,7174199483512.7594059405940594,0.0000046121577225,133.4552515574274853,133.7269211029904401,1.3051407496349665,1.2558599720095664,2.5610007216445329,1.3051407496349665,37421221648617468000,37072893150518012000,348328498099456000,true,true,64803274412.008302991998024,64199533394.9089934100113712,603741017.0993095819866528,true,true,188540412199235800000,186779280907925400000,1761131291310400000,true,true,324058452221.8169372064348969,321040009053.7616908573272654,3018443168.0552463491076315,true,true,378410775561359400000,374891665668492400000,3519109892867000000,true,true,648157540121.5259609038042233,642121449688.0954177879608177,6036090433.4305431158434056,true,true
21,0x11b815efb8f581194ae79006d24e0d814b7697f6,25344961,-201740,1555497429882758449,9,S21_P9,-205670:-192890,0xc36442b4a4522e871399cd717abdd847ab11fe88:-205670:-192890,0xc36442b4a4522e871399cd717abdd847ab11fe88,-205670,-192890,13398742248352511,0.0086137990272105,12780,3930,8850,3930,1048414886412.5595461658841941,0.0000006740061837,133.4552515574274853,133.7269211029904401,1.2057361429935287,1.1603078970460086,2.3660440400395373,1.2057361429935287,37421221648617468000,37099167868840712000,322053779776756000,true,true,64803274412.008302991998024,64245074584.2078223469180816,558199827.8004806450799424,true,true,188540412199235800000,186912205173552360000,1628207025683440000,true,true,324058452221.8169372064348969,321267694239.9121356103505856,2790757981.9048015960843113,true,true,378410775561359400000,375157365463852960000,3253410097506440000,true,true,648157540121.5259609038042233,642576758728.2303769591294707,5580781393.2955839446747526,true,true
21,0x11b815efb8f581194ae79006d24e0d814b7697f6,25344961,-201740,1555497429882758449,10,S21_P10,-202170:-195270,0xc36442b4a4522e871399cd717abdd847ab11fe88:-202170:-195270,0xc36442b4a4522e871399cd717abdd847ab11fe88,-202170,-195270,13496553483379004,0.0086766800279421,6900,430,6470,430,1956022243967.9715942028985507,0.0000012574898591,133.4552515574274853,133.7269211029904401,1.1754929443708215,1.1688521232171236,2.3443450675879451,1.1754929443708215,37421221648617468000,37096816534997400000,324405113620068000,true,true,64803274412.008302991998024,64240999693.9097255998595152,562274718.0985773921385088,true,true,188540412199235800000,186900311997870920000,1640100201364880000,true,true,324058452221.8169372064348969,321247321498.5598768788751119,2811130723.257060327559785,true,true,378410775561359400000,375133593021814800000,3277182539544600000,true,true,648157540121.5259609038042233,642536018967.8203707948285183,5621521153.705590108975705,true,true
21,0x11b815efb8f581194ae79006d24e0d814b7697f6,25344961,-201740,1555497429882758449,11,S21_P11,-205670:-196950,0xc36442b4a4522e871399cd717abdd847ab11fe88:-205670:-196950,0xc36442b4a4522e871399cd717abdd847ab11fe88,-205670,-196950,10887379047933520,0.0069992909269893,8720,3930,4790,3930,1248552643111.6422018348623853,0.0000008026709779,133.4552515574274853,133.7269211029904401,0.9779612797585112,0.9412991763158695,1.9192604560743807,0.9779612797585112,37421221648617468000,37159531184458380000,261690464159088000,true,true,64803274412.008302991998024,64349699272.216202571358896,453575139.792100420639128,true,true,188540412199235800000,187217534059380160000,1322878139855640000,true,true,324058452221.8169372064348969,321790773391.9809638963238033,2267678829.8359733101110936,true,true,378410775561359400000,375767626163256920000,2643149398102480000,true,true,648157540121.5259609038042233,643622778234.6764206886974194,4534761886.8495402151068039,true,true
21,0x11b815efb8f581194ae79006d24e0d814b7697f6,25344961,-201740,1555497429882758449,12,S21_P12,-203210:-197150,0xc36442b4a4522e871399cd717abdd847ab11fe88:-203210:-197150,0xc36442b4a4522e871399cd717abdd847ab11fe88,-203210,-197150,10724049893069410,0.0068942896896189,6060,1470,4590,1470,1769645196876.1402640264026403,0.0000011376715659,133.4552515574274853,133.7269211029904401,0.9631763923795787,0.9270802935057798,1.8902566858853585,0.9631763923795787,37421221648617468000,37163457167723232000,257764480894236000,true,true,64803274412.008302991998024,64356503607.193821301690976,446770804.814481690307048,true,true,188540412199235800000,187237388881616320000,1303023317619480000,true,true,324058452221.8169372064348969,321824792581.963398652496217,2233659639.8535385539386799,true,true,378410775561359400000,375807307600959440000,2603467960399960000,true,true,648157540121.5259609038042233,643690807368.425643428814507,4466732753.1003174749897163,true,true
21,0x11b815efb8f581194ae79006d24e0d814b7697f6,25344961,-201740,1555497429882758449,13,S21_P13,-202370:-199390,0xc36442b4a4522e871399cd717abdd847ab11fe88:-202370:-199390,0xc36442b4a4522e871399cd717abdd847ab11fe88,-202370,-199390,8598449546185490,0.0055277812621224,2980,630,2350,630,2885385753753.5201342281879195,0.0000018549601551,133.4552515574274853,133.7269211029904401,0.771080572319306,0.7423060793118423,1.5133866516311483,0.771080572319306,37421221648617468000,37214548102176432000,206673546441036000,true,true,64803274412.008302991998024,64445057508.2994227805456496,358216903.7088802114523744,true,true,188540412199235800000,187495759808635960000,1044652390599840000,true,true,324058452221.8169372064348969,322267523478.6626488393490625,1790928743.1542883670858344,true,true,378410775561359400000,376323648799916080000,2087126761443320000,true,true,648157540121.5259609038042233,644576151711.1290458621539803,3581388410.396915041650243,true,true
21,0x11b815efb8f581194ae79006d24e0d814b7697f6,25344961,-201740,1555497429882758449,14,S21_P14,-202240:-200570,0xc36442b4a4522e871399cd717abdd847ab11fe88:-202240:-200570,0xc36442b4a4522e871399cd717abdd847ab11fe88,-202240,-200570,7335650844648730,0.0047159517616186,1670,500,1170,500,4392605296196.844311377245509,0.0000028239232106,133.4552515574274853,133.7269211029904401,0.6521605211060295,0.6327731406123969,1.2849336617184264,0.6521605211060295,37421221648617468000,37244900918663876000,176320729953592000,true,true,64803274412.008302991998024,64497666666.8905696436577936,305607745.1177333483402304,true,true,188540412199235800000,187649232074789240000,891180124446560000,true,true,324058452221.8169372064348969,322530545438.4280251991124553,1527906783.3889120073224416,true,true,378410775561359400000,376630329380549720000,1780446180809680000,true,true,648157540121.5259609038042233,645102126460.1491609541276085,3055413661.3767999496766148,true,true
21,0x11b815efb8f581194ae79006d24e0d814b7697f6,25344961,-201740,1555497429882758449,15,S21_P15,-201940:-198000,0xc36442b4a4522e871399cd717abdd847ab11fe88:-201940:-198000,0xc36442b4a4522e871399cd717abdd847ab11fe88,-201940,-198000,6908418761684097,0.0044412923023632,3940,200,3740,200,1753405777077.1819796954314721,0.0000011272315488,133.4552515574274853,133.7269211029904401,0.4657557310997877,0.5957561240205886,1.0615118551203763,0.5957561240205886,37421221648617468000,37255170020819748000,166051627797720000,true,true,64803274412.008302991998024,64515465348.4952657202201792,287809063.5130372717778448,true,true,188540412199235800000,187731595424172400000,808816775063400000,true,true,324058452221.8169372064348969,322619531563.555883510103087,1438920658.2610536963318099,true,true,378410775561359400000,376830138252828880000,1580637308530520000,true,true,648157540121.5259609038042233,645280075118.4747736099890471,2877465003.0511872938151762,true,true
21,0x11b815efb8f581194ae79006d24e0d814b7697f6,25344961,-201740,1555497429882758449,16,S21_P16,-202080:-200060,0xc36442b4a4522e871399cd717abdd847ab11fe88:-202080:-200060,0xc36442b4a4522e871399cd717abdd847ab11fe88,-202080,-200060,5884954911944187,0.0037833266702265,2020,340,1680,340,2913344015813.953960396039604,0.0000018729339952,133.4552515574274853,133.7269211029904401,0.482085735386238,0.5071621231355318,0.9892478585217698,0.5071621231355318,37421221648617468000,37279770463581520000,141451185035948000,true,true,64803274412.008302991998024,64558103274.8877826724330208,245171137.1205203195650032,true,true,188540412199235800000,187825518719468000000,714893479767800000,true,true,324058452221.8169372064348969,322832703647.623627242930894,1225748574.1933099635040029,true,true,378410775561359400000,376982575373155000000,1428200188204400000,true,true,648157540121.5259609038042233,645706363422.8488833213698517,2451176698.6770775824343716,true,true
21,0x11b815efb8f581194ae79006d24e0d814b7697f6,25344961,-201740,1555497429882758449,17,S21_P17,-203190:-197130,0xc36442b4a4522e871399cd717abdd847ab11fe88:-203190:-197130,0xc36442b4a4522e871399cd717abdd847ab11fe88,-203190,-197130,5247607549681962,0.0033735880554155,6060,1450,4610,1450,865941839881.5118811881188119,0.0000005566976989,133.4552515574274853,133.7269211029904401,0.4694517541581347,0.4520504395652569,0.9215021937233916,0.4694517541581347,37421221648617468000,37295089594106228000,126132054511240000,true,true,64803274412.008302991998024,64584655486.7852311089378224,218618925.2230718830602016,true,true,188540412199235800000,187902960876904560000,637451322331240000,true,true,324058452221.8169372064348969,322965453442.2882232175751894,1092998779.5287139888597075,true,true,378410775561359400000,377137308023319360000,1273467538040040000,true,true,648157540121.5259609038042233,645971828393.807362407929424,2185711727.7185984958747993,true,true
21,0x11b815efb8f581194ae79006d24e0d814b7697f6,25344961,-201740,1555497429882758449,18,S21_P18,-203300:-199920,0xc36442b4a4522e871399cd717abdd847ab11fe88:-203300:-199920,0xc36442b4a4522e871399cd717abdd847ab11fe88,-203300,-199920,3792946371544558,0.0024384137824197,3380,1560,1820,1560,1122173482705.4905325443786982,0.000000721424196,133.4552515574274853,133.7269211029904401,0.3389622304435557,0.326434428765335,0.6653966592088907,0.3389622304435557,37421221648617468000,37330053645414156000,91168003203312000,true,true,64803274412.008302991998024,64645257787.1248255823878128,158016624.8834774096102112,true,true,188540412199235800000,188079695612389480000,460716586846320000,true,true,324058452221.8169372064348969,323268437810.9156153696696193,790014410.9013218367652776,true,true,378410775561359400000,377490413110013240000,920362451346160000,true,true,648157540121.5259609038042233,646577717522.6761111039205121,1579822598.8498497998837112,true,true
21,0x11b815efb8f581194ae79006d24e0d814b7697f6,25344961,-201740,1555497429882758449,19,S21_P19,-202140:-200580,0xc36442b4a4522e871399cd717abdd847ab11fe88:-202140:-200580,0xc36442b4a4522e871399cd717abdd847ab11fe88,-202140,-200580,3270890407098832,0.0021027938357605,1560,400,1160,400,2096724619935.1487179487179487,0.0000013479447665,133.4552515574274853,133.7269211029904401,0.2788624986014487,0.2814100003121083,0.560272498913557,0.2814100003121083,37421221648617468000,37342602015471308000,78619633146160000,true,true,64803274412.008302991998024,64667007219.2685251266038272,136267192.7397778653941968,true,true,188540412199235800000,188143117479936160000,397294719299640000,true,true,324058452221.8169372064348969,323377174355.0393377329950598,681277866.7775994734398371,true,true,378410775561359400000,377617119693755400000,793655867604000000,true,true,648157540121.5259609038042233,646795162028.1974894934427068,1362378093.3284714103615165,true,true
21,0x11b815efb8f581194ae79006d24e0d814b7697f6,25344961,-201740,1555497429882758449,20,S21_P20,-203050:-201420,0xc36442b4a4522e871399cd717abdd847ab11fe88:-203050:-201420,0xc36442b4a4522e871399cd717abdd847ab11fe88,-203050,-201420,3321959140789274,0.0021356249627745,1630,1310,320,320,2038011742815.505521472392638,0.0000013101993637,133.4552515574274853,133.7269211029904401,0.2967711399377062,0.2634082114024081,0.5601793513401143,0.2967711399377062,37421221648617468000,37341374627404632000,79847021212836000,true,true,64803274412.008302991998024,64664879425.9663065293081696,138394986.0419964626898544,true,true,188540412199235800000,188136913482462240000,403498716773560000,true,true,324058452221.8169372064348969,323366537382.6041239441848027,691914839.2128132622500942,true,true,378410775561359400000,377604725308104080000,806050253255320000,true,true,648157540121.5259609038042233,646773891041.8696020312868512,1383649079.6563588725173721,true,true
22,0x11b815efb8f581194ae79006d24e0d814b7697f6,25334961,-201392,1653949279859551051,1,S22_P1,-203180:-200820,0xc36442b4a4522e871399cd717abdd847ab11fe88:-203180:-200820,0xc36442b4a4522e871399cd717abdd847ab11fe88,-203180,-200820,1015513737925999911,0.6139932767540699,2360,1788,572,572,430302431324576.2334745762711864,0.0002601666426924,125.6565945816076535,129.042531480532419,228.629826593629614,233.4692828698455762,462.0991094634751902,233.4692828698455762,39087698451832096000,15097742856971892000,23989955594860204000,true,true,70128571039.856588863655637,27111792609.3165042461296662,43016778430.5400846175259708,true,true,197035892006863000000,75828150937622135000,121207741069240865000,true,true,350087982593.5728059274578048,136079724090.3991706672524352,214008258503.1736352602053696,true,true,395449519389964160000,152827759471305120000,242621759918659040000,true,true,699369883523.4565191665340672,266464515403.7736951242500864,432905368119.6828240422839808,true,true
22,0x11b815efb8f581194ae79006d24e0d814b7697f6,25334961,-201392,1653949279859551051,2,S22_P2,-202000:-200560,0xc36442b4a4522e871399cd717abdd847ab11fe88:-202000:-200560,0xc36442b4a4522e871399cd717abdd847ab11fe88,-202000,-200560,165600044051825778,0.1001240159346894,1440,608,832,608,115000030591545.6791666666666667,0.0000695305666213,125.6565945816076535,129.042531480532419,13.7606772468584548,14.7387822973132606,28.4994595441717154,14.7387822973132606,39087698451832096000,35175009222599656000,3912689229232440000,true,true,70128571039.856588863655637,63108519095.5367946903726876,7020051944.3197941732829494,true,true,197035892006863000000,177337791477586520000,19698100529276480000,true,true,350087982593.5728059274578048,314822105382.6373396969081536,35265877210.9354662305496512,true,true,395449519389964160000,356197801530306480000,39251717859657680000,true,true,699369883523.4565191665340672,628317922323.9930054101507584,71051961199.4635137563833088,true,true
22,0x11b815efb8f581194ae79006d24e0d814b7697f6,25334961,-201392,1653949279859551051,3,S22_P3,-203840:-193690,0xc36442b4a4522e871399cd717abdd847ab11fe88:-203840:-193690,0xc36442b4a4522e871399cd717abdd847ab11fe88,-203840,-193690,121974768461373800,0.0737475870310434,10150,2448,7702,2448,12017218567623.0344827586206897,0.0000072657721213,125.6565945816076535,129.042531480532419,9.8477726238007805,10.5299627114941508,20.3777353352949313,10.5299627114941508,39087698451832096000,36205772044214424000,2881926407617672000,true,true,70128571039.856588863655637,64957865418.2123353887987336,5170705621.6442534748569034,true,true,197035892006863000000,182529981471847680000,14505910535015320000,true,true,350087982593.5728059274578048,324105086874.9069498484452224,25982895718.6658560790125824,true,true,395449519389964160000,366541283063255480000,28908236326708680000,true,true,699369883523.4565191665340672,647037415641.9338662556918656,52332467881.5226529108422016,true,true
22,0x11b815efb8f581194ae79006d24e0d814b7697f6,25334961,-201392,1653949279859551051,4,S22_P4,-202320:-200320,0xc36442b4a4522e871399cd717abdd847ab11fe88:-202320:-200320,0xc36442b4a4522e871399cd717abdd847ab11fe88,-202320,-200320,50401140216689965,0.0304732078730793,2000,928,1072,928,25200570108344.9825,0.0000152366039365,125.6565945816076535,129.042531480532419,3.8882011518348463,4.1508661780593489,8.0390673298941952,4.1508661780593489,39087698451832096000,37896867412646568000,1190831039185528000,true,true,70128571039.856588863655637,67991985569.0997857214925962,2136585470.7568031421630408,true,true,197035892006863000000,191043786580886680000,5992105425976320000,true,true,350087982593.5728059274578048,339347164488.8408709849531904,10740818104.7319349425046144,true,true,395449519389964160000,383506325672839520000,11943193717124640000,true,true,699369883523.4565191665340672,677746846341.324196589466688,21623037182.1323225770673792,true,true
22,0x11b815efb8f581194ae79006d24e0d814b7697f6,25334961,-201392,1653949279859551051,5,S22_P5,-203520:-200040,0xc36442b4a4522e871399cd717abdd847ab11fe88:-203520:-200040,0xc36442b4a4522e871399cd717abdd847ab11fe88,-203520,-200040,43336118720480811,0.0262016007674436,3480,2128,1352,1352,12452907678299.0836206896551724,0.0000075291956228,125.6565945816076535,129.042531480532419,3.3285554227707175,3.5528793780209479,6.8814348007916654,3.5528793780209479,39087698451832096000,38063793973836288000,1023904477995808000,true,true,70128571039.856588863655637,68291484078.4529237967716928,1837086961.4036650668839442,true,true,197035892006863000000,191883886884496320000,5152005122366680000,true,true,350087982593.5728059274578048,340852426469.2709750311634048,9235556124.3018308962944,true,true,395449519389964160000,385180632174393920000,10268887215570240000,true,true,699369883523.4565191665340672,680778000910.6603407141563136,18591882612.7961784523777536,true,true
22,0x11b815efb8f581194ae79006d24e0d814b7697f6,25334961,-201392,1653949279859551051,6,S22_P6,-201840:-201250,0xc36442b4a4522e871399cd717abdd847ab11fe88:-201840:-201250,0xc36442b4a4522e871399cd717abdd847ab11fe88,-201840,-201250,50084041634388521,0.0302814858014519,590,448,142,142,84888206159980.5440677966101695,0.0000513245522059,125.6565945816076535,129.042531480532419,3.8240587617537075,2.594707312146598,6.4187660739003055,3.8240587617537075,39087698451832096000,37904360029747524000,1183338422084572000,true,true,70128571039.856588863655637,68005429163.2625681116883145,2123141876.5940207519673225,true,true,197035892006863000000,191081494042692240000,5954397964170760000,true,true,350087982593.5728059274578048,340769038796.7820797711582464,9318943796.7907261562995584,true,true,395449519389964160000,383581474681355480000,11868044708608680000,true,true,699369883523.4565191665340672,682104148731.6684390169673984,17265734791.7880801495666688,true,true
22,0x11b815efb8f581194ae79006d24e0d814b7697f6,25334961,-201392,1653949279859551051,7,S22_P7,-205010:-190760,0xc36442b4a4522e871399cd717abdd847ab11fe88:-205010:-190760,0xc36442b4a4522e871399cd717abdd847ab11fe88,-205010,-190760,30283666877182300,0.0183099126714175,14250,3618,10632,3618,2125169605416.3017543859649123,0.0000012849061524,125.6565945816076535,129.042531480532419,2.3073902677139258,2.4622181401291311,4.7696084078430569,2.4622181401291311,39087698451832096000,38372185729314364000,715512722517732000,true,true,70128571039.856588863655637,68844798646.7091491493819969,1283772393.1474397142736401,true,true,197035892006863000000,193435818352670360000,3600073654192640000,true,true,350087982593.5728059274578048,343633665645.1725319705322304,6454316948.4002739569255744,true,true,395449519389964160000,388273732500264920000,7175786889699240000,true,true,699369883523.4565191665340672,686377887318.6793558559336576,12991996204.7771633106004096,true,true
22,0x11b815efb8f581194ae79006d24e0d814b7697f6,25334961,-201392,1653949279859551051,8,S22_P8,-202110:-200230,0xc36442b4a4522e871399cd717abdd847ab11fe88:-202110:-200230,0xc36442b4a4522e871399cd717abdd847ab11fe88,-202110,-200230,16819834977408074,0.0101694986552649,1880,718,1162,718,8946720732663.8691489361702128,0.0000054093077954,125.6565945816076535,129.042531480532419,1.2710430209097048,1.3559534823840782,2.626996503293783,1.3559534823840782,39087698451832096000,38690296732884840000,397401718947256000,true,true,70128571039.856588863655637,69415550310.832313403652881,713020729.024275460002756,true,true,197035892006863000000,195036486284369000000,1999405722494000000,true,true,350087982593.5728059274578048,346502958372.2533937943158016,3585024221.3194121331420032,true,true,395449519389964160000,391464134155279040000,3985385234685120000,true,true,699369883523.4565191665340672,692154117235.0290107777595968,7215766288.4275083887744704,true,true
22,0x11b815efb8f581194ae79006d24e0d814b7697f6,25334961,-201392,1653949279859551051,9,S22_P9,-203190:-199170,0xc36442b4a4522e871399cd717abdd847ab11fe88:-203190:-199170,0xc36442b4a4522e871399cd717abdd847ab11fe88,-203190,-199170,15336325105087858,0.0092725486155115,4020,1798,2222,1798,3815006245046.7308457711442786,0.0000023066041332,125.6565945816076535,129.042531480532419,1.157891387076866,1.2352052664824615,2.3930966535593275,1.2352052664824615,39087698451832096000,38725347390497204000,362351061334892000,true,true,70128571039.856588863655637,69478440187.0236520627473807,650130852.8329368009082563,true,true,197035892006863000000,195212844619468840000,1823047387394160000,true,true,350087982593.5728059274578048,346819134914.1188876638297856,3268847679.4539182636280192,true,true,395449519389964160000,391815656542323240000,3633862847640920000,true,true,699369883523.4565191665340672,692790559902.9727984311053376,6579323620.4837207354287296,true,true
22,0x11b815efb8f581194ae79006d24e0d814b7697f6,25334961,-201392,1653949279859551051,10,S22_P10,-203070:-201050,0xc36442b4a4522e871399cd717abdd847ab11fe88:-203070:-201050,0xc36442b4a4522e871399cd717abdd847ab11fe88,-203070,-201050,14491882956695774,0.0087619875247483,2020,1678,342,342,7174199483512.7594059405940594,0.0000043376175865,125.6565945816076535,129.042531480532419,1.0935744354724958,1.0961733755153019,2.1897478109877977,1.0961733755153019,39087698451832096000,38745299520684768000,342398931147328000,true,true,70128571039.856588863655637,69514237067.9995601957395569,614333971.8570286679160801,true,true,197035892006863000000,195313230301610680000,1722661705252320000,true,true,350087982593.5728059274578048,346999110211.726258176502496,3088872381.8465477509553088,true,true,395449519389964160000,392015748846735480000,3433770543228680000,true,true,699369883523.4565191665340672,693152834082.400517016550848,6217049441.0560021499832192,true,true
22,0x11b815efb8f581194ae79006d24e0d814b7697f6,25334961,-201392,1653949279859551051,11,S22_P11,-202170:-195270,0xc36442b4a4522e871399cd717abdd847ab11fe88:-202170:-195270,0xc36442b4a4522e871399cd717abdd847ab11fe88,-202170,-195270,13496553483379004,0.0081601979260967,6900,778,6122,778,1956022243967.9715942028985507,0.0000011826373806,125.6565945816076535,129.042531480532419,1.0178498740815945,1.0857721800930655,2.10362205417466,1.0857721800930655,39087698451832096000,38768815519687228000,318882932144868000,true,true,70128571039.856588863655637,69556430180.9971536732946764,572140858.8594351903609606,true,true,197035892006863000000,195431552368489560000,1604339638373440000,true,true,350087982593.5728059274578048,347211246263.6627265076559744,2876736329.9100794198018304,true,true,395449519389964160000,392251593410230480000,3197925979733680000,true,true,699369883523.4565191665340672,693579839599.1886446564228608,5790043924.2678745101112064,true,true
22,0x11b815efb8f581194ae79006d24e0d814b7697f6,25334961,-201392,1653949279859551051,12,S22_P12,-205670:-192890,0xc36442b4a4522e871399cd717abdd847ab11fe88:-205670:-192890,0xc36442b4a4522e871399cd717abdd847ab11fe88,-205670,-192890,13398742248352511,0.0081010599366689,12780,4278,8502,4278,1048414886412.5595461658841941,0.000000633885754,125.6565945816076535,129.042531480532419,1.0104133340665563,1.0778372590976269,2.0882505931641832,1.0778372590976269,39087698451832096000,38771126762898744000,316571688933352000,true,true,70128571039.856588863655637,69560576992.1769194345079933,567994047.6796694291476437,true,true,197035892006863000000,195443179975578320000,1592712031284680000,true,true,350087982593.5728059274578048,347232092845.8568578398090048,2855889747.7159480876488,true,true,395449519389964160000,392274769865776640000,3174749524187520000,true,true,699369883523.4565191665340672,693621801378.1315392882965056,5748082145.3249798782375616,true,true
22,0x11b815efb8f581194ae79006d24e0d814b7697f6,25334961,-201392,1653949279859551051,13,S22_P13,-205670:-196950,0xc36442b4a4522e871399cd717abdd847ab11fe88:-205670:-196950,0xc36442b4a4522e871399cd717abdd847ab11fe88,-205670,-196950,10887379047933520,0.0065826559378278,8720,4278,4442,4278,1248552643111.6422018348623853,0.000000754891736,125.6565945816076535,129.042531480532419,0.8197781592056128,0.8744363769608679,1.6942145361664807,0.8744363769608679,39087698451832096000,38830463264214072000,257235187618024000,true,true,70128571039.856588863655637,69667037843.9944369895807424,461533195.8621518740748946,true,true,197035892006863000000,195741719332716640000,1294172674146360000,true,true,350087982593.5728059274578048,347767352773.5045187121761472,2320629820.0682872152816576,true,true,395449519389964160000,392869835557465240000,2579683832498920000,true,true,699369883523.4565191665340672,694699194783.8459210262780992,4670688739.610598140255968,true,true
22,0x11b815efb8f581194ae79006d24e0d814b7697f6,25334961,-201392,1653949279859551051,14,S22_P14,-203210:-197150,0xc36442b4a4522e871399cd717abdd847ab11fe88:-203210:-197150,0xc36442b4a4522e871399cd717abdd847ab11fe88,-203210,-197150,10724049893069410,0.0064839049320666,6060,1818,4242,1818,1769645196876.1402640264026403,0.0000010699513089,125.6565945816076535,129.042531480532419,0.8074001385356828,0.8612301869092167,1.6686303254448995,0.8612301869092167,39087698451832096000,38834321734019824000,253376717812272000,true,true,70128571039.856588863655637,69673961228.0296583969310468,454609811.8269304667245902,true,true,197035892006863000000,195761134730425760000,1274757276437240000,true,true,350087982593.5728059274578048,347802164181.5196885253131136,2285818412.0531174021446912,true,true,395449519389964160000,392908535953495520000,2540983436468640000,true,true,699369883523.4565191665340672,694769263814.81248898873328,4600619708.6440301778007872,true,true
22,0x11b815efb8f581194ae79006d24e0d814b7697f6,25334961,-201392,1653949279859551051,15,S22_P15,-202370:-199390,0xc36442b4a4522e871399cd717abdd847ab11fe88:-202370:-199390,0xc36442b4a4522e871399cd717abdd847ab11fe88,-202370,-199390,8598449546185490,0.0051987383475965,2980,978,2002,978,2885385753753.5201342281879195,0.0000017445430697,125.6565945816076535,129.042531480532419,0.64653287053573,0.6896080017166803,1.3361408722524103,0.6896080017166803,39087698451832096000,38884543479517400000,203154972314696000,true,true,70128571039.856588863655637,69764068429.6419533578946019,364502610.2146355057610351,true,true,197035892006863000000,196013811759318520000,1022080247544480000,true,true,350087982593.5728059274578048,348255215236.7430692384786112,1832767356.8297366889791936,true,true,395449519389964160000,393412190365517640000,2037329024446520000,true,true,699369883523.4565191665340672,695681156706.9600218912546368,3688726816.4964972752794304,true,true
22,0x11b815efb8f581194ae79006d24e0d814b7697f6,25334961,-201392,1653949279859551051,16,S22_P16,-202240:-200570,0xc36442b4a4522e871399cd717abdd847ab11fe88:-202240:-200570,0xc36442b4a4522e871399cd717abdd847ab11fe88,-202240,-200570,7335650844648730,0.0044352332529034,1670,848,822,822,4392605296196.844311377245509,0.0000026558282952,125.6565945816076535,129.042531480532419,0.55115920086502,0.5878650308090939,1.1390242316741139,0.5878650308090939,39087698451832096000,38914379503336948000,173318948495148000,true,true,70128571039.856588863655637,69817601020.202497554099036,310970019.654091309556601,true,true,197035892006863000000,196163922502790160000,871969504072840000,true,true,350087982593.5728059274578048,348524372497.8487892689297472,1563610095.7240166585280576,true,true,395449519389964160000,393711404324781520000,1738115065182640000,true,true,699369883523.4565191665340672,696222900988.952714762133344,3146982534.5038044044007232,true,true
22,0x11b815efb8f581194ae79006d24e0d814b7697f6,25334961,-201392,1653949279859551051,17,S22_P17,-201940:-198000,0xc36442b4a4522e871399cd717abdd847ab11fe88:-201940:-198000,0xc36442b4a4522e871399cd717abdd847ab11fe88,-201940,-198000,6908418761684097,0.0041769229841623,3940,548,3392,548,1753405777077.1819796954314721,0.0000010601327371,125.6565945816076535,129.042531480532419,0.518925248954608,0.5534795755047931,1.0724048244594011,0.5534795755047931,39087698451832096000,38924473885073616000,163224566758480000,true,true,70128571039.856588863655637,69835711490.6646293371377102,292859549.1919595265179268,true,true,197035892006863000000,196214707598311040000,821184408551960000,true,true,350087982593.5728059274578048,348615434855.0269795783008128,1472547738.545826349156992,true,true,395449519389964160000,393812634356215640000,1636885033748520000,true,true,699369883523.4565191665340672,696406184424.6545582301289216,2963699098.8019609364051456,true,true
22,0x11b815efb8f581194ae79006d24e0d814b7697f6,25334961,-201392,1653949279859551051,18,S22_P18,-202080:-200060,0xc36442b4a4522e871399cd717abdd847ab11fe88:-202080:-200060,0xc36442b4a4522e871399cd717abdd847ab11fe88,-202080,-200060,5884954911944187,0.0035581229627815,2020,688,1332,688,2913344015813.953960396039604,0.0000017614470113,125.6565945816076535,129.042531480532419,0.4417743005297945,0.4711814695421761,0.9129557700719706,0.4711814695421761,39087698451832096000,38948654490331780000,139043961500316000,true,true,70128571039.856588863655637,69879097472.2842732844885965,249473567.5723155791670405,true,true,197035892006863000000,196336366571218400000,699525435644600000,true,true,350087982593.5728059274578048,348833583382.4896681709103936,1254399211.0831377565474112,true,true,395449519389964160000,394055137436634120000,1394381953330040000,true,true,699369883523.4565191665340672,696845252042.1754274179223168,2524631481.2810917486117504,true,true
22,0x11b815efb8f581194ae79006d24e0d814b7697f6,25334961,-201392,1653949279859551051,19,S22_P19,-203190:-197130,0xc36442b4a4522e871399cd717abdd847ab11fe88:-203190:-197130,0xc36442b4a4522e871399cd717abdd847ab11fe88,-203190,-197130,5247607549681962,0.0031727741676139,6060,1798,4262,1798,865941839881.5118811881188119,0.0000005235600937,125.6565945816076535,129.042531480532419,0.3937778377386348,0.4199846701858208,0.8137625079244556,0.4199846701858208,39087698451832096000,38963713768647736000,123984683184360000,true,true,70128571039.856588863655637,69906117144.5159717866854432,222453895.3406170769701938,true,true,197035892006863000000,196412127764076160000,623764242786840000,true,true,350087982593.5728059274578048,348969433134.321263943682528,1118549459.2515419837752768,true,true,395449519389964160000,394206152385377320000,1243367004586840000,true,true,699369883523.4565191665340672,697118674400.4221649560308864,2251209123.0343542105031808,true,true
22,0x11b815efb8f581194ae79006d24e0d814b7697f6,25334961,-201392,1653949279859551051,20,S22_P20,-203300:-199920,0xc36442b4a4522e871399cd717abdd847ab11fe88:-203300:-199920,0xc36442b4a4522e871399cd717abdd847ab11fe88,-203300,-199920,3792946371544558,0.0022932664367233,3380,1908,1472,1472,1122173482705.4905325443786982,0.0000006784811943,125.6565945816076535,129.042531480532419,0.28437076510204,0.3032873847677544,0.5876581498697944,0.3032873847677544,39087698451832096000,38998082631848240000,89615819983856000,true,true,70128571039.856588863655637,69967781141.1416952304069125,160789898.7148936332487245,true,true,197035892006863000000,196585040686074360000,450851320788640000,true,true,350087982593.5728059274578048,349279494685.708249973147264,808487907.8645559543105408,true,true,395449519389964160000,394550822184901960000,898697205062200000,true,true,699369883523.4565191665340672,697742723076.1187487957575168,1627160447.3377703707765504,true,true
23,0x11b815efb8f581194ae79006d24e0d814b7697f6,25324961,-201285,1420509724014193082,1,S23_P1,-203180:-200820,0xc36442b4a4522e871399cd717abdd847ab11fe88:-203180:-200820,0xc36442b4a4522e871399cd717abdd847ab11fe88,-203180,-200820,1015513737925999911,0.7148939009416125,2360,1895,465,465,430302431324576.2334745762711864,0.0003029211444668,147.1370309447365398,178.4403454375307097,410.8035666097225257,590.0973734750731655,1000.9009400847956912,590.0973734750731655,33410041672342584000,9522344983591558000,23887696688751026000,true,true,60539596024.5502609957813372,17260183619.883897236690402,43279412404.6663637590909352,true,true,168141763546233040000,47760780986478556000,120380982559754484000,true,true,299766211881.5060545105207446,86316627634.2918669464199468,213449584247.2141875641007978,true,true,337486358211729600000,95526339411103095000,241960018800626505000,true,true,595132533294.2974541481844272,170253153782.661307920319494,424879379511.6361462278649332,true,true
23,0x11b815efb8f581194ae79006d24e0d814b7697f6,25324961,-201285,1420509724014193082,2,S23_P2,-202810:-201110,0xc36442b4a4522e871399cd717abdd847ab11fe88:-202810:-201110,0xc36442b4a4522e871399cd717abdd847ab11fe88,-202810,-201110,142757979071438502,0.1004977133616666,1700,1525,175,175,83975281806728.5305882352941176,0.0000591163019775,147.1370309447365398,178.4403454375307097,16.1709704067801185,16.632905092823374,32.8038754996034925,16.632905092823374,33410041672342584000,30055408021097268000,3354633651245316000,true,true,60539596024.5502609957813372,54455604147.6498074711244216,6083991876.9004535246569156,true,true,168141763546233040000,151232083394824280000,16909680151408760000,true,true,299766211881.5060545105207446,272157665044.4602236673356322,27608546837.0458308431851124,true,true,337486358211729600000,303777947590998360000,33708410620731240000,true,true,595132533294.2974541481844272,544055089748.9946878961277276,51077443545.3027662520566996,true,true
23,0x11b815efb8f581194ae79006d24e0d814b7697f6,25324961,-201285,1420509724014193082,3,S23_P3,-203520:-200040,0xc36442b4a4522e871399cd717abdd847ab11fe88:-203520:-200040,0xc36442b4a4522e871399cd717abdd847ab11fe88,-203520,-200040,43336118720480811,0.0305074424960767,3480,2235,1245,1245,12452907678299.0836206896551724,0.0000087665064644,147.1370309447365398,178.4403454375307097,4.559125724533398,15.5944404772521288,20.1535662017855268,15.5944404772521288,33410041672342584000,32391734395516472000,1018307276826112000,true,true,60539596024.5502609957813372,58692715090.60697509038257,1846880933.9432859053987672,true,true,168141763546233040000,163011238620018880000,5130524926214160000,true,true,299766211881.5060545105207446,290410706506.4663403219443354,9355505375.0397141885764092,true,true,337486358211729600000,327256910694435560000,10229447517294040000,true,true,595132533294.2974541481844272,575862020010.0582529406061883,19270513284.2392012075782389,true,true
23,0x11b815efb8f581194ae79006d24e0d814b7697f6,25324961,-201285,1420509724014193082,4,S23_P4,-205010:-190760,0xc36442b4a4522e871399cd717abdd847ab11fe88:-205010:-190760,0xc36442b4a4522e871399cd717abdd847ab11fe88,-205010,-190760,30283666877182300,0.0213188733348507,14250,3725,10525,3725,2125169605416.3017543859649123,0.0000014960612867,147.1370309447365398,178.4403454375307097,3.1564311596381097,10.7657293644342249,13.9221605240723346,10.7657293644342249,33410041672342584000,32698442840871380000,711598831471204000,true,true,60539596024.5502609957813372,59248978575.5919985056924804,1290617448.9582624900888568,true,true,168141763546233040000,164556733203949440000,3585030342283600000,true,true,299766211881.5060545105207446,293226109684.7923272958391816,6540102196.713727214681563,true,true,337486358211729600000,330338206647610160000,7148151564119440000,true,true,595132533294.2974541481844272,581667038632.4374592775040446,13465494661.8599948706803826,true,true
23,0x11b815efb8f581194ae79006d24e0d814b7697f6,25324961,-201285,1420509724014193082,5,S23_P5,-202110:-200230,0xc36442b4a4522e871399cd717abdd847ab11fe88:-202110:-200230,0xc36442b4a4522e871399cd717abdd847ab11fe88,-202110,-200230,16819834977408074,0.0118407038635943,1880,825,1055,825,8946720732663.8691489361702128,0.000006298246736,147.1370309447365398,178.4403454375307097,1.736510925321743,5.3375742959370578,7.0740852212588008,5.3375742959370578,33410041672342584000,33014815746509584000,395225925833000000,true,true,60539596024.5502609957813372,59822774590.6001898494066696,716821433.9500711463746676,true,true,168141763546233040000,166150731905584840000,1991031640648200000,true,true,299766211881.5060545105207446,296132469265.5685704219731875,3633742615.9374840885475571,true,true,337486358211729600000,333516364669926280000,3969993541803320000,true,true,595132533294.2974541481844272,587654256050.6191447608184877,7478277243.6783093873659395,true,true
23,0x11b815efb8f581194ae79006d24e0d814b7697f6,25324961,-201285,1420509724014193082,6,S23_P6,-203190:-199170,0xc36442b4a4522e871399cd717abdd847ab11fe88:-203190:-199170,0xc36442b4a4522e871399cd717abdd847ab11fe88,-203190,-199170,15336325105087858,0.0107963534820087,4020,1905,2115,1905,3815006245046.7308457711442786,0.0000026856600702,147.1370309447365398,178.4403454375307097,1.5817003118318062,5.1159294154749786,6.6976297273067848,5.1159294154749786,33410041672342584000,33049674191295024000,360367481047560000,true,true,60539596024.5502609957813372,59885998258.1612419610160468,653597766.3890190347652904,true,true,168141763546233040000,166326353834910440000,1815409711322600000,true,true,299766211881.5060545105207446,296452837398.6911629095472304,3313374482.8148916009735142,true,true,337486358211729600000,333866533997515880000,3619824214213720000,true,true,595132533294.2974541481844272,588313902609.7474832018772604,6818630684.5499709463071668,true,true
23,0x11b815efb8f581194ae79006d24e0d814b7697f6,25324961,-201285,1420509724014193082,7,S23_P7,-202170:-195270,0xc36442b4a4522e871399cd717abdd847ab11fe88:-202170:-195270,0xc36442b4a4522e871399cd717abdd847ab11fe88,-202170,-195270,13496553483379004,0.0095012045712995,6900,885,6015,885,1956022243967.9715942028985507,0.0000013769861698,147.1370309447365398,178.4403454375307097,1.3901599549699532,4.4687675262295607,5.8589274811995139,4.4687675262295607,33410041672342584000,33092904144136040000,317137528206544000,true,true,60539596024.5502609957813372,59964405030.7234078514113672,575190993.82685314436997,true,true,168141763546233040000,166544147377896240000,1597616168336800000,true,true,299766211881.5060545105207446,296850176955.0833895691081097,2916034926.4226649414126349,true,true,337486358211729600000,334300791380876040000,3185566830853560000,true,true,595132533294.2974541481844272,589131946253.2522038539167338,6000587041.0452502942676934,true,true
23,0x11b815efb8f581194ae79006d24e0d814b7697f6,25324961,-201285,1420509724014193082,8,S23_P8,-205670:-192890,0xc36442b4a4522e871399cd717abdd847ab11fe88:-205670:-192890,0xc36442b4a4522e871399cd717abdd847ab11fe88,-205670,-192890,13398742248352511,0.0094323481366176,12780,4385,8395,4385,1048414886412.5595461658841941,0.0000007380554098,147.1370309447365398,178.4403454375307097,1.3799906054703055,4.4346339356259944,5.8146245410962999,4.4346339356259944,33410041672342584000,33095202823607324000,314838848735260000,true,true,60539596024.5502609957813372,59968573489.1057746751635932,571022535.444486320617744,true,true,168141763546233040000,166555725891778000000,1586037654455040000,true,true,299766211881.5060545105207446,296871302158.0496789983177818,2894909723.4563755122029628,true,true,337486358211729600000,334323878305016680000,3162479906712920000,true,true,595132533294.2974541481844272,589175436700.6688391466617289,5957096593.6286150015226983,true,true
23,0x11b815efb8f581194ae79006d24e0d814b7697f6,25324961,-201285,1420509724014193082,9,S23_P9,-205670:-196950,0xc36442b4a4522e871399cd717abdd847ab11fe88:-205670:-196950,0xc36442b4a4522e871399cd717abdd847ab11fe88,-205670,-196950,10887379047933520,0.0076644171200512,8720,4385,4335,4335,1248552643111.6422018348623853,0.0000008789469174,147.1370309447365398,178.4403454375307097,1.1193627697690065,3.5674682806701425,4.686831050439149,3.5674682806701425,33410041672342584000,33154214828243448000,255826844099136000,true,true,60539596024.5502609957813372,60075601905.3381783017127424,463994119.2120826940685948,true,true,168141763546233040000,166853016683711120000,1288746862521920000,true,true,299766211881.5060545105207446,297413751558.4013613888300537,2352460323.1046931216906909,true,true,337486358211729600000,334916649508465680000,2569708703263920000,true,true,595132533294.2974541481844272,590292068993.2556622202742594,4840464301.0417919279101678,true,true
23,0x11b815efb8f581194ae79006d24e0d814b7697f6,25324961,-201285,1420509724014193082,10,S23_P10,-203210:-197150,0xc36442b4a4522e871399cd717abdd847ab11fe88:-203210:-197150,0xc36442b4a4522e871399cd717abdd847ab11fe88,-203210,-197150,10724049893069410,0.0075494378614773,6060,1925,4135,1925,1769645196876.1402640264026403,0.0000012457818253,147.1370309447365398,178.4403454375307097,1.1024443457610795,3.5116792021257863,4.6141235478868658,3.5116792021257863,33410041672342584000,33158051503775836000,251990168566748000,true,true,60539596024.5502609957813372,60082562346.8024794056770488,457033677.7477815901042884,true,true,168141763546233040000,166872351089096200000,1269412457136840000,true,true,299766211881.5060545105207446,297449032852.1988681141801205,2317179029.3071863963406241,true,true,337486358211729600000,334955200706412160000,2531157505317440000,true,true,595132533294.2974541481844272,590364689167.4189213365117625,4767844126.8785328116726647,true,true
23,0x11b815efb8f581194ae79006d24e0d814b7697f6,25324961,-201285,1420509724014193082,11,S23_P11,-201650:-200570,0xc36442b4a4522e871399cd717abdd847ab11fe88:-201650:-200570,0xc36442b4a4522e871399cd717abdd847ab11fe88,-201650,-200570,11293781684395738,0.0079505134625062,1080,365,715,365,10457205263329.387037037037037,0.0000073615865394,147.1370309447365398,178.4403454375307097,1.0738346472515422,2.9958865127018506,4.0697211599533928,2.9958865127018506,33410041672342584000,33144665159945184000,265376512397400000,true,true,60539596024.5502609957813372,60058281998.5638890188385416,481314025.9863719769427956,true,true,168141763546233040000,166804908116365760000,1336855429867280000,true,true,299766211881.5060545105207446,297325964725.998919537579591,2440247155.5071349729411536,true,true,337486358211729600000,334820724700894640000,2665633510834960000,true,true,595132533294.2974541481844272,590111371769.4215532007539122,5021161524.875900947430515,true,true
23,0x11b815efb8f581194ae79006d24e0d814b7697f6,25324961,-201285,1420509724014193082,12,S23_P12,-202370:-199390,0xc36442b4a4522e871399cd717abdd847ab11fe88:-202370:-199390,0xc36442b4a4522e871399cd717abdd847ab11fe88,-202370,-199390,8598449546185490,0.0060530733446071,2980,1085,1895,1085,2885385753753.5201342281879195,0.000002031232666,147.1370309447365398,178.4403454375307097,0.8826164019427277,2.7922522761264845,3.6748686780692122,2.7922522761264845,33410041672342584000,33207998652916048000,202043019426536000,true,true,60539596024.5502609957813372,60173150463.7227871110434296,366445560.8274738847379076,true,true,168141763546233040000,167123969734635760000,1017793811597280000,true,true,299766211881.5060545105207446,297908217469.1706174416598566,1857994412.335437068860888,true,true,337486358211729600000,335456910694882160000,2029447516847440000,true,true,595132533294.2974541481844272,591309769937.1843108684821373,3822763357.1131432797022899,true,true
23,0x11b815efb8f581194ae79006d24e0d814b7697f6,25324961,-201285,1420509724014193082,13,S23_P13,-203070:-201050,0xc36442b4a4522e871399cd717abdd847ab11fe88:-203070:-201050,0xc36442b4a4522e871399cd717abdd847ab11fe88,-203070,-201050,14491882956695774,0.0102018893019214,2020,1785,235,235,7174199483512.7594059405940594,0.0000050504402485,147.1370309447365398,178.4403454375307097,1.493723229190404,2.0119583231487597,3.5056815523391637,2.0119583231487597,33410041672342584000,33069516428905868000,340525243436716000,true,true,60539596024.5502609957813372,59921986333.761246746115826,617609690.7890142496655112,true,true,168141763546233040000,166426319733595200000,1715443812637840000,true,true,299766211881.5060545105207446,296739346696.480981378008168,3026865185.0250731325125766,true,true,337486358211729600000,334065855496886960000,3420502714842640000,true,true,595132533294.2974541481844272,589057561035.8010853950437476,6074972258.4963687531406796,true,true
23,0x11b815efb8f581194ae79006d24e0d814b7697f6,25324961,-201285,1420509724014193082,14,S23_P14,-201940:-198000,0xc36442b4a4522e871399cd717abdd847ab11fe88:-201940:-198000,0xc36442b4a4522e871399cd717abdd847ab11fe88,-201940,-198000,6908418761684097,0.0048633378884319,3940,655,3285,655,1753405777077.1819796954314721,0.0000012343497179,147.1370309447365398,178.4403454375307097,0.7083004802059517,2.2288082882473628,2.9371087684533145,2.2288082882473628,33410041672342584000,33247710311566800000,162331360775784000,true,true,60539596024.5502609957813372,60245175536.1831807896497188,294420488.3670802061316184,true,true,168141763546233040000,167324024619340280000,817738926892760000,true,true,299766211881.5060545105207446,298273343928.2818705355906362,1492867953.2241839749301084,true,true,337486358211729600000,335855808134218760000,1630550077510840000,true,true,595132533294.2974541481844272,592061170663.5090847552443574,3071362630.7883693929400698,true,true
23,0x11b815efb8f581194ae79006d24e0d814b7697f6,25324961,-201285,1420509724014193082,15,S23_P15,-202080:-200060,0xc36442b4a4522e871399cd717abdd847ab11fe88:-202080:-200060,0xc36442b4a4522e871399cd717abdd847ab11fe88,-202080,-200060,5884954911944187,0.0041428473261795,2020,795,1225,795,2913344015813.953960396039604,0.0000020509145179,147.1370309447365398,178.4403454375307097,0.6029366697477487,1.878209383994804,2.4811460537425527,1.878209383994804,33410041672342584000,33271759674747676000,138281997594908000,true,true,60539596024.5502609957813372,60288793208.5703512805667744,250802815.9799097152145628,true,true,168141763546233040000,167445173651652680000,696589894580360000,true,true,299766211881.5060545105207446,298494475393.8439920890300118,1271736487.6620624214907328,true,true,337486358211729600000,336097373819438360000,1388984392291240000,true,true,595132533294.2974541481844272,592516202403.5811532001539868,2616330890.7163009480304404,true,true
23,0x11b815efb8f581194ae79006d24e0d814b7697f6,25324961,-201285,1420509724014193082,16,S23_P16,-203190:-197130,0xc36442b4a4522e871399cd717abdd847ab11fe88:-203190:-197130,0xc36442b4a4522e871399cd717abdd847ab11fe88,-203190,-197130,5247607549681962,0.0036941722122485,6060,1905,4155,1905,865941839881.5118811881188119,0.000000609599375,147.1370309447365398,178.4403454375307097,0.5373988395298205,1.6822453013155576,2.2196441408453781,1.6822453013155576,33410041672342584000,33286736205031392000,123305467311192000,true,true,60539596024.5502609957813372,60315955382.2111821782063712,223640642.339078817574966,true,true,168141763546233040000,167520617183324440000,621146362908600000,true,true,299766211881.5060545105207446,298632187750.073834343845769,1134024131.4322201666749756,true,true,337486358211729600000,336247804865875560000,1238553345854040000,true,true,595132533294.2974541481844272,592799563879.7352742509867132,2332969414.562179897197714,true,true
23,0x11b815efb8f581194ae79006d24e0d814b7697f6,25324961,-201285,1420509724014193082,17,S23_P17,-203300:-199920,0xc36442b4a4522e871399cd717abdd847ab11fe88:-203300:-199920,0xc36442b4a4522e871399cd717abdd847ab11fe88,-203300,-199920,3792946371544558,0.0026701305224621,3380,2015,1365,1365,1122173482705.4905325443786982,0.0000007899794445,147.1370309447365398,178.4403454375307097,0.388035624181859,1.2092098597562279,1.5972454839380869,1.2092098597562279,33410041672342584000,33320916649027260000,89125023315324000,true,true,60539596024.5502609957813372,60377949586.0646082811288188,161646438.4856527146525184,true,true,168141763546233040000,167692804792943800000,448958753289240000,true,true,299766211881.5060545105207446,298946514999.2817603075079498,819696882.2242942030127948,true,true,337486358211729600000,336591141296747840000,895216914981760000,true,true,595132533294.2974541481844272,593446290411.6736141678117712,1686242882.623839980372656,true,true
23,0x11b815efb8f581194ae79006d24e0d814b7697f6,25324961,-201285,1420509724014193082,18,S23_P18,-205050:-192620,0xc36442b4a4522e871399cd717abdd847ab11fe88:-205050:-192620,0xc36442b4a4522e871399cd717abdd847ab11fe88,-205050,-192620,3162737997976704,0.0022264810613469,12430,3765,8665,3765,254443925822.7436846339501207,0.0000001791215657,147.1370309447365398,178.4403454375307097,0.323420385416027,1.0058944151035945,1.3293148005196215,1.0058944151035945,33410041672342584000,33335725998185340000,74315674157244000,true,true,60539596024.5502609957813372,60404807519.5555123589403344,134788504.9947486368410028,true,true,168141763546233040000,167767401722809120000,374361823423920000,true,true,299766211881.5060545105207446,299082699027.0698344787504611,683512854.4362200317702835,true,true,337486358211729600000,336739885411499400000,746472800230200000,true,true,595132533294.2974541481844272,593726470143.4116041527730373,1406063150.8858499954113899,true,true
23,0x11b815efb8f581194ae79006d24e0d814b7697f6,25324961,-201285,1420509724014193082,19,S23_P19,-202140:-200580,0xc36442b4a4522e871399cd717abdd847ab11fe88:-202140:-200580,0xc36442b4a4522e871399cd717abdd847ab11fe88,-202140,-200580,3270890407098832,0.0023026173997991,1560,855,705,705,2096724619935.1487179487179487,0.0000014760367947,147.1370309447365398,178.4403454375307097,0.3345052199987612,0.8517796912057583,1.1862849112045195,0.8517796912057583,33410041672342584000,33333184145504556000,76857526838028000,true,true,60539596024.5502609957813372,60400198425.6239039446891204,139397598.9263570510922168,true,true,168141763546233040000,167754599798587840000,387163747645200000,true,true,299766211881.5060545105207446,299059327824.260349126195643,706884057.2457053843251016,true,true,337486358211729600000,336714358899008240000,771999312721360000,true,true,595132533294.2974541481844272,593678387725.0325094375123096,1454145569.2649447106721176,true,true
23,0x11b815efb8f581194ae79006d24e0d814b7697f6,25324961,-201285,1420509724014193082,20,S23_P20,-201360:-198280,0xc36442b4a4522e871399cd717abdd847ab11fe88:-201360:-198280,0xc36442b4a4522e871399cd717abdd847ab11fe88,-201360,-198280,3277066459964207,0.002306965172124,3080,75,3005,75,1063982616871.4957792207792208,0.0000007490146663,147.1370309447365398,178.4403454375307097,0.1234823663448857,1.0427065547902082,1.1661889211350939,1.0427065547902082,33410041672342584000,33333038757861244000,77002914481340000,true,true,60539596024.5502609957813372,60399935186.7075336595382192,139660837.842727336243118,true,true,168141763546233040000,167862449333921160000,279314212311880000,true,true,299766211881.5060545105207446,299057993083.2792920759074422,708218798.2267624346133024,true,true,337486358211729600000,337092251312977240000,394106898752360000,true,true,595132533294.2974541481844272,593675641855.6089841113439529,1456891438.6884700368404743,true,true
24,0x11b815efb8f581194ae79006d24e0d814b7697f6,25314961,-202071,1412945960031504052,1,S24_P1,-203180:-200820,0xc36442b4a4522e871399cd717abdd847ab11fe88:-203180:-200820,0xc36442b4a4522e871399cd717abdd847ab11fe88,-203180,-200820,1015513737925999911,0.7187208616976104,2360,1109,1251,1109,430302431324576.2334745762711864,0.0003045427380075,142.2444555910366543,144.8766825504745731,854.8250466464106575,419.2715557962726761,1274.0966024426833336,854.8250466464106575,34655166971762968000,9785483558570868500,24869683413192099500,true,true,57896956544.252031752741955,16285693530.870131461126902,41611263013.381900291615053,true,true,174386302369229400000,49502371617602948000,124883930751626452000,true,true,289370558133.50084748837423,81229030616.689563558463764,208141527516.811283929910466,true,true,349490223783814160000,98178632633210010000,251311591150604150000,true,true,578587021545.1243996347412275,162159816137.7282290083747404,416427205407.3961706263664871,true,true
24,0x11b815efb8f581194ae79006d24e0d814b7697f6,25314961,-202071,1412945960031504052,2,S24_P2,-202810:-201110,0xc36442b4a4522e871399cd717abdd847ab11fe88:-202810:-201110,0xc36442b4a4522e871399cd717abdd847ab11fe88,-202810,-201110,142757979071438502,0.1010356964170487,1700,739,961,739,83975281806728.5305882352941176,0.0000594327625983,142.2444555910366543,144.8766825504745731,15.749084504023158,16.2565083428387367,32.0055928468618947,16.2565083428387367,34655166971762968000,31170118921115608000,3485048050647360000,true,true,57896956544.252031752741955,52047313221.2882197763076834,5849643322.9638119764342716,true,true,174386302369229400000,156844064341855400000,17542238027374000000,true,true,289370558133.50084748837423,260160138067.42519222426683,29210420066.0756552641074,true,true,349490223783814160000,314424309445683120000,35065914338131040000,true,true,578587021545.1243996347412275,520192735139.626835084629845,58394286405.4975645501113825,true,true
24,0x11b815efb8f581194ae79006d24e0d814b7697f6,25314961,-202071,1412945960031504052,3,S24_P3,-203520:-200040,0xc36442b4a4522e871399cd717abdd847ab11fe88:-203520:-200040,0xc36442b4a4522e871399cd717abdd847ab11fe88,-203520,-200040,43336118720480811,0.030670754541465,3480,1449,2031,1449,12452907678299.0836206896551724,0.0000088134352131,142.2444555910366543,144.8766825504745731,4.4376029905883432,4.5775485162899119,9.0151515068782551,4.5775485162899119,34655166971762968000,33597410103846848000,1057756867916120000,true,true,57896956544.252031752741955,56121222024.540717181849926,1775734519.711314570892029,true,true,174386302369229400000,169062681844574120000,5323620524655280000,true,true,289370558133.50084748837423,280504126313.66295058638317,8866431819.83789690199106,true,true,349490223783814160000,338848582876132680000,10641640907681480000,true,true,578587021545.1243996347412275,560860346671.67271137543454,17726674873.4516882593066875,true,true
24,0x11b815efb8f581194ae79006d24e0d814b7697f6,25314961,-202071,1412945960031504052,4,S24_P4,-205010:-190760,0xc36442b4a4522e871399cd717abdd847ab11fe88:-205010:-190760,0xc36442b4a4522e871399cd717abdd847ab11fe88,-205010,-190760,30283666877182300,0.021432997251011,14250,2939,11311,2939,2125169605416.3017543859649123,0.0000015040699825,142.2444555910366543,144.8766825504745731,3.0721350091656032,3.1687125412410813,6.2408475504066845,3.1687125412410813,34655166971762968000,33916011337536340000,739155634226628000,true,true,57896956544.252031752741955,56656057776.3814648594937787,1240898767.8705668932481763,true,true,174386302369229400000,170666172665742880000,3720129703486520000,true,true,289370558133.50084748837423,283174626803.9901299371579975,6195931329.5107175512162325,true,true,349490223783814160000,342053761319033320000,7436462464780840000,true,true,578587021545.1243996347412275,566199398026.87995432866943,12387623518.2444453060717975,true,true
24,0x11b815efb8f581194ae79006d24e0d814b7697f6,25314961,-202071,1412945960031504052,5,S24_P5,-203010:-201330,0xc36442b4a4522e871399cd717abdd847ab11fe88:-203010:-201330,0xc36442b4a4522e871399cd717abdd847ab11fe88,-203010,-201330,19698876493916066,0.0139417055224652,1680,939,741,741,11725521722569.0869047619047619,0.0000082986342396,142.2444555910366543,144.8766825504745731,1.9833678186301525,2.0455605634947999,4.0289283821249524,2.0455605634947999,34655166971762968000,34174369366906700000,480797604856268000,true,true,57896956544.252031752741955,57089778523.1058711315025527,807178021.1461606212394023,true,true,174386302369229400000,171966470056315680000,2419832312913720000,true,true,289370558133.50084748837423,285340242156.47886308067749,4030315977.02198440769674,true,true,349490223783814160000,344652968982155000000,4837254801659160000,true,true,578587021545.1243996347412275,570529102796.523630792987865,8057918748.6007688417533625,true,true
24,0x11b815efb8f581194ae79006d24e0d814b7697f6,25314961,-202071,1412945960031504052,6,S24_P6,-203190:-199170,0xc36442b4a4522e871399cd717abdd847ab11fe88:-203190:-199170,0xc36442b4a4522e871399cd717abdd847ab11fe88,-203190,-199170,15336325105087858,0.0108541483814044,4020,1119,2901,1119,3815006245046.7308457711442786,0.0000027000369108,142.2444555910366543,144.8766825504745731,1.5393681045928565,1.5875884168713422,3.1269565214641987,1.5875884168713422,34655166971762968000,34280850453469352000,374316518293616000,true,true,57896956544.252031752741955,57268537679.6002560939290376,628418864.6517756588129174,true,true,174386302369229400000,172502381072715320000,1883921296514080000,true,true,289370558133.50084748837423,286232805148.4929110499414525,3137752985.0079364384327775,true,true,349490223783814160000,345724238166820200000,3765985616993960000,true,true,578587021545.1243996347412275,572313613787.2302692005989325,6273407757.894130434142295,true,true
24,0x11b815efb8f581194ae79006d24e0d814b7697f6,25314961,-202071,1412945960031504052,7,S24_P7,-203070:-201050,0xc36442b4a4522e871399cd717abdd847ab11fe88:-203070:-201050,0xc36442b4a4522e871399cd717abdd847ab11fe88,-203070,-201050,14491882956695774,0.0102565019233805,2020,999,1021,999,7174199483512.7594059405940594,0.0000050774761997,142.2444555910366543,144.8766825504745731,1.453740760927031,1.4992697511537792,2.9530105120808102,1.4992697511537792,34655166971762968000,34301460953164972000,353706018597996000,true,true,57896956544.252031752741955,57303139604.212755534922044,593816940.039276217819911,true,true,174386302369229400000,172606114797947040000,1780187571282360000,true,true,289370558133.50084748837423,286405575064.8871645808138325,2964983068.6136829075603975,true,true,349490223783814160000,345931599610078320000,3558624173735840000,true,true,578587021545.1243996347412275,572659035400.6331259253935025,5927986144.491273709347725,true,true
24,0x11b815efb8f581194ae79006d24e0d814b7697f6,25314961,-202071,1412945960031504052,8,S24_P8,-205670:-192890,0xc36442b4a4522e871399cd717abdd847ab11fe88:-205670:-192890,0xc36442b4a4522e871399cd717abdd847ab11fe88,-205670,-192890,13398742248352511,0.009482841260294,12780,3599,9181,3599,1048414886412.5595461658841941,0.0000007420063584,142.2444555910366543,144.8766825504745731,1.3430467062397715,1.3850980414559846,2.7281447476957561,1.3850980414559846,34655166971762968000,34328141419904352000,327025551858616000,true,true,57896956544.252031752741955,57347931817.6193735095828752,549024726.6326582431590798,true,true,174386302369229400000,172740398550062080000,1645903819167320000,true,true,289370558133.50084748837423,286629227702.4013467862454525,2741330431.0995007021287775,true,true,349490223783814160000,346200031189227520000,3290192594586640000,true,true,578587021545.1243996347412275,573106188244.5706121809361525,5480833300.553787453805075,true,true
24,0x11b815efb8f581194ae79006d24e0d814b7697f6,25314961,-202071,1412945960031504052,9,S24_P9,-205670:-196950,0xc36442b4a4522e871399cd717abdd847ab11fe88:-205670:-196950,0xc36442b4a4522e871399cd717abdd847ab11fe88,-205670,-196950,10887379047933520,0.0077054461783455,8720,3599,5121,3599,1248552643111.6422018348623853,0.0000008836520847,142.2444555910366543,144.8766825504745731,1.0893855133060132,1.1234744742920212,2.2128599875980344,1.1234744742920212,34655166971762968000,34389437689280028000,265729282482940000,true,true,57896956544.252031752741955,57450837142.3390261566980625,446119401.9130055960438925,true,true,174386302369229400000,173048899086938400000,1337403282291000000,true,true,289370558133.50084748837423,287143043198.029614891317925,2227514935.471232597056305,true,true,349490223783814160000,346816721618922760000,2673502164891400000,true,true,578587021545.1243996347412275,574133471177.707721831855255,4453550367.4166778028859725,true,true
24,0x11b815efb8f581194ae79006d24e0d814b7697f6,25314961,-202071,1412945960031504052,10,S24_P10,-203210:-197150,0xc36442b4a4522e871399cd717abdd847ab11fe88:-203210:-197150,0xc36442b4a4522e871399cd717abdd847ab11fe88,-203210,-197150,10724049893069410,0.0075898514142963,6060,1139,4921,1139,1769645196876.1402640264026403,0.0000012524507284,142.2444555910366543,144.8766825504745731,1.0729194635184085,1.1064918810988722,2.1794113446172807,1.1064918810988722,34655166971762968000,34393424444051944000,261742527711024000,true,true,57896956544.252031752741955,57457529539.5259976962125579,439427004.7260340565293971,true,true,174386302369229400000,173068962644564680000,1317339724664720000,true,true,289370558133.50084748837423,287176459758.8694895637822875,2194098374.6313579245919425,true,true,349490223783814160000,346856828691058320000,2633395092755840000,true,true,578587021545.1243996347412275,574200281700.3543075913292825,4386739844.770092043411945,true,true
24,0x11b815efb8f581194ae79006d24e0d814b7697f6,25314961,-202071,1412945960031504052,11,S24_P11,-202170:-195270,0xc36442b4a4522e871399cd717abdd847ab11fe88:-202170:-195270,0xc36442b4a4522e871399cd717abdd847ab11fe88,-202170,-195270,13496553483379004,0.0095520662963487,6900,99,6801,99,1956022243967.9715942028985507,0.0000013843574343,142.2444555910366543,144.8766825504745731,0.624967540388785,1.3953065916758062,2.0202741320645912,1.3953065916758062,34655166971762968000,34325754599901036000,329412371861932000,true,true,57896956544.252031752741955,57343923646.8054646011895329,553032897.4465671515524221,true,true,174386302369229400000,173105193121658920000,1281109247570480000,true,true,289370558133.50084748837423,286609215615.8913022325106075,2761342517.6095452558636225,true,true,349490223783814160000,347451464403342240000,2038759380471920000,true,true,578587021545.1243996347412275,573066178061.097328290456895,5520843484.0270713442843325,true,true
24,0x11b815efb8f581194ae79006d24e0d814b7697f6,25314961,-202071,1412945960031504052,12,S24_P12,-202820:-201360,0xc36442b4a4522e871399cd717abdd847ab11fe88:-202820:-201360,0xc36442b4a4522e871399cd717abdd847ab11fe88,-202820,-201360,8235922395148540,0.0058289011951773,1460,749,711,711,5641042736403.1095890410958904,0.0000039923980789,142.2444555910366543,144.8766825504745731,0.8225461283436737,0.8482691710704657,1.6708152994141394,0.8482691710704657,34655166971762968000,34454153155242528000,201013816520440000,true,true,57896956544.252031752741955,57559482445.221258396067998,337474099.030773356673957,true,true,174386302369229400000,173374606723325960000,1011695645903440000,true,true,289370558133.50084748837423,287685521030.596316774106625,1685037102.904530714267605,true,true,349490223783814160000,347467813022126640000,2022410761687520000,true,true,578587021545.1243996347412275,575218062194.19509385253871,3368959350.9293057822025175,true,true
24,0x11b815efb8f581194ae79006d24e0d814b7697f6,25314961,-202071,1412945960031504052,13,S24_P13,-202370:-199390,0xc36442b4a4522e871399cd717abdd847ab11fe88:-202370:-199390,0xc36442b4a4522e871399cd717abdd847ab11fe88,-202370,-199390,8598449546185490,0.0060854765783072,2980,299,2681,299,2885385753753.5201342281879195,0.0000020421062343,142.2444555910366543,144.8766825504745731,0.7596524672034297,0.8858361309548424,1.6454885981582721,0.8858361309548424,34655166971762968000,34445304386986792000,209862584776176000,true,true,57896956544.252031752741955,57544627730.0311834111489746,352328814.2208483415929804,true,true,174386302369229400000,173330073561972640000,1056228807256760000,true,true,289370558133.50084748837423,287611349540.6251859561203725,1759208592.8756615322538575,true,true,349490223783814160000,347378790893441800000,2111432890372360000,true,true,578587021545.1243996347412275,575069768693.663012328073405,3517252851.4613873066678225,true,true
24,0x11b815efb8f581194ae79006d24e0d814b7697f6,25314961,-202071,1412945960031504052,14,S24_P14,-203120:-201100,0xc36442b4a4522e871399cd717abdd847ab11fe88:-203120:-201100,0xc36442b4a4522e871399cd717abdd847ab11fe88,-203120,-201100,6032746759799173,0.0042696231352434,2020,1049,971,971,2986508296930.2836633663366337,0.0000021136748194,142.2444555910366543,144.8766825504745731,0.6015766942519977,0.6203797744194259,1.2219564686714236,0.6203797744194259,34655166971762968000,34507926495713516000,147240476049452000,true,true,57896956544.252031752741955,57649759852.6443390890797521,247196691.6076926636622029,true,true,174386302369229400000,173645245416177240000,741056953052160000,true,true,289370558133.50084748837423,288136282497.6409474054090375,1234275635.8599000829651925,true,true,349490223783814160000,348008824422264520000,1481399361549640000,true,true,578587021545.1243996347412275,576119283788.2831238941028175,2467737756.84127574063841,true,true
24,0x11b815efb8f581194ae79006d24e0d814b7697f6,25314961,-202071,1412945960031504052,15,S24_P15,-203190:-197130,0xc36442b4a4522e871399cd717abdd847ab11fe88:-203190:-197130,0xc36442b4a4522e871399cd717abdd847ab11fe88,-203190,-197130,5247607549681962,0.0037139478070095,6060,1119,4941,1119,865941839881.5118811881188119,0.0000006128626744,142.2444555910366543,144.8766825504745731,0.522995552039326,0.5393394827628466,1.0623350348021726,0.5393394827628466,34655166971762968000,34527089580212216000,128077391550752000,true,true,57896956544.252031752741955,57681931173.39694925598894,215025370.855082496753015,true,true,174386302369229400000,173741691685268440000,644610683960960000,true,true,289370558133.50084748837423,288296918616.92837508788791,1073639516.57247240048632,true,true,349490223783814160000,348201622975667000000,1288600808147160000,true,true,578587021545.1243996347412275,576440449712.854591594719705,2146571832.2698080400215225,true,true
24,0x11b815efb8f581194ae79006d24e0d814b7697f6,25314961,-202071,1412945960031504052,16,S24_P16,-203300:-199920,0xc36442b4a4522e871399cd717abdd847ab11fe88:-203300:-199920,0xc36442b4a4522e871399cd717abdd847ab11fe88,-203300,-199920,3792946371544558,0.0026844242305346,3380,1229,2151,1229,1122173482705.4905325443786982,0.0000007942083522,142.2444555910366543,144.8766825504745731,0.3776334002884575,0.3894306702660969,0.7670640705545544,0.3894306702660969,34655166971762968000,34562593126378548000,92573845384420000,true,true,57896956544.252031752741955,57741537220.5909042675285927,155419323.6611274852133623,true,true,174386302369229400000,173920381764090520000,465920605138880000,true,true,289370558133.50084748837423,288594536626.4420070011839775,776021507.0588404871902525,true,true,349490223783814160000,348558829269426760000,931394514387400000,true,true,578587021545.1243996347412275,577035488449.61365856971914,1551533095.5107410650220875,true,true
24,0x11b815efb8f581194ae79006d24e0d814b7697f6,25314961,-202071,1412945960031504052,17,S24_P17,-203050:-201420,0xc36442b4a4522e871399cd717abdd847ab11fe88:-203050:-201420,0xc36442b4a4522e871399cd717abdd847ab11fe88,-203050,-201420,3321959140789274,0.0023510871857514,1630,979,651,651,2038011742815.505521472392638,0.0000014423847765,142.2444555910366543,144.8766825504745731,0.33063183707953,0.3409596442012852,0.6715914812808152,0.3409596442012852,34655166971762968000,34574088262176880000,81078709586088000,true,true,57896956544.252031752741955,57760836292.5442986489701043,136120251.7077331037718507,true,true,174386302369229400000,173978237416691960000,408064952537440000,true,true,289370558133.50084748837423,288690898618.7851673894715125,679659514.7156800989027175,true,true,349490223783814160000,348674484707460840000,815739076353320000,true,true,578587021545.1243996347412275,577228148976.9344036468576175,1358872568.18999598788361,true,true
24,0x11b815efb8f581194ae79006d24e0d814b7697f6,25314961,-202071,1412945960031504052,18,S24_P18,-205050:-192620,0xc36442b4a4522e871399cd717abdd847ab11fe88:-205050:-192620,0xc36442b4a4522e871399cd717abdd847ab11fe88,-205050,-192620,3162737997976704,0.0022383998308797,12430,2979,9451,2979,254443925822.7436846339501207,0.0000001800804369,142.2444555910366543,144.8766825504745731,0.3147495597843985,0.324580921097722,0.6393304808821205,0.324580921097722,34655166971762968000,34577974661742800000,77192310020168000,true,true,57896956544.252031752741955,57767360518.0774259292204516,129596026.1746058235215034,true,true,174386302369229400000,173997796174398200000,388506194831200000,true,true,289370558133.50084748837423,288723474656.81387721193711,647083476.68697027643712,true,true,349490223783814160000,348713583098754600000,776640685059560000,true,true,578587021545.1243996347412275,577293279494.2743225386352975,1293742050.85007709610593,true,true
24,0x11b815efb8f581194ae79006d24e0d814b7697f6,25314961,-202071,1412945960031504052,19,S24_P19,-202140:-200580,0xc36442b4a4522e871399cd717abdd847ab11fe88:-202140:-200580,0xc36442b4a4522e871399cd717abdd847ab11fe88,-202140,-200580,3270890407098832,0.0023149437413911,1560,69,1491,69,2096724619935.1487179487179487,0.0000014839382958,142.2444555910366543,144.8766825504745731,0.1151182621197312,0.3357059085170635,0.4508241706367947,0.3357059085170635,34655166971762968000,34575335271751684000,79831700011284000,true,true,57896956544.252031752741955,57762929031.080757884002617,134027513.171273868739338,true,true,174386302369229400000,174107684648289600000,278617720939800000,true,true,289370558133.50084748837423,288701347275.961277512679895,669210857.539569975694335,true,true,349490223783814160000,349101053992000080000,389169791814080000,true,true,578587021545.1243996347412275,577249039068.142934430180145,1337982476.9814652045610825,true,true
24,0x11b815efb8f581194ae79006d24e0d814b7697f6,25314961,-202071,1412945960031504052,20,S24_P20,-202120:-202010,0xc36442b4a4522e871399cd717abdd847ab11fe88:-202120:-202010,0xc36442b4a4522e871399cd717abdd847ab11fe88,-202120,-202010,5099093636281937,0.0036088383990059,110,49,61,49,46355396693472.1545454545454545,0.0000328076218091,142.2444555910366543,144.8766825504745731,0.1379915603360015,0.1679539531275319,0.3059455134635334,0.1679539531275319,34655166971762968000,34530714340969292000,124452630793676000,true,true,57896956544.252031752741955,57688016922.3173226601736943,208939621.9347090925682607,true,true,174386302369229400000,173994790583635800000,391511785593600000,true,true,289370558133.50084748837423,288666699756.98306244751538,703858376.51778504085885,true,true,349490223783814160000,349009346149849920000,480877633964240000,true,true,578587021545.1243996347412275,577651605832.90996730250353,935415712.2144323322376975,true,true
25,0x11b815efb8f581194ae79006d24e0d814b7697f6,25304961,-202126,1417000686150187571,1,S25_P1,-203180:-200820,0xc36442b4a4522e871399cd717abdd847ab11fe88:-203180:-200820,0xc36442b4a4522e871399cd717abdd847ab11fe88,-203180,-200820,1015513737925999911,0.7166642527781852,2360,1054,1306,1054,430302431324576.2334745762711864,0.0003036712935501,142.2482801325678078,144.528460414221095,919.4386541101084275,411.2032742957623967,1330.6419284058708242,919.4386541101084275,34738771560785676000,9838776043993445000,24899995516792231000,true,true,57903563831.1123155571825556,16405641701.2664317347671664,41497922129.8458838224153892,true,true,174269203652385960000,48599482901900496000,125669720750485464000,true,true,288865271450.156569235696224,81444843099.3760534658881392,207420428350.7805157698080848,true,true,349250809603479440000,96853051927988100000,252397757675491340000,true,true,576965522695.498206759819,161796283721.7227020408433135,415169238973.7755047189756865,true,true
25,0x11b815efb8f581194ae79006d24e0d814b7697f6,25304961,-202126,1417000686150187571,2,S25_P2,-202810:-201110,0xc36442b4a4522e871399cd717abdd847ab11fe88:-202810:-201110,0xc36442b4a4522e871399cd717abdd847ab11fe88,-202810,-201110,142757979071438502,0.1007465842936844,1700,684,1016,684,83975281806728.5305882352941176,0.0000592626966433,142.2482801325678078,144.528460414221095,15.7697497829097752,16.2242331227003421,31.9939829056101173,16.2242331227003421,34738771560785676000,31237258819967764000,3501512740817912000,true,true,57903563831.1123155571825556,52069699643.5427249842378756,5833864187.56959057294468,true,true,174269203652385960000,156640805891440160000,17628397760945800000,true,true,288865271450.156569235696224,259754852153.90537971403654,29110419296.251189521659684,true,true,349250809603479440000,314110343048984280000,35140466554495160000,true,true,576965522695.498206759819,518743138986.897124667483988,58222383708.601082092335012,true,true
25,0x11b815efb8f581194ae79006d24e0d814b7697f6,25304961,-202126,1417000686150187571,3,S25_P3,-203520:-200040,0xc36442b4a4522e871399cd717abdd847ab11fe88:-203520:-200040,0xc36442b4a4522e871399cd717abdd847ab11fe88,-203520,-200040,43336118720480811,0.030582990639348,3480,1394,2086,1394,12452907678299.0836206896551724,0.000008788215701,142.2482801325678078,144.528460414221095,4.44309081314773,4.5687777700419278,9.0118685831896578,4.5687777700419278,34738771560785676000,33675861410636764000,1062910150148912000,true,true,57903563831.1123155571825556,56132615309.7140664014743964,1770948521.3982491557081592,true,true,174269203652385960000,168922206227261080000,5346997425124880000,true,true,288865271450.156569235696224,280028877045.136313780202484,8836394405.02025545549374,true,true,349250809603479440000,338588881689214520000,10661927914264920000,true,true,576965522695.498206759819,559289451411.264829552723664,17676071284.233377207095336,true,true
25,0x11b815efb8f581194ae79006d24e0d814b7697f6,25304961,-202126,1417000686150187571,4,S25_P4,-205010:-190760,0xc36442b4a4522e871399cd717abdd847ab11fe88:-205010:-190760,0xc36442b4a4522e871399cd717abdd847ab11fe88,-205010,-190760,30283666877182300,0.0213716670522293,14250,2884,11366,2884,2125169605416.3017543859649123,0.0000014997661089,142.2482801325678078,144.528460414221095,3.0758516003029887,3.1626563467867046,6.2385079470896933,3.1626563467867046,34738771560785676000,33996002714984320000,742768845801356000,true,true,57903563831.1123155571825556,56666008586.1785758618289612,1237555244.9337396953535944,true,true,174269203652385960000,170533048109083040000,3736155543302920000,true,true,288865271450.156569235696224,282690341816.01049806593582,6174929634.146071169760404,true,true,349250809603479440000,341800633698211160000,7450175905268280000,true,true,576965522695.498206759819,564613132725.58435808827222,12352389969.91384867154678,true,true
25,0x11b815efb8f581194ae79006d24e0d814b7697f6,25304961,-202126,1417000686150187571,5,S25_P5,-203010:-201330,0xc36442b4a4522e871399cd717abdd847ab11fe88:-203010:-201330,0xc36442b4a4522e871399cd717abdd847ab11fe88,-203010,-201330,19698876493916066,0.013901811542121,1680,884,796,796,11725521722569.0869047619047619,0.0000082748878227,142.2482801325678078,144.528460414221095,1.9857247091698025,2.0416585826135641,4.0273832917833666,2.0416585826135641,34738771560785676000,34255617053942156000,483154506843520000,true,true,57903563831.1123155571825556,57098560345.8420567629716948,805003485.2702587942108608,true,true,174269203652385960000,171839109222907600000,2430094429478360000,true,true,288865271450.156569235696224,284848621405.764460032367628,4016650044.392109203328596,true,true,349250809603479440000,344404877597984280000,4845932005495160000,true,true,576965522695.498206759819,568930453607.19760349398714,8035069088.30060326583186,true,true
25,0x11b815efb8f581194ae79006d24e0d814b7697f6,25304961,-202126,1417000686150187571,6,S25_P6,-203190:-199170,0xc36442b4a4522e871399cd717abdd847ab11fe88:-203190:-199170,0xc36442b4a4522e871399cd717abdd847ab11fe88,-203190,-199170,15336325105087858,0.0108230893993105,4020,1064,2956,1064,3815006245046.7308457711442786,0.0000026923107958,142.2482801325678078,144.528460414221095,1.5411839479433055,1.5845624450150348,3.1257463929583403,1.5845624450150348,34738771560785676000,34362617487073816000,376154073711860000,true,true,57903563831.1123155571825556,57276838639.6453672061661984,626725191.4669483510163572,true,true,174269203652385960000,172377344777751360000,1891858874634600000,true,true,288865271450.156569235696224,285738159210.49877070089448,3127112239.657798534801744,true,true,349250809603479440000,345478146187888960000,3772663415590480000,true,true,576965522695.498206759819,570709881776.809825580499356,6255640918.688381179319644,true,true
25,0x11b815efb8f581194ae79006d24e0d814b7697f6,25304961,-202126,1417000686150187571,7,S25_P7,-203070:-201050,0xc36442b4a4522e871399cd717abdd847ab11fe88:-203070:-201050,0xc36442b4a4522e871399cd717abdd847ab11fe88,-203070,-201050,14491882956695774,0.0102271530976237,2020,944,1076,944,7174199483512.7594059405940594,0.000005062947078,142.2482801325678078,144.528460414221095,1.4554531339177795,1.4964125905391236,2.9518657244569031,1.4964125905391236,34738771560785676000,34383329930330552000,355441630455124000,true,true,57903563831.1123155571825556,57311345905.2614140297180456,592217925.85090152746451,true,true,174269203652385960000,172481525009208720000,1787678643177240000,true,true,288865271450.156569235696224,285910343146.334890946537764,2954928303.82167828915846,true,true,349250809603479440000,345685889517329040000,3564920086150400000,true,true,576965522695.498206759819,571054320827.002003427509572,5911201868.496203332309428,true,true
25,0x11b815efb8f581194ae79006d24e0d814b7697f6,25304961,-202126,1417000686150187571,8,S25_P8,-205670:-192890,0xc36442b4a4522e871399cd717abdd847ab11fe88:-205670:-192890,0xc36442b4a4522e871399cd717abdd847ab11fe88,-205670,-192890,13398742248352511,0.0094557062528708,12780,3544,9236,3544,1048414886412.5595461658841941,0.0000007398831184,142.2482801325678078,144.528460414221095,1.3446257447739055,1.3824589399326302,2.7270846847065357,1.3824589399326302,34738771560785676000,34410140835499696000,328630725285980000,true,true,57903563831.1123155571825556,57356018771.2726868215198872,547545059.8396287356626684,true,true,174269203652385960000,172616385296072440000,1652818356313520000,true,true,288865271450.156569235696224,286133237954.936446862732692,2732033495.220122372963532,true,true,349250809603479440000,345954813077137360000,3295996526342080000,true,true,576965522695.498206759819,571500202896.019644642634572,5465319799.478562117184428,true,true
25,0x11b815efb8f581194ae79006d24e0d814b7697f6,25304961,-202126,1417000686150187571,9,S25_P9,-205670:-196950,0xc36442b4a4522e871399cd717abdd847ab11fe88:-205670:-196950,0xc36442b4a4522e871399cd717abdd847ab11fe88,-205670,-196950,10887379047933520,0.0076833971601758,8720,3544,5176,3544,1248552643111.6422018348623853,0.0000008811235275,142.2482801325678078,144.528460414221095,1.0906608919068517,1.1213348289196933,2.211995720826545,1.1213348289196933,34738771560785676000,34471737251239024000,267034309546652000,true,true,57903563831.1123155571825556,57458647048.6930703501782764,444916782.4192452070042792,true,true,174269203652385960000,172926202802760480000,1343000849625480000,true,true,288865271450.156569235696224,286645311391.704422261296988,2219960058.452146974399236,true,true,349250809603479440000,346572622965172640000,2678186638306800000,true,true,576965522695.498206759819,572524568841.012032519178136,4440953854.486174240640864,true,true
25,0x11b815efb8f581194ae79006d24e0d814b7697f6,25304961,-202126,1417000686150187571,10,S25_P10,-203210:-197150,0xc36442b4a4522e871399cd717abdd847ab11fe88:-203210:-197150,0xc36442b4a4522e871399cd717abdd847ab11fe88,-203210,-197150,10724049893069410,0.0075681331688027,6060,1084,4976,1084,1769645196876.1402640264026403,0.0000012488668595,142.2482801325678078,144.528460414221095,1.0741752382723902,1.1043846565393338,2.178559894811724,1.1043846565393338,34738771560785676000,34475743250797428000,263028309988248000,true,true,57903563831.1123155571825556,57465321335.5994210518961256,438242495.51289450528643,true,true,174269203652385960000,172946351667999160000,1322851984386800000,true,true,288865271450.156569235696224,286678614395.711022286694052,2186657054.445546949002172,true,true,349250809603479440000,346612802309545640000,2638007293933800000,true,true,576965522695.498206759819,572591189668.730308697933256,4374333026.767898061885744,true,true
25,0x11b815efb8f581194ae79006d24e0d814b7697f6,25304961,-202126,1417000686150187571,11,S25_P11,-202170:-195270,0xc36442b4a4522e871399cd717abdd847ab11fe88:-202170:-195270,0xc36442b4a4522e871399cd717abdd847ab11fe88,-202170,-195270,13352168100835833,0.00942283813363,6900,44,6856,44,1935096826208.0917391304347826,0.000001365628715,142.2482801325678078,144.528460414221095,0.3374082478786315,1.3776077867759007,1.7150160346545322,1.3776077867759007,34738771560785676000,34411283153925120000,327488406860556000,true,true,57903563831.1123155571825556,57357922339.3089010661068628,545641491.8034144910756928,true,true,174269203652385960000,173278498295933520000,990705356452440000,true,true,288865271450.156569235696224,286142734616.141136112888188,2722536834.015433122808036,true,true,349250809603479440000,348068330699952680000,1182478903526760000,true,true,576965522695.498206759819,571519200108.750125525404576,5446322586.748081234414424,true,true
25,0x11b815efb8f581194ae79006d24e0d814b7697f6,25304961,-202126,1417000686150187571,12,S25_P12,-202820:-201360,0xc36442b4a4522e871399cd717abdd847ab11fe88:-202820:-201360,0xc36442b4a4522e871399cd717abdd847ab11fe88,-202820,-201360,8235922395148540,0.0058122218822099,1460,694,766,694,5641042736403.1095890410958904,0.0000039809738919,142.2482801325678078,144.528460414221095,0.8235048123482522,0.8466543890799032,1.6701592014281554,0.8466543890799032,34738771560785676000,34536769467575884000,202002093209792000,true,true,57903563831.1123155571825556,57566999751.5376740142180604,336564079.5746415429644952,true,true,174269203652385960000,173253290341494240000,1015913310891720000,true,true,288865271450.156569235696224,287185949904.130361164739852,1679321546.026208070956372,true,true,349250809603479440000,347224880414897080000,2025929188582360000,true,true,576965522695.498206759819,573606084975.2953922728092,3359437720.2028144870098,true,true
25,0x11b815efb8f581194ae79006d24e0d814b7697f6,25304961,-202126,1417000686150187571,13,S25_P13,-202370:-199390,0xc36442b4a4522e871399cd717abdd847ab11fe88:-202370:-199390,0xc36442b4a4522e871399cd717abdd847ab11fe88,-202370,-199390,8598449546185490,0.0060680630787459,2980,244,2736,244,2885385753753.5201342281879195,0.0000020362627781,142.2482801325678078,144.528460414221095,0.709352839801842,0.8841497764703788,1.5935026162722208,0.8841497764703788,34738771560785676000,34527877706674472000,210893854111204000,true,true,57903563831.1123155571825556,57552183642.607595821136664,351380188.5047197360458916,true,true,174269203652385960000,173222082871542720000,1047120780843240000,true,true,288865271450.156569235696224,287112029457.874479670034608,1753241992.282089565661616,true,true,349250809603479440000,347181318764185520000,2069490839293920000,true,true,576965522695.498206759819,573458211327.286734236519604,3507311368.211472523299396,true,true
25,0x11b815efb8f581194ae79006d24e0d814b7697f6,25304961,-202126,1417000686150187571,14,S25_P14,-203120:-201100,0xc36442b4a4522e871399cd717abdd847ab11fe88:-203120:-201100,0xc36442b4a4522e871399cd717abdd847ab11fe88,-203120,-201100,6032746759799173,0.0042574056729566,2020,994,1026,994,2986508296930.2836633663366337,0.0000021076265708,142.2482801325678078,144.528460414221095,0.6022752324655105,0.6191992948097764,1.2214745272752869,0.6191992948097764,34738771560785676000,34590806178011532000,147965382774144000,true,true,57903563831.1123155571825556,57657033188.563716725661884,246530642.5485988315206716,true,true,174269203652385960000,173525067670165320000,744135982220640000,true,true,288865271450.156569235696224,287635182291.809217112675548,1230089158.347352123020676,true,true,349250809603479440000,347766848461442600000,1483961142036840000,true,true,576965522695.498206759819,574504754773.739160028406708,2460767921.759046731412292,true,true
25,0x11b815efb8f581194ae79006d24e0d814b7697f6,25304961,-202126,1417000686150187571,15,S25_P15,-203250:-202080,0xc36442b4a4522e871399cd717abdd847ab11fe88:-203250:-202080,0xc36442b4a4522e871399cd717abdd847ab11fe88,-203250,-202080,9158542240001091,0.0064633294320299,1170,1124,46,46,7827813880342.8128205128205128,0.0000055242131898,142.2482801325678078,144.528460414221095,0.9163530039567362,0.2382159760539233,1.1545689800106595,0.9163530039567362,34738771560785676000,34514140173148500000,224631387637176000,true,true,57903563831.1123155571825556,57529295514.3975500225228952,374268316.7147655346596604,true,true,174269203652385960000,173139475947821360000,1129727704564600000,true,true,288865271450.156569235696224,287738915727.103963500695792,1126355723.052605735000432,true,true,349250809603479440000,346997918049475560000,2252891554003880000,true,true,576965522695.498206759819,575608176084.764613550029432,1357346610.733593209789568,true,true
25,0x11b815efb8f581194ae79006d24e0d814b7697f6,25304961,-202126,1417000686150187571,16,S25_P16,-203190:-197130,0xc36442b4a4522e871399cd717abdd847ab11fe88:-203190:-197130,0xc36442b4a4522e871399cd717abdd847ab11fe88,-203190,-197130,5247607549681962,0.0037033204013041,6060,1064,4996,1064,865941839881.5118811881188119,0.0000006111089771,142.2482801325678078,144.528460414221095,0.523602017467054,0.5383133582030332,1.0619153756700872,0.5383133582030332,34738771560785676000,34610063922629488000,128707638156188000,true,true,57903563831.1123155571825556,57689118464.4947956520347564,214445366.6175199051477992,true,true,174269203652385960000,173621917912607080000,647285739778880000,true,true,288865271450.156569235696224,287795273580.574872755960244,1069997869.58169647973598,true,true,349250809603479440000,347959985216422120000,1290824387057320000,true,true,576965522695.498206759819,574825012129.106130789897188,2140510566.392075969921812,true,true
25,0x11b815efb8f581194ae79006d24e0d814b7697f6,25304961,-202126,1417000686150187571,17,S25_P17,-203300:-199920,0xc36442b4a4522e871399cd717abdd847ab11fe88:-203300:-199920,0xc36442b4a4522e871399cd717abdd847ab11fe88,-203300,-199920,3792946371544558,0.0026767427910353,3380,1174,2206,1174,1122173482705.4905325443786982,0.000000791935737,142.2482801325678078,144.528460414221095,0.3780702536111095,0.3886899227621414,0.7667601763732509,0.3886899227621414,34738771560785676000,34645741802528264000,93029758257412000,true,true,57903563831.1123155571825556,57748564280.1192414347905832,154999550.9930741223919724,true,true,174269203652385960000,173801353466974920000,467850185411040000,true,true,288865271450.156569235696224,288091882391.605916012619872,773389058.550653223076352,true,true,349250809603479440000,348317814122401680000,932995481077760000,true,true,576965522695.498206759819,575418368941.930471740621264,1547153753.567735019197736,true,true
25,0x11b815efb8f581194ae79006d24e0d814b7697f6,25304961,-202126,1417000686150187571,18,S25_P18,-203050:-201420,0xc36442b4a4522e871399cd717abdd847ab11fe88:-203050:-201420,0xc36442b4a4522e871399cd717abdd847ab11fe88,-203050,-201420,3321959140789274,0.0023443595851845,1630,924,706,706,2038011742815.505521472392638,0.0000014382574142,142.2482801325678078,144.528460414221095,0.3310139845117577,0.3403111713898818,0.6713251559016395,0.3403111713898818,34738771560785676000,34657293957201276000,81477603584400000,true,true,57903563831.1123155571825556,57767810237.4405116213951052,135753593.6718039357874504,true,true,174269203652385960000,173859450146289200000,409753506096760000,true,true,288865271450.156569235696224,288187917493.627901074037572,677353956.528668161658652,true,true,349250809603479440000,348433670297772400000,817139305707040000,true,true,576965522695.498206759819,575610485065.049151158613672,1355037630.449055601205328,true,true
25,0x11b815efb8f581194ae79006d24e0d814b7697f6,25304961,-202126,1417000686150187571,19,S25_P19,-205050:-192620,0xc36442b4a4522e871399cd717abdd847ab11fe88:-205050:-192620,0xc36442b4a4522e871399cd717abdd847ab11fe88,-205050,-192620,3162737997976704,0.0022319946834814,12430,2924,9506,2924,254443925822.7436846339501207,0.0000001795651395,142.2482801325678078,144.528460414221095,0.315113282411831,0.3239636027202437,0.6390768851320747,0.3239636027202437,34738771560785676000,34661199066057708000,77572494727968000,true,true,57903563831.1123155571825556,57774317027.1313393071745164,129246803.9809762500080392,true,true,174269203652385960000,173879089951330800000,390113701055160000,true,true,288865271450.156569235696224,288220383073.137992571318488,644888377.018576664377736,true,true,349250809603479440000,348472836246296720000,777973357182720000,true,true,576965522695.498206759819,575675431656.863511832851608,1290091038.634694926967392,true,true
25,0x11b815efb8f581194ae79006d24e0d814b7697f6,25304961,-202126,1417000686150187571,20,S25_P20,-202140:-200580,0xc36442b4a4522e871399cd717abdd847ab11fe88:-202140:-200580,0xc36442b4a4522e871399cd717abdd847ab11fe88,-202140,-200580,3270890407098832,0.0023083195647459,1560,14,1546,14,2096724619935.1487179487179487,0.0000014796920287,142.2482801325678078,144.528460414221095,0.0311912662071637,0.335067452385948,0.3662587185931117,0.335067452385948,34738771560785676000,34675211724796756000,63559835988920000,true,true,57903563831.1123155571825556,57769896719.465729139610152,133667111.6465864175724036,true,true,174269203652385960000,174162252914132960000,106950738253000000,true,true,288865271450.156569235696224,288198330378.545646293846776,666941071.610922941849448,true,true,349250809603479440000,349139072731580400000,111736871899040000,true,true,576965522695.498206759819,575631315995.652045583589364,1334206699.846161176229636,true,true
26,0x11b815efb8f581194ae79006d24e0d814b7697f6,25294961,-202253,1418478040875480409,1,S26_P1,-203180:-200820,0xc36442b4a4522e871399cd717abdd847ab11fe88:-203180:-200820,0xc36442b4a4522e871399cd717abdd847ab11fe88,-203180,-200820,1015513737925999911,0.7159178419845173,2360,927,1433,927,430302431324576.2334745762711864,0.00030335501779,141.0329369535859895,143.7492439867763764,1106.346007582577301,407.9368245329110435,1514.2828321154883445,1106.346007582577301,35014409122555540000,9943998382853400500,25070410739702139500,true,true,57423555015.7052381826332998,16197887501.5073558800099652,41225667514.1978823026233346,true,true,176367951745733800000,50058593682690985000,126309358063042815000,true,true,287449301167.4234660492849478,80739110760.3716275167784798,206710190407.051838532506468,true,true,354001271954812520000,100262323873244400000,253738948081568120000,true,true,575646372658.3117447837842316,163227733768.3675662144545491,412418638889.9441785693296825,true,true
26,0x11b815efb8f581194ae79006d24e0d814b7697f6,25294961,-202253,1418478040875480409,2,S26_P2,-202830:-200380,0xc36442b4a4522e871399cd717abdd847ab11fe88:-202830:-200380,0xc36442b4a4522e871399cd717abdd847ab11fe88,-202830,-200380,99897067395174792,0.0704255296990841,2450,577,1873,577,40774313222520.323265306122449,0.0000287451141629,141.0329369535859895,143.7492439867763764,10.6985645697251115,11.097412306450053,21.7959768761751645,11.097412306450053,35014409122555540000,32551086927779972000,2463322194775568000,true,true,57423555015.7052381826332998,53365986686.459953270587098,4057568329.2452849120462018,true,true,176367951745733800000,163930848224788600000,12437103520945200000,true,true,287449301167.4234660492849478,267022799952.8255361851744318,20426501214.597929864110516,true,true,354001271954812520000,329162663423847240000,24838608530965280000,true,true,575646372658.3117447837842316,534727786592.2633369811612669,40918586066.0484078026229647,true,true
26,0x11b815efb8f581194ae79006d24e0d814b7697f6,25294961,-202253,1418478040875480409,3,S26_P3,-202540:-202000,0xc36442b4a4522e871399cd717abdd847ab11fe88:-202540:-202000,0xc36442b4a4522e871399cd717abdd847ab11fe88,-202540,-202000,56090607201013716,0.0395428096767679,540,287,253,253,103871494816692.0666666666666667,0.0000732274253273,141.0329369535859895,143.7492439867763764,5.007432157798392,4.942095394929685,9.949527552728077,5.007432157798392,35014409122555540000,33631264818387480000,1383144304168060000,true,true,57423555015.7052381826332998,55145275755.3610017058433832,2278279260.3442364767899166,true,true,176367951745733800000,169393434664193200000,6974517081540600000,true,true,287449301167.4234660492849478,276109616081.7654631889373231,11339685085.6580028603476247,true,true,354001271954812520000,340083487037395280000,13917784917417240000,true,true,575646372658.3117447837842316,553125596268.0233326230973331,22520776390.2884121606868985,true,true
26,0x11b815efb8f581194ae79006d24e0d814b7697f6,25294961,-202253,1418478040875480409,4,S26_P4,-203520:-200040,0xc36442b4a4522e871399cd717abdd847ab11fe88:-203520:-200040,0xc36442b4a4522e871399cd717abdd847ab11fe88,-203520,-200040,43336118720480811,0.0305511382423191,3480,1267,2213,1267,12452907678299.0836206896551724,0.0000087790627133,141.0329369535859895,143.7492439867763764,4.4511647864245228,4.6091638043951078,9.0603285908196306,4.6091638043951078,35014409122555540000,33945772312496924000,1068636810058616000,true,true,57423555015.7052381826332998,55663332098.96977771396519,1760222916.7354604686681098,true,true,176367951745733800000,170978043492224120000,5389908253509680000,true,true,287449301167.4234660492849478,278592911888.7466570993055311,8856389278.6768089499794167,true,true,354001271954812520000,343243179782895040000,10758092171917480000,true,true,575646372658.3117447837842316,557914951003.7671757360089785,17731421654.5445690477752531,true,true
26,0x11b815efb8f581194ae79006d24e0d814b7697f6,25294961,-202253,1418478040875480409,5,S26_P5,-205010:-190760,0xc36442b4a4522e871399cd717abdd847ab11fe88:-205010:-190760,0xc36442b4a4522e871399cd717abdd847ab11fe88,-205010,-190760,30283666877182300,0.0213494083126527,14250,2757,11493,2757,2125169605416.3017543859649123,0.0000014982040921,141.0329369535859895,143.7492439867763764,3.079260707454837,3.1895837674431159,6.2688444748979529,3.1895837674431159,35014409122555540000,34267630968091448000,746778154464092000,true,true,57423555015.7052381826332998,56193491639.886165330371669,1230063375.8190728522616308,true,true,176367951745733800000,172602275568052720000,3765676177681080000,true,true,287449301167.4234660492849478,281261226493.2691790748254214,6188074674.1542869744595264,true,true,354001271954812520000,346485948906740480000,7515323048072040000,true,true,575646372658.3117447837842316,563258695832.7431748437834545,12387676825.5685699400007771,true,true
26,0x11b815efb8f581194ae79006d24e0d814b7697f6,25294961,-202253,1418478040875480409,6,S26_P6,-203010:-201330,0xc36442b4a4522e871399cd717abdd847ab11fe88:-203010:-201330,0xc36442b4a4522e871399cd717abdd847ab11fe88,-203010,-201330,19698876493916066,0.0138873327089068,1680,757,923,757,11725521722569.0869047619047619,0.0000082662694696,141.0329369535859895,143.7492439867763764,1.986856284488468,2.0585124780767201,4.0453687625651881,2.0585124780767201,35014409122555540000,34528643393499404000,485765729056136000,true,true,57423555015.7052381826332998,56623423972.7380953159859666,800131042.9671428666473332,true,true,176367951745733800000,173918836803501960000,2449114942231840000,true,true,287449301167.4234660492849478,283424552737.3956949628292147,4024748430.0277710864557331,true,true,354001271954812520000,349113807469872120000,4887464484940400000,true,true,575646372658.3117447837842316,567590154552.702612336315515,8056218105.6091324474687166,true,true
26,0x11b815efb8f581194ae79006d24e0d814b7697f6,25294961,-202253,1418478040875480409,7,S26_P7,-203190:-199170,0xc36442b4a4522e871399cd717abdd847ab11fe88:-203190:-199170,0xc36442b4a4522e871399cd717abdd847ab11fe88,-203190,-199170,15336325105087858,0.0108118170765776,4020,937,3083,937,3815006245046.7308457711442786,0.0000026895067355,141.0329369535859895,143.7492439867763764,1.541753267146446,1.5974756101293565,3.1392288772758025,1.5974756101293565,35014409122555540000,34636220865230948000,378188257324592000,true,true,57423555015.7052381826332998,56800621929.0402783544965912,622933086.6649598281367086,true,true,176367951745733800000,174461302111242240000,1906649634491560000,true,true,287449301167.4234660492849478,284316031992.7680292089767902,3133269174.6554368403081576,true,true,354001271954812520000,350196403931074320000,3804868023738200000,true,true,575646372658.3117447837842316,569374848347.1233503753747269,6271524311.1883944084095047,true,true
26,0x11b815efb8f581194ae79006d24e0d814b7697f6,25294961,-202253,1418478040875480409,8,S26_P8,-203070:-201050,0xc36442b4a4522e871399cd717abdd847ab11fe88:-203070:-201050,0xc36442b4a4522e871399cd717abdd847ab11fe88,-203070,-201050,14491882956695774,0.0102165014466854,2020,817,1203,817,7174199483512.7594059405940594,0.0000050576739835,141.0329369535859895,143.7492439867763764,1.4559384259507998,1.5085768571396386,2.9645152830904384,1.5085768571396386,35014409122555540000,34657044532401404000,357364590154136000,true,true,57423555015.7052381826332998,56834922550.1446464780268384,588632465.5605917046064614,true,true,176367951745733800000,174566294323509560000,1801657422224240000,true,true,287449301167.4234660492849478,284488582560.7327079073900907,2960718606.6907581418948571,true,true,354001271954812520000,350405925368140800000,3595346586671720000,true,true,575646372658.3117447837842316,569720268770.0550420604647758,5926103888.2567027233194558,true,true
26,0x11b815efb8f581194ae79006d24e0d814b7697f6,25294961,-202253,1418478040875480409,9,S26_P9,-205670:-192890,0xc36442b4a4522e871399cd717abdd847ab11fe88:-205670:-192890,0xc36442b4a4522e871399cd717abdd847ab11fe88,-205670,-192890,13398742248352511,0.0094458580691759,12780,3417,9363,3417,1048414886412.5595461658841941,0.000000739112525,141.0329369535859895,143.7492439867763764,1.3450134512481968,1.3936605320246225,2.7386739832728193,1.3936605320246225,35014409122555540000,34684001234294936000,330407888260604000,true,true,57423555015.7052381826332998,56879323324.9660702258247574,544231690.7391679568085424,true,true,176367951745733800000,174702203555723360000,1665748190010440000,true,true,287449301167.4234660492849478,284711946481.5465857590490784,2737354685.8768802902358694,true,true,354001271954812520000,350677140563701400000,3324131391111120000,true,true,575646372658.3117447837842316,570167402343.1423309822533395,5478970315.1694138015308921,true,true
26,0x11b815efb8f581194ae79006d24e0d814b7697f6,25294961,-202253,1418478040875480409,10,S26_P10,-205670:-196950,0xc36442b4a4522e871399cd717abdd847ab11fe88:-205670:-196950,0xc36442b4a4522e871399cd717abdd847ab11fe88,-205670,-196950,10887379047933520,0.0076753948487027,8720,3417,5303,3417,1248552643111.6422018348623853,0.0000008802058313,141.0329369535859895,143.7492439867763764,1.0908631823431573,1.1303529430848707,2.221216125428028,1.1303529430848707,35014409122555540000,34745929518976480000,268479603579060000,true,true,57423555015.7052381826332998,56981330468.4651104329817534,442224547.2401277496515464,true,true,176367951745733800000,175014433475048520000,1353518270685280000,true,true,287449301167.4234660492849478,285225078878.3907316209612529,2224222289.0327344283236949,true,true,354001271954812520000,351300215251143200000,2701056703669320000,true,true,575646372658.3117447837842316,571194565641.7491970810036481,4451807016.5625477027805835,true,true
26,0x11b815efb8f581194ae79006d24e0d814b7697f6,25294961,-202253,1418478040875480409,11,S26_P11,-203210:-197150,0xc36442b4a4522e871399cd717abdd847ab11fe88:-203210:-197150,0xc36442b4a4522e871399cd717abdd847ab11fe88,-203210,-197150,10724049893069410,0.0075602509055766,6060,957,5103,957,1769645196876.1402640264026403,0.000001247566156,141.0329369535859895,143.7492439867763764,1.074367252991756,1.1132621351019542,2.1876293880937102,1.1132621351019542,35014409122555540000,34749957952908732000,264451169646808000,true,true,57423555015.7052381826332998,56987963963.7091879539649636,435591051.9960502286683362,true,true,176367951745733800000,175034739425686760000,1333212320047040000,true,true,287449301167.4234660492849478,285258449908.2112078677400874,2190851259.2122581815448604,true,true,354001271954812520000,351340737193991600000,2660534760820920000,true,true,575646372658.3117447837842316,571261364615.6677602746290116,4385008042.64398450915522,true,true
26,0x11b815efb8f581194ae79006d24e0d814b7697f6,25294961,-202253,1418478040875480409,12,S26_P12,-202820:-201360,0xc36442b4a4522e871399cd717abdd847ab11fe88:-202820:-201360,0xc36442b4a4522e871399cd717abdd847ab11fe88,-202820,-201360,8235922395148540,0.0058061684127767,1460,567,893,567,5641042736403.1095890410958904,0.00000397682768,141.0329369535859895,143.7492439867763764,0.8233049084567688,0.8534097213994122,1.676714629856181,0.8534097213994122,35014409122555540000,34811313517005240000,203095605550300000,true,true,57423555015.7052381826332998,57089028246.4581367297534872,334526769.2471014528798126,true,true,176367951745733800000,175344073679630240000,1023878066103560000,true,true,287449301167.4234660492849478,285766804812.1324435041737832,1682496355.2910225451111646,true,true,354001271954812520000,351958035671514360000,2043236283298160000,true,true,575646372658.3117447837842316,572278915702.4293237645150528,3367456955.8824210192691788,true,true
26,0x11b815efb8f581194ae79006d24e0d814b7697f6,25294961,-202253,1418478040875480409,13,S26_P13,-203250:-202080,0xc36442b4a4522e871399cd717abdd847ab11fe88:-203250:-202080,0xc36442b4a4522e871399cd717abdd847ab11fe88,-203250,-202080,9158542240001091,0.0064565978295642,1170,997,173,173,7827813880342.8128205128205128,0.0000055184596834,141.0329369535859895,143.7492439867763764,0.9164582342104433,0.6455693600822081,1.5620275942926514,0.9164582342104433,35014409122555540000,34788561986925436000,225847135630104000,true,true,57423555015.7052381826332998,57051553527.4664438955501126,372001488.2387942870831872,true,true,176367951745733800000,175229370560485680000,1138581185248120000,true,true,287449301167.4234660492849478,285734616601.6088019228373193,1714684565.8146641264476285,true,true,354001271954812520000,351729137130282720000,2272134824529800000,true,true,575646372658.3117447837842316,572428210229.3271412968496654,3218162428.9846034869345662,true,true
26,0x11b815efb8f581194ae79006d24e0d814b7697f6,25294961,-202253,1418478040875480409,14,S26_P14,-202370:-199390,0xc36442b4a4522e871399cd717abdd847ab11fe88:-202370:-199390,0xc36442b4a4522e871399cd717abdd847ab11fe88,-202370,-199390,8598449546185490,0.0060617431489306,2980,117,2863,117,2885385753753.5201342281879195,0.0000020341419963,141.0329369535859895,143.7492439867763764,0.4506305250340773,0.891211888637201,1.3418424136712783,0.891211888637201,35014409122555540000,34802373782747968000,212035339807572000,true,true,57423555015.7052381826332998,57074303171.216455536231547,349251844.4887826464017528,true,true,176367951745733800000,175496397336425920000,871554409307880000,true,true,287449301167.4234660492849478,285692737885.4362116836535323,1756563281.9872543656314155,true,true,354001271954812520000,352528358723237800000,1472913231574720000,true,true,575646372658.3117447837842316,572130662081.7085650412874498,3515710576.6031797424967818,true,true
26,0x11b815efb8f581194ae79006d24e0d814b7697f6,25294961,-202253,1418478040875480409,15,S26_P15,-203120:-201100,0xc36442b4a4522e871399cd717abdd847ab11fe88:-203120:-201100,0xc36442b4a4522e871399cd717abdd847ab11fe88,-203120,-201100,6032746759799173,0.0042529715553973,2020,867,1153,867,2986508296930.2836633663366337,0.0000021054314631,141.0329369535859895,143.7492439867763764,0.6022678199157358,0.624107233836356,1.2263750537520918,0.624107233836356,35014409122555540000,34865643606017256000,148765516538284000,true,true,57423555015.7052381826332998,57178516893.6756509610595886,245038122.0295872215737112,true,true,176367951745733800000,175617976112999800000,749975632734000000,true,true,287449301167.4234660492849478,286216917049.1836424464530606,1232384118.2398236028318872,true,true,354001271954812520000,352504629211521960000,1496642743290560000,true,true,575646372658.3117447837842316,573179847303.978367598351684,2466525354.3333771854325476,true,true
26,0x11b815efb8f581194ae79006d24e0d814b7697f6,25294961,-202253,1418478040875480409,16,S26_P16,-203190:-197130,0xc36442b4a4522e871399cd717abdd847ab11fe88:-203190:-197130,0xc36442b4a4522e871399cd717abdd847ab11fe88,-203190,-197130,5247607549681962,0.0036994633674013,6060,937,5123,937,865941839881.5118811881188119,0.0000006104725029,141.0329369535859895,143.7492439867763764,0.5235788941152325,0.542570133495457,1.0661490276106895,0.542570133495457,35014409122555540000,34885004602207064000,129404520348476000,true,true,57423555015.7052381826332998,57210406734.654898253121223,213148281.0503399295120768,true,true,176367951745733800000,175715584831165720000,652366914568080000,true,true,287449301167.4234660492849478,286377316326.3365753774529385,1071984841.0868906718320093,true,true,354001271954812520000,352699415221687240000,1301856733125280000,true,true,575646372658.3117447837842316,573500890048.9966611790027436,2145482609.315083604781488,true,true
26,0x11b815efb8f581194ae79006d24e0d814b7697f6,25294961,-202253,1418478040875480409,17,S26_P17,-203300:-199920,0xc36442b4a4522e871399cd717abdd847ab11fe88:-203300:-199920,0xc36442b4a4522e871399cd717abdd847ab11fe88,-203300,-199920,3792946371544558,0.002673954944839,3380,1047,2333,1047,1122173482705.4905325443786982,0.0000007911109304,141.0329369535859895,143.7492439867763764,0.3780312836972578,0.3917501083644916,0.7697813920617494,0.3917501083644916,35014409122555540000,34920875940237128000,93533182318412000,true,true,57423555015.7052381826332998,57269492977.4562144104592084,154062038.2490237721740914,true,true,176367951745733800000,175896426749465000000,471524996268800000,true,true,287449301167.4234660492849478,286674488669.3672903454209358,774812498.056175703864012,true,true,354001271954812520000,353060300643850400000,940971310962120000,true,true,575646372658.3117447837842316,574095673480.820492168875276,1550699177.4912526149089556,true,true
26,0x11b815efb8f581194ae79006d24e0d814b7697f6,25294961,-202253,1418478040875480409,18,S26_P18,-203050:-201420,0xc36442b4a4522e871399cd717abdd847ab11fe88:-203050:-201420,0xc36442b4a4522e871399cd717abdd847ab11fe88,-203050,-201420,3321959140789274,0.0023419179184043,1630,797,833,797,2038011742815.505521472392638,0.0000014367594591,141.0329369535859895,143.7492439867763764,0.3309735755158068,0.3429866162243504,0.6739601917401572,0.3429866162243504,35014409122555540000,34932490319545712000,81918803009828000,true,true,57423555015.7052381826332998,57288623841.09926966914789,134931174.6059685134854098,true,true,176367951745733800000,175954978990815840000,412972754917960000,true,true,287449301167.4234660492849478,286770704444.9154080146354338,678596722.508058034649514,true,true,354001271954812520000,353177146679440960000,824125275371560000,true,true,575646372658.3117447837842316,574288243847.7273929633845736,1358128810.584351820399658,true,true
26,0x11b815efb8f581194ae79006d24e0d814b7697f6,25294961,-202253,1418478040875480409,19,S26_P19,-205050:-192620,0xc36442b4a4522e871399cd717abdd847ab11fe88:-205050:-192620,0xc36442b4a4522e871399cd717abdd847ab11fe88,-205050,-192620,3162737997976704,0.0022296700455262,12430,2797,9633,2797,254443925822.7436846339501207,0.0000001793781211,141.0329369535859895,143.7492439867763764,0.315072789038208,0.3265093299546931,0.6415821189929011,0.3265093299546931,35014409122555540000,34936416917311648000,77992205243892000,true,true,57423555015.7052381826332998,57295090894.1445569197215232,128464121.5606812629117766,true,true,176367951745733800000,175974772901860160000,393178843873640000,true,true,287449301167.4234660492849478,286803230487.5088578635854676,646070679.9146081856994802,true,true,354001271954812520000,353216647287257040000,784624667555480000,true,true,575646372658.3117447837842316,574353342857.3184642409057276,1293029800.993280542878504,true,true
26,0x11b815efb8f581194ae79006d24e0d814b7697f6,25294961,-202253,1418478040875480409,20,S26_P20,-203040:-202250,0xc36442b4a4522e871399cd717abdd847ab11fe88:-203040:-202250,0xc36442b4a4522e871399cd717abdd847ab11fe88,-203040,-202250,5037765627218370,0.0035515288090812,790,787,3,3,6376918515466.2911392405063291,0.0000044956060874,141.0329369535859895,143.7492439867763764,0.502563512044193,0.0087786757624406,0.5113421878066336,0.502563512044193,35014409122555540000,34890179106205960000,124230016349580000,true,true,57423555015.7052381826332998,57378285757.152342769482778,45269258.5528954131505218,true,true,176367951745733800000,175741672277891200000,626279467842600000,true,true,287449301167.4234660492849478,287399084111.2083332031004934,50217056.2151328461844544,true,true,354001271954812520000,352751474915300880000,1249797039511640000,true,true,575646372658.3117447837842316,575595663721.7278167739053584,50708936.5839280098788732,true,true
27,0x11b815efb8f581194ae79006d24e0d814b7697f6,25284961,-202390,1351549372338784079,1,S27_P1,-203180:-200820,0xc36442b4a4522e871399cd717abdd847ab11fe88:-203180:-200820,0xc36442b4a4522e871399cd717abdd847ab11fe88,-203180,-200820,1015513737925999911,0.7513700636542101,2360,790,1570,790,430302431324576.2334745762711864,0.0003183771456162,149.6243803090156298,148.7641713674463234,1705.869433996654469,432.9418133531525632,2138.8112473498070322,1705.869433996654469,33592142764198060000,8349807417527647000,25242335346670413000,true,true,54505976487.4607962532866372,13551817464.708238190165812,40954159022.7525580631208252,true,true,167669941021958080000,41549896844625880000,126120044177332200000,true,true,272549829311.1211472073410536,67755998776.4275216632649072,204793830534.6936255440761464,true,true,334511539116960400000,80016068483518070000,254495470633442330000,true,true,545129106951.807226197282039,135355835689.0470455610848208,409773271262.7601806361972182,true,true
27,0x11b815efb8f581194ae79006d24e0d814b7697f6,25284961,-202390,1351549372338784079,2,S27_P2,-202830:-200380,0xc36442b4a4522e871399cd717abdd847ab11fe88:-202830:-200380,0xc36442b4a4522e871399cd717abdd847ab11fe88,-202830,-200380,99897067395174792,0.0739129989918964,2450,440,2010,440,40774313222520.323265306122449,0.0000301685710171,149.6243803090156298,148.7641713674463234,11.6563906662131362,11.7694080734249004,23.4257987396380366,11.7694080734249004,33592142764198060000,31111392355958732000,2480750408239328000,true,true,54505976487.4607962532866372,50477276302.2881653408608644,4028700185.1726309124257728,true,true,167669941021958080000,155244184082193840000,12425756939764240000,true,true,272549829311.1211472073410536,252441451094.531928537498521,20108378216.5892186698425326,true,true,334511539116960400000,309426052023499680000,25085487093460720000,true,true,545129106951.807226197282039,504982418301.9236522757589878,40146688649.8835739215230512,true,true
27,0x11b815efb8f581194ae79006d24e0d814b7697f6,25284961,-202390,1351549372338784079,3,S27_P3,-202480:-201860,0xc36442b4a4522e871399cd717abdd847ab11fe88:-202480:-201860,0xc36442b4a4522e871399cd717abdd847ab11fe88,-202480,-201860,48838755317753313,0.0361353838174927,620,90,530,90,78772185996376.3112903225806452,0.000058282877125,149.6243803090156298,148.7641713674463234,2.3209094331737782,5.4882521555878961,7.8091615887616743,5.4882521555878961,33592142764198060000,32379349273697784000,1212793490500276000,true,true,54505976487.4607962532866372,52536382106.7380974999321972,1969594380.72269875335444,true,true,167669941021958080000,163063056608078920000,4606884413879160000,true,true,272549829311.1211472073410536,262719516906.0717039332564296,9830312405.049443274084624,true,true,334511539116960400000,327556082741358520000,6955456375601880000,true,true,545129106951.807226197282039,525500009879.5351850934492582,19629097072.2720411038327808,true,true
27,0x11b815efb8f581194ae79006d24e0d814b7697f6,25284961,-202390,1351549372338784079,4,S27_P4,-205010:-190760,0xc36442b4a4522e871399cd717abdd847ab11fe88:-205010:-190760,0xc36442b4a4522e871399cd717abdd847ab11fe88,-205010,-190760,30283666877182300,0.0224066301216788,14250,2620,11630,2620,2125169605416.3017543859649123,0.0000015723950963,149.6243803090156298,148.7641713674463234,3.5582862605591695,3.3816135927468141,6.9398998533059836,3.5582862605591695,33592142764198060000,32840125115379308000,752017648818752000,true,true,54505976487.4607962532866372,53284681232.8846736922570716,1221295254.5761225610295656,true,true,167669941021958080000,163899719390024880000,3770221631933200000,true,true,272549829311.1211472073410536,266454297591.2220742320083046,6095531719.899072975332749,true,true,334511539116960400000,326904445431402400000,7607093685558000000,true,true,545129106951.807226197282039,532956880553.4203326339121548,12172226398.3868935633698842,true,true
27,0x11b815efb8f581194ae79006d24e0d814b7697f6,25284961,-202390,1351549372338784079,5,S27_P5,-203010:-201330,0xc36442b4a4522e871399cd717abdd847ab11fe88:-203010:-201330,0xc36442b4a4522e871399cd717abdd847ab11fe88,-203010,-201330,19698876493916066,0.0145750328453249,1680,620,1060,620,11725521722569.0869047619047619,0.0000086756147889,149.6243803090156298,148.7641713674463234,2.2943430037545617,2.1823510572476346,4.4766940610021963,2.2943430037545617,33592142764198060000,33102973034038296000,489169730159764000,true,true,54505976487.4607962532866372,53711550089.8860138388676732,794426397.574782414418964,true,true,167669941021958080000,165217179823555480000,2452761198402600000,true,true,272549829311.1211472073410536,268584809245.142641077832956,3965020065.9785061295080976,true,true,334511539116960400000,329563051986050280000,4948487130910120000,true,true,545129106951.807226197282039,537211062238.1224551509637322,7918044713.6847710463183068,true,true
27,0x11b815efb8f581194ae79006d24e0d814b7697f6,25284961,-202390,1351549372338784079,6,S27_P6,-203190:-199170,0xc36442b4a4522e871399cd717abdd847ab11fe88:-203190:-199170,0xc36442b4a4522e871399cd717abdd847ab11fe88,-203190,-199170,15336325105087858,0.0113472178071817,4020,800,3220,800,3815006245046.7308457711442786,0.0000028226909968,149.6243803090156298,148.7641713674463234,1.7803291899110645,1.6935484410507279,3.4738776309617924,1.7803291899110645,33592142764198060000,33211306291237928000,380836472960132000,true,true,54505976487.4607962532866372,53887485300.4634548395143648,618491186.9973414137722724,true,true,167669941021958080000,165760273986815040000,1909667035143040000,true,true,272549829311.1211472073410536,269462907293.205891762481633,3086922017.9152554448594206,true,true,334511539116960400000,330658879245733680000,3852659871226720000,true,true,545129106951.807226197282039,538964520466.2340340779088584,6164586485.5731921193731806,true,true
27,0x11b815efb8f581194ae79006d24e0d814b7697f6,25284961,-202390,1351549372338784079,7,S27_P7,-203070:-201050,0xc36442b4a4522e871399cd717abdd847ab11fe88:-203070:-201050,0xc36442b4a4522e871399cd717abdd847ab11fe88,-203070,-201050,14491882956695774,0.0107224221721315,2020,680,1340,680,7174199483512.7594059405940594,0.0000053081297882,149.6243803090156298,148.7641713674463234,1.6811595390726,1.5992978278405631,3.2804573669131631,1.6811595390726,33592142764198060000,33232275545099048000,359867219099012000,true,true,54505976487.4607962532866372,53921540396.6554411638305172,584436090.80535508945612,true,true,167669941021958080000,165865405319615280000,1804535702342800000,true,true,272549829311.1211472073410536,269632877453.9621086967803964,2916951857.1590385105606572,true,true,334511539116960400000,330870999338385520000,3640539778574880000,true,true,545129106951.807226197282039,539303936217.3774725394409708,5825170734.4297536578410682,true,true
27,0x11b815efb8f581194ae79006d24e0d814b7697f6,25284961,-202390,1351549372338784079,8,S27_P8,-205670:-192890,0xc36442b4a4522e871399cd717abdd847ab11fe88:-205670:-192890,0xc36442b4a4522e871399cd717abdd847ab11fe88,-205670,-192890,13398742248352511,0.0099136165667161,12780,3280,9500,3280,1048414886412.5595461658841941,0.0000007757133464,149.6243803090156298,148.7641713674463234,1.5529830203561157,1.4774642278945368,3.0304472482506525,1.5529830203561157,33592142764198060000,33259420850348464000,332721913849596000,true,true,54505976487.4607962532866372,53965625135.9685279921315184,540351351.4922682611551188,true,true,167669941021958080000,166001502084840200000,1668438937117880000,true,true,272549829311.1211472073410536,269852906020.5641662853622852,2696923290.5569809219787684,true,true,334511539116960400000,331145593572147480000,3365945544812920000,true,true,545129106951.807226197282039,539743316926.9052406966753446,5385790024.9019855006066944,true,true
27,0x11b815efb8f581194ae79006d24e0d814b7697f6,25284961,-202390,1351549372338784079,9,S27_P9,-205670:-196950,0xc36442b4a4522e871399cd717abdd847ab11fe88:-205670:-196950,0xc36442b4a4522e871399cd717abdd847ab11fe88,-205670,-196950,10887379047933520,0.008055480081422,8720,3280,5440,3280,1248552643111.6422018348623853,0.0000009237935873,149.6243803090156298,148.7641713674463234,1.2593631291830532,1.1983112506976253,2.4576743798806785,1.2593631291830532,33592142764198060000,33321783691252396000,270359072945664000,true,true,54505976487.4607962532866372,54066904679.5468949332397512,439071807.913901320046886,true,true,167669941021958080000,166314182097805600000,1355758924152480000,true,true,272549829311.1211472073410536,270358396315.2628828605545418,2191432995.8582643467865118,true,true,334511539116960400000,331776452088300200000,2735087028660200000,true,true,545129106951.807226197282039,540752754498.6077975040337796,4376352453.1994286932482594,true,true
27,0x11b815efb8f581194ae79006d24e0d814b7697f6,25284961,-202390,1351549372338784079,10,S27_P10,-203210:-197150,0xc36442b4a4522e871399cd717abdd847ab11fe88:-203210:-197150,0xc36442b4a4522e871399cd717abdd847ab11fe88,-203210,-197150,10724049893069410,0.0079346342150358,6060,820,5240,820,1769645196876.1402640264026403,0.00000130934558,149.6243803090156298,148.7641713674463234,1.2403081702473885,1.1801921169509963,2.4205002871983848,1.2403081702473885,33592142764198060000,33325839463710744000,266303300487316000,true,true,54505976487.4607962532866372,54073491501.4971221421829364,432484985.9636741111037008,true,true,167669941021958080000,166334518324546800000,1335422697411280000,true,true,272549829311.1211472073410536,270391271433.0284865935799072,2158557878.0926606137611464,true,true,334511539116960400000,331817481163537760000,2694057953422640000,true,true,545129106951.807226197282039,540818404918.9823904676330512,4310702032.8248357296489878,true,true
27,0x11b815efb8f581194ae79006d24e0d814b7697f6,25284961,-202390,1351549372338784079,11,S27_P11,-203250:-202080,0xc36442b4a4522e871399cd717abdd847ab11fe88:-203250:-202080,0xc36442b4a4522e871399cd717abdd847ab11fe88,-203250,-202080,9158542240001091,0.0067763282847394,1170,860,310,310,7827813880342.8128205128205128,0.0000057917335767,149.6243803090156298,148.7641713674463234,1.057919492005526,0.8948490112330963,1.9527685032386223,1.057919492005526,33592142764198060000,33364715520556652000,227427243641408000,true,true,54505976487.4607962532866372,54136626097.2991859266176728,369350390.1616103266689644,true,true,167669941021958080000,166529443741711320000,1140497280246760000,true,true,272549829311.1211472073410536,270706379062.010951560709921,1843450249.1101956466311326,true,true,334511539116960400000,332210746828980560000,2300792287979840000,true,true,545129106951.807226197282039,541447666663.5821225588041584,3681440288.2251036384778806,true,true
27,0x11b815efb8f581194ae79006d24e0d814b7697f6,25284961,-202390,1351549372338784079,12,S27_P12,-202820:-201360,0xc36442b4a4522e871399cd717abdd847ab11fe88:-202820:-201360,0xc36442b4a4522e871399cd717abdd847ab11fe88,-202820,-201360,8235922395148540,0.006093689630366,1460,430,1030,430,5641042736403.1095890410958904,0.0000041737600208,149.6243803090156298,148.7641713674463234,0.903165821561301,0.9047081777442155,1.8078739993055165,0.9047081777442155,33592142764198060000,33387625845897016000,204516918301044000,true,true,54505976487.4607962532866372,54173833983.7436208187385256,332142503.7171754345481116,true,true,167669941021958080000,166644324810615080000,1025616211343000000,true,true,272549829311.1211472073410536,270892085432.570866245295902,1657743878.5502809620451516,true,true,334511539116960400000,332442517413489600000,2069021703470800000,true,true,545129106951.807226197282039,541818520244.4057502077495116,3310586707.4014759895325274,true,true
27,0x11b815efb8f581194ae79006d24e0d814b7697f6,25284961,-202390,1351549372338784079,13,S27_P13,-203120:-201100,0xc36442b4a4522e871399cd717abdd847ab11fe88:-203120:-201100,0xc36442b4a4522e871399cd717abdd847ab11fe88,-203120,-201100,6032746759799173,0.0044635785294028,2020,730,1290,730,2986508296930.2836633663366337,0.0000022096923413,149.6243803090156298,148.7641713674463234,0.6951142968044135,0.6616164900513001,1.3567307868557136,0.6951142968044135,33592142764198060000,33442335518692120000,149807245505940000,true,true,54505976487.4607962532866372,54262684781.0870595703104808,243291706.3737366829761564,true,true,167669941021958080000,166918666186356200000,751274835601880000,true,true,272549829311.1211472073410536,271335544438.4185654425008056,1214284872.702581764840248,true,true,334511539116960400000,332995983024963560000,1515556091996840000,true,true,545129106951.807226197282039,542704111269.6001470820094616,2424995682.2070791152725774,true,true
27,0x11b815efb8f581194ae79006d24e0d814b7697f6,25284961,-202390,1351549372338784079,14,S27_P14,-203190:-197130,0xc36442b4a4522e871399cd717abdd847ab11fe88:-203190:-197130,0xc36442b4a4522e871399cd717abdd847ab11fe88,-203190,-197130,5247607549681962,0.0038826606390274,6060,800,5260,800,865941839881.5118811881188119,0.0000006407030757,149.6243803090156298,148.7641713674463234,0.6042690152534955,0.5751771093844786,1.1794461246379741,0.6042690152534955,33592142764198060000,33461832359958264000,130310404239796000,true,true,54505976487.4607962532866372,54294348277.9596544851181804,211628209.5011417681684568,true,true,167669941021958080000,167016435729453360000,653505292504720000,true,true,272549829311.1211472073410536,271493578763.371642903198814,1056250547.7495043041422396,true,true,334511539116960400000,333193222479022840000,1318316637937560000,true,true,545129106951.807226197282039,543019709856.58768048062629,2109397095.219545716655749,true,true
27,0x11b815efb8f581194ae79006d24e0d814b7697f6,25284961,-202390,1351549372338784079,15,S27_P15,-202860:-201360,0xc36442b4a4522e871399cd717abdd847ab11fe88:-202860:-201360,0xc36442b4a4522e871399cd717abdd847ab11fe88,-202860,-201360,5318456802241386,0.0039350814044167,1500,470,1030,470,3545637868160.924,0.0000026233876029,149.6243803090156298,148.7641713674463234,0.5933487985312617,0.5829731223243172,1.1763219208555789,0.5933487985312617,33592142764198060000,33460073472083992000,132069292114068000,true,true,54505976487.4607962532866372,54291491032.954896499172284,214485454.5058997541143532,true,true,167669941021958080000,167007613147155000000,662327874803080000,true,true,272549829311.1211472073410536,271479318067.8328092539064176,1070511243.288337953434636,true,true,334511539116960400000,333175423945749840000,1336115171210560000,true,true,545129106951.807226197282039,542991230793.8142850924573944,2137876157.9929411048246446,true,true
27,0x11b815efb8f581194ae79006d24e0d814b7697f6,25284961,-202390,1351549372338784079,16,S27_P16,-203050:-201420,0xc36442b4a4522e871399cd717abdd847ab11fe88:-203050:-201420,0xc36442b4a4522e871399cd717abdd847ab11fe88,-203050,-201420,3321959140789274,0.0024578895960277,1630,660,970,660,2038011742815.505521472392638,0.0000015079077276,149.6243803090156298,148.7641713674463234,0.3819412191019272,0.363596412661787,0.7455376317637142,0.3819412191019272,33592142764198060000,33509650614882816000,82492149315244000,true,true,54505976487.4607962532866372,54372006814.9289399204817332,133969672.531856332804904,true,true,167669941021958080000,167256235171620200000,413705850337880000,true,true,272549829311.1211472073410536,271881177283.8419980244759156,668652027.279149182865138,true,true,334511539116960400000,333676981661723120000,834557455237280000,true,true,545129106951.807226197282039,543793760245.4357797617497424,1335346706.3714464355322966,true,true
27,0x11b815efb8f581194ae79006d24e0d814b7697f6,25284961,-202390,1351549372338784079,17,S27_P17,-205050:-192620,0xc36442b4a4522e871399cd717abdd847ab11fe88:-205050:-192620,0xc36442b4a4522e871399cd717abdd847ab11fe88,-205050,-192620,3162737997976704,0.0023400832131672,12430,2660,9770,2660,254443925822.7436846339501207,0.0000001882609182,149.6243803090156298,148.7641713674463234,0.3635887027160782,0.3461287868333133,0.7097174895493915,0.3635887027160782,33592142764198060000,33513604720863448000,78538043334612000,true,true,54505976487.4607962532866372,54378427966.863802919124634,127548520.5969933341620032,true,true,167669941021958080000,167276063230600320000,393877791357760000,true,true,272549829311.1211472073410536,271913225651.9224877894468624,636603659.1986594178941912,true,true,334511539116960400000,333716981354512360000,794557762448040000,true,true,545129106951.807226197282039,543857762543.02898498746811,1271344408.778241209813929,true,true
27,0x11b815efb8f581194ae79006d24e0d814b7697f6,25284961,-202390,1351549372338784079,18,S27_P18,-887270:887270,0xc36442b4a4522e871399cd717abdd847ab11fe88:-887270:887270,0xc36442b4a4522e871399cd717abdd847ab11fe88,-887270,887270,2878304022858438,0.0021296329100266,1774540,684880,1089660,684880,1622000080.5044901777362021,0.0000000012001042,149.6243803090156298,148.7641713674463234,0.3308151771582337,0.314934633159168,0.6457498103174017,0.3308151771582337,33592142764198060000,33520668160018712000,71474604179348000,true,true,54505976487.4607962532866372,54389898766.1369782315198064,116077721.3238180217668308,true,true,167669941021958080000,167311484698600280000,358456323357800000,true,true,272549829311.1211472073410536,271970477166.2921528721274614,579352144.8289943352135922,true,true,334511539116960400000,333788437336057320000,723101780903080000,true,true,545129106951.807226197282039,543972097067.3105367528164476,1157009884.4966894444655914,true,true
27,0x11b815efb8f581194ae79006d24e0d814b7697f6,25284961,-202390,1351549372338784079,19,S27_P19,-207760:-187780,0xc36442b4a4522e871399cd717abdd847ab11fe88:-207760:-187780,0xc36442b4a4522e871399cd717abdd847ab11fe88,-207760,-187780,2541148169333019,0.001880174132992,19980,5370,14610,5370,127184593059.7106606606606607,0.0000000941028095,149.6243803090156298,148.7641713674463234,0.2919861013275667,0.2779752860989947,0.5699613874265614,0.2919861013275667,33592142764198060000,33529039711506896000,63103052691164000,true,true,54505976487.4607962532866372,54403495760.3751932492430092,102480727.085603004043628,true,true,167669941021958080000,167353471954078800000,316469067879280000,true,true,272549829311.1211472073410536,272038340684.2689299925893134,511488626.8522172147517402,true,true,334511539116960400000,333873138386753440000,638400730206960000,true,true,545129106951.807226197282039,544107624630.2835505004381276,1021482321.5236756968439114,true,true
27,0x11b815efb8f581194ae79006d24e0d814b7697f6,25284961,-202390,1351549372338784079,20,S27_P20,-203890:-195210,0xc36442b4a4522e871399cd717abdd847ab11fe88:-203890:-195210,0xc36442b4a4522e871399cd717abdd847ab11fe88,-203890,-195210,2247829515493049,0.0016631501308778,8680,1500,7180,1500,258966534042.9779953917050691,0.0000001916071579,149.6243803090156298,148.7641713674463234,0.2582225499651615,0.2458363107450022,0.5040588607101637,0.2582225499651615,33592142764198060000,33536323955082404000,55818809115656000,true,true,54505976487.4607962532866372,54415324865.5299554067841612,90651621.930840846502476,true,true,167669941021958080000,167390000149248160000,279940872709920000,true,true,272549829311.1211472073410536,272097380543.7797069701846492,452448767.3414402371564044,true,true,334511539116960400000,333946826686068720000,564712430891680000,true,true,545129106951.807226197282039,544225531006.5713824707024986,903575945.2358437265795404,true,true
28,0x11b815efb8f581194ae79006d24e0d814b7697f6,25274961,-202019,1302245159956504016,1,S28_P1,-203180:-200820,0xc36442b4a4522e871399cd717abdd847ab11fe88:-203180:-200820,0xc36442b4a4522e871399cd717abdd847ab11fe88,-203180,-200820,1015513737925999911,0.779817632771942,2360,1161,1199,1161,430302431324576.2334745762711864,0.0003304312003271,154.882321084716738,153.5538247356954614,1328.0833165138472493,462.3819037289170952,1790.4652202427643445,1328.0833165138472493,31773341772883924000,6994036630056365500,24779305142827558500,true,true,53513768434.1051752535126644,11789853387.4628408727503984,41723915046.642334380762266,true,true,159803159717684480000,35154897294805816000,124648262422878664000,true,true,270148345978.0193442423888784,60004054025.7206415055485681,210144291952.2987027368403103,true,true,320712613687288640000,70058006014553850000,250654607672734790000,true,true,544615917135.92491205579094,124587734263.1677614540587068,420028182872.7571506017322332,true,true
28,0x11b815efb8f581194ae79006d24e0d814b7697f6,25274961,-202019,1302245159956504016,2,S28_P2,-202830:-200380,0xc36442b4a4522e871399cd717abdd847ab11fe88:-202830:-200380,0xc36442b4a4522e871399cd717abdd847ab11fe88,-202830,-200380,99897067395174792,0.076711413846615,2450,811,1639,811,40774313222520.323265306122449,0.0000313107811619,154.882321084716738,153.5538247356954614,12.704988338024556,12.1730308813424492,24.8780192193670052,12.704988338024556,31773341772883924000,29338064072334056000,2435277700549868000,true,true,53513768434.1051752535126644,49409894210.9774595337931461,4103874223.1277157197195183,true,true,159803159717684480000,147509315447043040000,12293844270641440000,true,true,270148345978.0193442423888784,249440007678.3737068291344056,20708338299.6456374132544728,true,true,320712613687288640000,296146544513547640000,24566069173741000000,true,true,544615917135.92491205579094,503919259958.354471630710012,40696657177.570440425080928,true,true
28,0x11b815efb8f581194ae79006d24e0d814b7697f6,25274961,-202019,1302245159956504016,3,S28_P3,-205010:-190760,0xc36442b4a4522e871399cd717abdd847ab11fe88:-205010:-190760,0xc36442b4a4522e871399cd717abdd847ab11fe88,-205010,-190760,30283666877182300,0.023254965968308,14250,2991,11259,2991,2125169605416.3017543859649123,0.0000016319274364,154.882321084716738,153.5538247356954614,3.6428929083700198,3.4980745147874768,7.1409674231574966,3.6428929083700198,31773341772883924000,31035110243827428000,738231529056496000,true,true,53513768434.1051752535126644,52269695448.8995790905505846,1244072985.2055961629620798,true,true,159803159717684480000,156076909918686040000,3726249798998440000,true,true,270148345978.0193442423888784,263881148190.2869465696971848,6267197787.7323976726916936,true,true,320712613687288640000,313266779015290280000,7445834671998360000,true,true,544615917135.92491205579094,532285263412.3574930300528336,12330653723.5674190257381064,true,true
28,0x11b815efb8f581194ae79006d24e0d814b7697f6,25274961,-202019,1302245159956504016,4,S28_P4,-203010:-201330,0xc36442b4a4522e871399cd717abdd847ab11fe88:-203010:-201330,0xc36442b4a4522e871399cd717abdd847ab11fe88,-203010,-201330,19698876493916066,0.0151268571384623,1680,991,689,689,11725521722569.0869047619047619,0.00000900408163,154.882321084716738,153.5538247356954614,2.3502658637049913,2.2575446688419644,4.6078105325469557,2.3502658637049913,31773341772883924000,31293139091233468000,480202681650456000,true,true,53513768434.1051752535126644,52704526456.0680490699190793,809241978.0371261835935851,true,true,159803159717684480000,157379375152434480000,2423784565250000000,true,true,270148345978.0193442423888784,266072618739.2523727077330184,4075727238.76697153465586,true,true,320712613687288640000,315869390558936000000,4843223128352640000,true,true,544615917135.92491205579094,536595647441.8519936383283952,8020269694.0729184174625448,true,true
28,0x11b815efb8f581194ae79006d24e0d814b7697f6,25274961,-202019,1302245159956504016,5,S28_P5,-203190:-199170,0xc36442b4a4522e871399cd717abdd847ab11fe88:-203190:-199170,0xc36442b4a4522e871399cd717abdd847ab11fe88,-203190,-199170,15336325105087858,0.0117768340222513,4020,1171,2849,1171,3815006245046.7308457711442786,0.0000029295607021,154.882321084716738,153.5538247356954614,1.8236313150067108,1.7519115961148809,3.5755429111215917,1.8236313150067108,31773341772883924000,31399486475703044000,373855297180880000,true,true,53513768434.1051752535126644,52883743116.6110368955255214,630025317.494138357987143,true,true,159803159717684480000,157916170968845120000,1886988748839360000,true,true,270148345978.0193442423888784,266975537367.4428579239677944,3172808610.576486318421084,true,true,320712613687288640000,316942022878010600000,3770590809278040000,true,true,544615917135.92491205579094,538372005700.5563331278937704,6243911435.3685789278971696,true,true
28,0x11b815efb8f581194ae79006d24e0d814b7697f6,25274961,-202019,1302245159956504016,6,S28_P6,-203070:-201050,0xc36442b4a4522e871399cd717abdd847ab11fe88:-203070:-201050,0xc36442b4a4522e871399cd717abdd847ab11fe88,-203070,-201050,14491882956695774,0.0111283830436197,2020,1051,969,969,7174199483512.7594059405940594,0.0000055091005166,154.882321084716738,153.5538247356954614,1.7221007311937928,1.6544150298612242,3.376515761055017,1.7221007311937928,31773341772883924000,31420072166334992000,353269606548932000,true,true,53513768434.1051752535126644,52918433340.9210272550425605,595335093.1841479984701039,true,true,159803159717684480000,158020075153137800000,1783084564546680000,true,true,270148345978.0193442423888784,267150291749.7122087030980104,2998054228.307135539290868,true,true,320712613687288640000,317149645323113080000,3562968364175560000,true,true,544615917135.92491205579094,538715836690.1641473874665648,5900080445.7607646683243752,true,true
28,0x11b815efb8f581194ae79006d24e0d814b7697f6,25274961,-202019,1302245159956504016,7,S28_P7,-205670:-192890,0xc36442b4a4522e871399cd717abdd847ab11fe88:-205670:-192890,0xc36442b4a4522e871399cd717abdd847ab11fe88,-205670,-192890,13398742248352511,0.0102889553060808,12780,3651,9129,3651,1048414886412.5595461658841941,0.0000008050825748,154.882321084716738,153.5538247356954614,1.5908637422105575,1.5283851905130658,3.1192489327236233,1.5908637422105575,31773341772883924000,31446719991753960000,326621781129964000,true,true,53513768434.1051752535126644,52963340471.4001281531301556,550427962.7050471003825088,true,true,159803159717684480000,158154579715101560000,1648580002582920000,true,true,270148345978.0193442423888784,267376504050.0208681636343752,2771841927.9984760787545032,true,true,320712613687288640000,317418413789023480000,3294199898265160000,true,true,544615917135.92491205579094,539160924694.1935381624991568,5454992441.7313738932917832,true,true
28,0x11b815efb8f581194ae79006d24e0d814b7697f6,25274961,-202019,1302245159956504016,8,S28_P8,-205670:-196950,0xc36442b4a4522e871399cd717abdd847ab11fe88:-205670:-196950,0xc36442b4a4522e871399cd717abdd847ab11fe88,-205670,-196950,10887379047933520,0.0083604680460453,8720,3651,5069,3651,1248552643111.6422018348623853,0.0000009587692713,154.882321084716738,153.5538247356954614,1.2901951936689555,1.239616080872759,2.5298112745417145,1.2901951936689555,31773341772883924000,31507939294155176000,265402478728748000,true,true,53513768434.1051752535126644,53066508697.5080785457259154,447259736.597096707786749,true,true,159803159717684480000,158463585573973880000,1339574143710600000,true,true,270148345978.0193442423888784,267896159116.910437396288768,2252186861.1089068461001104,true,true,320712613687288640000,318035872125895000000,2676741561393640000,true,true,544615917135.92491205579094,540183438451.7393329099156624,4432478684.1855791458752776,true,true
28,0x11b815efb8f581194ae79006d24e0d814b7697f6,25274961,-202019,1302245159956504016,9,S28_P9,-203210:-197150,0xc36442b4a4522e871399cd717abdd847ab11fe88:-203210:-197150,0xc36442b4a4522e871399cd717abdd847ab11fe88,-203210,-197150,10724049893069410,0.0082350468428138,6060,1191,4869,1191,1769645196876.1402640264026403,0.0000013589186209,154.882321084716738,153.5538247356954614,1.2706809828981873,1.2208727067128695,2.4915536896110568,1.2706809828981873,31773341772883924000,31511920826456656000,261420946427268000,true,true,53513768434.1051752535126644,53073218350.9693039161977262,440550083.1358713373149382,true,true,159803159717684480000,158483681873683720000,1319477844000760000,true,true,270148345978.0193442423888784,267929953486.6029412417943168,2218392491.4164030005945616,true,true,320712613687288640000,318076028862904480000,2636584824384160000,true,true,544615917135.92491205579094,540249937626.570070061916024,4365979509.354841993874916,true,true
28,0x11b815efb8f581194ae79006d24e0d814b7697f6,25274961,-202019,1302245159956504016,10,S28_P10,-202170:-195270,0xc36442b4a4522e871399cd717abdd847ab11fe88:-202170:-195270,0xc36442b4a4522e871399cd717abdd847ab11fe88,-202170,-195270,13352168100835833,0.0102531908057019,6900,151,6749,151,1935096826208.0917391304347826,0.000001485969682,154.882321084716738,153.5538247356954614,0.9362435898074565,1.5230201108443835,2.45926370065184,1.5230201108443835,31773341772883924000,31447855526574668000,325486246309256000,true,true,53513768434.1051752535126644,52965253609.6603163919992396,548514824.4448588615134248,true,true,159803159717684480000,158363872236258480000,1439287481426000000,true,true,270148345978.0193442423888784,267386141641.3054420654694888,2762204336.7139021769193896,true,true,320712613687288640000,318190872072390360000,2521741614898280000,true,true,544615917135.92491205579094,539179887849.8940482965687448,5436029286.0308637592221952,true,true
28,0x11b815efb8f581194ae79006d24e0d814b7697f6,25274961,-202019,1302245159956504016,11,S28_P11,-202820:-201360,0xc36442b4a4522e871399cd717abdd847ab11fe88:-202820:-201360,0xc36442b4a4522e871399cd717abdd847ab11fe88,-202820,-201360,8235922395148540,0.0063244023847427,1460,801,659,659,5641042736403.1095890410958904,0.0000043317824553,154.882321084716738,153.5538247356954614,0.9740079300269818,0.9358968832326155,1.9099048132595973,0.9740079300269818,31773341772883924000,31572574758951224000,200767013932700000,true,true,53513768434.1051752535126644,53175432164.2432636651102239,338336269.8619115884024405,true,true,159803159717684480000,158789824954562720000,1013334763121760000,true,true,270148345978.0193442423888784,268444741473.3257312752292584,1703604504.69361296715962,true,true,320712613687288640000,318687765986680680000,2024847700607960000,true,true,544615917135.92491205579094,541262956722.4854022520099688,3352960413.4395098037809712,true,true
28,0x11b815efb8f581194ae79006d24e0d814b7697f6,25274961,-202019,1302245159956504016,12,S28_P12,-203120:-201100,0xc36442b4a4522e871399cd717abdd847ab11fe88:-203120:-201100,0xc36442b4a4522e871399cd717abdd847ab11fe88,-203120,-201100,6032746759799173,0.0046325737620716,2020,1101,919,919,2986508296930.2836633663366337,0.0000022933533476,154.882321084716738,153.5538247356954614,0.712252479207204,0.6844277612417714,1.3966802404489754,0.712252479207204,31773341772883924000,31626281810593508000,147059962290416000,true,true,53513768434.1051752535126644,53265939763.2328267277335633,247828670.8723485257791011,true,true,159803159717684480000,159060904152391920000,742255565292560000,true,true,270148345978.0193442423888784,268900527569.631562658349964,1247818408.3877815840389144,true,true,320712613687288640000,319229437567395000000,1483176119893640000,true,true,544615917135.92491205579094,542159933776.2099980068453168,2455983359.7149140489456232,true,true
28,0x11b815efb8f581194ae79006d24e0d814b7697f6,25274961,-202019,1302245159956504016,13,S28_P13,-203190:-197130,0xc36442b4a4522e871399cd717abdd847ab11fe88:-203190:-197130,0xc36442b4a4522e871399cd717abdd847ab11fe88,-203190,-197130,5247607549681962,0.0040296617803189,6060,1171,4889,1171,865941839881.5118811881188119,0.0000006649606898,154.882321084716738,153.5538247356954614,0.6191842161826955,0.5950091126227161,1.2141933288054116,0.6191842161826955,31773341772883924000,31645421016654208000,127920756229716000,true,true,53513768434.1051752535126644,53298193725.0580777741204918,215574709.0470974793921726,true,true,159803159717684480000,159157507193536160000,645652524148320000,true,true,270148345978.0193442423888784,269062944402.5339565811206104,1085401575.485387661268268,true,true,320712613687288640000,319422470013795120000,1290143673493520000,true,true,544615917135.92491205579094,542479580924.832756456107576,2136336211.092155599683364,true,true
28,0x11b815efb8f581194ae79006d24e0d814b7697f6,25274961,-202019,1302245159956504016,14,S28_P14,-203050:-201420,0xc36442b4a4522e871399cd717abdd847ab11fe88:-203050:-201420,0xc36442b4a4522e871399cd717abdd847ab11fe88,-203050,-201420,3321959140789274,0.0025509475810993,1630,1031,599,599,2038011742815.505521472392638,0.000001564998516,154.882321084716738,153.5538247356954614,0.3913947171657338,0.3761347007922326,0.7675294179579664,0.3913947171657338,31773341772883924000,31692363068683216000,80978704200708000,true,true,53513768434.1051752535126644,53377300317.3081104850562952,136468116.7970647684563692,true,true,159803159717684480000,159394435961747400000,408723755937080000,true,true,270148345978.0193442423888784,269461268269.1106079795718608,687077708.9087362628170176,true,true,320712613687288640000,319895901829887160000,816711857401480000,true,true,544615917135.92491205579094,543263541007.8060246960212272,1352376128.1188873597697128,true,true
28,0x11b815efb8f581194ae79006d24e0d814b7697f6,25274961,-202019,1302245159956504016,15,S28_P15,-205050:-192620,0xc36442b4a4522e871399cd717abdd847ab11fe88:-205050:-192620,0xc36442b4a4522e871399cd717abdd847ab11fe88,-205050,-192620,3162737997976704,0.0024286809390655,12430,3031,9399,3031,254443925822.7436846339501207,0.0000001953886516,154.882321084716738,153.5538247356954614,0.3725899902699055,0.3580648052176107,0.7306547954875162,0.3725899902699055,31773341772883924000,31696244240390036000,77097532493888000,true,true,53513768434.1051752535126644,53383841472.2823363304580417,129926961.8228389230546227,true,true,159803159717684480000,159414026272412160000,389133445272320000,true,true,270148345978.0193442423888784,269494202243.8552425312993712,654143734.1641017110895072,true,true,320712613687288640000,319935047076697240000,777566610591400000,true,true,544615917135.92491205579094,543328361680.5261040085117728,1287555455.3988080472791672,true,true
28,0x11b815efb8f581194ae79006d24e0d814b7697f6,25274961,-202019,1302245159956504016,16,S28_P16,-887270:887270,0xc36442b4a4522e871399cd717abdd847ab11fe88:-887270:887270,0xc36442b4a4522e871399cd717abdd847ab11fe88,-887270,887270,2878304022858438,0.0022102627918038,1774540,685251,1089289,685251,1622000080.5044901777362021,0.0000000012455413,154.882321084716738,153.5538247356954614,0.339008417576361,0.3257951339275037,0.6648035515038647,0.339008417576361,31773341772883924000,31703177998739176000,70163774144748000,true,true,53513768434.1051752535126644,53395526262.8153847608054214,118242171.289790492707243,true,true,159803159717684480000,159449022480762680000,354137236921800000,true,true,270148345978.0193442423888784,269553034868.1758502912499248,595311109.8434939511389536,true,true,320712613687288640000,320004976474170360000,707637213118280000,true,true,544615917135.92491205579094,543444157234.1591893892027272,1171759901.7657226665882128,true,true
28,0x11b815efb8f581194ae79006d24e0d814b7697f6,25274961,-202019,1302245159956504016,17,S28_P17,-207760:-187780,0xc36442b4a4522e871399cd717abdd847ab11fe88:-207760:-187780,0xc36442b4a4522e871399cd717abdd847ab11fe88,-207760,-187780,2541148169333019,0.0019513592735625,19980,5741,14239,5741,127184593059.7106606606606607,0.0000000976656293,154.882321084716738,153.5538247356954614,0.299221149755528,0.287561475104447,0.586782624859975,0.299221149755528,31773341772883924000,31711396810862680000,61944962021244000,true,true,53513768434.1051752535126644,53409376511.5256253153507106,104391922.5795499381619538,true,true,159803159717684480000,159490505149713200000,312654567971280000,true,true,270148345978.0193442423888784,269622771310.2069834980276368,525574667.8123607443612416,true,true,320712613687288640000,320087867411427000000,624746275861640000,true,true,544615917135.92491205579094,543581415654.3677222843225096,1034501481.5571897714684304,true,true
28,0x11b815efb8f581194ae79006d24e0d814b7697f6,25274961,-202019,1302245159956504016,18,S28_P18,-202140:-200580,0xc36442b4a4522e871399cd717abdd847ab11fe88:-202140:-200580,0xc36442b4a4522e871399cd717abdd847ab11fe88,-202140,-200580,3270890407098832,0.0025117316674904,1560,121,1439,121,2096724619935.1487179487179487,0.0000016100844022,154.882321084716738,153.5538247356954614,0.1957185523609245,0.3703384796788369,0.5660570320397614,0.3703384796788369,31773341772883924000,31693607878845168000,79733894038756000,true,true,53513768434.1051752535126644,53379398436.8068366353569289,134369997.2983386181557355,true,true,159803159717684480000,159470835090531520000,332324627152960000,true,true,270148345978.0193442423888784,269471831651.8825515246636072,676514326.1367927177252712,true,true,320712613687288640000,320168034320676200000,544579366612440000,true,true,544615917135.92491205579094,543284331715.1803500916787064,1331585420.7445619641122336,true,true
28,0x11b815efb8f581194ae79006d24e0d814b7697f6,25274961,-202019,1302245159956504016,19,S28_P19,-203890:-195210,0xc36442b4a4522e871399cd717abdd847ab11fe88:-203890:-195210,0xc36442b4a4522e871399cd717abdd847ab11fe88,-203890,-195210,2247829515493049,0.0017261185409728,8680,1871,6809,1871,258966534042.9779953917050691,0.0000001988615831,154.882321084716738,153.5538247356954614,0.2646236656464543,0.2543143114002897,0.518937977046744,0.2646236656464543,31773341772883924000,31718546843006028000,54794929877896000,true,true,53513768434.1051752535126644,53421426415.0437385905432589,92342019.0614366629694055,true,true,159803159717684480000,159526594216346640000,276565501337840000,true,true,270148345978.0193442423888784,269683440148.8892464786519656,464905829.1300977637369128,true,true,320712613687288640000,320159980718556960000,552632968731680000,true,true,544615917135.92491205579094,543700827374.151899269680172,915089761.773012786110768,true,true
28,0x11b815efb8f581194ae79006d24e0d814b7697f6,25274961,-202019,1302245159956504016,20,S28_P20,-209960:-196090,0xc36442b4a4522e871399cd717abdd847ab11fe88:-209960:-196090,0xc36442b4a4522e871399cd717abdd847ab11fe88,-209960,-196090,1753479987759865,0.00134650528309,13870,7941,5929,5929,126422493710.1560922855082913,0.0000000970804097,154.882321084716738,153.5538247356954614,0.2063491386669665,0.1983129918002469,0.4046621304672134,0.2063491386669665,31773341772883924000,31730597468782928000,42744304100996000,true,true,53513768434.1051752535126644,53441734073.0943218969417102,72034361.0108533565709542,true,true,159803159717684480000,159587417629046480000,215742088638000000,true,true,270148345978.0193442423888784,269785687018.780741955385892,362658959.2386022870029864,true,true,320712613687288640000,320281518026266640000,431095661022000000,true,true,544615917135.92491205579094,543902078598.5376738204366312,713838537.3872382353543088,true,true
29,0x11b815efb8f581194ae79006d24e0d814b7697f6,25264961,-202341,1182699477302900666,1,S29_P1,-203180:-200820,0xc36442b4a4522e871399cd717abdd847ab11fe88:-203180:-200820,0xc36442b4a4522e871399cd717abdd847ab11fe88,-203180,-200820,1015513737925999911,0.8586405569755039,2360,839,1521,839,430302431324576.2334745762711864,0.0003638307444811,164.9804451130966233,160.3638770948407262,1793.7235081423200965,499.5613725704287433,2293.2848807127488398,1793.7235081423200965,29326872981588260000,4144352884758662800,25182520096829597200,true,true,47813878959.2709734303013676,6758941298.6009786508957404,41054937660.6699947794056272,true,true,147715670212123200000,20876585971142192000,126839084240981008000,true,true,244153931119.617187767179132,37721075381.753764484440404,206432855737.863423282738728,true,true,297127898270546600000,41872997538057760000,255254900732488840000,true,true,499257147325.83101290916534,79111436778.8533525031813884,420145710546.9776604059839516,true,true
29,0x11b815efb8f581194ae79006d24e0d814b7697f6,25264961,-202341,1182699477302900666,2,S29_P2,-205010:-190760,0xc36442b4a4522e871399cd717abdd847ab11fe88:-205010:-190760,0xc36442b4a4522e871399cd717abdd847ab11fe88,-205010,-190760,30283666877182300,0.0256055468513802,14250,2669,11581,2669,2125169605416.3017543859649123,0.0000017968804808,164.9804451130966233,160.3638770948407262,4.1171747376495392,3.7880818149435042,7.9052565525930434,4.1171747376495392,29326872981588260000,28576593401503816000,750279580084444000,true,true,47813878959.2709734303013676,46589584275.3944011967572724,1224294683.8765722335440952,true,true,147715670212123200000,143921845892284520000,3793824319838680000,true,true,244153931119.617187767179132,237858271517.835220686161764,6295659601.781967081017368,true,true,297127898270546600000,289584116463785120000,7543781806761480000,true,true,499257147325.83101290916534,487219512187.354258205144684,12037635138.476754704020656,true,true
29,0x11b815efb8f581194ae79006d24e0d814b7697f6,25264961,-202341,1182699477302900666,3,S29_P3,-203790:-201980,0xc36442b4a4522e871399cd717abdd847ab11fe88:-203790:-201980,0xc36442b4a4522e871399cd717abdd847ab11fe88,-203790,-201980,18880489744068445,0.0159638945534369,1810,1449,361,361,10431209803352.7320441988950276,0.000008819831245,164.9804451130966233,160.3638770948407262,2.5422983376092532,2.1443822513621432,4.6866805889713964,2.5422983376092532,29326872981588260000,28859110339071964000,467762642516296000,true,true,47813878959.2709734303013676,47050586765.199819996582548,763292194.0711534337188196,true,true,147715670212123200000,145350655773144040000,2365014438979160000,true,true,244153931119.617187767179132,240232048885.390498953357044,3921882234.226688813822088,true,true,297127898270546600000,292424941827409640000,4702956443136960000,true,true,499257147325.83101290916534,491754728797.193544416907136,7502418528.637468492258204,true,true
29,0x11b815efb8f581194ae79006d24e0d814b7697f6,25264961,-202341,1182699477302900666,4,S29_P4,-203190:-199170,0xc36442b4a4522e871399cd717abdd847ab11fe88:-203190:-199170,0xc36442b4a4522e871399cd717abdd847ab11fe88,-203190,-199170,15336325105087858,0.0129672206671316,4020,849,3171,849,3815006245046.7308457711442786,0.0000032256767829,164.9804451130966233,160.3638770948407262,2.0589428686369312,1.896611879134433,3.9555547477713642,2.0589428686369312,29326872981588260000,28946917290589452000,379955690998808000,true,true,47813878959.2709734303013676,47193868753.8470924555796856,620010205.423880974721682,true,true,147715670212123200000,145794671563497960000,1920998648625240000,true,true,244153931119.617187767179132,240969037258.606898426673524,3184893861.010289340505608,true,true,297127898270546600000,293307822527186640000,3820075743359960000,true,true,499257147325.83101290916534,493163670035.226326135498672,6093477290.604686773666668,true,true
29,0x11b815efb8f581194ae79006d24e0d814b7697f6,25264961,-202341,1182699477302900666,5,S29_P5,-203070:-201050,0xc36442b4a4522e871399cd717abdd847ab11fe88:-203070:-201050,0xc36442b4a4522e871399cd717abdd847ab11fe88,-203070,-201050,14491882956695774,0.0122532251301437,2020,729,1291,729,7174199483512.7594059405940594,0.0000060659530347,164.9804451130966233,160.3638770948407262,1.944200051915759,1.7910338969248875,3.7352339488406465,1.944200051915759,29326872981588260000,28967837951068292000,359035030519968000,true,true,47813878959.2709734303013676,47228007405.844657624033898,585871553.4263158062674696,true,true,147715670212123200000,145900459518626400000,1815210693496800000,true,true,244153931119.617187767179132,241144579353.30776335778752,3009351766.309424409391612,true,true,297127898270546600000,293518175804105480000,3609722466441120000,true,true,499257147325.83101290916534,493499325066.030682305588788,5757822259.800330603576552,true,true
29,0x11b815efb8f581194ae79006d24e0d814b7697f6,25264961,-202341,1182699477302900666,6,S29_P6,-205670:-192890,0xc36442b4a4522e871399cd717abdd847ab11fe88:-205670:-192890,0xc36442b4a4522e871399cd717abdd847ab11fe88,-205670,-192890,13398742248352511,0.011328949158672,12780,3329,9451,3329,1048414886412.5595461658841941,0.0000008864592456,164.9804451130966233,160.3638770948407262,1.79590459289725,1.6545625402591274,3.4504671331563774,1.79590459289725,29326872981588260000,28994920606474480000,331952375113780000,true,true,47813878959.2709734303013676,47272200386.44911579152966,541678572.8218576387717076,true,true,147715670212123200000,146037400545977360000,1678269666145840000,true,true,244153931119.617187767179132,241371789775.992988289386572,2782141343.62419947779256,true,true,297127898270546600000,293790478130621960000,3337420139924640000,true,true,499257147325.83101290916534,493933810238.959263706947744,5323337086.871749202217596,true,true
29,0x11b815efb8f581194ae79006d24e0d814b7697f6,25264961,-202341,1182699477302900666,7,S29_P7,-205670:-196950,0xc36442b4a4522e871399cd717abdd847ab11fe88:-205670:-196950,0xc36442b4a4522e871399cd717abdd847ab11fe88,-205670,-196950,10887379047933520,0.0092055329835452,8720,3329,5391,3329,1248552643111.6422018348623853,0.000001055680388,164.9804451130966233,160.3638770948407262,1.4562371136822877,1.3418900832002356,2.7981271968825233,1.4562371136822877,29326872981588260000,29057139560736296000,269733420851964000,true,true,47813878959.2709734303013676,47373728680.497596137166382,440150278.7733772931349856,true,true,147715670212123200000,146351995893149880000,1363674318973320000,true,true,244153931119.617187767179132,241893647252.432393539358696,2260283867.184794227820436,true,true,297127898270546600000,294416050802574120000,2711847467972480000,true,true,499257147325.83101290916534,494931885702.656091688805932,4325261623.174921220359408,true,true
29,0x11b815efb8f581194ae79006d24e0d814b7697f6,25264961,-202341,1182699477302900666,8,S29_P8,-203210:-197150,0xc36442b4a4522e871399cd717abdd847ab11fe88:-203210:-197150,0xc36442b4a4522e871399cd717abdd847ab11fe88,-203210,-197150,10724049893069410,0.009067434372699,6060,869,5191,869,1769645196876.1402640264026403,0.0000014962762991,164.9804451130966233,160.3638770948407262,1.4341957304079462,1.3215962282504212,2.7557919586583674,1.4341957304079462,29326872981588260000,29061186800814856000,265686180773404000,true,true,47813878959.2709734303013676,47380331747.5572078041347192,433547211.7137656261666484,true,true,147715670212123200000,146372455454233560000,1343214757889640000,true,true,244153931119.617187767179132,241927580513.060286248531796,2226350606.556901518647336,true,true,297127898270546600000,294456735107454320000,2671163163092280000,true,true,499257147325.83101290916534,494996791613.281203604927272,4260355712.549809304238068,true,true
29,0x11b815efb8f581194ae79006d24e0d814b7697f6,25264961,-202341,1182699477302900666,9,S29_P9,-203410:-202000,0xc36442b4a4522e871399cd717abdd847ab11fe88:-203410:-202000,0xc36442b4a4522e871399cd717abdd847ab11fe88,-203410,-202000,8577049315546247,0.0072520952956755,1410,1069,341,341,6083013698968.9695035460992908,0.0000051433299969,164.9804451130966233,160.3638770948407262,1.145013867106794,0.9541276614915566,2.0991415285983506,1.145013867106794,29326872981588260000,29114377801525320000,212495180062940000,true,true,47813878959.2709734303013676,47467129644.267451171571516,346749315.0035222587298516,true,true,147715670212123200000,146641394535814200000,1074275676309000000,true,true,244153931119.617187767179132,242373568671.282385899077616,1780362448.334801868101516,true,true,297127898270546600000,294991533969465720000,2136364301080880000,true,true,499257147325.83101290916534,495849938853.511572540542892,3407208472.319440368622448,true,true
29,0x11b815efb8f581194ae79006d24e0d814b7697f6,25264961,-202341,1182699477302900666,10,S29_P10,-203120:-201100,0xc36442b4a4522e871399cd717abdd847ab11fe88:-203120:-201100,0xc36442b4a4522e871399cd717abdd847ab11fe88,-203120,-201100,6032746759799173,0.0051008281271559,2020,779,1241,779,2986508296930.2836633663366337,0.0000025251624392,164.9804451130966233,160.3638770948407262,0.8036542412379262,0.7408278668453662,1.5444821080832924,0.8036542412379262,29326872981588260000,29177412650883228000,149460330705032000,true,true,47813878959.2709734303013676,47569989530.060639452750028,243889429.2103339775513396,true,true,147715670212123200000,146960086735858280000,755583476264920000,true,true,244153931119.617187767179132,242901915131.700016898224528,1252015987.917170868954604,true,true,297127898270546600000,295625283820667560000,1502614449879040000,true,true,499257147325.83101290916534,496860826346.260483991326192,2396320979.570528917839148,true,true
29,0x11b815efb8f581194ae79006d24e0d814b7697f6,25264961,-202341,1182699477302900666,11,S29_P11,-203190:-197130,0xc36442b4a4522e871399cd717abdd847ab11fe88:-203190:-197130,0xc36442b4a4522e871399cd717abdd847ab11fe88,-203190,-197130,5247607549681962,0.004436974607995,6060,849,5211,849,865941839881.5118811881188119,0.0000007321740277,164.9804451130966233,160.3638770948407262,0.6986061171467212,0.6440309238280953,1.3426370409748165,0.6986061171467212,29326872981588260000,29196864760688396000,130008220899864000,true,true,47813878959.2709734303013676,47601730962.3923935928199744,212147996.8785798374813932,true,true,147715670212123200000,147058427908619080000,657242303504120000,true,true,244153931119.617187767179132,243064918878.574443554524308,1089012241.042744212654824,true,true,297127898270546600000,295820847945042560000,1307050325504040000,true,true,499257147325.83101290916534,497172744198.00783215345014,2084403127.8231807557152,true,true
29,0x11b815efb8f581194ae79006d24e0d814b7697f6,25264961,-202341,1182699477302900666,12,S29_P12,-203050:-201420,0xc36442b4a4522e871399cd717abdd847ab11fe88:-203050:-201420,0xc36442b4a4522e871399cd717abdd847ab11fe88,-203050,-201420,3321959140789274,0.0028087939536127,1630,709,921,709,2038011742815.505521472392638,0.0000017231864746,164.9804451130966233,160.3638770948407262,0.4415417571063332,0.4071087364926395,0.8486504935989727,0.4415417571063332,29326872981588260000,29244571807498180000,82301174090080000,true,true,47813878959.2709734303013676,47679580017.6100469440392548,134298941.6609264862621128,true,true,147715670212123200000,147299615318384080000,416054893739120000,true,true,244153931119.617187767179132,243464630243.21350910242222,689300876.403678664756912,true,true,297127898270546600000,296300486732752520000,827411537794080000,true,true,499257147325.83101290916534,497937701770.684797059032312,1319445555.146215850133028,true,true
29,0x11b815efb8f581194ae79006d24e0d814b7697f6,25264961,-202341,1182699477302900666,13,S29_P13,-205050:-192620,0xc36442b4a4522e871399cd717abdd847ab11fe88:-205050:-192620,0xc36442b4a4522e871399cd717abdd847ab11fe88,-205050,-192620,3162737997976704,0.0026741687627944,12430,2709,9721,2709,254443925822.7436846339501207,0.0000002151382754,164.9804451130966233,160.3638770948407262,0.4203232631079302,0.3875496528810304,0.8078729159889606,0.4203232631079302,29326872981588260000,29248516596051804000,78356385536456000,true,true,47813878959.2709734303013676,47686017189.1933213008463868,127861770.0776521294549808,true,true,147715670212123200000,147319557245703880000,396112966419320000,true,true,244153931119.617187767179132,243497675695.100277990793852,656255424.51690977638528,true,true,297127898270546600000,296340144939009000000,787753331537600000,true,true,499257147325.83101290916534,498000948303.182785043193188,1256199022.648227865972152,true,true
29,0x11b815efb8f581194ae79006d24e0d814b7697f6,25264961,-202341,1182699477302900666,14,S29_P14,-887270:887270,0xc36442b4a4522e871399cd717abdd847ab11fe88:-887270:887270,0xc36442b4a4522e871399cd717abdd847ab11fe88,-887270,887270,2878304022858438,0.0024336732010927,1774540,684929,1089611,684929,1622000080.5044901777362021,0.0000000013714389,164.9804451130966233,160.3638770948407262,0.3824322750269437,0.3526208179388478,0.7350530929657915,0.3824322750269437,29326872981588260000,29255563193305260000,71309788283000000,true,true,47813878959.2709734303013676,47697515962.4588723116338444,116362996.8121011186675232,true,true,147715670212123200000,147355181865987920000,360488346135280000,true,true,244153931119.617187767179132,243556705965.28235083314234,597225154.334836934036792,true,true,297127898270546600000,296410990774560640000,716907495985960000,true,true,499257147325.83101290916534,498113930751.056740357379472,1143216574.774272551785868,true,true
29,0x11b815efb8f581194ae79006d24e0d814b7697f6,25264961,-202341,1182699477302900666,15,S29_P15,-207760:-187780,0xc36442b4a4522e871399cd717abdd847ab11fe88:-207760:-187780,0xc36442b4a4522e871399cd717abdd847ab11fe88,-207760,-187780,2541148169333019,0.0021486000612159,19980,5419,14561,5419,127184593059.7106606606606607,0.0000001075375406,164.9804451130966233,160.3638770948407262,0.337541057437563,0.3112369998844473,0.6487780573220103,0.337541057437563,29326872981588260000,29263916211636640000,62956769951620000,true,true,47813878959.2709734303013676,47711146430.8205832091675652,102732528.4503902211338024,true,true,147715670212123200000,147397409257873920000,318260954249280000,true,true,244153931119.617187767179132,243626675261.650057526386168,527255857.967130240792964,true,true,297127898270546600000,296494968008892280000,632930261654320000,true,true,499257147325.83101290916534,498247853163.161398015248204,1009294162.669614893917136,true,true
29,0x11b815efb8f581194ae79006d24e0d814b7697f6,25264961,-202341,1182699477302900666,16,S29_P16,-203890:-195210,0xc36442b4a4522e871399cd717abdd847ab11fe88:-203890:-195210,0xc36442b4a4522e871399cd717abdd847ab11fe88,-203890,-195210,2247829515493049,0.0019005922963787,8680,1549,7131,1549,258966534042.9779953917050691,0.0000002189622461,164.9804451130966233,160.3638770948407262,0.2985069873808665,0.2752509890302727,0.5737579764111392,0.2985069873808665,29326872981588260000,29271183356647876000,55689624940384000,true,true,47813878959.2709734303013676,47723004643.5598518354156356,90874315.711121594885732,true,true,147715670212123200000,147434146162963560000,281524049159640000,true,true,244153931119.617187767179132,243687544471.448876626013384,466386648.168311141165748,true,true,297127898270546600000,296568026381121720000,559871889424880000,true,true,499257147325.83101290916534,498364360815.758569917595488,892786510.072442991569852,true,true
29,0x11b815efb8f581194ae79006d24e0d814b7697f6,25264961,-202341,1182699477302900666,17,S29_P17,-209960:-196090,0xc36442b4a4522e871399cd717abdd847ab11fe88:-209960:-196090,0xc36442b4a4522e871399cd717abdd847ab11fe88,-209960,-196090,1753479987759865,0.0014826082376891,13870,7619,6251,6251,126422493710.1560922855082913,0.0000001068931678,164.9804451130966233,160.3638770948407262,0.2327631417215112,0.2146372448977309,0.4474003866192421,0.2327631417215112,29326872981588260000,29283430983446860000,43441998141400000,true,true,47813878959.2709734303013676,47742989981.9552800460018432,70888977.3156933842995244,true,true,147715670212123200000,147496060815390800000,219609396732400000,true,true,244153931119.617187767179132,243790125824.43924057163046,363805295.177947195548672,true,true,297127898270546600000,296691156084713560000,436742185833040000,true,true,499257147325.83101290916534,498560714610.409674960761,696432715.42133794840434,true,true
29,0x11b815efb8f581194ae79006d24e0d814b7697f6,25264961,-202341,1182699477302900666,18,S29_P18,-204090:-200620,0xc36442b4a4522e871399cd717abdd847ab11fe88:-204090:-200620,0xc36442b4a4522e871399cd717abdd847ab11fe88,-204090,-200620,1451743663457843,0.0012274831360951,3470,1749,1721,1721,418369931832.2314121037463977,0.0000003537415378,164.9804451130966233,160.3638770948407262,0.1926614824292477,0.1776625387708818,0.3703240212001295,0.1926614824292477,29326872981588260000,29290905907907768000,35967073680492000,true,true,47813878959.2709734303013676,47755188297.181543977956026,58690662.0894294523453416,true,true,147715670212123200000,147533851436030160000,181818776093040000,true,true,244153931119.617187767179132,243852734917.735698254632044,301196201.881489512547088,true,true,297127898270546600000,296766310547673400000,361587722873200000,true,true,499257147325.83101290916534,498680560430.272248502016184,576586895.558764407149156,true,true
29,0x11b815efb8f581194ae79006d24e0d814b7697f6,25264961,-202341,1182699477302900666,19,S29_P19,-203850:-200920,0xc36442b4a4522e871399cd717abdd847ab11fe88:-203850:-200920,0xc36442b4a4522e871399cd717abdd847ab11fe88,-203850,-200920,1356937110152845,0.001147321983474,2930,1509,1421,1421,463118467628.9573378839590444,0.0000003915774688,164.9804451130966233,160.3638770948407262,0.180065540831877,0.1660483949183487,0.3461139357502257,0.180065540831877,29326872981588260000,29293255095311528000,33617886276732000,true,true,47813878959.2709734303013676,47759021171.2967100352844828,54857787.9742633950168848,true,true,147715670212123200000,147545725267244160000,169944944879040000,true,true,244153931119.617187767179132,243872406509.95913686231876,281524609.658050904860372,true,true,297127898270546600000,296789924268578280000,337974001968320000,true,true,499257147325.83101290916534,498718216111.065109522521056,538931214.765903386644284,true,true
29,0x11b815efb8f581194ae79006d24e0d814b7697f6,25264961,-202341,1182699477302900666,20,S29_P20,-203870:-199360,0xc36442b4a4522e871399cd717abdd847ab11fe88:-203870:-199360,0xc36442b4a4522e871399cd717abdd847ab11fe88,-203870,-199360,1050061810129409,0.0008878517580172,4510,1529,2981,1529,232829669651.7536585365853659,0.0000001968629175,164.9804451130966233,160.3638770948407262,0.1393078250265085,0.1284664843149298,0.2677743093414383,0.1393078250265085,29326872981588260000,29300857896834032000,26015084754228000,true,true,47813878959.2709734303013676,47771427309.8082175866370416,42451649.462755843664326,true,true,147715670212123200000,147584159133156360000,131511078966840000,true,true,244153931119.617187767179132,243936078535.87998982387692,217852583.737197943302212,true,true,297127898270546600000,296866358398785680000,261539871760920000,true,true,499257147325.83101290916534,498840100405.93956392311516,417046919.89144898605018,true,true
30,0x11b815efb8f581194ae79006d24e0d814b7697f6,25254961,-202579,176213477764143581,1,S30_P1,-205820:-199350,0xc36442b4a4522e871399cd717abdd847ab11fe88:-205820:-199350,0xc36442b4a4522e871399cd717abdd847ab11fe88,-205820,-199350,39201576671934991,0.2224663922949476,6470,3241,3229,3229,6058976301690.1068006182380216,0.0000343842955634,1837.3316616664823515,620.6012430643825349,1126.9889454884187805,68.9922276613463549,1195.9811731497651354,1126.9889454884187805,4420680759466416800,3438078506153708800,982602253312708000,true,true,7039497127.3384101459479532,5473445598.0713859172745526,1566051529.2670242286734006,true,true,22280186378841388000,17332750165749424000,4947436213091964000,true,true,39805572034.445092049297829,31723104174.6081855066419343,8082467859.8369065426558947,true,true,44684807388691920000,34824631548295332000,9860175840396588000,true,true,83383521045.6274512316462475,67960238179.1798604660982514,15423282866.4475907655479961,true,true
30,0x11b815efb8f581194ae79006d24e0d814b7697f6,25254961,-202579,176213477764143581,2,S30_P2,-205010:-190760,0xc36442b4a4522e871399cd717abdd847ab11fe88:-205010:-190760,0xc36442b4a4522e871399cd717abdd847ab11fe88,-205010,-190760,30283666877182300,0.1718578355153746,14250,2431,11819,2431,2125169605416.3017543859649123,0.0000120601989835,1837.3316616664823515,620.6012430643825349,605.709476309385069,52.1095335474197113,657.8190098568047803,605.709476309385069,4420680759466416800,3661624266255132000,759056493211284800,true,true,7039497127.3384101459479532,5829704388.0891574906984707,1209792739.2492526552494825,true,true,22280186378841388000,18459822110520672000,3820364268320716000,true,true,39805572034.445092049297829,33574360725.9871510631302515,6231211308.4579409861675775,true,true,44684807388691920000,37069193339029288000,7615614049662632000,true,true,83383521045.6274512316462475,71461150787.7156192320006224,11922370257.9118319996456251,true,true
30,0x11b815efb8f581194ae79006d24e0d814b7697f6,25254961,-202579,176213477764143581,3,S30_P3,-205670:-192890,0xc36442b4a4522e871399cd717abdd847ab11fe88:-205670:-192890,0xc36442b4a4522e871399cd717abdd847ab11fe88,-205670,-192890,13398742248352511,0.0760369888748596,12780,3091,9689,3091,1048414886412.5595461658841941,0.0000059496861404,1837.3316616664823515,620.6012430643825349,275.4151830789703848,22.1173660075609471,297.5325490865313319,275.4151830789703848,4420680759466416800,4084854546775351600,335826212691065200,true,true,7039497127.3384101459479532,6504234962.6582597911097814,535262164.6801503548381718,true,true,22280186378841388000,20591122315512772000,1689064063328616000,true,true,39805572034.445092049297829,37059105053.8920041342169074,2746466980.5530879150809216,true,true,44684807388691920000,41316711358685584000,3368096030006336000,true,true,83383521045.6274512316462475,78051242822.7065090682855874,5332278222.9209421633606601,true,true
30,0x11b815efb8f581194ae79006d24e0d814b7697f6,25254961,-202579,176213477764143581,4,S30_P4,-205670:-196950,0xc36442b4a4522e871399cd717abdd847ab11fe88:-205670:-196950,0xc36442b4a4522e871399cd717abdd847ab11fe88,-205670,-196950,10887379047933520,0.0617851664133543,8720,3091,5629,3091,1248552643111.6422018348623853,0.0000070854548639,1837.3316616664823515,620.6012430643825349,212.0940480643201425,17.8634242713957214,229.9574723357158639,212.0940480643201425,4420680759466416800,4147800699441544400,272880060024872400,true,true,7039497127.3384101459479532,6604560625.9212005810295681,434936501.4172095649183851,true,true,22280186378841388000,20907840817472796000,1372345561368592000,true,true,39805572034.445092049297829,37575143280.729276714464951,2230428753.715815334832878,true,true,44684807388691920000,41948152828594824000,2736654560097096000,true,true,83383521045.6274512316462475,79027144894.477659268023886,4356376151.1497919636223615,true,true
30,0x11b815efb8f581194ae79006d24e0d814b7697f6,25254961,-202579,176213477764143581,5,S30_P5,-887270:887270,0xc36442b4a4522e871399cd717abdd847ab11fe88:-887270:887270,0xc36442b4a4522e871399cd717abdd847ab11fe88,-887270,887270,2878304022858438,0.0163341877101533,1774540,684691,1089849,684691,1622000080.5044901777362021,0.0000000092047447,1837.3316616664823515,620.6012430643825349,179.165248644697323,4.6333763848771593,183.7986250295744823,179.165248644697323,4420680759466416800,4348541048598779200,72139710867637600,true,true,7039497127.3384101459479532,6924512659.8916535242088685,114984467.4467566217390847,true,true,22280186378841388000,21917484342077304000,362702036764084000,true,true,39805572034.445092049297829,39216971771.9034374396075033,588600262.5416546096903257,true,true,44684807388691920000,43961436629777140000,723370758914780000,true,true,83383521045.6274512316462475,82228083609.6821995266299498,1155437435.9452517050162977,true,true
30,0x11b815efb8f581194ae79006d24e0d814b7697f6,25254961,-202579,176213477764143581,6,S30_P6,-203190:-199170,0xc36442b4a4522e871399cd717abdd847ab11fe88:-203190:-199170,0xc36442b4a4522e871399cd717abdd847ab11fe88,-203190,-199170,15336325105087858,0.0870326452872979,4020,611,3409,611,3815006245046.7308457711442786,0.000021649911763,1837.3316616664823515,620.6012430643825349,66.4912797248961448,25.4348620932331504,91.9261418181292952,66.4912797248961448,4420680759466416800,4036289075056328400,384391684410088400,true,true,7039497127.3384101459479532,6426831070.9408864983994944,612666056.3975236475484588,true,true,22280186378841388000,20346720333146732000,1933466045694656000,true,true,39805572034.445092049297829,36660569370.4356044483811046,3145002664.0094876009167244,true,true,44684807388691920000,40829486951452848000,3855320437239072000,true,true,83383521045.6274512316462475,77297555896.9888608202210395,6085965148.638590411425208,true,true
30,0x11b815efb8f581194ae79006d24e0d814b7697f6,25254961,-202579,176213477764143581,7,S30_P7,-203070:-201050,0xc36442b4a4522e871399cd717abdd847ab11fe88:-203070:-201050,0xc36442b4a4522e871399cd717abdd847ab11fe88,-203070,-201050,14491882956695774,0.0822404911393482,2020,491,1529,491,7174199483512.7594059405940594,0.0000407131144254,1837.3316616664823515,620.6012430643825349,51.3984554149331613,23.4519233478402588,74.8503787627734201,51.3984554149331613,4420680759466416800,4057455172261785600,363225587204631200,true,true,7039497127.3384101459479532,6460565426.2941462963092577,578931701.0442638496386955,true,true,22280186378841388000,20453241298971068000,1826945079870320000,true,true,39805572034.445092049297829,36834303162.6511337004325224,2971268871.7939583488653066,true,true,44684807388691920000,41041835918746988000,3642971469944932000,true,true,83383521045.6274512316462475,77626110354.0683090968605384,5757410691.5591421347857091,true,true
30,0x11b815efb8f581194ae79006d24e0d814b7697f6,25254961,-202579,176213477764143581,8,S30_P8,-203210:-197150,0xc36442b4a4522e871399cd717abdd847ab11fe88:-203210:-197150,0xc36442b4a4522e871399cd717abdd847ab11fe88,-203210,-197150,10724049893069410,0.0608582841059594,6060,631,5429,631,1769645196876.1402640264026403,0.0000100426211396,1837.3316616664823515,620.6012430643825349,47.1756155243279945,17.5885417528267795,64.764157277154774,47.1756155243279945,4420680759466416800,4151893754935618000,268787004530798800,true,true,7039497127.3384101459479532,6611085411.2604965654873571,428411716.0779135804605961,true,true,22280186378841388000,20928436608747268000,1351749770094120000,true,true,39805572034.445092049297829,37608684444.4381562466569193,2196887590.0069358026409097,true,true,44684807388691920000,41989216638442592000,2695590750249328000,true,true,83383521045.6274512316462475,79090575741.2483688139355426,4292945304.3790824177107049,true,true
30,0x11b815efb8f581194ae79006d24e0d814b7697f6,25254961,-202579,176213477764143581,9,S30_P9,-207760:-187780,0xc36442b4a4522e871399cd717abdd847ab11fe88:-207760:-187780,0xc36442b4a4522e871399cd717abdd847ab11fe88,-207760,-187780,2541148169333019,0.014420850218587,19980,5181,14799,5181,127184593059.7106606606606607,0.0000007217642752,1837.3316616664823515,620.6012430643825349,57.2149450538973785,4.0873839058478797,61.3023289597452582,57.2149450538973785,4420680759466416800,4356990681104705200,63690078361711600,true,true,7039497127.3384101459479532,6937981593.6650740617969942,101515533.673336084150959,true,true,22280186378841388000,21959973950505560000,320212428335828000,true,true,39805572034.445092049297829,39285958192.0753242110299264,519613842.3697678382679026,true,true,44684807388691920000,44046174411965652000,638632976726268000,true,true,83383521045.6274512316462475,82363535483.1044065150026494,1019985562.5230447166435981,true,true
30,0x11b815efb8f581194ae79006d24e0d814b7697f6,25254961,-202579,176213477764143581,10,S30_P10,-209960:-196090,0xc36442b4a4522e871399cd717abdd847ab11fe88:-209960:-196090,0xc36442b4a4522e871399cd717abdd847ab11fe88,-209960,-196090,1753479987759865,0.0099508846315765,13870,7381,6489,6489,126422493710.1560922855082913,0.0000007174394111,1837.3316616664823515,620.6012430643825349,46.827832519862174,2.8152067330331418,49.6430392528953158,46.827832519862174,4420680759466416800,4376732322833202400,43948436633214400,true,true,7039497127.3384101459479532,6969447903.5699136995307966,70049223.7684964464171566,true,true,22280186378841388000,22059234625563220000,220951753278168000,true,true,39805572034.445092049297829,39447083498.3584924176051402,358488536.0865996316926888,true,true,44684807388691920000,44244135449244768000,440671939447152000,true,true,83383521045.6274512316462475,82679859932.922729964413347,703661112.7047212672329005,true,true
30,0x11b815efb8f581194ae79006d24e0d814b7697f6,25254961,-202579,176213477764143581,11,S30_P11,-205050:-192620,0xc36442b4a4522e871399cd717abdd847ab11fe88:-205050:-192620,0xc36442b4a4522e871399cd717abdd847ab11fe88,-205050,-192620,3162737997976704,0.0179483319783855,12430,2471,9959,2471,254443925822.7436846339501207,0.0000014439526934,1837.3316616664823515,620.6012430643825349,43.943227517773664,5.0946669566951702,49.0378944744688342,43.943227517773664,4420680759466416800,4341411076734710800,79269682731706000,true,true,7039497127.3384101459479532,6913149895.953600191042025,126347231.3848099549059282,true,true,22280186378841388000,21881637923856172000,398548454985216000,true,true,39805572034.445092049297829,39158765126.1387474528461971,646806908.3063445964516319,true,true,44684807388691920000,43889948486232544000,794858902459376000,true,true,83383521045.6274512316462475,82113787457.0201967243102512,1269733588.6072545073359963,true,true
30,0x11b815efb8f581194ae79006d24e0d814b7697f6,25254961,-202579,176213477764143581,12,S30_P12,-216920:-189180,0xc36442b4a4522e871399cd717abdd847ab11fe88:-216920:-189180,0xc36442b4a4522e871399cd717abdd847ab11fe88,-216920,-189180,1024210077534050,0.0058123254278252,27740,14341,13399,13399,36921776407.1395097332372026,0.0000002095286744,1837.3316616664823515,620.6012430643825349,39.074094834506846,1.6415483697869096,40.7156432042937556,39.074094834506846,4420680759466416800,4395010934491314800,25669824975102000,true,true,7039497127.3384101459479532,6998581279.1920066345807386,40915848.1464035113672146,true,true,22280186378841388000,22151131506354624000,129054872486764000,true,true,39805572034.445092049297829,39596212796.2599183275280589,209359238.1851737217697701,true,true,44684807388691920000,44427414070052580000,257393318639340000,true,true,83383521045.6274512316462475,82972594258.1688401163734078,410926787.4586111152728397,true,true
30,0x11b815efb8f581194ae79006d24e0d814b7697f6,25254961,-202579,176213477764143581,13,S30_P13,-203120:-201100,0xc36442b4a4522e871399cd717abdd847ab11fe88:-203120:-201100,0xc36442b4a4522e871399cd717abdd847ab11fe88,-203120,-201100,6032746759799173,0.0342354446228785,2020,541,1479,541,2986508296930.2836633663366337,0.0000169482399123,1837.3316616664823515,620.6012430643825349,22.782912192257588,9.5434882587375888,32.3264004509951768,22.782912192257588,4420680759466416800,4269478089378708000,151202670087708800,true,true,7039497127.3384101459479532,6798496813.296476343755262,241000314.0419338021926912,true,true,22280186378841388000,21519900158113344000,760286220728044000,true,true,39805572034.445092049297829,38571028810.3477942542553669,1234543224.0972977950424621,true,true,44684807388691920000,43168569822404516000,1516237566287404000,true,true,83383521045.6274512316462475,80959035387.6651263661756011,2424485657.9623248654706464,true,true
30,0x11b815efb8f581194ae79006d24e0d814b7697f6,25254961,-202579,176213477764143581,14,S30_P14,-203190:-197130,0xc36442b4a4522e871399cd717abdd847ab11fe88:-203190:-197130,0xc36442b4a4522e871399cd717abdd847ab11fe88,-203190,-197130,5247607549681962,0.0297798307840319,6060,611,5449,611,865941839881.5118811881188119,0.0000049141634957,1837.3316616664823515,620.6012430643825349,22.0267963156854008,8.4948800190500827,30.5216763347354835,22.0267963156854008,4420680759466416800,4289156763805767200,131523995660649600,true,true,7039497127.3384101459479532,6829862094.1110257407320546,209635033.2273844052158986,true,true,22280186378841388000,21618867118224292000,661319260617096000,true,true,39805572034.445092049297829,38731889318.6734237112720935,1073682715.7716683380257355,true,true,44684807388691920000,43365923645800700000,1318883742891220000,true,true,83383521045.6274512316462475,81275226597.5997102112521737,2108294448.0277410203940738,true,true
30,0x11b815efb8f581194ae79006d24e0d814b7697f6,25254961,-202579,176213477764143581,15,S30_P15,-203890:-195210,0xc36442b4a4522e871399cd717abdd847ab11fe88:-203890:-195210,0xc36442b4a4522e871399cd717abdd847ab11fe88,-203890,-195210,2247829515493049,0.0127562859777485,8680,1311,7369,1311,258966534042.9779953917050691,0.0000014696182002,1837.3316616664823515,620.6012430643825349,18.2553377409025303,3.6130876922398982,21.8684254331424285,18.2553377409025303,4420680759466416800,4364342549227657600,56338210238759200,true,true,7039497127.3384101459479532,6949699288.8548548491277449,89797838.4835552968202083,true,true,22280186378841388000,21996938073310172000,283248305531216000,true,true,39805572034.445092049297829,39345966068.8493443632982629,459605965.5957476859995661,true,true,44684807388691920000,44119893543302488000,564913845389432000,true,true,83383521045.6274512316462475,82481350160.1454120886928608,902170885.4820391429533867,true,true
30,0x11b815efb8f581194ae79006d24e0d814b7697f6,25254961,-202579,176213477764143581,16,S30_P16,-203050:-201420,0xc36442b4a4522e871399cd717abdd847ab11fe88:-203050:-201420,0xc36442b4a4522e871399cd717abdd847ab11fe88,-203050,-201420,3321959140789274,0.0188519015851649,1630,471,1159,471,2038011742815.505521472392638,0.0000115655837946,1837.3316616664823515,620.6012430643825349,11.0194061999771498,4.9925360812905819,16.0119422812677317,11.0194061999771498,4420680759466416800,4337420341439647200,83260418026769600,true,true,7039497127.3384101459479532,6906789220.3034480763736191,132707907.0349620695743341,true,true,22280186378841388000,21861571685336168000,418614693505220000,true,true,39805572034.445092049297829,39126178642.647122366491038,679393391.797969682806791,true,true,44684807388691920000,43849930411394008000,834876977297912000,true,true,83383521045.6274512316462475,82049795923.6286895238134941,1333725121.9987617078327534,true,true
30,0x11b815efb8f581194ae79006d24e0d814b7697f6,25254961,-202579,176213477764143581,17,S30_P17,-204090:-200620,0xc36442b4a4522e871399cd717abdd847ab11fe88:-204090:-200620,0xc36442b4a4522e871399cd717abdd847ab11fe88,-204090,-200620,1451743663457843,0.008238550659564,3470,1511,1959,1511,418369931832.2314121037463977,0.0000023742220921,1837.3316616664823515,620.6012430643825349,13.2226246111019665,2.3291157803380341,15.5517403914400006,13.2226246111019665,4420680759466416800,4384294843976337600,36385915490079200,true,true,7039497127.3384101459479532,6981501873.6452656102745379,57995253.6931445356734153,true,true,22280186378841388000,22097257709300348000,182928669541040000,true,true,39805572034.445092049297829,39508791984.8930859527113827,296780049.5520060965864463,true,true,44684807388691920000,44319967860322108000,364839528369812000,true,true,83383521045.6274512316462475,82800994471.6456371718383611,582526573.9818140598078864,true,true
30,0x11b815efb8f581194ae79006d24e0d814b7697f6,25254961,-202579,176213477764143581,18,S30_P18,-203870:-199360,0xc36442b4a4522e871399cd717abdd847ab11fe88:-203870:-199360,0xc36442b4a4522e871399cd717abdd847ab11fe88,-203870,-199360,1050061810129409,0.0059590323251828,4510,1291,3219,1291,232829669651.7536585365853659,0.0000013212931985,1837.3316616664823515,620.6012430643825349,8.3433623503895423,1.6830843850869551,10.0264467354764974,8.3433623503895423,4420680759466416800,4394363248628724400,26317510837692400,true,true,7039497127.3384101459479532,6997548536.4091278831108918,41948590.9292822628370614,true,true,22280186378841388000,22147873981182816000,132312397658572000,true,true,39805572034.445092049297829,39590927037.8908169145225198,214644996.5542751347753092,true,true,44684807388691920000,44420917203819532000,263890184872388000,true,true,83383521045.6274512316462475,82962219326.6685371354207552,421301718.9589140962254923,true,true
30,0x11b815efb8f581194ae79006d24e0d814b7697f6,25254961,-202579,176213477764143581,19,S30_P19,-203880:-198490,0xc36442b4a4522e871399cd717abdd847ab11fe88:-203880:-198490,0xc36442b4a4522e871399cd717abdd847ab11fe88,-203880,-198490,939557443432425,0.0053319272473017,5390,1301,4089,1301,174314924570.023191094619666,0.0000009892258344,1837.3316616664823515,620.6012430643825349,7.508535884654979,1.5055722537823997,9.0141081384373787,7.508535884654979,4420680759466416800,4397133329615502800,23547429850914000,true,true,7039497127.3384101459479532,7001963040.8027545316333352,37534086.535655614314618,true,true,22280186378841388000,22161798654430540000,118387724410848000,true,true,39805572034.445092049297829,39613520102.0063077928132376,192051932.4387842564845914,true,true,44684807388691920000,44448688518265200000,236118870426720000,true,true,83383521045.6274512316462475,83006566476.2821259930398322,376954569.3453252386064153,true,true
30,0x11b815efb8f581194ae79006d24e0d814b7697f6,25254961,-202579,176213477764143581,20,S30_P20,-203530:-201940,0xc36442b4a4522e871399cd717abdd847ab11fe88:-203530:-201940,0xc36442b4a4522e871399cd717abdd847ab11fe88,-203530,-201940,793280455520263,0.0045018148758294,1590,951,639,639,498918525484.4421383647798742,0.0000028313301106,1837.3316616664823515,620.6012430643825349,4.8337163315313433,0.9297700109412194,5.7634863424725627,4.8337163315313433,4420680759466416800,4400798468710004000,19882290756412800,true,true,7039497127.3384101459479532,7007806614.4568363303362275,31690512.8815738156117257,true,true,22280186378841388000,22180230483428996000,99955895412392000,true,true,39805572034.445092049297829,39643425658.4442534767322612,162146376.0008385725655678,true,true,44684807388691920000,44485449710226084000,199357678465836000,true,true,83383521045.6274512316462475,83065265656.9294505203598621,318255388.6980007112863854,true,true
