snapshot_index,pool_address,block_number,current_tick,active_liquidity,rank,position_label,range_key,position_key,owner,tick_lower,tick_upper,position_liquidity,active_liquidity_share,range_width,distance_to_lower_tick,distance_to_upper_tick,distance_to_nearest_edge,liquidity_density,normalized_liquidity_density,zero_for_one_base_auc_bps,one_for_zero_base_auc_bps,zero_for_one_lsis_bps,one_for_zero_lsis_bps,total_lsis_bps,max_directional_lsis_bps,zero_for_one_depth_10bps_base,zero_for_one_depth_10bps_counterfactual,zero_for_one_depth_10bps_delta,zero_for_one_depth_10bps_base_breached,zero_for_one_depth_10bps_counterfactual_breached,one_for_zero_depth_10bps_base,one_for_zero_depth_10bps_counterfactual,one_for_zero_depth_10bps_delta,one_for_zero_depth_10bps_base_breached,one_for_zero_depth_10bps_counterfactual_breached,zero_for_one_depth_50bps_base,zero_for_one_depth_50bps_counterfactual,zero_for_one_depth_50bps_delta,zero_for_one_depth_50bps_base_breached,zero_for_one_depth_50bps_counterfactual_breached,one_for_zero_depth_50bps_base,one_for_zero_depth_50bps_counterfactual,one_for_zero_depth_50bps_delta,one_for_zero_depth_50bps_base_breached,one_for_zero_depth_50bps_counterfactual_breached,zero_for_one_depth_100bps_base,zero_for_one_depth_100bps_counterfactual,zero_for_one_depth_100bps_delta,zero_for_one_depth_100bps_base_breached,zero_for_one_depth_100bps_counterfactual_breached,one_for_zero_depth_100bps_base,one_for_zero_depth_100bps_counterfactual,one_for_zero_depth_100bps_delta,one_for_zero_depth_100bps_base_breached,one_for_zero_depth_100bps_counterfactual_breached
1,0x88e6a0c2ddd26feeb64f039a2c41296fcb3f5640,25206728,200236,15583882034681299182,1,S1_P1,199380:200860,0xc36442b4a4522e871399cd717abdd847ab11fe88:199380:200860,0xc36442b4a4522e871399cd717abdd847ab11fe88,199380,200860,7598705807111945268,0.487600316160077,1480,856,624,624,5134260680481044.1,0.0003294596730811,36.257745709098351,35.3363037538556884,43.8962377830729498,34.3183839709444107,78.2146217540173605,43.8962377830729498,700687146621.057,359078934374.671,341608212246.386,true,true,347675101509333228951.0744225793044605,178367261925343062768.436656064597204,169307839583990166182.6377665147072565,true,true,3438260839766.3702,1760374391467.099,1677886448299.2712,true,true,1755623498059195517118.980771087920135,913810259686860554574.063858068218435,841813238372334962544.9169130197017,true,true,5000000000000,3115653518125.4279,1884346481874.5721,false,true,2481346926854361334549,1771349651224854681087.581579906621572,709997275629506653461.418420093378428,false,true
1,0x88e6a0c2ddd26feeb64f039a2c41296fcb3f5640,25206728,200236,15583882034681299182,2,S1_P2,200150:201940,0xc36442b4a4522e871399cd717abdd847ab11fe88:200150:201940,0xc36442b4a4522e871399cd717abdd847ab11fe88,200150,201940,2794337315720186614,0.1793094499497302,1790,86,1704,86,1561082299285020.4547486033519553,0.0001001728770669,36.257745709098351,35.3363037538556884,7.0037011834667242,7.7352964856675836,14.7389976691343078,7.7352964856675836,700687146621.057,575042238098.4212,125644908522.6358,true,true,347675101509333228951.0744225793044605,285606100841476622749.9178181279620025,62069000667856606201.156604451342458,true,true,3438260839766.3702,2888570374074.4046,549690465691.9656,true,true,1755623498059195517118.980771087920135,1444444514453108309868.714241364892034,311178983606087207250.266529723028101,true,true,5000000000000,5000000000000,0,false,false,2481346926854361334549,2481346926854361334549,0,false,false
1,0x88e6a0c2ddd26feeb64f039a2c41296fcb3f5640,25206728,200236,15583882034681299182,3,S1_P3,199310:200870,0xc36442b4a4522e871399cd717abdd847ab11fe88:199310:200870,0xc36442b4a4522e871399cd717abdd847ab11fe88,199310,200870,1352857039838262121,0.0868112988039523,1560,926,634,634,867216051178373.1544871794871795,0.0000556482684641,36.257745709098351,35.3363037538556884,3.7708102555094214,3.3580589602415194,7.1288692157509408,3.7708102555094214,700687146621.057,639861673752.9779,60825472868.0791,true,true,347675101509333228951.0744225793044605,317717036222457696329.124069050572746,29958065286875532621.9503535287317145,true,true,3438260839766.3702,3123236675872.2131,315024163894.1571,true,true,1755623498059195517118.980771087920135,1604657071242508730229.281292379023277,150966426816686786889.699478708896858,true,true,5000000000000,5000000000000,0,false,false,2481346926854361334549,2481346926854361334549,0,false,false
1,0x88e6a0c2ddd26feeb64f039a2c41296fcb3f5640,25206728,200236,15583882034681299182,4,S1_P4,199320:201380,0xc36442b4a4522e871399cd717abdd847ab11fe88:199320:201380,0xc36442b4a4522e871399cd717abdd847ab11fe88,199320,201380,894663659577029210,0.0574095503024209,2060,916,1144,916,434302747367489.9077669902912621,0.000027868713739,36.257745709098351,35.3363037538556884,2.4046177432389261,2.1504175574759334,4.5550353007148595,2.4046177432389261,700687146621.057,660463206301.8036,40223940319.2534,true,true,347675101509333228951.0744225793044605,327873803113237846762.292614465825529,19801298396095382188.7818081134789315,true,true,3438260839766.3702,3229333920245.6411,208926919520.7291,true,true,1755623498059195517118.980771087920135,1655720072037123774257.990468448642802,99903426022071742860.990302639277333,true,true,5000000000000,5000000000000,0,false,false,2481346926854361334549,2481346926854361334549,0,false,false
1,0x88e6a0c2ddd26feeb64f039a2c41296fcb3f5640,25206728,200236,15583882034681299182,5,S1_P5,195610:209470,0xc36442b4a4522e871399cd717abdd847ab11fe88:195610:209470,0xc36442b4a4522e871399cd717abdd847ab11fe88,195610,209470,352854813796027778,0.0226422924025454,13860,4626,9234,4626,25458500273883.6780663780663781,0.0000016336430305,36.257745709098351,35.3363037538556884,0.9099650251826739,0.8175400969073621,1.727505122090036,0.9099650251826739,700687146621.057,684823219441.3842,15863927179.6728,true,true,347675101509333228951.0744225793044605,339868481729885275256.953220110933139,7806619779447953694.1212024683713215,true,true,3438260839766.3702,3355624421439.9599,82636418326.4103,true,true,1755623498059195517118.980771087920135,1716191026921126431394.822270398814837,39432471138069085724.158500689105298,true,true,5000000000000,5000000000000,0,false,false,2481346926854361334549,2481346926854361334549,0,false,false
1,0x88e6a0c2ddd26feeb64f039a2c41296fcb3f5640,25206728,200236,15583882034681299182,6,S1_P6,194710:212350,0xc36442b4a4522e871399cd717abdd847ab11fe88:194710:212350,0xc36442b4a4522e871399cd717abdd847ab11fe88,194710,212350,172327479146938053,0.0110580584968129,17640,5526,12114,5526,9769131470914.8556122448979592,0.0000006268740644,36.257745709098351,35.3363037538556884,0.4384930988375406,0.3945307988783137,0.8330238977158543,0.4384930988375406,700687146621.057,692939570954.03225,7747575667.02475,true,true,347675101509333228951.0744225793044605,343862786763139571519.232378611885895,3812314746193657431.8420439674185655,true,true,3438260839766.3702,3397869135443.0513,40391704323.3189,true,true,1755623498059195517118.980771087920135,1736360656972461707260.394715096916618,19262841086733809858.586055991003517,true,true,5000000000000,5000000000000,0,false,false,2481346926854361334549,2481346926854361334549,0,false,false
1,0x88e6a0c2ddd26feeb64f039a2c41296fcb3f5640,25206728,200236,15583882034681299182,7,S1_P7,198430:201100,0xc36442b4a4522e871399cd717abdd847ab11fe88:198430:201100,0xc36442b4a4522e871399cd717abdd847ab11fe88,198430,201100,114728480099249526,0.007361996185798,2670,1806,864,864,42969468201966.1146067415730337,0.0000027573019422,36.257745709098351,35.3363037538556884,0.2906954133832631,0.2616711567159746,0.5523665700992377,0.2906954133832631,700687146621.057,695529144348.94815,5158002272.10885,true,true,347675101509333228951.0744225793044605,345137068375424005038.221646669133948,2538033133909223912.8527759101705125,true,true,3438260839766.3702,3411362929390.8149,26897910375.5553,true,true,1755623498059195517118.980771087920135,1742798091225832506076.247470732797409,12825406833363011042.733300355122726,true,true,5000000000000,5000000000000,0,false,false,2481346926854361334549,2481346926854361334549,0,false,false
1,0x88e6a0c2ddd26feeb64f039a2c41296fcb3f5640,25206728,200236,15583882034681299182,8,S1_P8,199640:200390,0xc36442b4a4522e871399cd717abdd847ab11fe88:199640:200390,0xc36442b4a4522e871399cd717abdd847ab11fe88,199640,200390,85140743026561405,0.0054633847225668,750,596,154,154,113520990702081.8733333333333333,0.0000072845129634,36.257745709098351,35.3363037538556884,0.2152590786197404,0.1938122470010119,0.4090713256207523,0.2152590786197404,700687146621.057,696859364790.06125,3827781830.99575,true,true,347675101509333228951.0744225793044605,345791627451888418017.1862966300282905,1883474057444810933.88812594927617,true,true,3438260839766.3702,3418297187886.4229,19963651879.9473,true,true,1755623498059195517118.980771087920135,1746105296439441439758.685818158130322,9518201619754077360.294952929789813,true,true,5000000000000,5000000000000,0,false,false,2481346926854361334549,2481346926854361334549,0,false,false
1,0x88e6a0c2ddd26feeb64f039a2c41296fcb3f5640,25206728,200236,15583882034681299182,9,S1_P9,195610:200290,0xc36442b4a4522e871399cd717abdd847ab11fe88:195610:200290,0xc36442b4a4522e871399cd717abdd847ab11fe88,195610,200290,82346613047210432,0.0052840885771563,4680,4626,54,54,17595430138292.8273504273504274,0.0000011290787558,36.257745709098351,35.3363037538556884,0.2081521211821445,0.1424358559674933,0.3505879771496378,0.2081521211821445,700687146621.057,696984984794.83,3702161826.227,true,true,347675101509333228951.0744225793044605,345853440392016487901.5809088456379565,1821661117316741049.493513733666504,true,true,3438260839766.3702,3418952120167.1246,19308719599.2456,true,true,1755623498059195517118.980771087920135,1749049910760227588631.13252201083568,6573587298967928487.848249077084455,true,true,5000000000000,5000000000000,0,false,false,2481346926854361334549,2481346926854361334549,0,false,false
1,0x88e6a0c2ddd26feeb64f039a2c41296fcb3f5640,25206728,200236,15583882034681299182,10,S1_P10,198490:200310,0xc36442b4a4522e871399cd717abdd847ab11fe88:198490:200310,0xc36442b4a4522e871399cd717abdd847ab11fe88,198490,200310,70981479422802273,0.004554800868284,1820,1746,74,74,39000812869671.5785714285714286,0.0000025026378397,36.257745709098351,35.3363037538556884,0.1792745315133433,0.1381021283117706,0.3173766598251139,0.1792745315133433,700687146621.057,697495942747.16385,3191203873.89315,true,true,347675101509333228951.0744225793044605,346104862600121408482.3027277507070425,1570238909211820468.771694828597418,true,true,3438260839766.3702,3421616222412.0458,16644617354.3244,true,true,1755623498059195517118.980771087920135,1749055155082505214532.958312893252615,6568342976690302586.02245819466752,true,true,5000000000000,5000000000000,0,false,false,2481346926854361334549,2481346926854361334549,0,false,false
1,0x88e6a0c2ddd26feeb64f039a2c41296fcb3f5640,25206728,200236,15583882034681299182,11,S1_P11,196950:206450,0xc36442b4a4522e871399cd717abdd847ab11fe88:196950:206450,0xc36442b4a4522e871399cd717abdd847ab11fe88,196950,206450,65989735192964238,0.0042344863138791,9500,3286,6214,3286,6946287915048.8671578947368421,0.0000004457354015,36.257745709098351,35.3363037538556884,0.1666062256346675,0.1500295514436397,0.3166357770783072,0.1666062256346675,700687146621.057,697720364059.90335,2966782561.15365,true,true,347675101509333228951.0744225793044605,346215291741910984264.641633255315898,1459809767422244686.4327893239885625,true,true,3438260839766.3702,3422786420418.2147,15474419348.1555,true,true,1755623498059195517118.980771087920135,1748246066445914627129.082954895049578,7377431613280889989.897816192870557,true,true,5000000000000,5000000000000,0,false,false,2481346926854361334549,2481346926854361334549,0,false,false
1,0x88e6a0c2ddd26feeb64f039a2c41296fcb3f5640,25206728,200236,15583882034681299182,12,S1_P12,199710:200680,0xc36442b4a4522e871399cd717abdd847ab11fe88:199710:200680,0xc36442b4a4522e871399cd717abdd847ab11fe88,199710,200680,61866451995614223,0.003969899916974,970,526,444,444,63779847418158.9927835051546392,0.0000040926803268,36.257745709098351,35.3363037538556884,0.1561489301313208,0.1406172933240958,0.2967662234554166,0.1561489301313208,700687146621.057,697905739591.576,2781407029.481,true,true,347675101509333228951.0744225793044605,346306507238043328177.1976612152467615,1368594271289900773.876761364057699,true,true,3438260839766.3702,3423753065639.5679,14507774126.8023,true,true,1755623498059195517118.980771087920135,1748706996576853852359.947612723190316,6916501482341664759.033158364729819,true,true,5000000000000,5000000000000,0,false,false,2481346926854361334549,2481346926854361334549,0,false,false
1,0x88e6a0c2ddd26feeb64f039a2c41296fcb3f5640,25206728,200236,15583882034681299182,13,S1_P13,199350:200310,0xc36442b4a4522e871399cd717abdd847ab11fe88:199350:200310,0xc36442b4a4522e871399cd717abdd847ab11fe88,199350,200310,56496176778503430,0.003625295459294,960,886,74,74,58850184144274.40625,0.0000037763494368,36.257745709098351,35.3363037538556884,0.1425385108942213,0.1098531239433446,0.2523916348375659,0.1425385108942213,700687146621.057,698147178819.25245,2539967801.80455,true,true,347675101509333228951.0744225793044605,346425308631521637983.272488480130316,1249792877811590967.8019340991741445,true,true,3438260839766.3702,3425012102486.66,13248737279.7102,true,true,1755623498059195517118.980771087920135,1750395188639153747621.644613259935029,5228309420041769497.336157827985106,true,true,5000000000000,5000000000000,0,false,false,2481346926854361334549,2481346926854361334549,0,false,false
1,0x88e6a0c2ddd26feeb64f039a2c41296fcb3f5640,25206728,200236,15583882034681299182,14,S1_P14,199450:200560,0xc36442b4a4522e871399cd717abdd847ab11fe88:199450:200560,0xc36442b4a4522e871399cd717abdd847ab11fe88,199450,200560,50020692198494928,0.0032097709728023,1110,786,324,324,45063686665310.7459459459459459,0.0000028916855611,36.257745709098351,35.3363037538556884,0.1261412797725484,0.1136050323303882,0.2397463121029366,0.1261412797725484,700687146621.057,698438304988.16385,2248841632.89315,true,true,347675101509333228951.0744225793044605,346568559679631621638.972148666994294,1106541829701607312.1022739123101665,true,true,3438260839766.3702,3426530326511.4794,11730513254.8908,true,true,1755623498059195517118.980771087920135,1750031230217841169265.785640871691336,5592267841354347853.195130216228799,true,true,5000000000000,5000000000000,0,false,false,2481346926854361334549,2481346926854361334549,0,false,false
1,0x88e6a0c2ddd26feeb64f039a2c41296fcb3f5640,25206728,200236,15583882034681299182,15,S1_P15,199820:201360,0xc36442b4a4522e871399cd717abdd847ab11fe88:199820:201360,0xc36442b4a4522e871399cd717abdd847ab11fe88,199820,201360,47365310803250221,0.0030393781663542,1540,416,1124,416,30756695326785.8577922077922078,0.0000019736221859,36.257745709098351,35.3363037538556884,0.1194218070948379,0.1075556059747307,0.2269774130695686,0.1194218070948379,700687146621.057,698557686418.59365,2129460202.46335,true,true,347675101509333228951.0744225793044605,346627302349997112575.0491224376121495,1047799159336116376.025300141692311,true,true,3438260839766.3702,3427152923948.1437,11107915818.2265,true,true,1755623498059195517118.980771087920135,1750328080441765596433.25653233926167,5295417617429920685.724238748658465,true,true,5000000000000,5000000000000,0,false,false,2481346926854361334549,2481346926854361334549,0,false,false
1,0x88e6a0c2ddd26feeb64f039a2c41296fcb3f5640,25206728,200236,15583882034681299182,16,S1_P16,199590:201360,0xc36442b4a4522e871399cd717abdd847ab11fe88:199590:201360,0xc36442b4a4522e871399cd717abdd847ab11fe88,199590,201360,47083077983034019,0.003021267607022,1770,646,1124,646,26600609029962.7225988700564972,0.0000017069308514,36.257745709098351,35.3363037538556884,0.1187077620165393,0.1069127582199113,0.2256205202364506,0.1187077620165393,700687146621.057,698570375527.25545,2116771093.80155,true,true,347675101509333228951.0744225793044605,346633545465811789802.212338533097967,1041556043521439148.8620840462064935,true,true,3438260839766.3702,3427219099205.237,11041740561.1332,true,true,1755623498059195517118.980771087920135,1750359631740413412185.976705605156185,5263866318782104933.00406548276395,true,true,5000000000000,5000000000000,0,false,false,2481346926854361334549,2481346926854361334549,0,false,false
1,0x88e6a0c2ddd26feeb64f039a2c41296fcb3f5640,25206728,200236,15583882034681299182,17,S1_P17,199650:200670,0xc36442b4a4522e871399cd717abdd847ab11fe88:199650:200670,0xc36442b4a4522e871399cd717abdd847ab11fe88,199650,200670,35769923251587809,0.0022953153246401,1020,586,434,434,35068552207439.0284313725490196,0.0000022503091418,36.257745709098351,35.3363037538556884,0.0901100664456402,0.0811638123793801,0.1712738788250203,0.0901100664456402,700687146621.057,699078996070.13625,1608150550.92075,true,true,347675101509333228951.0744225793044605,346883813425840888185.846573131343407,791288083492340765.2278494479610535,true,true,3438260839766.3702,3429871817444.4554,8389022321.9148,true,true,1755623498059195517118.980771087920135,1751624375620026518253.724377082143151,3999122439168998865.256394005776984,true,true,5000000000000,5000000000000,0,false,false,2481346926854361334549,2481346926854361334549,0,false,false
1,0x88e6a0c2ddd26feeb64f039a2c41296fcb3f5640,25206728,200236,15583882034681299182,18,S1_P18,196260:200390,0xc36442b4a4522e871399cd717abdd847ab11fe88:196260:200390,0xc36442b4a4522e871399cd717abdd847ab11fe88,196260,200390,33467064267190909,0.0021475434806752,4130,3976,154,154,8103405391571.6486682808716707,0.0000005199863149,36.257745709098351,35.3363037538556884,0.0842946283957653,0.0759271170643688,0.1602217454601341,0.0842946283957653,700687146621.057,699182528231.40445,1504618389.65255,true,true,347675101509333228951.0744225793044605,346934756389794383553.274747217523548,740345119538845397.7996753617809125,true,true,3438260839766.3702,3430411824745.2197,7849015021.1505,true,true,1755623498059195517118.980771087920135,1751881826447714209384.602795069026185,3741671611481307734.37797601889395,true,true,5000000000000,5000000000000,0,false,false,2481346926854361334549,2481346926854361334549,0,false,false
1,0x88e6a0c2ddd26feeb64f039a2c41296fcb3f5640,25206728,200236,15583882034681299182,19,S1_P19,198870:201360,0xc36442b4a4522e871399cd717abdd847ab11fe88:198870:201360,0xc36442b4a4522e871399cd717abdd847ab11fe88,198870,201360,33049168110608779,0.0021207275592217,2490,1366,1124,1124,13272758277352.9232931726907631,0.0000008516978149,36.257745709098351,35.3363037538556884,0.0832395190224009,0.0749769880419403,0.1582165070643412,0.0832395190224009,700687146621.057,699201316040.4981,1485830580.5589,true,true,347675101509333228951.0744225793044605,346944001225777565830.115711437801643,731100283555663120.9587111415028175,true,true,3438260839766.3702,3430509820180.6499,7751019585.7203,true,true,1755623498059195517118.980771087920135,1751928545963091147632.422252882383451,3694952096104369486.558518205536684,true,true,5000000000000,5000000000000,0,false,false,2481346926854361334549,2481346926854361334549,0,false,false
1,0x88e6a0c2ddd26feeb64f039a2c41296fcb3f5640,25206728,200236,15583882034681299182,20,S1_P20,199820:200820,0xc36442b4a4522e871399cd717abdd847ab11fe88:199820:200820,0xc36442b4a4522e871399cd717abdd847ab11fe88,199820,200820,32281972833280403,0.0020714975101479,1000,416,584,416,32281972833280.403,0.0000020714975101,36.257745709098351,35.3363037538556884,0.0813026637051217,0.0732328315336376,0.1545354952387593,0.0813026637051217,700687146621.057,699235807301.6362,1451339319.4208,true,true,347675101509333228951.0744225793044605,346960973395223619328.796868031004326,714128114109609622.2775545483001345,true,true,3438260839766.3702,3430689726195.5264,7571113570.8438,true,true,1755623498059195517118.980771087920135,1752014315774075557506.198245152108945,3609182285119959612.78252593581119,true,true,5000000000000,5000000000000,0,false,false,2481346926854361334549,2481346926854361334549,0,false,false
2,0x88e6a0c2ddd26feeb64f039a2c41296fcb3f5640,25196728,200225,15398261379835695040,1,S2_P1,199380:200860,0xc36442b4a4522e871399cd717abdd847ab11fe88:199380:200860,0xc36442b4a4522e871399cd717abdd847ab11fe88,199380,200860,7598705807111945268,0.4934781674158739,1480,845,635,635,5134260680481044.1,0.0003334311941999,37.0794223250574397,36.2656035576293439,48.0363444149154296,36.5927744108563625,84.6291188257717921,48.0363444149154296,692476314732.84945,350658475647.86652,341817839084.98293,true,true,342893932309800245993.112746685974072,173615266030604792324.953718191083686,169278666279195453668.159028494890386,true,true,3359978901411.4217,1669508881423.4311,1690470019987.9906,true,true,1707748643951377146246.6273367571716036,864007334190040171631.393606460663968,843741309761336974615.2337302965076356,true,true,5000000000000,2958452239576.0598,2041547760423.9402,false,true,2478648120503033009757,1696303189058416887509.1553583920758054,782344931444616122247.8446416079241946,false,true
2,0x88e6a0c2ddd26feeb64f039a2c41296fcb3f5640,25196728,200225,15398261379835695040,2,S2_P2,200150:201940,0xc36442b4a4522e871399cd717abdd847ab11fe88:200150:201940,0xc36442b4a4522e871399cd717abdd847ab11fe88,200150,201940,2794337315720186614,0.1814709626490314,1790,75,1715,75,1561082299285020.4547486033519553,0.0001013804260609,37.0794223250574397,36.2656035576293439,6.8698878514005036,8.1676945760325353,15.0375824274330389,8.1676945760325353,692476314732.84945,566758922506.19245,125717392226.657,true,true,342893932309800245993.112746685974072,280648579292682835176.8902919119911728,62245353017117410816.2224547739828992,true,true,3359978901411.4217,2843313245504.2703,516665655907.1514,true,true,1707748643951377146246.6273367571716036,1396175368793614566336.2338678279800512,311573275157762579910.3934689291915524,true,true,5000000000000,5000000000000,0,false,false,2478648120503033009757,2478648120503033009757,0,false,false
2,0x88e6a0c2ddd26feeb64f039a2c41296fcb3f5640,25196728,200225,15398261379835695040,3,S2_P3,199310:200870,0xc36442b4a4522e871399cd717abdd847ab11fe88:199310:200870,0xc36442b4a4522e871399cd717abdd847ab11fe88,199310,200870,1352857039838262121,0.0878577786457017,1560,915,645,645,867216051178373.1544871794871795,0.0000563190888754,37.0794223250574397,36.2656035576293439,3.9748342132104693,3.5398573009337221,7.5146915141441914,3.9748342132104693,692476314732.84945,631615597991.57845,60860716741.271,true,true,342893932309800245993.112746685974072,312758084167483666854.9125139883570544,30135848142316579138.2002326976170176,true,true,3359978901411.4217,3049962473292.1583,310016428119.2634,true,true,1707748643951377146246.6273367571716036,1556650649761146553792.1502015924896282,151097994190230592454.4771351646819754,true,true,5000000000000,5000000000000,0,false,false,2478648120503033009757,2478648120503033009757,0,false,false
2,0x88e6a0c2ddd26feeb64f039a2c41296fcb3f5640,25196728,200225,15398261379835695040,4,S2_P4,199320:201380,0xc36442b4a4522e871399cd717abdd847ab11fe88:199320:201380,0xc36442b4a4522e871399cd717abdd847ab11fe88,199320,201380,894663659577029210,0.0581016023502892,2060,905,1155,905,434302747367489.9077669902912621,0.0000282046613351,37.0794223250574397,36.2656035576293439,2.5327936250772569,2.2656107537457285,4.7984043788229854,2.5327936250772569,692476314732.84945,652228986364.8658,40247328367.98365,true,true,342893932309800245993.112746685974072,322964618395430731193.8603887103377776,19929313914369514799.2523579756362944,true,true,3359978901411.4217,3154132512433.0382,205846388978.3835,true,true,1707748643951377146246.6273367571716036,1607780440112848254469.2357997246066108,99968203838528891777.3915370325649928,true,true,5000000000000,5000000000000,0,false,false,2478648120503033009757,2478648120503033009757,0,false,false
2,0x88e6a0c2ddd26feeb64f039a2c41296fcb3f5640,25196728,200225,15398261379835695040,5,S2_P5,195610:209470,0xc36442b4a4522e871399cd717abdd847ab11fe88:195610:209470,0xc36442b4a4522e871399cd717abdd847ab11fe88,195610,209470,352854813796027778,0.0229152373175128,13860,4615,9245,4615,25458500273883.6780663780663781,0.0000016533360258,37.0794223250574397,36.2656035576293439,0.9576873446668344,0.8607940838996436,1.818481428566478,0.9576873446668344,692476314732.84945,676603112029.22015,15873202703.6293,true,true,342893932309800245993.112746685974072,335033800083046512083.4847091793951584,7860132226753733909.6280375065789136,true,true,3359978901411.4217,3278449074374.7305,81529827036.6912,true,true,1707748643951377146246.6273367571716036,1668303168819711895006.1128893092209976,39445475131665251240.514447447950606,true,true,5000000000000,5000000000000,0,false,false,2478648120503033009757,2478648120503033009757,0,false,false
2,0x88e6a0c2ddd26feeb64f039a2c41296fcb3f5640,25196728,200225,15398261379835695040,6,S2_P6,194710:212350,0xc36442b4a4522e871399cd717abdd847ab11fe88:194710:212350,0xc36442b4a4522e871399cd717abdd847ab11fe88,194710,212350,172327479146938053,0.0111913595240437,17640,5515,12125,5515,9769131470914.8556122448979592,0.000000634430812,37.0794223250574397,36.2656035576293439,0.4613730765039495,0.4153215799584921,0.8766946564624416,0.4613730765039495,692476314732.84945,684724203696.50745,7752111036.342,true,true,342893932309800245993.112746685974072,339055191106775497613.7632723288417024,3838741203024748379.3494743571323696,true,true,3359978901411.4217,3320109849455.8235,39869051955.5982,true,true,1707748643951377146246.6273367571716036,1688481607949669750426.2616458726086342,19267036001707395820.3656908845629694,true,true,5000000000000,5000000000000,0,false,false,2478648120503033009757,2478648120503033009757,0,false,false
2,0x88e6a0c2ddd26feeb64f039a2c41296fcb3f5640,25196728,200225,15398261379835695040,7,S2_P7,198430:201100,0xc36442b4a4522e871399cd717abdd847ab11fe88:198430:201100,0xc36442b4a4522e871399cd717abdd847ab11fe88,198430,201100,114728480099249526,0.0074507424746984,2670,1795,875,875,42969468201966.1146067415730337,0.0000027905402527,37.0794223250574397,36.2656035576293439,0.3058398899813712,0.2754432288339803,0.5812831188153515,0.3058398899813712,692476314732.84945,687315293224.7115,5161021508.13795,true,true,342893932309800245993.112746685974072,340338257478307699385.6418444186002864,2555674831492546607.4709022673737856,true,true,3359978901411.4217,3333425121438.7922,26553779972.6295,true,true,1707748643951377146246.6273367571716036,1694920914194206825951.3156684968714442,12827729757170320295.3116682603001594,true,true,5000000000000,5000000000000,0,false,false,2478648120503033009757,2478648120503033009757,0,false,false
2,0x88e6a0c2ddd26feeb64f039a2c41296fcb3f5640,25196728,200225,15398261379835695040,8,S2_P8,195610:200290,0xc36442b4a4522e871399cd717abdd847ab11fe88:195610:200290,0xc36442b4a4522e871399cd717abdd847ab11fe88,195610,200290,82346613047210432,0.0053477864166564,4680,4615,65,65,17595430138292.8273504273504274,0.0000011426894053,37.0794223250574397,36.2656035576293439,0.2189869518635354,0.1598685367036585,0.3788554885671939,0.2189869518635354,692476314732.84945,688771984110.14785,3704330622.7016,true,true,342893932309800245993.112746685974072,341059590601275723557.3745420438856256,1834341708524522435.7382046420884464,true,true,3359978901411.4217,3340915629070.3421,19063272341.0796,true,true,1707748643951377146246.6273367571716036,1700550194222644004291.907225601465049,7198449728733141954.7201111557065546,true,true,5000000000000,5000000000000,0,false,false,2478648120503033009757,2478648120503033009757,0,false,false
2,0x88e6a0c2ddd26feeb64f039a2c41296fcb3f5640,25196728,200225,15398261379835695040,9,S2_P9,198490:200310,0xc36442b4a4522e871399cd717abdd847ab11fe88:198490:200310,0xc36442b4a4522e871399cd717abdd847ab11fe88,198490,200310,70981479422802273,0.004609707399548,1820,1735,85,85,39000812869671.5785714285714286,0.0000025328062635,37.0794223250574397,36.2656035576293439,0.1886033838104899,0.1515347476731791,0.340138131483669,0.1886033838104899,692476314732.84945,689283242591.69505,3193072141.1544,true,true,342893932309800245993.112746685974072,341312758442235821674.598759254695992,1581173867564424318.51398743127808,true,true,3359978901411.4217,3343545386286.6065,16433515124.8152,true,true,1707748643951377146246.6273367571716036,1700800439024810385836.722004818925695,6948204926566760409.9053319382459086,true,true,5000000000000,5000000000000,0,false,false,2478648120503033009757,2478648120503033009757,0,false,false
2,0x88e6a0c2ddd26feeb64f039a2c41296fcb3f5640,25196728,200225,15398261379835695040,10,S2_P10,196950:206450,0xc36442b4a4522e871399cd717abdd847ab11fe88:196950:206450,0xc36442b4a4522e871399cd717abdd847ab11fe88,196950,206450,65989735192964238,0.0042855315652311,9500,3275,6225,3275,6946287915048.8671578947368421,0.0000004511085858,37.0794223250574397,36.2656035576293439,0.1752747204008016,0.1579173707758858,0.3331920911766874,0.1752747204008016,692476314732.84945,689507793834.6348,2968520898.21465,true,true,342893932309800245993.112746685974072,341423953714969709077.397607518016824,1469978594830536915.715139167957248,true,true,3359978901411.4217,3344700546399.7385,15278355011.6832,true,true,1707748643951377146246.6273367571716036,1700370110060240062316.180111294864371,7378533891137083930.4472254623072326,true,true,5000000000000,5000000000000,0,false,false,2478648120503033009757,2478648120503033009757,0,false,false
2,0x88e6a0c2ddd26feeb64f039a2c41296fcb3f5640,25196728,200225,15398261379835695040,11,S2_P11,199710:200680,0xc36442b4a4522e871399cd717abdd847ab11fe88:199710:200680,0xc36442b4a4522e871399cd717abdd847ab11fe88,199710,200680,61866451995614223,0.0040177556718598,970,515,455,455,63779847418158.9927835051546392,0.0000041420161566,37.0794223250574397,36.2656035576293439,0.164272435351855,0.148009597954064,0.312282033305919,0.164272435351855,692476314732.84945,689693278716.7478,2783036016.10165,true,true,342893932309800245993.112746685974072,341515803553462590185.7452425386835136,1378128756337655807.3675041472905584,true,true,3359978901411.4217,3345654792775.0421,14324108636.3796,true,true,1707748643951377146246.6273367571716036,1700831128132299024347.5988520242090432,6917515819078121899.0284847329625604,true,true,5000000000000,5000000000000,0,false,false,2478648120503033009757,2478648120503033009757,0,false,false
2,0x88e6a0c2ddd26feeb64f039a2c41296fcb3f5640,25196728,200225,15398261379835695040,12,S2_P12,199350:200310,0xc36442b4a4522e871399cd717abdd847ab11fe88:199350:200310,0xc36442b4a4522e871399cd717abdd847ab11fe88,199350,200310,56496176778503430,0.0036689971279801,960,875,85,85,58850184144274.40625,0.0000038218720083,37.0794223250574397,36.2656035576293439,0.1499529013895554,0.1205337630961314,0.2704866644856868,0.1499529013895554,692476314732.84945,689934858517.18845,2541456215.661,true,true,342893932309800245993.112746685974072,341635430985001764632.2296678667566416,1258501324798481360.8830788192174304,true,true,3359978901411.4217,3346897709250.5663,13081192160.8554,true,true,1707748643951377146246.6273367571716036,1702217792351813378521.7751221063103296,5530851599563767724.852214650861274,true,true,5000000000000,5000000000000,0,false,false,2478648120503033009757,2478648120503033009757,0,false,false
2,0x88e6a0c2ddd26feeb64f039a2c41296fcb3f5640,25196728,200225,15398261379835695040,13,S2_P13,199820:201360,0xc36442b4a4522e871399cd717abdd847ab11fe88:199820:201360,0xc36442b4a4522e871399cd717abdd847ab11fe88,199820,201360,47365310803250221,0.0030760168070193,1540,405,1135,405,30756695326785.8577922077922078,0.0000019974135111,37.0794223250574397,36.2656035576293439,0.1256322307838715,0.1132080459797061,0.2388402767635776,0.1256322307838715,692476314732.84945,690345607229.12785,2130707503.7216,true,true,342893932309800245993.112746685974072,341838828963949070046.0579689400306512,1055103345851175947.0547777459434208,true,true,3359978901411.4217,3349011200829.26,10967700582.1617,true,true,1707748643951377146246.6273367571716036,1702452499840406404353.9458259463784796,5296144110970741892.681510810793124,true,true,5000000000000,5000000000000,0,false,false,2478648120503033009757,2478648120503033009757,0,false,false
2,0x88e6a0c2ddd26feeb64f039a2c41296fcb3f5640,25196728,200225,15398261379835695040,14,S2_P14,199590:201360,0xc36442b4a4522e871399cd717abdd847ab11fe88:199590:201360,0xc36442b4a4522e871399cd717abdd847ab11fe88,199590,201360,47083077983034019,0.0030576879312291,1770,635,1135,635,26600609029962.7225988700564972,0.0000017275073058,37.0794223250574397,36.2656035576293439,0.1248810047453674,0.1125313778929379,0.2374123826383053,0.1248810047453674,692476314732.84945,690358303559.5056,2118011173.34385,true,true,342893932309800245993.112746685974072,341845115611243509948.5237195400589184,1048816698556736044.5890271459151536,true,true,3359978901411.4217,3349076533028.645,10902368382.7767,true,true,1707748643951377146246.6273367571716036,1702484056631086376530.7146053876300838,5264587320290769715.9127313695415198,true,true,5000000000000,5000000000000,0,false,false,2478648120503033009757,2478648120503033009757,0,false,false
2,0x88e6a0c2ddd26feeb64f039a2c41296fcb3f5640,25196728,200225,15398261379835695040,15,S2_P15,196260:200390,0xc36442b4a4522e871399cd717abdd847ab11fe88:196260:200390,0xc36442b4a4522e871399cd717abdd847ab11fe88,196260,200390,33467064267190909,0.0021734313661552,4130,3965,165,165,8103405391571.6486682808716707,0.0000005262545681,37.0794223250574397,36.2656035576293439,0.0886766815829991,0.0799161502857132,0.1685928318687123,0.0886766815829991,692476314732.84945,690970814728.4245,1505500004.42495,true,true,342893932309800245993.112746685974072,342148424490425895720.392586735523424,745507819374350272.720159950450648,true,true,3359978901411.4217,3352228687999.9331,7750213411.4886,true,true,1707748643951377146246.6273367571716036,1704006493383509516639.7632157788842502,3742150567867629606.8641209782873534,true,true,5000000000000,5000000000000,0,false,false,2478648120503033009757,2478648120503033009757,0,false,false
2,0x88e6a0c2ddd26feeb64f039a2c41296fcb3f5640,25196728,200225,15398261379835695040,16,S2_P16,198870:201360,0xc36442b4a4522e871399cd717abdd847ab11fe88:198870:201360,0xc36442b4a4522e871399cd717abdd847ab11fe88,198870,201360,33049168110608779,0.0021462921881484,2490,1355,1135,1135,13272758277352.9232931726907631,0.0000008619647342,37.0794223250574397,36.2656035576293439,0.0875666774024679,0.0789160727034599,0.1664827501059278,0.0875666774024679,692476314732.84945,690989613098.4955,1486701634.35395,true,true,342893932309800245993.112746685974072,342157733277227983587.8756366722681472,736199032572262405.2371100137059248,true,true,3359978901411.4217,3352325441566.6397,7653459844.782,true,true,1707748643951377146246.6273367571716036,1704053219631338294436.9133381481767792,3695424320038851809.7139986089948244,true,true,5000000000000,5000000000000,0,false,false,2478648120503033009757,2478648120503033009757,0,false,false
2,0x88e6a0c2ddd26feeb64f039a2c41296fcb3f5640,25196728,200225,15398261379835695040,17,S2_P17,199820:200820,0xc36442b4a4522e871399cd717abdd847ab11fe88:199820:200820,0xc36442b4a4522e871399cd717abdd847ab11fe88,199820,200820,32281972833280403,0.0020964686880529,1000,405,595,405,32281972833280.403,0.0000020964686881,37.0794223250574397,36.2656035576293439,0.0855290484381083,0.0770802169407883,0.1626092653788966,0.0855290484381083,692476314732.84945,691024125421.56215,1452189311.2873,true,true,342893932309800245993.112746685974072,342174823290538015106.4663199622727536,719109019262230886.6464267237013184,true,true,3359978901411.4217,3352503068362.6181,7475833048.8036,true,true,1707748643951377146246.6273367571716036,1704139002334328258364.4620425159044304,3609641617048887882.1652942412671732,true,true,5000000000000,5000000000000,0,false,false,2478648120503033009757,2478648120503033009757,0,false,false
2,0x88e6a0c2ddd26feeb64f039a2c41296fcb3f5640,25196728,200225,15398261379835695040,18,S2_P18,199680:200310,0xc36442b4a4522e871399cd717abdd847ab11fe88:199680:200310,0xc36442b4a4522e871399cd717abdd847ab11fe88,199680,200310,32313126793148306,0.0020984919008754,630,545,85,85,51290677449441.7555555555555556,0.0000033309395252,37.0794223250574397,36.2656035576293439,0.0856117846647012,0.0688661323227833,0.1544779169874845,0.0856117846647012,692476314732.84945,691022724216.9842,1453590515.86525,true,true,342893932309800245993.112746685974072,342174129152640585702.3990047527193072,719803157159660290.7137419332547648,true,true,3359978901411.4217,3352495855476.8336,7483045934.5881,true,true,1707748643951377146246.6273367571716036,1704584701991416297272.8766510871122444,3163941959960848973.7506856700593592,true,true,5000000000000,5000000000000,0,false,false,2478648120503033009757,2478648120503033009757,0,false,false
2,0x88e6a0c2ddd26feeb64f039a2c41296fcb3f5640,25196728,200225,15398261379835695040,19,S2_P19,199110:201640,0xc36442b4a4522e871399cd717abdd847ab11fe88:199110:201640,0xc36442b4a4522e871399cd717abdd847ab11fe88,199110,201640,27271287938519904,0.0017710628015597,2530,1115,1415,1115,10779165193090.8711462450592885,0.0000007000248228,37.0794223250574397,36.2656035576293439,0.0722266630360574,0.0650945199098366,0.137321182945894,0.0722266630360574,692476314732.84945,691249528359.916,1226786372.93345,true,true,342893932309800245993.112746685974072,342286440229896373307.8063025418604112,607492079903872685.3064441441136608,true,true,3359978901411.4217,3353663224886.198,6315676525.2237,true,true,1707748643951377146246.6273367571716036,1704699266492671674821.3412500136758998,3049377458705471425.2860867434957038,true,true,5000000000000,5000000000000,0,false,false,2478648120503033009757,2478648120503033009757,0,false,false
2,0x88e6a0c2ddd26feeb64f039a2c41296fcb3f5640,25196728,200225,15398261379835695040,20,S2_P20,198680:200300,0xc36442b4a4522e871399cd717abdd847ab11fe88:198680:200300,0xc36442b4a4522e871399cd717abdd847ab11fe88,198680,200300,26489375439106933,0.0017202835297883,1620,1545,75,75,16351466320436.3783950617283951,0.0000010619034134,37.0794223250574397,36.2656035576293439,0.0701517298559734,0.0540532992899651,0.1242050291459385,0.0701517298559734,692476314732.84945,691284702836.68235,1191611896.1671,true,true,342893932309800245993.112746685974072,342303858329017801448.8661906502946064,590073980782444544.2465560356794656,true,true,3359978901411.4217,3353844273293.591,6134628117.8307,true,true,1707748643951377146246.6273367571716036,1705284409585091972618.5498078188933216,2464234366285173628.077528938278282,true,true,5000000000000,5000000000000,0,false,false,2478648120503033009757,2478648120503033009757,0,false,false
3,0x88e6a0c2ddd26feeb64f039a2c41296fcb3f5640,25186728,199901,12770722442021590510,1,S3_P1,199380:200860,0xc36442b4a4522e871399cd717abdd847ab11fe88:199380:200860,0xc36442b4a4522e871399cd717abdd847ab11fe88,199380,200860,7598705807111945268,0.5950098627238726,1480,521,959,521,5134260680481044.1,0.0004020336910296,42.5698142823550555,42.2761525150867504,61.007523598174984,60.6101744009532485,121.6176979991282325,61.007523598174984,583975167747.1999,236698434349.80604,347276733397.39386,true,true,283192881336689408967.7663778889967932,117582064509880972827.3588548890646902,165610816826808436140.407522999932103,true,true,2935677418924.4462,1188953596179.2419,1746723822745.2043,true,true,1420965997343067669804.680965690346509,590071932721244070182.0585744210503835,830894064621823599622.6223912692961255,true,true,5000000000000,2399644895007.5102,2600355104992.4898,false,true,2399712472929971579023,1161716516522776943746.6457591298761082,1237995956407194635276.3542408701238918,false,true
3,0x88e6a0c2ddd26feeb64f039a2c41296fcb3f5640,25186728,199901,12770722442021590510,2,S3_P2,199310:200870,0xc36442b4a4522e871399cd717abdd847ab11fe88:199310:200870,0xc36442b4a4522e871399cd717abdd847ab11fe88,199310,200870,1352857039838262121,0.1059342606481475,1560,591,969,591,867216051178373.1544871794871795,0.0000679065773386,42.5698142823550555,42.2761525150867504,5.0027368888768115,5.0049802201633717,10.0077171090401832,5.0049802201633717,583975167747.1999,522089772293.99785,61885395453.20205,true,true,283192881336689408967.7663778889967932,253469027547308643012.2553366254049212,29723853789380765955.511041263591872,true,true,2935677418924.4462,2624625110521.1573,311052308403.2889,true,true,1420965997343067669804.680965690346509,1273328707314804030523.2113682495714544,147637290028263639281.4695974407750546,true,true,5000000000000,5000000000000,0,false,false,2399712472929971579023,2399712472929971579023,0,false,false
3,0x88e6a0c2ddd26feeb64f039a2c41296fcb3f5640,25186728,199901,12770722442021590510,3,S3_P3,198060:200130,0xc36442b4a4522e871399cd717abdd847ab11fe88:198060:200130,0xc36442b4a4522e871399cd717abdd847ab11fe88,198060,200130,892287530697189504,0.0698697771209208,2070,1841,229,229,431056778114584.3014492753623188,0.0000337535155174,42.5698142823550555,42.2761525150867504,3.1727146525233943,3.1711920415291337,6.343906694052528,3.1727146525233943,583975167747.1999,543160833900.65845,40814333846.54145,true,true,283192881336689408967.7663778889967932,263590586092680999640.3415707171331062,19602295244008409327.424807171863687,true,true,2935677418924.4462,2730576005576.3201,205101413348.1261,true,true,1420965997343067669804.680965690346509,1323549033892919918187.1674135125257744,97416963450147751617.5135521778207346,true,true,5000000000000,5000000000000,0,false,false,2399712472929971579023,2399712472929971579023,0,false,false
3,0x88e6a0c2ddd26feeb64f039a2c41296fcb3f5640,25186728,199901,12770722442021590510,4,S3_P4,195610:209470,0xc36442b4a4522e871399cd717abdd847ab11fe88:195610:209470,0xc36442b4a4522e871399cd717abdd847ab11fe88,195610,209470,352854813796027778,0.0276299806371934,13860,4291,9569,4291,25458500273883.6780663780663781,0.0000019935050965,42.5698142823550555,42.2761525150867504,1.2005632042803497,1.1988246822849731,2.3993878865653228,1.2005632042803497,583975167747.1999,567836278572.83975,16138889174.36015,true,true,283192881336689408967.7663778889967932,275442230432460188521.6107067362588814,7750650904229220446.1556711527379118,true,true,2935677418924.4462,2854595871586.3388,81081547338.1074,true,true,1420965997343067669804.680965690346509,1382424623606113945925.6768138989511778,38541373736953723879.0041517913953312,true,true,5000000000000,5000000000000,0,false,false,2399712472929971579023,2399712472929971579023,0,false,false
3,0x88e6a0c2ddd26feeb64f039a2c41296fcb3f5640,25186728,199901,12770722442021590510,5,S3_P5,194710:212350,0xc36442b4a4522e871399cd717abdd847ab11fe88:194710:212350,0xc36442b4a4522e871399cd717abdd847ab11fe88,194710,212350,172327479146938053,0.013493949142603,17640,5191,12449,5191,9769131470914.8556122448979592,0.0000007649631033,42.5698142823550555,42.2761525150867504,0.577992645016822,0.5769819225292008,1.1549745675460228,0.577992645016822,583975167747.1999,576093418803.06505,7881748944.13485,true,true,283192881336689408967.7663778889967932,279407790262869952203.5466326660021786,3785091073819456764.2197452229946146,true,true,2935677418924.4462,2896082824435.3199,39594594489.1263,true,true,1420965997343067669804.680965690346509,1402140358311938859699.0322700233817426,18825639031128810105.6486956669647664,true,true,5000000000000,5000000000000,0,false,false,2399712472929971579023,2399712472929971579023,0,false,false
3,0x88e6a0c2ddd26feeb64f039a2c41296fcb3f5640,25186728,199901,12770722442021590510,6,S3_P6,199260:200230,0xc36442b4a4522e871399cd717abdd847ab11fe88:199260:200230,0xc36442b4a4522e871399cd717abdd847ab11fe88,199260,200230,123391947885418078,0.0096620961300828,970,641,329,329,127208193696307.2969072164948454,0.0000099609238454,42.5698142823550555,42.2761525150867504,0.4122717775963292,0.4115177353496797,0.8237895129460089,0.4122717775963292,583975167747.1999,578331617916.31265,5643549830.88725,true,true,283192881336689408967.7663778889967932,280482670967514885567.7024636084769546,2710210369174523400.0639142805198386,true,true,2935677418924.4462,2907327198821.7197,28350220102.7265,true,true,1420965997343067669804.680965690346509,1407485713957516653924.0826546265815214,13480283385551015880.5983110637649876,true,true,5000000000000,5000000000000,0,false,false,2399712472929971579023,2399712472929971579023,0,false,false
3,0x88e6a0c2ddd26feeb64f039a2c41296fcb3f5640,25186728,199901,12770722442021590510,7,S3_P7,198430:201100,0xc36442b4a4522e871399cd717abdd847ab11fe88:198430:201100,0xc36442b4a4522e871399cd717abdd847ab11fe88,198430,201100,114728480099249526,0.0089837110328026,2670,1471,1199,1199,42969468201966.1146067415730337,0.0000033646857801,42.5698142823550555,42.2761525150867504,0.3830653633639086,0.3823593063499323,0.7654246697138409,0.3830653633639086,583975167747.1999,578727862616.55755,5247305130.64235,true,true,283192881336689408967.7663778889967932,280672962745624777114.7227768113167064,2519918591064631853.0436010776800868,true,true,2935677418924.4462,2909317819513.5824,26359599410.8638,true,true,1420965997343067669804.680965690346509,1408432091151553964743.009876480397182,12533906191513705061.671089209949327,true,true,5000000000000,5000000000000,0,false,false,2399712472929971579023,2399712472929971579023,0,false,false
3,0x88e6a0c2ddd26feeb64f039a2c41296fcb3f5640,25186728,199901,12770722442021590510,8,S3_P8,197610:199940,0xc36442b4a4522e871399cd717abdd847ab11fe88:197610:199940,0xc36442b4a4522e871399cd717abdd847ab11fe88,197610,199940,118114933958354994,0.0092488842737434,2330,2291,39,39,50693104703156.6497854077253219,0.0000039694782291,42.5698142823550555,42.2761525150867504,0.3944771064754839,0.2250362298117509,0.6195133362872348,0.3944771064754839,583975167747.1999,578572974552.8255,5402193194.3744,true,true,283192881336689408967.7663778889967932,280598580243965028343.161353803514974,2594301092724380624.6050240854818192,true,true,2935677418924.4462,2908539709822.8131,27137709101.6331,true,true,1420965997343067669804.680965690346509,1413402870144126569473.6533818776629136,7563127198941100331.0275838126835954,true,true,5000000000000,5000000000000,0,false,false,2399712472929971579023,2399712472929971579023,0,false,false
3,0x88e6a0c2ddd26feeb64f039a2c41296fcb3f5640,25186728,199901,12770722442021590510,9,S3_P9,195610:200290,0xc36442b4a4522e871399cd717abdd847ab11fe88:195610:200290,0xc36442b4a4522e871399cd717abdd847ab11fe88,195610,200290,82346613047210432,0.0064480778923087,4680,4291,389,389,17595430138292.8273504273504274,0.0000013777944214,42.5698142823550555,42.2761525150867504,0.2742496634465123,0.2737295995967882,0.5479792630433005,0.2742496634465123,583975167747.1999,580208917408.20125,3766250338.99865,true,true,283192881336689408967.7663778889967932,281384219999792492326.4379637893471142,1808661336896916641.328414099649679,true,true,2935677418924.4462,2916758088739.3304,18919330185.1158,true,true,1420965997343067669804.680965690346509,1411969528138420531117.8378624338819832,8996469204647138686.8431032564645258,true,true,5000000000000,5000000000000,0,false,false,2399712472929971579023,2399712472929971579023,0,false,false
3,0x88e6a0c2ddd26feeb64f039a2c41296fcb3f5640,25186728,199901,12770722442021590510,10,S3_P10,198490:200310,0xc36442b4a4522e871399cd717abdd847ab11fe88:198490:200310,0xc36442b4a4522e871399cd717abdd847ab11fe88,198490,200310,70981479422802273,0.0055581412676577,1820,1411,409,409,39000812869671.5785714285714286,0.0000030539237734,42.5698142823550555,42.2761525150867504,0.2361889455003216,0.2357366616248371,0.4719256071251587,0.2361889455003216,583975167747.1999,580728723625.6664,3246444121.5335,true,true,283192881336689408967.7663778889967932,281633848584076842989.5519696824582592,1559032752612565978.214408206538534,true,true,2935677418924.4462,2919369354003.3137,16308064921.1325,true,true,1420965997343067669804.680965690346509,1413211113255743155557.577533379882486,7754884087324514247.103432310464023,true,true,5000000000000,5000000000000,0,false,false,2399712472929971579023,2399712472929971579023,0,false,false
3,0x88e6a0c2ddd26feeb64f039a2c41296fcb3f5640,25186728,199901,12770722442021590510,11,S3_P11,196950:206450,0xc36442b4a4522e871399cd717abdd847ab11fe88:196950:206450,0xc36442b4a4522e871399cd717abdd847ab11fe88,196950,206450,65989735192964238,0.0051672671998436,9500,2951,6549,2951,6946287915048.8671578947368421,0.0000005439228631,42.5698142823550555,42.2761525150867504,0.2194934386923796,0.2190713335632138,0.4385647722555934,0.2194934386923796,583975167747.1999,580957030550.67175,3018137196.52815,true,true,283192881336689408967.7663778889967932,281743488802736165752.9251024906470086,1449392533953243214.8412753983497846,true,true,2935677418924.4462,2920516252518.5276,15161166405.9186,true,true,1420965997343067669804.680965690346509,1413756444187641215605.1851255896934886,7209553155426454199.4958401006530204,true,true,5000000000000,5000000000000,0,false,false,2399712472929971579023,2399712472929971579023,0,false,false
3,0x88e6a0c2ddd26feeb64f039a2c41296fcb3f5640,25186728,199901,12770722442021590510,12,S3_P12,199350:200310,0xc36442b4a4522e871399cd717abdd847ab11fe88:199350:200310,0xc36442b4a4522e871399cd717abdd847ab11fe88,199350,200310,56496176778503430,0.0044238825982628,960,551,409,409,58850184144274.40625,0.0000046082110399,42.5698142823550555,42.2761525150867504,0.1877769675990656,0.1874129367481608,0.3751899043472264,0.1877769675990656,583975167747.1999,581391235327.42685,2583932419.77305,true,true,283192881336689408967.7663778889967932,281952007730140796443.9328264719395484,1240873606548612523.8335514170572448,true,true,2935677418924.4462,2922697465946.6393,12979952977.8069,true,true,1420965997343067669804.680965690346509,1414793594211168803334.200151098302173,6172403131898866470.480814592044336,true,true,5000000000000,5000000000000,0,false,false,2399712472929971579023,2399712472929971579023,0,false,false
3,0x88e6a0c2ddd26feeb64f039a2c41296fcb3f5640,25186728,199901,12770722442021590510,13,S3_P13,199260:200220,0xc36442b4a4522e871399cd717abdd847ab11fe88:199260:200220,0xc36442b4a4522e871399cd717abdd847ab11fe88,199260,200220,53799563413955728,0.0042127267003259,960,641,319,319,56041211889537.2166666666666667,0.0000043882569795,42.5698142823550555,42.2761525150867504,0.1787765722062539,0.1784291929376042,0.3572057651438581,0.1787765722062539,583975167747.1999,581514569679.97595,2460598067.22395,true,true,283192881336689408967.7663778889967932,282011236477110433755.4978263937852834,1181644859578975212.2685514952115098,true,true,2935677418924.4462,2923317028707.752,12360390216.6942,true,true,1420965997343067669804.680965690346509,1415088196286833287282.4941777417458066,5877801056234382522.1867879486007024,true,true,5000000000000,5000000000000,0,false,false,2399712472929971579023,2399712472929971579023,0,false,false
3,0x88e6a0c2ddd26feeb64f039a2c41296fcb3f5640,25186728,199901,12770722442021590510,14,S3_P14,199440:200050,0xc36442b4a4522e871399cd717abdd847ab11fe88:199440:200050,0xc36442b4a4522e871399cd717abdd847ab11fe88,199440,200050,53471288265881649,0.0041870214084316,610,461,149,149,87657849616199.4245901639344262,0.000006863969522,42.5698142823550555,42.2761525150867504,0.1776811607275992,0.1753534102293791,0.3530345709569783,0.1776811607275992,583975167747.1999,581529583657.5114,2445584089.6885,true,true,283192881336689408967.7663778889967932,282018446697632116202.5857742324456904,1174434639057292765.1806036565511028,true,true,2935677418924.4462,2923392451636.6397,12284967287.8065,true,true,1420965997343067669804.680965690346509,1415182301200109272579.8931914831211906,5783696142958397224.7877742072253184,true,true,5000000000000,5000000000000,0,false,false,2399712472929971579023,2399712472929971579023,0,false,false
3,0x88e6a0c2ddd26feeb64f039a2c41296fcb3f5640,25186728,199901,12770722442021590510,15,S3_P15,199280:200250,0xc36442b4a4522e871399cd717abdd847ab11fe88:199280:200250,0xc36442b4a4522e871399cd717abdd847ab11fe88,199280,200250,53150446476606666,0.0041618981790503,970,621,349,349,54794274718151.2020618556701031,0.0000042906166794,42.5698142823550555,42.2761525150867504,0.1766105978234243,0.176267258245089,0.3528778560685133,0.1766105978234243,583975167747.1999,581544257758.89015,2430909988.30975,true,true,283192881336689408967.7663778889967932,282025493757490956788.2924834838207248,1167387579198452179.4738944051760684,true,true,2935677418924.4462,2923466167258.8149,12211251665.6313,true,true,1420965997343067669804.680965690346509,1415159111561799754008.360835596163945,5806885781267915796.320130094182564,true,true,5000000000000,5000000000000,0,false,false,2399712472929971579023,2399712472929971579023,0,false,false
3,0x88e6a0c2ddd26feeb64f039a2c41296fcb3f5640,25186728,199901,12770722442021590510,16,S3_P16,199590:201360,0xc36442b4a4522e871399cd717abdd847ab11fe88:199590:201360,0xc36442b4a4522e871399cd717abdd847ab11fe88,199590,201360,47083077983034019,0.0036867983151923,1770,311,1459,311,26600609029962.7225988700564972,0.0000020829369012,42.5698142823550555,42.2761525150867504,0.1563756590066499,0.1560701073988895,0.3124457664055394,0.1563756590066499,583975167747.1999,581821759076.71905,2153408670.48085,true,true,283192881336689408967.7663778889967932,282158757847308542480.4176397783084936,1034123489380866487.3487381106882996,true,true,2935677418924.4462,2924860172239.3385,10817246685.1077,true,true,1420965997343067669804.680965690346509,1415821969979202204613.1015513138157422,5144027363865465191.5794143765307668,true,true,5000000000000,5000000000000,0,false,false,2399712472929971579023,2399712472929971579023,0,false,false
3,0x88e6a0c2ddd26feeb64f039a2c41296fcb3f5640,25186728,199901,12770722442021590510,17,S3_P17,199820:201360,0xc36442b4a4522e871399cd717abdd847ab11fe88:199820:201360,0xc36442b4a4522e871399cd717abdd847ab11fe88,199820,201360,44163081924240662,0.0034581506351531,1540,81,1459,81,28677325924831.5987012987012987,0.0000022455523605,42.5698142823550555,42.2761525150867504,0.122770919592068,0.1463569218696962,0.2691278414617642,0.1463569218696962,583975167747.1999,581955309736.3176,2019858010.8823,true,true,283192881336689408967.7663778889967932,282222892987390346829.0370136765576598,969988349299062138.7293642124391334,true,true,2935677418924.4462,2926979166924.7808,8698251999.6654,true,true,1420965997343067669804.680965690346509,1416140980905007009059.3558380745903446,4825016438060660745.3251276157561644,true,true,5000000000000,5000000000000,0,false,false,2399712472929971579023,2399712472929971579023,0,false,false
3,0x88e6a0c2ddd26feeb64f039a2c41296fcb3f5640,25186728,199901,12770722442021590510,18,S3_P18,193130:200340,0xc36442b4a4522e871399cd717abdd847ab11fe88:193130:200340,0xc36442b4a4522e871399cd717abdd847ab11fe88,193130,200340,37619268342446439,0.0029457431647455,7210,6771,439,439,5217651642502.9735090152565881,0.0000004085635457,42.5698142823550555,42.2761525150867504,0.1248516323415352,0.1246057414756253,0.2494573738171605,0.1248516323415352,583975167747.1999,582254600408.8233,1720567338.3766,true,true,283192881336689408967.7663778889967932,282366621443182228017.7620162392968584,826259893507180950.0043616496999348,true,true,2935677418924.4462,2927034507626.1857,8642911298.2605,true,true,1420965997343067669804.680965690346509,1416855901088622782576.1054362953548018,4110096254444887228.5755293949917072,true,true,5000000000000,5000000000000,0,false,false,2399712472929971579023,2399712472929971579023,0,false,false
3,0x88e6a0c2ddd26feeb64f039a2c41296fcb3f5640,25186728,199901,12770722442021590510,19,S3_P19,199470:200180,0xc36442b4a4522e871399cd717abdd847ab11fe88:199470:200180,0xc36442b4a4522e871399cd717abdd847ab11fe88,199470,200180,35883334251572298,0.0028098123982007,710,431,279,279,50539907396580.7014084507042254,0.000003957482251,42.5698142823550555,42.2761525150867504,0.1190742684497302,0.1188394253430565,0.2379136937927867,0.1190742684497302,583975167747.1999,582333996359.7312,1641171387.4687,true,true,283192881336689408967.7663778889967932,282404749359442539234.2270609451005676,788131977246869733.5393169438962256,true,true,2935677418924.4462,2927433340486.3115,8244078438.1347,true,true,1420965997343067669804.680965690346509,1417045555166604333908.6475294089492876,3920442176463335896.0334362813972214,true,true,5000000000000,5000000000000,0,false,false,2399712472929971579023,2399712472929971579023,0,false,false
3,0x88e6a0c2ddd26feeb64f039a2c41296fcb3f5640,25186728,199901,12770722442021590510,20,S3_P20,196260:200390,0xc36442b4a4522e871399cd717abdd847ab11fe88:196260:200390,0xc36442b4a4522e871399cd717abdd847ab11fe88,196260,200390,33467064267190909,0.0026206085379374,4130,3641,489,489,8103405391571.6486682808716707,0.0000006345299123,42.5698142823550555,42.2761525150867504,0.1110352764027866,0.1108158573417574,0.221851133744544,0.1110352764027866,583975167747.1999,582444508328.68315,1530659418.51675,true,true,283192881336689408967.7663778889967932,282457820154528442698.0688560488839384,735061182160966269.6975218401128548,true,true,2935677418924.4462,2927988480665.0225,7688938259.4237,true,true,1420965997343067669804.680965690346509,1417309538410257664100.7108274250635998,3656458932810005703.9701382652829092,true,true,5000000000000,5000000000000,0,false,false,2399712472929971579023,2399712472929971579023,0,false,false
4,0x88e6a0c2ddd26feeb64f039a2c41296fcb3f5640,25176728,199886,12796090500432522125,1,S4_P1,199380:200860,0xc36442b4a4522e871399cd717abdd847ab11fe88:199380:200860,0xc36442b4a4522e871399cd717abdd847ab11fe88,199380,200860,7598705807111945268,0.5938302645526851,1480,506,974,506,5134260680481044.1,0.0004012366652383,42.3479821868347454,42.9091082916762662,59.4426764054210896,62.5587739158634433,122.0014503212845329,62.5587739158634433,585476899944.4787,237988300897.10744,347488599047.37126,true,true,280209506070281776272.6074691319571481,113766341914629785957.648451636502985,166443164155651990314.9590174954541631,true,true,2951032215746.5931,1202614069221.1631,1748418146525.43,true,true,1396464710302012126384.3069864943262448,564848899640066000490.3165349419374941,831615810661946125893.9904515523887507,true,true,5000000000000,2439277027682.0081,2560722972317.9919,false,true,2396122524153645327813,1127669046410732330290.9928065419979952,1268453477742912997522.0071934580020048,false,true
4,0x88e6a0c2ddd26feeb64f039a2c41296fcb3f5640,25176728,199886,12796090500432522125,2,S4_P2,199310:200870,0xc36442b4a4522e871399cd717abdd847ab11fe88:199310:200870,0xc36442b4a4522e871399cd717abdd847ab11fe88,199310,200870,1352857039838262121,0.1057242475576844,1560,576,984,576,867216051178373.1544871794871795,0.0000677719535626,42.3479821868347454,42.9091082916762662,4.9269760213702844,5.1262817554629025,10.0532577768331869,5.1262817554629025,585476899944.4787,523544247963.83915,61932651980.63955,true,true,280209506070281776272.6074691319571481,250579672402059851552.7061153015873431,29629833668221924719.901353830369805,true,true,2951032215746.5931,2640140227212.1235,310891988534.4696,true,true,1396464710302012126384.3069864943262448,1248398202110418509451.1230510867690864,148066508191593616933.1839354075571584,true,true,5000000000000,5000000000000,0,false,false,2396122524153645327813,2396122524153645327813,0,false,false
4,0x88e6a0c2ddd26feeb64f039a2c41296fcb3f5640,25176728,199886,12796090500432522125,3,S4_P3,198060:200130,0xc36442b4a4522e871399cd717abdd847ab11fe88:198060:200130,0xc36442b4a4522e871399cd717abdd847ab11fe88,198060,200130,892287530697189504,0.0697312613307189,2070,1826,244,244,431056778114584.3014492753623188,0.0000336865996767,42.3479821868347454,42.9091082916762662,3.1264649921628057,3.2479894458155193,6.374454437978325,3.2479894458155193,585476899944.4787,544631078812.18575,40845821132.29295,true,true,280209506070281776272.6074691319571481,260666762380367409008.344547423619957,19542743689914367264.2629217083371911,true,true,2951032215746.5931,2746060102591.9886,204972113154.6045,true,true,1396464710302012126384.3069864943262448,1298797672288205587138.8443324410716864,97667038013806539245.4626540532545584,true,true,5000000000000,5000000000000,0,false,false,2396122524153645327813,2396122524153645327813,0,false,false
4,0x88e6a0c2ddd26feeb64f039a2c41296fcb3f5640,25176728,199886,12796090500432522125,4,S4_P4,195610:209470,0xc36442b4a4522e871399cd717abdd847ab11fe88:195610:209470,0xc36442b4a4522e871399cd717abdd847ab11fe88,195610,209470,352854813796027778,0.0275752046130106,13860,4276,9584,4276,25458500273883.6780663780663781,0.0000019895530024,42.3479821868347454,42.9091082916762662,1.1837905823637831,1.2278433837899247,2.4116339661537078,1.2278433837899247,585476899944.4787,569325566268.6064,16151333675.8723,true,true,280209506070281776272.6074691319571481,272481306933452081342.5262914101879282,7728199136829694930.0811777217692199,true,true,2951032215746.5931,2870007075322.4516,81025140424.1415,true,true,1396464710302012126384.3069864943262448,1357839389975748864738.2524105241156192,38625320326263261646.0545759702106256,true,true,5000000000000,5000000000000,0,false,false,2396122524153645327813,2396122524153645327813,0,false,false
4,0x88e6a0c2ddd26feeb64f039a2c41296fcb3f5640,25176728,199886,12796090500432522125,5,S4_P5,194710:212350,0xc36442b4a4522e871399cd717abdd847ab11fe88:194710:212350,0xc36442b4a4522e871399cd717abdd847ab11fe88,194710,212350,172327479146938053,0.0134671975898508,17640,5176,12464,5176,9769131470914.8556122448979592,0.0000007634465754,42.3479821868347454,42.9091082916762662,0.5700283933513753,0.5909451208713356,1.1609735142227109,0.5909451208713356,585476899944.4787,577589075078.20655,7887824866.27215,true,true,280209506070281776272.6074691319571481,276435203517068602309.1761215541310406,3774302553213173963.4313475778261075,true,true,2951032215746.5931,2911465556814.6158,39566658931.9773,true,true,1396464710302012126384.3069864943262448,1377600525028110169314.5663216890249552,18864185273901957069.7406648053012896,true,true,5000000000000,5000000000000,0,false,false,2396122524153645327813,2396122524153645327813,0,false,false
4,0x88e6a0c2ddd26feeb64f039a2c41296fcb3f5640,25176728,199886,12796090500432522125,6,S4_P6,199260:200230,0xc36442b4a4522e871399cd717abdd847ab11fe88:199260:200230,0xc36442b4a4522e871399cd717abdd847ab11fe88,199260,200230,123391947885418078,0.0096429411687302,970,626,344,344,127208193696307.2969072164948454,0.0000099411764626,42.3479821868347454,42.9091082916762662,0.4066119024727037,0.4214762832184861,0.8280881856911898,0.4214762832184861,585476899944.4787,579828999873.6991,5647900070.7796,true,true,280209506070281776272.6074691319571481,277506985678707922517.0118372023910321,2702520391573853755.595631929566116,true,true,2951032215746.5931,2922702057647.7368,28330158098.8563,true,true,1396464710302012126384.3069864943262448,1382957294524103351527.9930129906503712,13507415777908774856.3139735036758736,true,true,5000000000000,5000000000000,0,false,false,2396122524153645327813,2396122524153645327813,0,false,false
4,0x88e6a0c2ddd26feeb64f039a2c41296fcb3f5640,25176728,199886,12796090500432522125,7,S4_P7,198430:201100,0xc36442b4a4522e871399cd717abdd847ab11fe88:198430:201100,0xc36442b4a4522e871399cd717abdd847ab11fe88,198430,201100,114728480099249526,0.0089659009597792,2670,1456,1214,1214,42969468201966.1146067415730337,0.0000033580153407,42.3479821868347454,42.9091082916762662,0.3778098553600006,0.3916122106586316,0.7694220660186322,0.3916122106586316,585476899944.4787,580225549348.0946,5251350596.3841,true,true,280209506070281776272.6074691319571481,277696731914014341643.1173769551843878,2512774156267434629.4900921767727603,true,true,2951032215746.5931,2924691279616.0457,26340936130.5474,true,true,1396464710302012126384.3069864943262448,1383905652727750524322.5432485169321792,12559057574261602061.7637379773940656,true,true,5000000000000,5000000000000,0,false,false,2396122524153645327813,2396122524153645327813,0,false,false
4,0x88e6a0c2ddd26feeb64f039a2c41296fcb3f5640,25176728,199886,12796090500432522125,8,S4_P8,197610:199940,0xc36442b4a4522e871399cd717abdd847ab11fe88:197610:199940,0xc36442b4a4522e871399cd717abdd847ab11fe88,197610,199940,118114933958354994,0.009230548498728,2330,2276,54,54,50693104703156.6497854077253219,0.0000039616087977,42.3479821868347454,42.9091082916762662,0.3890636621965605,0.2796469397827236,0.6687106019792841,0.3890636621965605,585476899944.4787,580070542194.78595,5406357749.69275,true,true,280209506070281776272.6074691319571481,277622562150592933122.4011447418530264,2586943919688843150.2063243901041217,true,true,2951032215746.5931,2923913717046.4418,27118498700.1513,true,true,1396464710302012126384.3069864943262448,1387058385799960308645.3691334217962208,9406324502051817738.937853072530024,true,true,5000000000000,5000000000000,0,false,false,2396122524153645327813,2396122524153645327813,0,false,false
4,0x88e6a0c2ddd26feeb64f039a2c41296fcb3f5640,25176728,199886,12796090500432522125,9,S4_P9,195610:200290,0xc36442b4a4522e871399cd717abdd847ab11fe88:195610:200290,0xc36442b4a4522e871399cd717abdd847ab11fe88,195610,200290,82346613047210432,0.0064352946741372,4680,4276,404,404,17595430138292.8273504273504274,0.0000013750629646,42.3479821868347454,42.9091082916762662,0.2704960695030449,0.2803537177770603,0.5508497872801052,0.2803537177770603,585476899944.4787,581707747022.28955,3769152922.18915,true,true,280209506070281776272.6074691319571481,278405957278401420950.4797899945601193,1803548791880355322.1276791373970288,true,true,2951032215746.5931,2932126310268.236,18905905478.3571,true,true,1396464710302012126384.3069864943262448,1387450390857148117548.311884643520408,9014319444864008835.9951018508058368,true,true,5000000000000,5000000000000,0,false,false,2396122524153645327813,2396122524153645327813,0,false,false
4,0x88e6a0c2ddd26feeb64f039a2c41296fcb3f5640,25176728,199886,12796090500432522125,10,S4_P10,196950:206450,0xc36442b4a4522e871399cd717abdd847ab11fe88:196950:206450,0xc36442b4a4522e871399cd717abdd847ab11fe88,196950,206450,65989735192964238,0.0051570231697512,9500,2936,6564,2936,6946287915048.8671578947368421,0.0000005428445442,42.3479821868347454,42.9091082916762662,0.2164929002602497,0.2243727388761434,0.4408656391363931,0.2243727388761434,585476899944.4787,582456436608.38715,3020463336.09155,true,true,280209506070281776272.6074691319571481,278764204818268819457.8489932730449165,1445301252012956814.7584758589122316,true,true,2951032215746.5931,2935881818644.5569,15150397102.0362,true,true,1396464710302012126384.3069864943262448,1389240934236623119989.7384285432662992,7223776065389006394.5685579510599456,true,true,5000000000000,5000000000000,0,false,false,2396122524153645327813,2396122524153645327813,0,false,false
4,0x88e6a0c2ddd26feeb64f039a2c41296fcb3f5640,25176728,199886,12796090500432522125,11,S4_P11,198490:200310,0xc36442b4a4522e871399cd717abdd847ab11fe88:198490:200310,0xc36442b4a4522e871399cd717abdd847ab11fe88,198490,200310,60812354805788994,0.004752416748204,1820,1396,424,424,33413381761422.5241758241758242,0.0000026112179935,42.3479821868347454,42.9091082916762662,0.1994278451036321,0.2066837221971889,0.406111567300821,0.2066837221971889,585476899944.4787,582693416269.03285,2783483675.44585,true,true,280209506070281776272.6074691319571481,278877599069659664862.0903099738231717,1331907000622111410.5171591581339764,true,true,2951032215746.5931,2937070520450.3084,13961695296.2847,true,true,1396464710302012126384.3069864943262448,1389807689221486572543.0059168911655424,6657021080525553841.3010696031607024,true,true,5000000000000,5000000000000,0,false,false,2396122524153645327813,2396122524153645327813,0,false,false
4,0x88e6a0c2ddd26feeb64f039a2c41296fcb3f5640,25176728,199886,12796090500432522125,12,S4_P12,199440:200050,0xc36442b4a4522e871399cd717abdd847ab11fe88:199440:200050,0xc36442b4a4522e871399cd717abdd847ab11fe88,199440,200050,59412542517646276,0.0046430230010985,610,446,164,164,97397610684666.0262295081967213,0.0000076115131166,42.3479821868347454,42.9091082916762662,0.1948162923626686,0.2015451398442147,0.3963614322068833,0.2015451398442147,585476899944.4787,582757487834.2667,2719412110.212,true,true,280209506070281776272.6074691319571481,278908258048030891636.4404465975579149,1301248022250884636.1670225343992332,true,true,2951032215746.5931,2937391909537.8299,13640306208.7632,true,true,1396464710302012126384.3069864943262448,1389970840329633436665.7707953741427952,6493869972378689718.5361911201834496,true,true,5000000000000,5000000000000,0,false,false,2396122524153645327813,2396122524153645327813,0,false,false
4,0x88e6a0c2ddd26feeb64f039a2c41296fcb3f5640,25176728,199886,12796090500432522125,13,S4_P13,199350:200310,0xc36442b4a4522e871399cd717abdd847ab11fe88:199350:200310,0xc36442b4a4522e871399cd717abdd847ab11fe88,199350,200310,56496176778503430,0.0044151123170467,960,536,424,424,58850184144274.40625,0.0000045990753303,42.3479821868347454,42.9091082916762662,0.1852117925005134,0.1919482381161357,0.3771600306166491,0.1919482381161357,585476899944.4787,582890975114.54365,2585924829.93505,true,true,280209506070281776272.6074691319571481,278972131436171719422.3494410476602268,1237374634110056850.2580280842969213,true,true,2951032215746.5931,2938061488508.4557,12970727238.1374,true,true,1396464710302012126384.3069864943262448,1390280171000427644384.4193837809690352,6184539301584481999.8876027133572096,true,true,5000000000000,5000000000000,0,false,false,2396122524153645327813,2396122524153645327813,0,false,false
4,0x88e6a0c2ddd26feeb64f039a2c41296fcb3f5640,25176728,199886,12796090500432522125,14,S4_P14,199260:200220,0xc36442b4a4522e871399cd717abdd847ab11fe88:199260:200220,0xc36442b4a4522e871399cd717abdd847ab11fe88,199260,200220,53799563413955728,0.0042043750325255,960,626,334,334,56041211889537.2166666666666667,0.0000043795573255,42.3479821868347454,42.9091082916762662,0.1763348350728737,0.1827471046756978,0.3590819397485715,0.1827471046756978,585476899944.4787,583014404578.76145,2462495365.71725,true,true,280209506070281776272.6074691319571481,279031192410867236325.3641447557179513,1178313659414539947.2433243762391968,true,true,2951032215746.5931,2938680612310.3481,12351603436.245,true,true,1396464710302012126384.3069864943262448,1390575363181770399420.2531995902070848,5889347120241726964.05378690411916,true,true,5000000000000,5000000000000,0,false,false,2396122524153645327813,2396122524153645327813,0,false,false
4,0x88e6a0c2ddd26feeb64f039a2c41296fcb3f5640,25176728,199886,12796090500432522125,15,S4_P15,199280:200250,0xc36442b4a4522e871399cd717abdd847ab11fe88:199280:200250,0xc36442b4a4522e871399cd717abdd847ab11fe88,199280,200250,53150446476606666,0.0041536472780347,970,606,364,364,54794274718151.2020618556701031,0.0000042821105959,42.3479821868347454,42.9091082916762662,0.1741985591813486,0.1805328386599465,0.3547313978412951,0.1805328386599465,585476899944.4787,583044116737.9791,2432783206.4996,true,true,280209506070281776272.6074691319571481,279045409436604540512.901377274599892,1164096633677235759.7060918573572561,true,true,2951032215746.5931,2938829645027.2469,12202570719.3462,true,true,1396464710302012126384.3069864943262448,1390646420577395175435.8496577369913728,5818289724616950948.457328757334872,true,true,5000000000000,5000000000000,0,false,false,2396122524153645327813,2396122524153645327813,0,false,false
4,0x88e6a0c2ddd26feeb64f039a2c41296fcb3f5640,25176728,199886,12796090500432522125,16,S4_P16,199590:201360,0xc36442b4a4522e871399cd717abdd847ab11fe88:199590:201360,0xc36442b4a4522e871399cd717abdd847ab11fe88,199590,201360,47083077983034019,0.003679489292565,1770,296,1474,296,26600609029962.7225988700564972,0.0000020788075099,42.3479821868347454,42.9091082916762662,0.1542409268987369,0.1598469177044062,0.3140878446031431,0.1598469177044062,585476899944.4787,583321831005.46285,2155068939.01585,true,true,280209506070281776272.6074691319571481,279178296738561235664.5405621559419026,1031209331720540608.0669069760152455,true,true,2951032215746.5931,2940222662048.9054,10809553697.6877,true,true,1396464710302012126384.3069864943262448,1391310602165195707440.66393686097732,5154108136816418943.6430496333489248,true,true,5000000000000,5000000000000,0,false,false,2396122524153645327813,2396122524153645327813,0,false,false
4,0x88e6a0c2ddd26feeb64f039a2c41296fcb3f5640,25176728,199886,12796090500432522125,17,S4_P17,199820:201360,0xc36442b4a4522e871399cd717abdd847ab11fe88:199820:201360,0xc36442b4a4522e871399cd717abdd847ab11fe88,199820,201360,44163081924240662,0.0034512949031384,1540,66,1474,66,28677325924831.5987012987012987,0.0000022411005865,42.3479821868347454,42.9091082916762662,0.1129888536082139,0.1498986785080091,0.262887532116223,0.1498986785080091,585476899944.4787,583455484703.5094,2021415240.9693,true,true,280209506070281776272.6074691319571481,279242250448448478229.9836822937905651,967255621833298042.623786838166583,true,true,2951032215746.5931,2942862519620.2277,8169696126.3654,true,true,1396464710302012126384.3069864943262448,1391630248183548366599.0380383656828096,4834462118463759785.2689481286434352,true,true,5000000000000,5000000000000,0,false,false,2396122524153645327813,2396122524153645327813,0,false,false
4,0x88e6a0c2ddd26feeb64f039a2c41296fcb3f5640,25176728,199886,12796090500432522125,18,S4_P18,193130:200340,0xc36442b4a4522e871399cd717abdd847ab11fe88:193130:200340,0xc36442b4a4522e871399cd717abdd847ab11fe88,193130,200340,37619268342446439,0.0029399032728922,7210,6756,454,454,5217651642502.9735090152565881,0.0000004077535746,42.3479821868347454,42.9091082916762662,0.1231484217301365,0.1276211421755584,0.2507695639056949,0.1276211421755584,585476899944.4787,583755007630.7642,1721892313.7145,true,true,280209506070281776272.6074691319571481,279385572053174081364.7996449297730662,823934017107694907.8078242021840819,true,true,2951032215746.5931,2942395454766.3284,8636760980.2647,true,true,1396464710302012126384.3069864943262448,1392346586464513026867.8357187725978224,4118123837499099516.4712677217284224,true,true,5000000000000,5000000000000,0,false,false,2396122524153645327813,2396122524153645327813,0,false,false
4,0x88e6a0c2ddd26feeb64f039a2c41296fcb3f5640,25176728,199886,12796090500432522125,19,S4_P19,199470:200180,0xc36442b4a4522e871399cd717abdd847ab11fe88:199470:200180,0xc36442b4a4522e871399cd717abdd847ab11fe88,199470,200180,35883334251572298,0.0028042419870631,710,416,294,294,50539907396580.7014084507042254,0.0000039496366015,42.3479821868347454,42.9091082916762662,0.117450080735229,0.1217152690023903,0.2391653497376193,0.1217152690023903,585476899944.4787,583834464024.8651,1642435919.6136,true,true,280209506070281776272.6074691319571481,279423592506731080779.7847070019002228,785913563550695492.8227621300569253,true,true,2951032215746.5931,2942794004485.5626,8238211261.0305,true,true,1396464710302012126384.3069864943262448,1392536616009156395715.029300359559696,3928094292855730669.2776861347665488,true,true,5000000000000,5000000000000,0,false,false,2396122524153645327813,2396122524153645327813,0,false,false
4,0x88e6a0c2ddd26feeb64f039a2c41296fcb3f5640,25176728,199886,12796090500432522125,20,S4_P20,196260:200390,0xc36442b4a4522e871399cd717abdd847ab11fe88:196260:200390,0xc36442b4a4522e871399cd717abdd847ab11fe88,196260,200390,33467064267190909,0.0026154132206286,4130,3626,504,504,8103405391571.6486682808716707,0.0000006332719663,42.3479821868347454,42.9091082916762662,0.1095210121878011,0.1134975364251069,0.223018548612908,0.1134975364251069,585476899944.4787,583945060840.30565,1531839104.17305,true,true,280209506070281776272.6074691319571481,279476513067712095796.0220123885228466,732993002569680476.5854567434343015,true,true,2951032215746.5931,2943348750170.8979,7683465575.6952,true,true,1396464710302012126384.3069864943262448,1392801120460145530375.3674507370002608,3663589841866596008.939535757325984,true,true,5000000000000,5000000000000,0,false,false,2396122524153645327813,2396122524153645327813,0,false,false
5,0x88e6a0c2ddd26feeb64f039a2c41296fcb3f5640,25166728,199809,12887524480049428612,1,S5_P1,199380:200860,0xc36442b4a4522e871399cd717abdd847ab11fe88:199380:200860,0xc36442b4a4522e871399cd717abdd847ab11fe88,199380,200860,7598705807111945268,0.5896171773621183,1480,429,1051,429,5134260680481044.1,0.0003983899847041,41.768254454410443,42.5461098899843873,57.6248585555693993,63.3010890876098157,120.925947643179215,63.3010890876098157,592074675309.8826,243534667495.05456,348540007814.82804,true,true,280929246698146315135.8840817179862798,114970411990334170552.0152593441215972,165958834707812144583.8688223738646826,true,true,2992059887200.7087,1235609438606.7118,1756450448593.9969,true,true,1397248167735524339961.215868432511436,568783316379338714314.1712638461985735,828464851356185625647.0446045863128625,true,true,5000000000000,2508749094675.0215,2491250905324.9785,false,true,2377596495361631978774,1127109102699947571171.424629954997931,1250487392661684407602.575370045002069,false,true
5,0x88e6a0c2ddd26feeb64f039a2c41296fcb3f5640,25166728,199809,12887524480049428612,2,S5_P2,199310:200870,0xc36442b4a4522e871399cd717abdd847ab11fe88:199310:200870,0xc36442b4a4522e871399cd717abdd847ab11fe88,199310,200870,1352857039838262121,0.1049741586859879,1560,499,1061,499,867216051178373.1544871794871795,0.0000672911273628,41.768254454410443,42.5461098899843873,4.7994186790967897,5.061985091470838,9.8614037705676277,5.061985091470838,592074675309.8826,529839989484.65555,62234685825.22705,true,true,280929246698146315135.8840817179862798,251427891624593245783.5868257309087675,29501355073553069352.2972559870775123,true,true,2992059887200.7087,2679166957939.7828,312892929260.9259,true,true,1397248167735524339961.215868432511436,1249622852203022352940.640644422698396,147625315532501987020.57522400981304,true,true,5000000000000,5000000000000,0,false,false,2377596495361631978774,2377596495361631978774,0,false,false
5,0x88e6a0c2ddd26feeb64f039a2c41296fcb3f5640,25166728,199809,12887524480049428612,3,S5_P3,198060:200130,0xc36442b4a4522e871399cd717abdd847ab11fe88:198060:200130,0xc36442b4a4522e871399cd717abdd847ab11fe88,198060,200130,892287530697189504,0.0692365342993915,2070,1749,321,321,431056778114584.3014492753623188,0.0000334476011108,41.768254454410443,42.5461098899843873,3.0466208682498879,3.2080702410371055,6.2546911092869934,3.2080702410371055,592074675309.8826,551037958707.51785,41036716602.36475,true,true,280929246698146315135.8840817179862798,261470842360040397199.0512598929106546,19458404338105917936.8328218250756252,true,true,2992059887200.7087,2785799415193.355,206260472007.3537,true,true,1397248167735524339961.215868432511436,1299860232273095994890.77300305122288,97387935462428345070.442865381288556,true,true,5000000000000,5000000000000,0,false,false,2377596495361631978774,2377596495361631978774,0,false,false
5,0x88e6a0c2ddd26feeb64f039a2c41296fcb3f5640,25166728,199809,12887524480049428612,4,S5_P4,195610:209470,0xc36442b4a4522e871399cd717abdd847ab11fe88:195610:209470,0xc36442b4a4522e871399cd717abdd847ab11fe88,195610,209470,352854813796027778,0.027379564969383,13860,4199,9661,4199,25458500273883.6780663780663781,0.000001975437588,41.768254454410443,42.5461098899843873,1.1539978275373508,1.2130572458908256,2.3670550734281764,1.2130572458908256,592074675309.8826,575851042924.3849,16223632385.4977,true,true,280929246698146315135.8840817179862798,273234174313517417522.7744395442377207,7695072384628897613.1096421737485591,true,true,2992059887200.7087,2910547163126.6129,81512724074.0958,true,true,1397248167735524339961.215868432511436,1358728403554797040527.986136351986867,38519764180727299433.229732080524569,true,true,5000000000000,5000000000000,0,false,false,2377596495361631978774,2377596495361631978774,0,false,false
5,0x88e6a0c2ddd26feeb64f039a2c41296fcb3f5640,25166728,199809,12887524480049428612,5,S5_P5,194710:212350,0xc36442b4a4522e871399cd717abdd847ab11fe88:194710:212350,0xc36442b4a4522e871399cd717abdd847ab11fe88,194710,212350,172327479146938053,0.0133716509647536,17640,5099,12541,5099,9769131470914.8556122448979592,0.0000007580301,41.768254454410443,42.5461098899843873,0.5557473830250982,0.5838743885131731,1.1396217715382713,0.5838743885131731,592074675309.8826,584152006795.31915,7922668514.56345,true,true,280929246698146315135.8840817179862798,277171081421544465134.7353458319340364,3758165276601850001.1487358860522434,true,true,2992059887200.7087,2952259633327.9106,39800253872.7981,true,true,1397248167735524339961.215868432511436,1378434788051653157438.799699318200099,18813379683871182522.416169114311337,true,true,5000000000000,5000000000000,0,false,false,2377596495361631978774,2377596495361631978774,0,false,false
5,0x88e6a0c2ddd26feeb64f039a2c41296fcb3f5640,25166728,199809,12887524480049428612,6,S5_P6,199260:200230,0xc36442b4a4522e871399cd717abdd847ab11fe88:199260:200230,0xc36442b4a4522e871399cd717abdd847ab11fe88,199260,200230,123391947885418078,0.0095745267507686,970,549,421,421,127208193696307.2969072164948454,0.0000098706461348,41.768254454410443,42.5461098899843873,0.3964381482180381,0.4164416650365357,0.8128798132545738,0.4164416650365357,592074675309.8826,586401913737.2101,5672761572.6725,true,true,280929246698146315135.8840817179862798,278238272956887764925.5199003432657105,2690973741258550210.3641813747205693,true,true,2992059887200.7087,2963563303069.3727,28496584131.336,true,true,1397248167735524339961.215868432511436,1383776994690910302819.6125656263187685,13471173044614037141.6033028061926675,true,true,5000000000000,5000000000000,0,false,false,2377596495361631978774,2377596495361631978774,0,false,false
5,0x88e6a0c2ddd26feeb64f039a2c41296fcb3f5640,25166728,199809,12887524480049428612,7,S5_P7,197610:199940,0xc36442b4a4522e871399cd717abdd847ab11fe88:197610:199940,0xc36442b4a4522e871399cd717abdd847ab11fe88,197610,199940,118114933958354994,0.0091650599105517,2330,2199,131,131,50693104703156.6497854077253219,0.0000039335021075,41.768254454410443,42.5461098899843873,0.3793303242780705,0.3846676786525416,0.7639980029306121,0.3846676786525416,592074675309.8826,586644529255.6435,5430146054.2391,true,true,280929246698146315135.8840817179862798,278353355646119304755.0219984997186062,2575891052027010380.8620832182676736,true,true,2992059887200.7087,2964782166534.4124,27277720666.2963,true,true,1397248167735524339961.215868432511436,1384738139098494006444.726231781446779,12510028637030333516.489636651064657,true,true,5000000000000,5000000000000,0,false,false,2377596495361631978774,2377596495361631978774,0,false,false
5,0x88e6a0c2ddd26feeb64f039a2c41296fcb3f5640,25166728,199809,12887524480049428612,8,S5_P8,198430:201100,0xc36442b4a4522e871399cd717abdd847ab11fe88:198430:201100,0xc36442b4a4522e871399cd717abdd847ab11fe88,198430,201100,114728480099249526,0.0089022899841514,2670,1379,1291,1291,42969468201966.1146067415730337,0.0000033341910053,41.768254454410443,42.5461098899843873,0.368358902854429,0.3869356633409779,0.7552945661954069,0.3869356633409779,592074675309.8826,586800223574.65935,5274451735.22325,true,true,280929246698146315135.8840817179862798,278427207703829055876.663414406849107,2502038994317259259.2206673111371728,true,true,2992059887200.7087,2965564347847.5212,26495539353.1875,true,true,1397248167735524339961.215868432511436,1384722786877117035337.781640196612364,12525380858407304623.434228235899072,true,true,5000000000000,5000000000000,0,false,false,2377596495361631978774,2377596495361631978774,0,false,false
5,0x88e6a0c2ddd26feeb64f039a2c41296fcb3f5640,25166728,199809,12887524480049428612,9,S5_P9,195610:200290,0xc36442b4a4522e871399cd717abdd847ab11fe88:195610:200290,0xc36442b4a4522e871399cd717abdd847ab11fe88,195610,200290,82346613047210432,0.0063896377597332,4680,4199,481,481,17595430138292.8273504273504274,0.0000013653072136,41.768254454410443,42.5461098899843873,0.2637353346976153,0.2770093170855244,0.5407446517831397,0.2770093170855244,592074675309.8826,588288979507.89395,3785695801.98865,true,true,280929246698146315135.8840817179862798,279133399257695747202.0690035401195341,1795847440450567933.8150781778667457,true,true,2992059887200.7087,2973043384494.8027,19016502705.906,true,true,1397248167735524339961.215868432511436,1388257964489475745435.0423751790153845,8990203246048594526.1734932534960515,true,true,5000000000000,5000000000000,0,false,false,2377596495361631978774,2377596495361631978774,0,false,false
5,0x88e6a0c2ddd26feeb64f039a2c41296fcb3f5640,25166728,199809,12887524480049428612,10,S5_P10,196950:206450,0xc36442b4a4522e871399cd717abdd847ab11fe88:196950:206450,0xc36442b4a4522e871399cd717abdd847ab11fe88,196950,206450,65989735192964238,0.0051204352934592,9500,2859,6641,2859,6946287915048.8671578947368421,0.0000005389931888,41.768254454410443,42.5461098899843873,0.2110842337101517,0.2216975724916805,0.4327818062018322,0.2216975724916805,592074675309.8826,589040969601.7451,3033705708.1375,true,true,280929246698146315135.8840817179862798,279490114870456763907.895576526360177,1439131827689551227.9885051916261028,true,true,2992059887200.7087,2976821010928.907,15238876271.8017,true,true,1397248167735524339961.215868432511436,1390043695284826688305.555482952190135,7204472450697651655.660385480321301,true,true,5000000000000,5000000000000,0,false,false,2377596495361631978774,2377596495361631978774,0,false,false
5,0x88e6a0c2ddd26feeb64f039a2c41296fcb3f5640,25166728,199809,12887524480049428612,11,S5_P11,199590:199850,0xc36442b4a4522e871399cd717abdd847ab11fe88:199590:199850,0xc36442b4a4522e871399cd717abdd847ab11fe88,199590,199850,81499561520180447,0.0063239112869462,260,219,41,41,313459852000694.0269230769230769,0.000024322735719,41.768254454410443,42.5461098899843873,0.2610055327425802,0.1639736738398272,0.4249792065824074,0.2610055327425802,592074675309.8826,588327921648.7979,3746753661.0847,true,true,280929246698146315135.8840817179862798,279151871837595200334.7768979703087476,1777374860551114801.1071837476775322,true,true,2992059887200.7087,2973239014641.902,18820872558.8067,true,true,1397248167735524339961.215868432511436,1391756629597435264179.0721860549810515,5491538138089075782.1436823775303845,true,true,5000000000000,5000000000000,0,false,false,2377596495361631978774,2377596495361631978774,0,false,false
5,0x88e6a0c2ddd26feeb64f039a2c41296fcb3f5640,25166728,199809,12887524480049428612,12,S5_P12,198490:200310,0xc36442b4a4522e871399cd717abdd847ab11fe88:198490:200310,0xc36442b4a4522e871399cd717abdd847ab11fe88,198490,200310,60613505616126583,0.0047032698723451,1820,1319,501,501,33304123964904.7159340659340659,0.0000025842142156,41.768254454410443,42.5461098899843873,0.193807424091206,0.2035488789020557,0.3973563029932617,0.2035488789020557,592074675309.8826,589288134946.70515,2786540363.17745,true,true,280929246698146315135.8840817179862798,279607361893095132197.3932786611173231,1321884805051182938.4908030568689567,true,true,2992059887200.7087,2978062621556.5448,13997265644.1639,true,true,1397248167735524339961.215868432511436,1390630638572350749906.447518495646302,6617529163173590054.768349936865134,true,true,5000000000000,5000000000000,0,false,false,2377596495361631978774,2377596495361631978774,0,false,false
5,0x88e6a0c2ddd26feeb64f039a2c41296fcb3f5640,25166728,199809,12887524480049428612,13,S5_P13,199440:200050,0xc36442b4a4522e871399cd717abdd847ab11fe88:199440:200050,0xc36442b4a4522e871399cd717abdd847ab11fe88,199440,200050,59412542517646276,0.0046100818360904,610,369,241,241,97397610684666.0262295081967213,0.0000075575112067,41.768254454410443,42.5461098899843873,0.1899500075610758,0.1994968624146125,0.3894468699756883,0.1994968624146125,592074675309.8826,589343346599.42675,2731328710.45585,true,true,280929246698146315135.8840817179862798,279633553157811856835.057315904688055,1295693540334458300.8267658132982248,true,true,2992059887200.7087,2978339974960.1807,13719912240.528,true,true,1397248167735524339961.215868432511436,1390761752562336980379.3335470540838585,6486415173187359581.8823213784275775,true,true,5000000000000,5000000000000,0,false,false,2377596495361631978774,2377596495361631978774,0,false,false
5,0x88e6a0c2ddd26feeb64f039a2c41296fcb3f5640,25166728,199809,12887524480049428612,14,S5_P14,199350:200310,0xc36442b4a4522e871399cd717abdd847ab11fe88:199350:200310,0xc36442b4a4522e871399cd717abdd847ab11fe88,199350,200310,56496176778503430,0.0043837881251719,960,459,501,459,58850184144274.40625,0.0000045664459637,41.768254454410443,42.5461098899843873,0.180585765068662,0.1896603558361941,0.3702461209048561,0.1896603558361941,592074675309.8826,589477421596.1388,2597253713.7438,true,true,280929246698146315135.8840817179862798,279697153359317993969.2829765186878519,1232093338828321166.6011051992984279,true,true,2992059887200.7087,2979013484804.8652,13046402395.8435,true,true,1397248167735524339961.215868432511436,1391080143941593319865.4308569645057675,6168023793931020095.7850114680056685,true,true,5000000000000,5000000000000,0,false,false,2377596495361631978774,2377596495361631978774,0,false,false
5,0x88e6a0c2ddd26feeb64f039a2c41296fcb3f5640,25166728,199809,12887524480049428612,15,S5_P15,199260:200220,0xc36442b4a4522e871399cd717abdd847ab11fe88:199260:200220,0xc36442b4a4522e871399cd717abdd847ab11fe88,199260,200220,53799563413955728,0.004174545972521,960,549,411,411,56041211889537.2166666666666667,0.000004348485388,41.768254454410443,42.5461098899843873,0.1719308409727387,0.1805690860777459,0.3524999270504846,0.1805690860777459,592074675309.8826,589601394186.46265,2473281123.41995,true,true,280929246698146315135.8840817179862798,279755962391406268546.1969107658369144,1173284306740046589.6871709521493654,true,true,2992059887200.7087,2979636240415.7198,12423646784.9889,true,true,1397248167735524339961.215868432511436,1391374544975196783742.7040696284704385,5873622760327556218.5117988040409975,true,true,5000000000000,5000000000000,0,false,false,2377596495361631978774,2377596495361631978774,0,false,false
5,0x88e6a0c2ddd26feeb64f039a2c41296fcb3f5640,25166728,199809,12887524480049428612,16,S5_P16,199280:200250,0xc36442b4a4522e871399cd717abdd847ab11fe88:199280:200250,0xc36442b4a4522e871399cd717abdd847ab11fe88,199280,200250,53150446476606666,0.0041241781196138,970,529,441,441,54794274718151.2020618556701031,0.0000042517300202,41.768254454410443,42.5461098899843873,0.1698479942438567,0.1783812485536827,0.3482292427975394,0.1783812485536827,592074675309.8826,589631236423.38405,2443438886.49855,true,true,280929246698146315135.8840817179862798,279770118518497182729.3175733552610077,1159128179649132406.5665083627252721,true,true,2992059887200.7087,2979786147073.0097,12273740127.699,true,true,1397248167735524339961.215868432511436,1391445411926339167691.082327549780275,5802755809185172270.133540882731161,true,true,5000000000000,5000000000000,0,false,false,2377596495361631978774,2377596495361631978774,0,false,false
5,0x88e6a0c2ddd26feeb64f039a2c41296fcb3f5640,25166728,199809,12887524480049428612,17,S5_P17,199590:201360,0xc36442b4a4522e871399cd717abdd847ab11fe88:199590:201360,0xc36442b4a4522e871399cd717abdd847ab11fe88,199590,201360,47083077983034019,0.0036533841744333,1770,219,1551,219,26600609029962.7225988700564972,0.0000020640588556,41.768254454410443,42.5461098899843873,0.1503894049946438,0.1579422405807565,0.3083316455754003,0.1579422405807565,592074675309.8826,589910171610.0724,2164503699.8102,true,true,280929246698146315135.8840817179862798,279902437853940680349.7929701346658467,1026808844205634786.0911115833204331,true,true,2992059887200.7087,2981187328287.2417,10872558913.467,true,true,1397248167735524339961.215868432511436,1392107814513864061262.4073475599452335,5140353221660278698.8085208725662025,true,true,5000000000000,5000000000000,0,false,false,2377596495361631978774,2377596495361631978774,0,false,false
5,0x88e6a0c2ddd26feeb64f039a2c41296fcb3f5640,25166728,199809,12887524480049428612,18,S5_P18,193130:200340,0xc36442b4a4522e871399cd717abdd847ab11fe88:193130:200340,0xc36442b4a4522e871399cd717abdd847ab11fe88,193130,200340,37619268342446439,0.0029190453450298,7210,6679,531,531,5217651642502.9735090152565881,0.0000004048606581,41.768254454410443,42.5461098899843873,0.1200740700329136,0.126100925180092,0.2461749952130056,0.126100925180092,592074675309.8826,590345248380.1783,1729426929.7043,true,true,280929246698146315135.8840817179862798,280108828103928391722.5639502981822479,820418594217923413.3201314198040319,true,true,2992059887200.7087,2983372834535.9558,8687052664.7529,true,true,1397248167735524339961.215868432511436,1393141026616222903959.1438772707853585,4107141119301436002.0719911617260775,true,true,5000000000000,5000000000000,0,false,false,2377596495361631978774,2377596495361631978774,0,false,false
5,0x88e6a0c2ddd26feeb64f039a2c41296fcb3f5640,25166728,199809,12887524480049428612,19,S5_P19,199470:200180,0xc36442b4a4522e871399cd717abdd847ab11fe88:199470:200180,0xc36442b4a4522e871399cd717abdd847ab11fe88,199470,200180,35883334251572298,0.0027843465443749,710,339,371,339,50539907396580.7014084507042254,0.0000039216148512,41.768254454410443,42.5461098899843873,0.11451811907976,0.1202654815262417,0.2347836006060017,0.1202654815262417,592074675309.8826,590425054107.28775,1649621202.59485,true,true,280929246698146315135.8840817179862798,280146686977639128604.1076944587261281,782559720507186531.7763872592601517,true,true,2992059887200.7087,2983773713453.1695,8286173747.5392,true,true,1397248167735524339961.215868432511436,1393330548060372539083.759137217067762,3917619675151800877.456731215443674,true,true,5000000000000,5000000000000,0,false,false,2377596495361631978774,2377596495361631978774,0,false,false
5,0x88e6a0c2ddd26feeb64f039a2c41296fcb3f5640,25166728,199809,12887524480049428612,20,S5_P20,199670:199820,0xc36442b4a4522e871399cd717abdd847ab11fe88:199670:199820,0xc36442b4a4522e871399cd717abdd847ab11fe88,199670,199820,50480077275827140,0.0039169723676547,150,139,11,11,336533848505514.2666666666666667,0.0000261131491177,41.768254454410443,42.5461098899843873,0.1586327687608551,0.0365705817962365,0.1952033505570916,0.1586327687608551,592074675309.8826,589754000829.81375,2320674480.06885,true,true,280929246698146315135.8840817179862798,280083438045316800876.9516273741660069,845808652829514258.9324543438202729,true,true,2992059887200.7087,2980577046897.3743,11482840303.3344,true,true,1397248167735524339961.215868432511436,1396133430415919917874.4672346039166675,1114737319604422086.7486338285947685,true,true,5000000000000,5000000000000,0,false,false,2377596495361631978774,2377596495361631978774,0,false,false
6,0x88e6a0c2ddd26feeb64f039a2c41296fcb3f5640,25156728,200165,14237236212457917983,1,S6_P1,199380:200860,0xc36442b4a4522e871399cd717abdd847ab11fe88:199380:200860,0xc36442b4a4522e871399cd717abdd847ab11fe88,199380,200860,7598705807111945268,0.5337205686355683,1480,785,695,695,5134260680481044.1,0.0003606220058348,43.4404057442660407,39.0763483203630953,66.8056783717813544,46.6050547639168719,113.4107331356982263,66.8056783717813544,627498361459.2726,261523087340.63508,365975274118.63752,true,true,316086476271846813624.352472971070311,147202062350730423312.5571884999680428,168884413921116390311.7952844711022682,true,true,2867833675658.6924,1140915469803.4553,1726918205855.2371,true,true,1576131306394618292123.093962983738757,732780159597866238963.417019500318119,843351146796752053159.676943483420638,true,true,5000000000000,2242985120151.9824,2757014879848.0176,false,true,2463938921227075913950,1440678507386522807827.998427356547303,1023260413840553106122.001572643452697,false,true
6,0x88e6a0c2ddd26feeb64f039a2c41296fcb3f5640,25156728,200165,14237236212457917983,2,S6_P2,200150:201940,0xc36442b4a4522e871399cd717abdd847ab11fe88:200150:201940,0xc36442b4a4522e871399cd717abdd847ab11fe88,200150,201940,2794337315720186614,0.1962696463008091,1790,15,1775,15,1561082299285020.4547486033519553,0.0001096478470954,43.4404057442660407,39.0763483203630953,2.9285970872635595,9.6757865462634836,12.6043836335270431,9.6757865462634836,627498361459.2726,516282089277.93,111216272181.3426,true,true,316086476271846813624.352472971070311,254060253256114767342.289590573578788,62026223015732046282.062882397491523,true,true,2867833675658.6924,2684017561931.8169,183816113726.8755,true,true,1576131306394618292123.093962983738757,1264840786239358865396.612179673063902,311290520155259426726.481783310674855,true,true,5000000000000,5000000000000,0,false,false,2463938921227075913950,2463938921227075913950,0,false,false
6,0x88e6a0c2ddd26feeb64f039a2c41296fcb3f5640,25156728,200165,14237236212457917983,3,S6_P3,199310:200870,0xc36442b4a4522e871399cd717abdd847ab11fe88:199310:200870,0xc36442b4a4522e871399cd717abdd847ab11fe88,199310,200870,1352857039838262121,0.0950224481528571,1560,855,705,705,867216051178373.1544871794871795,0.000060911825739,43.4404057442660407,39.0763483203630953,5.2911286515045518,4.145663835297023,9.4367924868015748,5.2911286515045518,627498361459.2726,569607397377.8044,57890964081.4682,true,true,316086476271846813624.352472971070311,286052822618442845436.4922163536824785,30033653653403968187.8602566173878325,true,true,2867833675658.6924,2560276276307.585,307557399351.1074,true,true,1576131306394618292123.093962983738757,1425384785058641973295.518381884632936,150746521335976318827.575581099105821,true,true,5000000000000,5000000000000,0,false,false,2463938921227075913950,2463938921227075913950,0,false,false
6,0x88e6a0c2ddd26feeb64f039a2c41296fcb3f5640,25156728,200165,14237236212457917983,4,S6_P4,195610:209470,0xc36442b4a4522e871399cd717abdd847ab11fe88:195610:209470,0xc36442b4a4522e871399cd717abdd847ab11fe88,195610,209470,352854813796027778,0.0247839404032133,13860,4555,9305,4555,25458500273883.6780663780663781,0.0000017881630883,43.4404057442660407,39.0763483203630953,1.2664473484930009,1.0015022853837861,2.267949633876787,1.2664473484930009,627498361459.2726,612232956211.2851,15265405247.9875,true,true,316086476271846813624.352472971070311,308252363762432097219.2706939738830715,7834112509414716405.0817789971872395,true,true,2867833675658.6924,2787732728057.7728,80100947600.9196,true,true,1576131306394618292123.093962983738757,1536825335801433135017.5585604357431,39305970593185157105.535402547995657,true,true,5000000000000,5000000000000,0,false,false,2463938921227075913950,2463938921227075913950,0,false,false
6,0x88e6a0c2ddd26feeb64f039a2c41296fcb3f5640,25156728,200165,14237236212457917983,5,S6_P5,194710:212350,0xc36442b4a4522e871399cd717abdd847ab11fe88:194710:212350,0xc36442b4a4522e871399cd717abdd847ab11fe88,194710,212350,172327479146938053,0.012103998035528,17640,5455,12185,5455,9769131470914.8556122448979592,0.0000006861676891,43.4404057442660407,39.0763483203630953,0.6094402005730643,0.4826866251810898,1.0921268257541541,0.6094402005730643,627498361459.2726,620020473948.85795,7477887510.41465,true,true,316086476271846813624.352472971070311,312260389548659447048.767696237226099,3826086723187366575.584776733844212,true,true,2867833675658.6924,2828722937852.8655,39110737805.8269,true,true,1576131306394618292123.093962983738757,1556936789019869990787.970680722057905,19194517374748301335.123282261680852,true,true,5000000000000,5000000000000,0,false,false,2463938921227075913950,2463938921227075913950,0,false,false
6,0x88e6a0c2ddd26feeb64f039a2c41296fcb3f5640,25156728,200165,14237236212457917983,6,S6_P6,198430:201100,0xc36442b4a4522e871399cd717abdd847ab11fe88:198430:201100,0xc36442b4a4522e871399cd717abdd847ab11fe88,198430,201100,114728480099249526,0.0080583393003524,2670,1735,935,935,42969468201966.1146067415730337,0.0000030181046069,43.4404057442660407,39.0763483203630953,0.4038511725369442,0.3200109355799945,0.7238621081169387,0.4038511725369442,627498361459.2726,622515023072.04435,4983338387.22825,true,true,316086476271846813624.352472971070311,313539214388915732069.020447838836053,2547261882931081555.332025132234258,true,true,2867833675658.6924,2841797236837.6664,26036438821.026,true,true,1576131306394618292123.093962983738757,1563352797309019901731.808270096381539,12778509085598390391.285692887357218,true,true,5000000000000,5000000000000,0,false,false,2463938921227075913950,2463938921227075913950,0,false,false
6,0x88e6a0c2ddd26feeb64f039a2c41296fcb3f5640,25156728,200165,14237236212457917983,7,S6_P7,195610:200290,0xc36442b4a4522e871399cd717abdd847ab11fe88:195610:200290,0xc36442b4a4522e871399cd717abdd847ab11fe88,195610,200290,82346613047210432,0.0057838903434892,4680,4555,125,125,17595430138292.8273504273504274,0.000001235874005,43.4404057442660407,39.0763483203630953,0.2891084088940271,0.2229886239574798,0.5120970328515069,0.2891084088940271,627498361459.2726,623919611293.4547,3578750165.8179,true,true,316086476271846813624.352472971070311,314258168452042938727.0569587501007755,1828307819803874897.2955142209695355,true,true,2867833675658.6924,2849146711815.8381,18686963842.8543,true,true,1576131306394618292123.093962983738757,1567212368011159605402.969981639627898,8918938383458686720.123981344110859,true,true,5000000000000,5000000000000,0,false,false,2463938921227075913950,2463938921227075913950,0,false,false
6,0x88e6a0c2ddd26feeb64f039a2c41296fcb3f5640,25156728,200165,14237236212457917983,8,S6_P8,196950:206450,0xc36442b4a4522e871399cd717abdd847ab11fe88:196950:206450,0xc36442b4a4522e871399cd717abdd847ab11fe88,196950,206450,65989735192964238,0.0046350102090195,9500,3215,6285,3215,6946287915048.8671578947368421,0.0000004878958115,43.4404057442660407,39.0763483203630953,0.2313764292707536,0.1834164298561257,0.4147928591268793,0.2313764292707536,627498361459.2726,624629689760.7612,2868671698.5114,true,true,316086476271846813624.352472971070311,314621331792960854827.4552827344017965,1465144478885958796.8971902366685145,true,true,2867833675658.6924,2852858887913.1086,14974787745.5838,true,true,1576131306394618292123.093962983738757,1568781543306893686110.374508103825804,7349763087724606012.719454879912953,true,true,5000000000000,5000000000000,0,false,false,2463938921227075913950,2463938921227075913950,0,false,false
6,0x88e6a0c2ddd26feeb64f039a2c41296fcb3f5640,25156728,200165,14237236212457917983,9,S6_P9,198490:200310,0xc36442b4a4522e871399cd717abdd847ab11fe88:198490:200310,0xc36442b4a4522e871399cd717abdd847ab11fe88,198490,200310,60613505616126583,0.0042573927068154,1820,1675,145,145,33304123964904.7159340659340659,0.000002339226762,43.4404057442660407,39.0763483203630953,0.2124340941387284,0.167713992201772,0.3801480863405004,0.2124340941387284,627498361459.2726,624863165971.6922,2635195487.5804,true,true,316086476271846813624.352472971070311,314740697998218931996.5365012966567735,1345778273627881627.8159716744135375,true,true,2867833675658.6924,2854078984251.3953,13754691407.2971,true,true,1576131306394618292123.093962983738757,1569408965606035462751.751477897855142,6722340788582829371.342485085883615,true,true,5000000000000,5000000000000,0,false,false,2463938921227075913950,2463938921227075913950,0,false,false
6,0x88e6a0c2ddd26feeb64f039a2c41296fcb3f5640,25156728,200165,14237236212457917983,10,S6_P10,199350:200310,0xc36442b4a4522e871399cd717abdd847ab11fe88:199350:200310,0xc36442b4a4522e871399cd717abdd847ab11fe88,199350,200310,56496176778503430,0.0039681983171051,960,815,145,145,58850184144274.40625,0.0000041335399137,43.4404057442660407,39.0763483203630953,0.1979383824810488,0.156279426292394,0.3542178087734428,0.1979383824810488,627498361459.2726,625041999155.24175,2456362304.03085,true,true,316086476271846813624.352472971070311,314832112844848526290.5001736579396295,1254363426998287333.8522993131306815,true,true,2867833675658.6924,2855013371625.7604,12820304032.932,true,true,1576131306394618292123.093962983738757,1569865456260439539023.306512478249191,6265850134178753099.787450505489566,true,true,5000000000000,5000000000000,0,false,false,2463938921227075913950,2463938921227075913950,0,false,false
6,0x88e6a0c2ddd26feeb64f039a2c41296fcb3f5640,25156728,200165,14237236212457917983,11,S6_P11,199590:201360,0xc36442b4a4522e871399cd717abdd847ab11fe88:199590:201360,0xc36442b4a4522e871399cd717abdd847ab11fe88,199590,201360,47083077983034019,0.0033070377761827,1770,575,1195,575,26600609029962.7225988700564972,0.0000018683829244,43.4404057442660407,39.0763483203630953,0.1648341035097712,0.1306874724611971,0.2955215759709683,0.1648341035097712,627498361459.2726,625450944601.58345,2047416857.68915,true,true,316086476271846813624.352472971070311,315041107913131653056.953481432402054,1045368358715160567.398991538668257,true,true,2867833675658.6924,2857149546873.296,10684128785.3964,true,true,1576131306394618292123.093962983738757,1570887374363332454004.011771604005401,5243932031285838119.082191379733356,true,true,5000000000000,5000000000000,0,false,false,2463938921227075913950,2463938921227075913950,0,false,false
6,0x88e6a0c2ddd26feeb64f039a2c41296fcb3f5640,25156728,200165,14237236212457917983,12,S6_P12,199820:201360,0xc36442b4a4522e871399cd717abdd847ab11fe88:199820:201360,0xc36442b4a4522e871399cd717abdd847ab11fe88,199820,201360,44163081924240662,0.0031019420669299,1540,345,1195,345,28677325924831.5987012987012987,0.0000020142480954,43.4404057442660407,39.0763483203630953,0.1545751446468557,0.122556696289327,0.2771318409361827,0.1545751446468557,627498361459.2726,625577828373.4282,1920533085.8444,true,true,316086476271846813624.352472971070311,315105938721336840821.599130390386173,980537550509972802.753342580684138,true,true,2867833675658.6924,2857812190560.7286,10021485097.9638,true,true,1576131306394618292123.093962983738757,1571212600605023442943.776269691929482,4918705789594849179.317693291809275,true,true,5000000000000,5000000000000,0,false,false,2463938921227075913950,2463938921227075913950,0,false,false
6,0x88e6a0c2ddd26feeb64f039a2c41296fcb3f5640,25156728,200165,14237236212457917983,13,S6_P13,199340:200310,0xc36442b4a4522e871399cd717abdd847ab11fe88:199340:200310,0xc36442b4a4522e871399cd717abdd847ab11fe88,199340,200310,41811002581074651,0.0029367358915131,970,825,145,145,43104126372241.9082474226804124,0.0000030275627748,43.4404057442660407,39.0763483203630953,0.1463149803489951,0.11554615347106,0.2618611338200551,0.1463149803489951,627498361459.2726,625680042453.5016,1818319005.771,true,true,316086476271846813624.352472971070311,315158160948986313885.381359838907806,928315322860499738.971113132162505,true,true,2867833675658.6924,2858345951489.9624,9487724168.73,true,true,1576131306394618292123.093962983738757,1571493780492309473563.6644581082409,4637525902308818559.429504875497857,true,true,5000000000000,5000000000000,0,false,false,2463938921227075913950,2463938921227075913950,0,false,false
6,0x88e6a0c2ddd26feeb64f039a2c41296fcb3f5640,25156728,200165,14237236212457917983,14,S6_P14,193130:200340,0xc36442b4a4522e871399cd717abdd847ab11fe88:193130:200340,0xc36442b4a4522e871399cd717abdd847ab11fe88,193130,200340,37619268342446439,0.0026423153891012,7210,7035,175,175,5217651642502.9735090152565881,0.0000003664792495,43.4404057442660407,39.0763483203630953,0.1316019446707671,0.104347750746651,0.2359496954174181,0.1316019446707671,627498361459.2726,625862223080.4535,1636138378.8191,true,true,316086476271846813624.352472971070311,315251228114412758235.6423710070244395,835248157434055388.7101019640458715,true,true,2867833675658.6924,2859297180596.6693,8536495062.0231,true,true,1576131306394618292123.093962983738757,1571941440012854585739.031933691413618,4189866381763706384.062029292325139,true,true,5000000000000,5000000000000,0,false,false,2463938921227075913950,2463938921227075913950,0,false,false
6,0x88e6a0c2ddd26feeb64f039a2c41296fcb3f5640,25156728,200165,14237236212457917983,15,S6_P15,196260:200390,0xc36442b4a4522e871399cd717abdd847ab11fe88:196260:200390,0xc36442b4a4522e871399cd717abdd847ab11fe88,196260,200390,33467064267190909,0.0023506714201951,4130,3905,225,225,8103405391571.6486682808716707,0.0000005691698354,43.4404057442660407,39.0763483203630953,0.1170374311499379,0.092802651730349,0.2098400828802869,0.1170374311499379,627498361459.2726,626042711006.81605,1455650452.45655,true,true,316086476271846813624.352472971070311,315343418393434365412.088517127224066,743057878412448212.263955843846245,true,true,2867833675658.6924,2860239429006.8849,7594246651.8075,true,true,1576131306394618292123.093962983738757,1572403903105307429673.275143687708909,3727403289310862449.818819296029848,true,true,5000000000000,5000000000000,0,false,false,2463938921227075913950,2463938921227075913950,0,false,false
6,0x88e6a0c2ddd26feeb64f039a2c41296fcb3f5640,25156728,200165,14237236212457917983,16,S6_P16,198870:201360,0xc36442b4a4522e871399cd717abdd847ab11fe88:198870:201360,0xc36442b4a4522e871399cd717abdd847ab11fe88,198870,201360,33049168110608779,0.002321319083102,2490,1295,1195,1195,13272758277352.9232931726907631,0.0000009322566599,43.4404057442660407,39.0763483203630953,0.1155721271036376,0.0916410825490857,0.2072132096527233,0.1155721271036376,627498361459.2726,626060877310.26095,1437484149.01165,true,true,316086476271846813624.352472971070311,315352696653487073710.1029728623794285,733779618359739914.2495001086908825,true,true,2867833675658.6924,2860334260983.0425,7499414675.6499,true,true,1576131306394618292123.093962983738757,1572450447385399957363.534994857729831,3680859009218334759.558968126008926,true,true,5000000000000,5000000000000,0,false,false,2463938921227075913950,2463938921227075913950,0,false,false
6,0x88e6a0c2ddd26feeb64f039a2c41296fcb3f5640,25156728,200165,14237236212457917983,17,S6_P17,199110:201640,0xc36442b4a4522e871399cd717abdd847ab11fe88:199110:201640,0xc36442b4a4522e871399cd717abdd847ab11fe88,199110,201640,27271287938519904,0.0019154903052502,2530,1055,1475,1055,10779165193090.8711462450592885,0.0000007571107926,43.4404057442660407,39.0763483203630953,0.0953228048071009,0.0755882968607252,0.1709111016678261,0.0953228048071009,627498361459.2726,626312074599.44565,1186286859.82695,true,true,316086476271846813624.352472971070311,315480980308605400768.2382707555069235,605495963241412856.1142022155633875,true,true,2867833675658.6924,2861645402738.6948,6188272919.9976,true,true,1576131306394618292123.093962983738757,1573093970383403176354.320105311335777,3037336011215115768.77385767240298,true,true,5000000000000,5000000000000,0,false,false,2463938921227075913950,2463938921227075913950,0,false,false
6,0x88e6a0c2ddd26feeb64f039a2c41296fcb3f5640,25156728,200165,14237236212457917983,18,S6_P18,199380:200350,0xc36442b4a4522e871399cd717abdd847ab11fe88:199380:200350,0xc36442b4a4522e871399cd717abdd847ab11fe88,199380,200350,26958720290061035,0.0018935360689227,970,785,185,185,27792495144392.8195876288659794,0.0000019520990401,43.4404057442660407,39.0763483203630953,0.0942279067609984,0.0747202617850046,0.168948168546003,0.0942279067609984,627498361459.2726,626325664314.29465,1172697144.97795,true,true,316086476271846813624.352472971070311,315487920999068021884.497645384422033,598555272778791739.854827586648278,true,true,2867833675658.6924,2861716331531.4527,6117344127.2397,true,true,1576131306394618292123.093962983738757,1573128783273566527382.205247909406977,3002523121051764740.88871507433178,true,true,5000000000000,5000000000000,0,false,false,2463938921227075913950,2463938921227075913950,0,false,false
6,0x88e6a0c2ddd26feeb64f039a2c41296fcb3f5640,25156728,200165,14237236212457917983,19,S6_P19,198680:200300,0xc36442b4a4522e871399cd717abdd847ab11fe88:198680:200300,0xc36442b4a4522e871399cd717abdd847ab11fe88,198680,200300,26489375439106933,0.0018605700603554,1620,1485,135,135,16351466320436.3783950617283951,0.0000011485000373,43.4404057442660407,39.0763483203630953,0.0925839377392903,0.0724967451650055,0.1650806829042958,0.0925839377392903,627498361459.2726,626346071835.1884,1152289624.0842,true,true,316086476271846813624.352472971070311,315498340773388761301.5268168357902605,588135498458052322.8256561352800505,true,true,2867833675658.6924,2861822836233.3473,6010839425.3451,true,true,1576131306394618292123.093962983738757,1573219335023792606610.572455977820837,2911971370825685512.52150700591792,true,true,5000000000000,5000000000000,0,false,false,2463938921227075913950,2463938921227075913950,0,false,false
6,0x88e6a0c2ddd26feeb64f039a2c41296fcb3f5640,25156728,200165,14237236212457917983,20,S6_P20,199470:200180,0xc36442b4a4522e871399cd717abdd847ab11fe88:199470:200180,0xc36442b4a4522e871399cd717abdd847ab11fe88,199470,200180,35883334251572298,0.0025203862404259,710,695,15,15,50539907396580.7014084507042254,0.0000035498397752,43.4404057442660407,39.0763483203630953,0.12551170107423,0.0290553481298629,0.1545670492040929,0.12551170107423,627498361459.2726,625937677787.13775,1560683672.13485,true,true,316086476271846813624.352472971070311,315399035051870296492.37614692080028,687441219976517131.976326050270031,true,true,2867833675658.6924,2859691112393.4962,8142563265.1962,true,true,1576131306394618292123.093962983738757,1575101894282799413187.461347296613384,1029412111818878935.632615687125373,true,true,5000000000000,5000000000000,0,false,false,2463938921227075913950,2463938921227075913950,0,false,false
7,0x88e6a0c2ddd26feeb64f039a2c41296fcb3f5640,25146728,199677,12955837786629032965,1,S7_P1,199380:200860,0xc36442b4a4522e871399cd717abdd847ab11fe88:199380:200860,0xc36442b4a4522e871399cd717abdd847ab11fe88,199380,200860,7598705807111945268,0.5865082545996468,1480,297,1183,297,5134260680481044.1,0.000396289361216,41.8566389781402145,42.3216706061627934,62.4280486266606183,65.3041013678942493,127.7321499945548676,65.3041013678942493,597892067981.7676,246362047313.86312,351530020667.90448,true,true,280438709641849947093.1475785948628992,115235619480247177244.29672232863953,165203090161602769848.8508562662233692,true,true,2986475564283.8948,1222474357093.7686,1764001207190.1262,true,true,1386389706365100683416.6951075223493896,564096520502067875151.8959749954524804,822293185863032808264.7991325268969092,true,true,5000000000000,2414431352668.3571,2585568647331.6429,false,true,2346503729289186077436,1102953165945287744292.6773555835977768,1243550563343898333143.3226444164022232,false,true
7,0x88e6a0c2ddd26feeb64f039a2c41296fcb3f5640,25146728,199677,12955837786629032965,2,S7_P2,199310:200870,0xc36442b4a4522e871399cd717abdd847ab11fe88:199310:200870,0xc36442b4a4522e871399cd717abdd847ab11fe88,199310,200870,1352857039838262121,0.1044206528453503,1560,367,1193,367,867216051178373.1544871794871795,0.0000669363159265,41.8566389781402145,42.3216706061627934,4.9369194227021861,5.0744467699445763,10.0113661926467624,5.0744467699445763,597892067981.7676,535342886614.3314,62549181367.4362,true,true,280438709641849947093.1475785948628992,251169066628044216552.6395633732550016,29269643013805730540.5080152216078976,true,true,2986475564283.8948,2672198973949.2365,314276590334.6583,true,true,1386389706365100683416.6951075223493896,1239935244527889656608.8068496865110168,146454461837211026807.8882578358383728,true,true,5000000000000,5000000000000,0,false,false,2346503729289186077436,2346503729289186077436,0,false,false
7,0x88e6a0c2ddd26feeb64f039a2c41296fcb3f5640,25146728,199677,12955837786629032965,3,S7_P3,198060:200130,0xc36442b4a4522e871399cd717abdd847ab11fe88:198060:200130,0xc36442b4a4522e871399cd717abdd847ab11fe88,198060,200130,892287530697189504,0.0688714651566622,2070,1617,453,453,431056778114584.3014492753623188,0.0000332712392061,41.8566389781402145,42.3216706061627934,3.129774537365582,3.214452836417346,6.344227373782928,3.214452836417346,597892067981.7676,556638454435.58605,41253613546.18155,true,true,280438709641849947093.1475785948628992,261128421451671197349.330488368920832,19310288190178749743.8170902259420672,true,true,2986475564283.8948,2779140793745.8772,207334770538.0176,true,true,1386389706365100683416.6951075223493896,1289748571140236495944.7326452303510506,96641135224864187471.962462291998339,true,true,5000000000000,5000000000000,0,false,false,2346503729289186077436,2346503729289186077436,0,false,false
7,0x88e6a0c2ddd26feeb64f039a2c41296fcb3f5640,25146728,199677,12955837786629032965,4,S7_P4,195610:209470,0xc36442b4a4522e871399cd717abdd847ab11fe88:195610:209470,0xc36442b4a4522e871399cd717abdd847ab11fe88,195610,209470,352854813796027778,0.0272351984956302,13860,4067,9793,4067,25458500273883.6780663780663781,0.0000019650215365,41.8566389781402145,42.3216706061627934,1.1838386622859028,1.2148890396369556,2.3987277019228584,1.2148890396369556,597892067981.7676,581578661052.5893,16313406929.1783,true,true,280438709641849947093.1475785948628992,272800330455901331706.2936066286466432,7638379185948615386.853971966216256,true,true,2986475564283.8948,2904466524706.706,82009039577.1888,true,true,1386389706365100683416.6951075223493896,1348154101749950086919.276985943380402,38235604615150596497.4181215789689876,true,true,5000000000000,5000000000000,0,false,false,2346503729289186077436,2346503729289186077436,0,false,false
7,0x88e6a0c2ddd26feeb64f039a2c41296fcb3f5640,25146728,199677,12955837786629032965,5,S7_P5,194710:212350,0xc36442b4a4522e871399cd717abdd847ab11fe88:194710:212350,0xc36442b4a4522e871399cd717abdd847ab11fe88,194710,212350,172327479146938053,0.0133011451659874,17640,4967,12673,4967,9769131470914.8556122448979592,0.0000007540331727,41.8566389781402145,42.3216706061627934,0.569869113260791,0.5846680605635351,1.1545371738243261,0.5846680605635351,597892067981.7676,589924952044.548,7967115937.2196,true,true,280438709641849947093.1475785948628992,276707957147972258192.426834257916736,3730752493877688900.7207443369461632,true,true,2986475564283.8948,2946421448209.5221,40054116074.3727,true,true,1386389706365100683416.6951075223493896,1367713437882943290936.9010181549141768,18676268482157392479.7940893674352128,true,true,5000000000000,5000000000000,0,false,false,2346503729289186077436,2346503729289186077436,0,false,false
7,0x88e6a0c2ddd26feeb64f039a2c41296fcb3f5640,25146728,199677,12955837786629032965,6,S7_P6,197610:199940,0xc36442b4a4522e871399cd717abdd847ab11fe88:197610:199940,0xc36442b4a4522e871399cd717abdd847ab11fe88,197610,199940,118114933958354994,0.0091167345488267,2330,2067,263,263,50693104703156.6497854077253219,0.0000039127616089,41.8566389781402145,42.3216706061627934,0.3889182121716383,0.3989884784152878,0.7879066905869261,0.3989884784152878,597892067981.7676,592431336376.90385,5460731604.86375,true,true,280438709641849947093.1475785948628992,277881552509416462474.346656961915136,2557157132433484618.8009216329477632,true,true,2986475564283.8948,2959021608021.53,27453956262.3648,true,true,1386389706365100683416.6951075223493896,1373588265527215252692.9122715243781712,12801440837885430723.7828359979712184,true,true,5000000000000,5000000000000,0,false,false,2346503729289186077436,2346503729289186077436,0,false,false
7,0x88e6a0c2ddd26feeb64f039a2c41296fcb3f5640,25146728,199677,12955837786629032965,7,S7_P7,198430:201100,0xc36442b4a4522e871399cd717abdd847ab11fe88:198430:201100,0xc36442b4a4522e871399cd717abdd847ab11fe88,198430,201100,114728480099249526,0.00885535015093,2670,1247,1423,1247,42969468201966.1146067415730337,0.0000033166105434,41.8566389781402145,42.3216706061627934,0.3776663874059245,0.3874435245837068,0.7651099119896313,0.3874435245837068,597892067981.7676,592587901204.297,5304166777.4706,true,true,280438709641849947093.1475785948628992,277954864890164823364.7825869487171072,2483844751685123728.364991646145792,true,true,2986475564283.8948,2959808708123.3249,26666856160.5699,true,true,1386389706365100683416.6951075223493896,1373955260932415613285.2184149232645058,12434445432685070131.4766925990848838,true,true,5000000000000,5000000000000,0,false,false,2346503729289186077436,2346503729289186077436,0,false,false
7,0x88e6a0c2ddd26feeb64f039a2c41296fcb3f5640,25146728,199677,12955837786629032965,8,S7_P8,195610:200290,0xc36442b4a4522e871399cd717abdd847ab11fe88:195610:200290,0xc36442b4a4522e871399cd717abdd847ab11fe88,195610,200290,82346613047210432,0.006355946593604,4680,4067,613,613,17595430138292.8273504273504274,0.0000013581082465,41.8566389781402145,42.3216706061627934,0.270378194898634,0.2773656758698622,0.5477438707684962,0.2773656758698622,597892067981.7676,594084993858.88735,3807074122.88025,true,true,280438709641849947093.1475785948628992,278655898855593303356.7324986716363392,1782810786256643736.41507992322656,true,true,2986475564283.8948,2967335180975.8691,19140383308.0257,true,true,1386389706365100683416.6951075223493896,1377464633071297701148.062324704234824,8925073293802982268.6327828181145656,true,true,5000000000000,5000000000000,0,false,false,2346503729289186077436,2346503729289186077436,0,false,false
7,0x88e6a0c2ddd26feeb64f039a2c41296fcb3f5640,25146728,199677,12955837786629032965,9,S7_P9,196950:206450,0xc36442b4a4522e871399cd717abdd847ab11fe88:196950:206450,0xc36442b4a4522e871399cd717abdd847ab11fe88,196950,206450,65989735192964238,0.0050934363550822,9500,2727,6773,2727,6946287915048.8671578947368421,0.0000005361511953,41.8566389781402145,42.3216706061627934,0.2163924366448361,0.221979859764753,0.4383722964095891,0.221979859764753,597892067981.7676,594841210979.3475,3050857002.4201,true,true,280438709641849947093.1475785948628992,279010015980571753549.5321243472083968,1428693661278193543.6154542476545024,true,true,2986475564283.8948,2971137047140.1294,15338517143.7654,true,true,1386389706365100683416.6951075223493896,1379237370928386889927.7000324004216152,7152335436713793488.9950751219277744,true,true,5000000000000,5000000000000,0,false,false,2346503729289186077436,2346503729289186077436,0,false,false
7,0x88e6a0c2ddd26feeb64f039a2c41296fcb3f5640,25146728,199677,12955837786629032965,10,S7_P10,198490:200310,0xc36442b4a4522e871399cd717abdd847ab11fe88:198490:200310,0xc36442b4a4522e871399cd717abdd847ab11fe88,198490,200310,60613505616126583,0.004678470556237,1820,1187,633,633,33304123964904.7159340659340659,0.0000025705882177,41.8566389781402145,42.3216706061627934,0.1986786032785735,0.203807186293541,0.4024857895721145,0.203807186293541,597892067981.7676,595089767368.01015,2802300613.75745,true,true,280438709641849947093.1475785948628992,279126409354168069471.8266346719821824,1312300287681877621.3209439228807168,true,true,2986475564283.8948,2972386664950.8491,14088899333.0457,true,true,1386389706365100683416.6951075223493896,1379820049645387521696.9519725601930132,6569656719713161719.7431349621563764,true,true,5000000000000,5000000000000,0,false,false,2346503729289186077436,2346503729289186077436,0,false,false
7,0x88e6a0c2ddd26feeb64f039a2c41296fcb3f5640,25146728,199677,12955837786629032965,11,S7_P11,199350:200310,0xc36442b4a4522e871399cd717abdd847ab11fe88:199350:200310,0xc36442b4a4522e871399cd717abdd847ab11fe88,199350,200310,56496176778503430,0.0043606733666278,960,327,633,327,58850184144274.40625,0.0000045423680902,41.8566389781402145,42.3216706061627934,0.1851227986969967,0.1899004003411037,0.3750231990381004,0.1899004003411037,597892067981.7676,595280120669.7123,2611947312.0553,true,true,280438709641849947093.1475785948628992,279215549050813463639.338738897602112,1223160591036483453.8088396972607872,true,true,2986475564283.8948,2973343674025.9739,13131890257.9209,true,true,1386389706365100683416.6951075223493896,1380266291380749065139.1559010579213494,6123414984351618277.5392064644280402,true,true,5000000000000,5000000000000,0,false,false,2346503729289186077436,2346503729289186077436,0,false,false
7,0x88e6a0c2ddd26feeb64f039a2c41296fcb3f5640,25146728,199677,12955837786629032965,12,S7_P12,199450:199700,0xc36442b4a4522e871399cd717abdd847ab11fe88:199450:199700,0xc36442b4a4522e871399cd717abdd847ab11fe88,199450,199700,73404281936688055,0.0056657302403434,250,227,23,23,293617127746752.22,0.0000226629209614,41.8566389781402145,42.3216706061627934,0.2408468308517883,0.0973733876594958,0.3382202185112841,0.2408468308517883,597892067981.7676,594498419774.0971,3393648207.6705,true,true,280438709641849947093.1475785948628992,278906046963707934142.9652727546977152,1532662678142012950.182305840165184,true,true,2986475564283.8948,2969413662901.2425,17061901382.6523,true,true,1386389706365100683416.6951075223493896,1383309833473902702847.9669858682652608,3079872891197980568.7281216540841288,true,true,5000000000000,5000000000000,0,false,false,2346503729289186077436,2346503729289186077436,0,false,false
7,0x88e6a0c2ddd26feeb64f039a2c41296fcb3f5640,25146728,199677,12955837786629032965,13,S7_P13,199590:199740,0xc36442b4a4522e871399cd717abdd847ab11fe88:199590:199740,0xc36442b4a4522e871399cd717abdd847ab11fe88,199590,199740,55387298854280615,0.0042750843107532,150,87,63,63,369248659028537.4333333333333333,0.0000285005620717,41.8566389781402145,42.3216706061627934,0.1557794605805495,0.1402196730160561,0.2959991335966056,0.1557794605805495,597892067981.7676,595331387055.1066,2560680926.661,true,true,280438709641849947093.1475785948628992,279239556023549261551.84879945974464,1199153618300685541.2987791351182592,true,true,2986475564283.8948,2975255415441.5525,11220148842.3423,true,true,1386389706365100683416.6951075223493896,1381708968660135259830.2076902649687834,4680737704965423586.4874172573806062,true,true,5000000000000,5000000000000,0,false,false,2346503729289186077436,2346503729289186077436,0,false,false
7,0x88e6a0c2ddd26feeb64f039a2c41296fcb3f5640,25146728,199677,12955837786629032965,14,S7_P14,199540:199690,0xc36442b4a4522e871399cd717abdd847ab11fe88:199540:199690,0xc36442b4a4522e871399cd717abdd847ab11fe88,199540,199690,73418349267026200,0.00566681603121,150,137,13,13,489455661780174.6666666666666667,0.0000377787735414,41.8566389781402145,42.3216706061627934,0.2355627319739412,0.0602166871151444,0.2957794190890856,0.2355627319739412,597892067981.7676,594497768450.3141,3394299531.4535,true,true,280438709641849947093.1475785948628992,279122973629990504508.6077422313374848,1315736011859442584.5398363635254144,true,true,2986475564283.8948,2969751112208.7113,16724452075.1835,true,true,1386389706365100683416.6951075223493896,1384562541953788717690.9536636660284484,1827164411311965725.7414438563209412,true,true,5000000000000,5000000000000,0,false,false,2346503729289186077436,2346503729289186077436,0,false,false
7,0x88e6a0c2ddd26feeb64f039a2c41296fcb3f5640,25146728,199677,12955837786629032965,15,S7_P15,199590:201360,0xc36442b4a4522e871399cd717abdd847ab11fe88:199590:201360,0xc36442b4a4522e871399cd717abdd847ab11fe88,199590,201360,47083077983034019,0.0036341206765977,1770,87,1683,87,26600609029962.7225988700564972,0.0000020531755235,41.8566389781402145,42.3216706061627934,0.1323675401629107,0.1581409616803434,0.2905085018432541,0.1581409616803434,597892067981.7676,595715310944.41415,2176757037.35345,true,true,280438709641849947093.1475785948628992,279419341131639616290.1785277527444224,1019368510210330802.9690508421184768,true,true,2986475564283.8948,2976938078141.7542,9537486142.1406,true,true,1386389706365100683416.6951075223493896,1381286506446429401474.780176141607746,5103199918671281941.9149313807416436,true,true,5000000000000,5000000000000,0,false,false,2346503729289186077436,2346503729289186077436,0,false,false
7,0x88e6a0c2ddd26feeb64f039a2c41296fcb3f5640,25146728,199677,12955837786629032965,16,S7_P16,199570:199720,0xc36442b4a4522e871399cd717abdd847ab11fe88:199570:199720,0xc36442b4a4522e871399cd717abdd847ab11fe88,199570,199720,54820075723364281,0.0042313030331347,150,107,43,43,365467171489095.2066666666666667,0.0000282086868876,41.8566389781402145,42.3216706061627934,0.1650300173762379,0.1129221141799768,0.2779521315562147,0.1650300173762379,597892067981.7676,595357610810.11055,2534457171.65705,true,true,280438709641849947093.1475785948628992,279251836361769753900.5458388946580864,1186873280080193192.6017397002048128,true,true,2986475564283.8948,2974671099526.9205,11804464756.9743,true,true,1386389706365100683416.6951075223493896,1382641502723252160454.3038664104747094,3748203641848522962.3912411118746802,true,true,5000000000000,5000000000000,0,false,false,2346503729289186077436,2346503729289186077436,0,false,false
7,0x88e6a0c2ddd26feeb64f039a2c41296fcb3f5640,25146728,199677,12955837786629032965,17,S7_P17,199140:200150,0xc36442b4a4522e871399cd717abdd847ab11fe88:199140:200150,0xc36442b4a4522e871399cd717abdd847ab11fe88,199140,200150,39365415912549206,0.0030384307492006,1010,537,473,473,38975659319355.6495049504950495,0.0000030083472764,41.8566389781402145,42.3216706061627934,0.1288160955571383,0.1321375419452425,0.2609536375023808,0.1321375419452425,597892067981.7676,596072116622.7025,1819951359.0651,true,true,280438709641849947093.1475785948628992,279586428669535538562.8594640897178624,852280972314408530.2881145051450368,true,true,2986475564283.8948,2977325478496.8752,9150085787.0196,true,true,1386389706365100683416.6951075223493896,1382122976604838609963.975812969875995,4266729760262073452.7192945524733946,true,true,5000000000000,5000000000000,0,false,false,2346503729289186077436,2346503729289186077436,0,false,false
7,0x88e6a0c2ddd26feeb64f039a2c41296fcb3f5640,25146728,199677,12955837786629032965,18,S7_P18,199620:199770,0xc36442b4a4522e871399cd717abdd847ab11fe88:199620:199770,0xc36442b4a4522e871399cd717abdd847ab11fe88,199620,199770,47227152991471249,0.0036452411468297,150,57,93,57,314847686609808.3266666666666667,0.0000243016076455,41.8566389781402145,42.3216706061627934,0.1128582113979902,0.1382900952940217,0.2511483066920119,0.1382900952940217,597892067981.7676,595708649608.06525,2183418373.70235,true,true,280438709641849947093.1475785948628992,279416222368801478817.2245961809069568,1022487273048468275.9229824139559424,true,true,2986475564283.8948,2978235154125.7199,8240410158.1749,true,true,1386389706365100683416.6951075223493896,1381854046561208834349.3776288369571936,4535659803891849067.317478685392196,true,true,5000000000000,5000000000000,0,false,false,2346503729289186077436,2346503729289186077436,0,false,false
7,0x88e6a0c2ddd26feeb64f039a2c41296fcb3f5640,25146728,199677,12955837786629032965,19,S7_P19,199670:199820,0xc36442b4a4522e871399cd717abdd847ab11fe88:199670:199820,0xc36442b4a4522e871399cd717abdd847ab11fe88,199670,199820,59278271252000037,0.0045754101145954,150,7,143,7,395188475013333.58,0.0000305027340973,41.8566389781402145,42.3216706061627934,0.0305483559678329,0.1958712580119759,0.2264196139798088,0.1958712580119759,597892067981.7676,596248975526.6256,1643092455.142,true,true,280438709641849947093.1475785948628992,279155317247368001426.8590308551136256,1283392394481945666.2885477397492736,true,true,2986475564283.8948,2984508817290.8723,1966746993.0225,true,true,1386389706365100683416.6951075223493896,1380062484315797239511.074775818010337,6327222049303443905.6203317043390526,true,true,5000000000000,5000000000000,0,false,false,2346503729289186077436,2346503729289186077436,0,false,false
7,0x88e6a0c2ddd26feeb64f039a2c41296fcb3f5640,25146728,199677,12955837786629032965,20,S7_P20,199640:199790,0xc36442b4a4522e871399cd717abdd847ab11fe88:199640:199790,0xc36442b4a4522e871399cd717abdd847ab11fe88,199640,199790,44045477034687917,0.00339966258918,150,37,113,37,293636513564586.1133333333333333,0.0000226644172612,41.8566389781402145,42.3216706061627934,0.082476837441627,0.1373674464770403,0.2198442839186673,0.1373674464770403,597892067981.7676,595855745960.70385,2036322021.06375,true,true,280438709641849947093.1475785948628992,279485104806601008710.4653085952539648,953604835248938382.6822699996089344,true,true,2986475564283.8948,2980552985649.5189,5922578634.3759,true,true,1386389706365100683416.6951075223493896,1381917945719767201913.3510880405781606,4471760645333481503.344019481771229,true,true,5000000000000,5000000000000,0,false,false,2346503729289186077436,2346503729289186077436,0,false,false
8,0x88e6a0c2ddd26feeb64f039a2c41296fcb3f5640,25136728,199684,13596457510666484513,1,S8_P1,199380:200860,0xc36442b4a4522e871399cd717abdd847ab11fe88:199380:200860,0xc36442b4a4522e871399cd717abdd847ab11fe88,199380,200860,7598705807111945268,0.5588739420654774,1480,304,1176,304,5134260680481044.1,0.0003776175284226,31.9017159575391778,40.563923602383779,22.4640784821346159,59.35558721448279,81.8196656966174059,59.35558721448279,653872929014.5834,323197376321.7196,330675552692.8638,true,true,293592511116197258743.199765847542009,128779866330923621803.1443527020716238,164812644785273636940.0554131454703852,true,true,4039622655535.2371,2271132631402.1933,1768490024133.0438,true,true,1447524758783368824198.200599052822296,626995983522041908458.146473766122771,820528775261326915740.054125286699525,true,true,5000000000000,4800541397225.3705,199458602774.6295,false,true,2348218624171846245775,1193770082334587841504.1366416577430875,1154448541837258404270.8633583422569125,false,true
8,0x88e6a0c2ddd26feeb64f039a2c41296fcb3f5640,25136728,199684,13596457510666484513,2,S8_P2,199310:200870,0xc36442b4a4522e871399cd717abdd847ab11fe88:199310:200870,0xc36442b4a4522e871399cd717abdd847ab11fe88,199310,200870,1352857039838262121,0.099500700000492,1560,374,1186,374,867216051178373.1544871794871795,0.0000637825000003,31.9017159575391778,40.563923602383779,2.5431929588651445,4.6964469234545022,7.2396398823196467,4.6964469234545022,653872929014.5834,587153310704.14935,66719618310.43405,true,true,293592511116197258743.199765847542009,264256635434598986315.9487727465765148,29335875681598272427.2509931009654942,true,true,4039622655535.2371,3723012500778.5315,316610154756.7056,true,true,1447524758783368824198.200599052822296,1301631128711097953290.087435176952003,145893630072270870908.113163875870293,true,true,5000000000000,5000000000000,0,false,false,2348218624171846245775,2348218624171846245775,0,false,false
8,0x88e6a0c2ddd26feeb64f039a2c41296fcb3f5640,25136728,199684,13596457510666484513,3,S8_P3,198060:200130,0xc36442b4a4522e871399cd717abdd847ab11fe88:198060:200130,0xc36442b4a4522e871399cd717abdd847ab11fe88,198060,200130,892287530697189504,0.0656264714538464,2070,1624,446,446,431056778114584.3014492753623188,0.000031703609398,31.9017159575391778,40.563923602383779,1.6335996573252164,2.9775558328969229,4.6111554902221393,2.9775558328969229,653872929014.5834,610089721511.26555,43783207503.31785,true,true,293592511116197258743.199765847542009,274243594438333950001.2148596691449482,19348916677863308741.9849061783970608,true,true,4039622655535.2371,3830825686285.1003,208796969250.1368,true,true,1447524758783368824198.200599052822296,1351165131401624932258.066603308640669,96359627381743891940.133995744181627,true,true,5000000000000,5000000000000,0,false,false,2348218624171846245775,2348218624171846245775,0,false,false
8,0x88e6a0c2ddd26feeb64f039a2c41296fcb3f5640,25136728,199684,13596457510666484513,4,S8_P4,195610:209470,0xc36442b4a4522e871399cd717abdd847ab11fe88:195610:209470,0xc36442b4a4522e871399cd717abdd847ab11fe88,195610,209470,352854813796027778,0.0259519667912919,13860,4074,9786,4074,25458500273883.6780663780663781,0.0000018724362764,31.9017159575391778,40.563923602383779,0.6268442890458456,1.126451271195676,1.7532955602415216,1.126451271195676,653872929014.5834,636660910394.4151,17212018620.1683,true,true,293592511116197258743.199765847542009,285940925785585006423.1022222653237708,7651585330612252320.0975435822182382,true,true,4039622655535.2371,3957071196837.7949,82551458697.4422,true,true,1447524758783368824198.200599052822296,1409359384444602588747.800662752096904,38165374338766235450.399936300725392,true,true,5000000000000,5000000000000,0,false,false,2348218624171846245775,2348218624171846245775,0,false,false
8,0x88e6a0c2ddd26feeb64f039a2c41296fcb3f5640,25136728,199684,13596457510666484513,5,S8_P5,199600:199750,0xc36442b4a4522e871399cd717abdd847ab11fe88:199600:199750,0xc36442b4a4522e871399cd717abdd847ab11fe88,199600,199750,378850902936510899,0.0278639419598304,150,84,66,66,2525672686243405.9933333333333333,0.0001857596130655,31.9017159575391778,40.563923602383779,0.6380153175866085,0.9250938438316444,1.5631091614182529,0.9250938438316444,653872929014.5834,635387582163.7204,18485346850.863,true,true,293592511116197258743.199765847542009,285377207811109771044.7938843745965638,8215303305087487698.4058814729454452,true,true,4039622655535.2371,3957635420890.6805,81987234644.5566,true,true,1447524758783368824198.200599052822296,1415421325752545734026.7013102489165305,32103433030823090171.4992888039057655,true,true,5000000000000,5000000000000,0,false,false,2348218624171846245775,2348218624171846245775,0,false,false
8,0x88e6a0c2ddd26feeb64f039a2c41296fcb3f5640,25136728,199684,13596457510666484513,6,S8_P6,199390:199990,0xc36442b4a4522e871399cd717abdd847ab11fe88:199390:199990,0xc36442b4a4522e871399cd717abdd847ab11fe88,199390,199990,190001807000351614,0.0139743611048168,600,294,306,294,316669678333919.3566666666666667,0.0000232906018414,31.9017159575391778,40.563923602383779,0.3345412710751252,0.5987718694456819,0.9333131405208071,0.5987718694456819,653872929014.5834,644621252761.71515,9251676252.86825,true,true,293592511116197258743.199765847542009,289472353035276885976.7493931615233752,4120158080920372766.4503726860186338,true,true,4039622655535.2371,3995174530085.453,44448125449.7841,true,true,1447524758783368824198.200599052822296,1426962774349745119565.9402592184674235,20561984433623704632.2603398343548725,true,true,5000000000000,5000000000000,0,false,false,2348218624171846245775,2348218624171846245775,0,false,false
8,0x88e6a0c2ddd26feeb64f039a2c41296fcb3f5640,25136728,199684,13596457510666484513,7,S8_P7,194710:212350,0xc36442b4a4522e871399cd717abdd847ab11fe88:194710:212350,0xc36442b4a4522e871399cd717abdd847ab11fe88,194710,212350,172327479146938053,0.0126744395745544,17640,4974,12666,4974,9769131470914.8556122448979592,0.0000007185056448,31.9017159575391778,40.563923602383779,0.3031296297021785,0.5423190870816641,0.8454487167838426,0.5423190870816641,653872929014.5834,645483481394.3065,8389447620.2769,true,true,293592511116197258743.199765847542009,289855617245812408008.6772953983411342,3736893870384850734.5224704492008748,true,true,4039622655535.2371,3999309525217.2443,40313130317.9928,true,true,1447524758783368824198.200599052822296,1428874337236131327214.7939533261097485,18650421547237496983.4066457267125475,true,true,5000000000000,5000000000000,0,false,false,2348218624171846245775,2348218624171846245775,0,false,false
8,0x88e6a0c2ddd26feeb64f039a2c41296fcb3f5640,25136728,199684,13596457510666484513,8,S8_P8,199610:199760,0xc36442b4a4522e871399cd717abdd847ab11fe88:199610:199760,0xc36442b4a4522e871399cd717abdd847ab11fe88,199610,199760,154524969745856295,0.0113650904748263,150,74,76,74,1030166464972375.3,0.0000757672698322,31.9017159575391778,40.563923602383779,0.2492212132672556,0.394132457834526,0.6433536711017816,0.394132457834526,653872929014.5834,646351626768.23455,7521302246.34885,true,true,293592511116197258743.199765847542009,290241661340076592505.1388417299763088,3350849776120666238.0609241175657002,true,true,4039622655535.2371,4007758385889.8591,31864269645.378,true,true,1447524758783368824198.200599052822296,1433792657168352657057.0897024414891505,13732101615016167141.1108966113331455,true,true,5000000000000,5000000000000,0,false,false,2348218624171846245775,2348218624171846245775,0,false,false
8,0x88e6a0c2ddd26feeb64f039a2c41296fcb3f5640,25136728,199684,13596457510666484513,9,S8_P9,197610:199940,0xc36442b4a4522e871399cd717abdd847ab11fe88:197610:199940,0xc36442b4a4522e871399cd717abdd847ab11fe88,197610,199940,118114933958354994,0.0086871844276859,2330,2074,256,256,50693104703156.6497854077253219,0.0000037284053338,31.9017159575391778,40.563923602383779,0.2071565576443667,0.3701347594331746,0.5772913170775413,0.3701347594331746,653872929014.5834,648126123216.1335,5746805798.4499,true,true,293592511116197258743.199765847542009,291031206380540746030.7095944567417446,2561304735656512712.4901713908002644,true,true,4039622655535.2371,4011992382754.1498,27630272781.0873,true,true,1447524758783368824198.200599052822296,1434739176899378952450.581095057345756,12785581883989871747.61950399547654,true,true,5000000000000,5000000000000,0,false,false,2348218624171846245775,2348218624171846245775,0,false,false
8,0x88e6a0c2ddd26feeb64f039a2c41296fcb3f5640,25136728,199684,13596457510666484513,10,S8_P10,198430:201100,0xc36442b4a4522e871399cd717abdd847ab11fe88:198430:201100,0xc36442b4a4522e871399cd717abdd847ab11fe88,198430,201100,114728480099249526,0.008438115590715,2670,1254,1416,1254,42969468201966.1146067415730337,0.0000031603429179,31.9017159575391778,40.563923602383779,0.20118021945606,0.3594274870756782,0.5606077065317382,0.3594274870756782,653872929014.5834,648291096144.1573,5581832870.4261,true,true,293592511116197258743.199765847542009,291104640979325233039.6131249821089808,2487870136872025703.5866408654330282,true,true,4039622655535.2371,4012784611249.3655,26838044285.8716,true,true,1447524758783368824198.200599052822296,1435105605584997046119.7936384225795525,12419153198371778078.4069606302427435,true,true,5000000000000,5000000000000,0,false,false,2348218624171846245775,2348218624171846245775,0,false,false
8,0x88e6a0c2ddd26feeb64f039a2c41296fcb3f5640,25136728,199684,13596457510666484513,11,S8_P11,195610:200290,0xc36442b4a4522e871399cd717abdd847ab11fe88:195610:200290,0xc36442b4a4522e871399cd717abdd847ab11fe88,195610,200290,82346613047210432,0.0060564755917201,4680,4074,606,606,17595430138292.8273504273504274,0.0000012941187162,31.9017159575391778,40.563923602383779,0.144144198192871,0.2573283156049041,0.4014725137977751,0.2573283156049041,653872929014.5834,649867972261.7715,4004956752.8119,true,true,293592511116197258743.199765847542009,291806836789290329390.5170047875611284,1785674326906929352.6827610599808806,true,true,4039622655535.2371,4020359906021.7113,19262749513.5258,true,true,1447524758783368824198.200599052822296,1438609896139726106874.0984933002316025,8914862643642717324.1021057525906935,true,true,5000000000000,5000000000000,0,false,false,2348218624171846245775,2348218624171846245775,0,false,false
8,0x88e6a0c2ddd26feeb64f039a2c41296fcb3f5640,25136728,199684,13596457510666484513,12,S8_P12,199620:199770,0xc36442b4a4522e871399cd717abdd847ab11fe88:199620:199770,0xc36442b4a4522e871399cd717abdd847ab11fe88,199620,199770,94629682946793412,0.0069598778117429,150,64,86,64,630864552978622.7466666666666667,0.0000463991854116,31.9017159575391778,40.563923602383779,0.145713083448836,0.252064489077038,0.397777572525874,0.252064489077038,653872929014.5834,649269964110.5198,4602964904.0636,true,true,293592511116197258743.199765847542009,291540480399440752469.662557616270676,2052030716756506273.537208231271333,true,true,4039622655535.2371,4021370229936.8327,18252425598.4044,true,true,1447524758783368824198.200599052822296,1438739161282965084059.5743877570424695,8785597500403740138.6262112957798265,true,true,5000000000000,5000000000000,0,false,false,2348218624171846245775,2348218624171846245775,0,false,false
8,0x88e6a0c2ddd26feeb64f039a2c41296fcb3f5640,25136728,199684,13596457510666484513,13,S8_P13,196950:206450,0xc36442b4a4522e871399cd717abdd847ab11fe88:196950:206450,0xc36442b4a4522e871399cd717abdd847ab11fe88,196950,206450,65989735192964238,0.004853450624267,9500,2734,6766,2734,6946287915048.8671578947368421,0.0000005108895394,31.9017159575391778,40.563923602383779,0.1154099113949656,0.2059513163337548,0.3213612277287204,0.2059513163337548,653872929014.5834,650664067902.26215,3208861112.32125,true,true,293592511116197258743.199765847542009,292161532767323352529.5790175773413242,1430978348873906213.6207482702006848,true,true,4039622655535.2371,4024186280858.9753,15436374676.2618,true,true,1447524758783368824198.200599052822296,1440380297442928219525.3275663632958565,7144461340440604672.8730326895264395,true,true,5000000000000,5000000000000,0,false,false,2348218624171846245775,2348218624171846245775,0,false,false
8,0x88e6a0c2ddd26feeb64f039a2c41296fcb3f5640,25136728,199684,13596457510666484513,14,S8_P14,198490:200310,0xc36442b4a4522e871399cd717abdd847ab11fe88:198490:200310,0xc36442b4a4522e871399cd717abdd847ab11fe88,198490,200310,60270227232608872,0.0044327889956135,1820,1194,626,626,33115509468466.4131868131868132,0.0000024355983492,31.9017159575391778,40.563923602383779,0.105374398890442,0.188017207559638,0.29339160645008,0.188017207559638,653872929014.5834,650942371794.97485,2930557219.60855,true,true,293592511116197258743.199765847542009,292285559153514793868.251239343828832,1306951962682464874.948526503713177,true,true,4039622655535.2371,4025524234180.763,14098421354.4741,true,true,1447524758783368824198.200599052822296,1440999400103368988758.153044858044458,6525358679999835440.047554194777838,true,true,5000000000000,5000000000000,0,false,false,2348218624171846245775,2348218624171846245775,0,false,false
8,0x88e6a0c2ddd26feeb64f039a2c41296fcb3f5640,25136728,199684,13596457510666484513,15,S8_P15,199660:199810,0xc36442b4a4522e871399cd717abdd847ab11fe88:199660:199810,0xc36442b4a4522e871399cd717abdd847ab11fe88,199660,199810,72332501151972304,0.0053199519871428,150,24,126,24,482216674346482.0266666666666667,0.000035466346581,31.9017159575391778,40.563923602383779,0.0707521915382908,0.2171864913757846,0.2879386829140754,0.2171864913757846,653872929014.5834,650365052701.0983,3507876313.4851,true,true,293592511116197258743.199765847542009,292023990852045084235.1101331798408186,1568520264152174508.0896326677011904,true,true,4039622655535.2371,4032252097074.3959,7370558460.8412,true,true,1447524758783368824198.200599052822296,1439982924420434488298.809477546158244,7541834362934335899.391121506664052,true,true,5000000000000,5000000000000,0,false,false,2348218624171846245775,2348218624171846245775,0,false,false
8,0x88e6a0c2ddd26feeb64f039a2c41296fcb3f5640,25136728,199684,13596457510666484513,16,S8_P16,199350:200310,0xc36442b4a4522e871399cd717abdd847ab11fe88:199350:200310,0xc36442b4a4522e871399cd717abdd847ab11fe88,199350,200310,56496176778503430,0.0041552129835424,960,334,626,334,58850184144274.40625,0.0000043283468579,31.9017159575391778,40.563923602383779,0.0987558150715866,0.1761920066046372,0.2749478216762238,0.1761920066046372,653872929014.5834,651125992652.7267,2746936361.8567,true,true,293592511116197258743.199765847542009,292367399746065685395.8261992625362382,1225111370131573347.3735665850057708,true,true,4039622655535.2371,4026407085814.4711,13215569720.766,true,true,1447524758783368824198.200599052822296,1441407932192692343923.1041051065159835,6116826590676480275.0964939463063125,true,true,5000000000000,5000000000000,0,false,false,2348218624171846245775,2348218624171846245775,0,false,false
8,0x88e6a0c2ddd26feeb64f039a2c41296fcb3f5640,25136728,199684,13596457510666484513,17,S8_P17,199590:199740,0xc36442b4a4522e871399cd717abdd847ab11fe88:199590:199740,0xc36442b4a4522e871399cd717abdd847ab11fe88,199590,199740,59205304385934894,0.0043544654436266,150,94,56,56,394702029239565.96,0.0000290297696242,31.9017159575391778,40.563923602383779,0.1008897489937413,0.132498643980252,0.2333883929739933,0.132498643980252,653872929014.5834,650994185175.7268,2878743838.8566,true,true,293592511116197258743.199765847542009,292308652265430403632.5104766607777548,1283858850766855110.6892891867642542,true,true,4039622655535.2371,4026282634080.6218,13340021454.6153,true,true,1447524758783368824198.200599052822296,1442879992554406422510.5754822051261085,4644766228962401687.6251168476961875,true,true,5000000000000,5000000000000,0,false,false,2348218624171846245775,2348218624171846245775,0,false,false
8,0x88e6a0c2ddd26feeb64f039a2c41296fcb3f5640,25136728,199684,13596457510666484513,18,S8_P18,199590:201360,0xc36442b4a4522e871399cd717abdd847ab11fe88:199590:201360,0xc36442b4a4522e871399cd717abdd847ab11fe88,199590,201360,47083077983034019,0.003462893032696,1770,94,1676,94,26600609029962.7225988700564972,0.0000019564367416,31.9017159575391778,40.563923602383779,0.0801904650967582,0.1467283068413352,0.2269187719380934,0.1467283068413352,653872929014.5834,651583907670.6918,2289021343.8916,true,true,293592511116197258743.199765847542009,292571521238807454980.1789537520342424,1020989877389803763.0208120955077666,true,true,4039622655535.2371,4029012578967.2732,10610076567.9639,true,true,1447524758783368824198.200599052822296,1442426923640755533111.300638987937814,5097835142613291086.899960064884482,true,true,5000000000000,5000000000000,0,false,false,2348218624171846245775,2348218624171846245775,0,false,false
8,0x88e6a0c2ddd26feeb64f039a2c41296fcb3f5640,25136728,199684,13596457510666484513,19,S8_P19,199630:199780,0xc36442b4a4522e871399cd717abdd847ab11fe88:199630:199780,0xc36442b4a4522e871399cd717abdd847ab11fe88,199630,199780,49163031016732617,0.0036158706029246,150,54,96,54,327753540111550.78,0.0000241058040195,31.9017159575391778,40.563923602383779,0.0715063241552223,0.1358790369899148,0.2073853611451371,0.1358790369899148,653872929014.5834,651482734394.81495,2390194619.76845,true,true,293592511116197258743.199765847542009,292526417806393864702.5903085202963102,1066093309803394040.6094573272456988,true,true,4039622655535.2371,4030932402807.719,8690252727.5181,true,true,1447524758783368824198.200599052822296,1442784828039529693322.0363394108569335,4739930743839130876.1642596419653625,true,true,5000000000000,5000000000000,0,false,false,2348218624171846245775,2348218624171846245775,0,false,false
8,0x88e6a0c2ddd26feeb64f039a2c41296fcb3f5640,25136728,199684,13596457510666484513,20,S8_P20,199450:199690,0xc36442b4a4522e871399cd717abdd847ab11fe88:199450:199690,0xc36442b4a4522e871399cd717abdd847ab11fe88,199450,199690,85088275408071902,0.0062581209363777,240,234,6,6,354534480866966.2583333333333333,0.0000260755039016,31.9017159575391778,40.563923602383779,0.1489654889176844,0.0299848549552757,0.1789503438729601,0.1489654889176844,653872929014.5834,649734507209.04285,4138421805.54055,true,true,293592511116197258743.199765847542009,292773927037319610380.3821192520743334,818584078877648362.8176465954676756,true,true,4039622655535.2371,4019718540757.4018,19904114777.8353,true,true,1447524758783368824198.200599052822296,1446617281421353306443.1547191342449925,907477362015517755.0458799185773035,true,true,5000000000000,5000000000000,0,false,false,2348218624171846245775,2348218624171846245775,0,false,false
9,0x88e6a0c2ddd26feeb64f039a2c41296fcb3f5640,25126728,199678,13191536917381708017,1,S9_P1,199380:200860,0xc36442b4a4522e871399cd717abdd847ab11fe88:199380:200860,0xc36442b4a4522e871399cd717abdd847ab11fe88,199380,200860,7598705807111945268,0.5760288474877844,1480,298,1182,298,5134260680481044.1,0.000389208680735,41.8605479033392299,41.2574853322234295,62.9172882387684062,60.3673229262914451,123.2846111650598513,62.9172882387684062,605461261159.12895,252162085481.99692,353299175677.13203,true,true,285162986474355407131.8599863788855895,120415464922057969995.6497039731330948,164747521552297437136.2102824057524947,true,true,2985337918550.4806,1221442337244.3355,1763895581306.1451,true,true,1422005605499483425383.9758825405972736,599416346250728249246.739180381564622,822589259248755176137.2367021590326516,true,true,5000000000000,2398663885993.8806,2601336114006.1194,false,true,2346670229389753929547,1172113725334246969810.9683614447180384,1174556504055506959736.0316385552819616,false,true
9,0x88e6a0c2ddd26feeb64f039a2c41296fcb3f5640,25126728,199678,13191536917381708017,2,S9_P2,199310:200870,0xc36442b4a4522e871399cd717abdd847ab11fe88:199310:200870,0xc36442b4a4522e871399cd717abdd847ab11fe88,199310,200870,1352857039838262121,0.1025549220163787,1560,368,1192,368,867216051178373.1544871794871795,0.0000657403346259,41.8605479033392299,41.2574853322234295,4.9647676562895985,4.8002771956279681,9.7650448519175666,4.9647676562895985,605461261159.12895,543102517780.41355,62358743378.7154,true,true,285162986474355407131.8599863788855895,255839521876865025399.2611879862718875,29323464597490381732.598798392613702,true,true,2985337918550.4806,2671484435206.8752,313853483343.6054,true,true,1422005605499483425383.9758825405972736,1274737440175944090276.9006451691286336,147268165323539335107.07523737146864,true,true,5000000000000,5000000000000,0,false,false,2346670229389753929547,2346670229389753929547,0,false,false
9,0x88e6a0c2ddd26feeb64f039a2c41296fcb3f5640,25126728,199678,13191536917381708017,3,S9_P3,198060:200130,0xc36442b4a4522e871399cd717abdd847ab11fe88:198060:200130,0xc36442b4a4522e871399cd717abdd847ab11fe88,198060,200130,892287530697189504,0.0676409076732731,2070,1618,452,452,431056778114584.3014492753623188,0.0000326767669919,41.8605479033392299,41.2574853322234295,3.1467682711551387,3.0437037012846591,6.1904719724397978,3.1467682711551387,605461261159.12895,564315444703.32375,41145816455.8052,true,true,285162986474355407131.8599863788855895,265823075576211210301.753824686656685,19339910898144196830.1061616922289045,true,true,2985337918550.4806,2778295563391.8431,207042355158.6375,true,true,1422005605499483425383.9758825405972736,1324820403859127599912.8686007957864032,97185201640355825471.1072817448108704,true,true,5000000000000,5000000000000,0,false,false,2346670229389753929547,2346670229389753929547,0,false,false
9,0x88e6a0c2ddd26feeb64f039a2c41296fcb3f5640,25126728,199678,13191536917381708017,4,S9_P4,195610:209470,0xc36442b4a4522e871399cd717abdd847ab11fe88:195610:209470,0xc36442b4a4522e871399cd717abdd847ab11fe88,195610,209470,352854813796027778,0.026748574939065,13860,4068,9792,4068,25458500273883.6780663780663781,0.0000019299116118,41.8605479033392299,41.2574853322234295,1.1899970832507727,1.1515188772524805,2.3415159605032532,1.1899970832507727,605461261159.12895,589183116516.9797,16278144642.14925,true,true,285162986474355407131.8599863788855895,277515339259572835953.5420652089841075,7647647214782571178.317921169901482,true,true,2985337918550.4806,2903448454668.0902,81889463882.3904,true,true,1422005605499483425383.9758825405972736,1383556696780203533855.706578694079504,38448908719279891528.2693038465177696,true,true,5000000000000,5000000000000,0,false,false,2346670229389753929547,2346670229389753929547,0,false,false
9,0x88e6a0c2ddd26feeb64f039a2c41296fcb3f5640,25126728,199678,13191536917381708017,5,S9_P5,194710:212350,0xc36442b4a4522e871399cd717abdd847ab11fe88:194710:212350,0xc36442b4a4522e871399cd717abdd847ab11fe88,194710,212350,172327479146938053,0.0130634876152962,17640,4968,12672,4968,9769131470914.8556122448979592,0.0000007405605224,41.8605479033392299,41.2574853322234295,0.5727922490594331,0.5543480614220794,1.1271403104815125,0.5727922490594331,605461261159.12895,597510271801.9139,7950989357.21505,true,true,285162986474355407131.8599863788855895,281428077370318251124.1604365040599375,3734909104037156007.699549874825652,true,true,2985337918550.4806,2945342641229.7392,39995277320.7414,true,true,1422005605499483425383.9758825405972736,1403225939706439869540.8748243355424512,18779665793043555843.1010582050548224,true,true,5000000000000,5000000000000,0,false,false,2346670229389753929547,2346670229389753929547,0,false,false
9,0x88e6a0c2ddd26feeb64f039a2c41296fcb3f5640,25126728,199678,13191536917381708017,6,S9_P6,199670:199820,0xc36442b4a4522e871399cd717abdd847ab11fe88:199670:199820,0xc36442b4a4522e871399cd717abdd847ab11fe88,199670,199820,245861703193306264,0.0186378361166809,150,8,142,8,1639078021288708.4266666666666667,0.0001242522407779,41.8605479033392299,41.2574853322234295,0.137686343665039,0.7829626701127281,0.9206490137777671,0.7829626701127281,605461261159.12895,598217938310.9798,7243322848.14915,true,true,285162986474355407131.8599863788855895,279834314865745026429.22718698863439,5328671608610380702.6327993902511995,true,true,2985337918550.4806,2976486220506.1352,8851698044.3454,true,true,1422005605499483425383.9758825405972736,1395591267616202096454.0390026276327552,26414337883281328929.9368799129645184,true,true,5000000000000,5000000000000,0,false,false,2346670229389753929547,2346670229389753929547,0,false,false
9,0x88e6a0c2ddd26feeb64f039a2c41296fcb3f5640,25126728,199678,13191536917381708017,7,S9_P7,197610:199940,0xc36442b4a4522e871399cd717abdd847ab11fe88:197610:199940,0xc36442b4a4522e871399cd717abdd847ab11fe88,197610,199940,118114933958354994,0.0089538417470312,2330,2068,262,262,50693104703156.6497854077253219,0.0000038428505352,41.8605479033392299,41.2574853322234295,0.3909047737676653,0.3783330209061772,0.7692377946738425,0.3909047737676653,605461261159.12895,600011363695.00475,5449897464.1242,true,true,285162986474355407131.8599863788855895,282603055052587402688.006899283108735,2559931421768004443.8530870957768545,true,true,2985337918550.4806,2957924372532.7652,27413546017.7154,true,true,1422005605499483425383.9758825405972736,1409133488653434079125.8392547454604576,12872116846049346258.136627795136816,true,true,5000000000000,5000000000000,0,false,false,2346670229389753929547,2346670229389753929547,0,false,false
9,0x88e6a0c2ddd26feeb64f039a2c41296fcb3f5640,25126728,199678,13191536917381708017,8,S9_P8,198430:201100,0xc36442b4a4522e871399cd717abdd847ab11fe88:198430:201100,0xc36442b4a4522e871399cd717abdd847ab11fe88,198430,201100,114728480099249526,0.008697127621883,2670,1248,1422,1248,42969468201966.1146067415730337,0.0000032573511692,41.8605479033392299,41.2574853322234295,0.3795949730188865,0.3673878932705848,0.7469828662894713,0.3795949730188865,605461261159.12895,600167603946.8026,5293657212.32635,true,true,285162986474355407131.8599863788855895,282676451173934141520.8655471275955815,2486535300421265610.994439251290008,true,true,2985337918550.4806,2958710318563.3934,26627599987.0872,true,true,1422005605499483425383.9758825405972736,1409502522659616752435.6740759621117024,12503082839866672948.3018065784855712,true,true,5000000000000,5000000000000,0,false,false,2346670229389753929547,2346670229389753929547,0,false,false
9,0x88e6a0c2ddd26feeb64f039a2c41296fcb3f5640,25126728,199678,13191536917381708017,9,S9_P9,199630:199780,0xc36442b4a4522e871399cd717abdd847ab11fe88:199630:199780,0xc36442b4a4522e871399cd717abdd847ab11fe88,199630,199780,129861165151523191,0.0098442786435607,150,48,102,48,865741101010154.6066666666666667,0.0000656285242904,41.8605479033392299,41.2574853322234295,0.2842696702657494,0.3775455303838464,0.6618152006495958,0.3775455303838464,605461261159.12895,599469435425.32025,5991825733.8087,true,true,285162986474355407131.8599863788855895,282348473524790741868.7304280744011225,2814512949564665263.129558304484467,true,true,2985337918550.4806,2964791103639.1772,20546814911.3034,true,true,1422005605499483425383.9758825405972736,1409065910162045504383.5625143580130368,12939695337437921000.4133681825842368,true,true,5000000000000,5000000000000,0,false,false,2346670229389753929547,2346670229389753929547,0,false,false
9,0x88e6a0c2ddd26feeb64f039a2c41296fcb3f5640,25126728,199678,13191536917381708017,10,S9_P10,198940:200310,0xc36442b4a4522e871399cd717abdd847ab11fe88:198940:200310,0xc36442b4a4522e871399cd717abdd847ab11fe88,198940,200310,89202912754548189,0.0067621319117874,1370,738,632,632,65111615149305.2474452554744526,0.0000049358627093,41.8605479033392299,41.2574853322234295,0.2945423698673715,0.2850759117517537,0.5796182816191252,0.2945423698673715,605461261159.12895,601345298371.024,4115962788.10495,true,true,285162986474355407131.8599863788855895,283229676486631499651.401522418498508,1933309987723907480.4584639603870815,true,true,2985337918550.4806,2964634469370.6758,20703449179.8048,true,true,1422005605499483425383.9758825405972736,1412284175037656097420.1156861949590272,9721430461827327963.8601963456382464,true,true,5000000000000,5000000000000,0,false,false,2346670229389753929547,2346670229389753929547,0,false,false
9,0x88e6a0c2ddd26feeb64f039a2c41296fcb3f5640,25126728,199678,13191536917381708017,11,S9_P11,195610:200290,0xc36442b4a4522e871399cd717abdd847ab11fe88:195610:200290,0xc36442b4a4522e871399cd717abdd847ab11fe88,195610,200290,82346613047210432,0.006242382033492,4680,4068,612,612,17595430138292.8273504273504274,0.0000013338423148,41.8605479033392299,41.2574853322234295,0.271755474804079,0.2630227278763482,0.5347782026804272,0.271755474804079,605461261159.12895,601661639484.8942,3799621674.23475,true,true,285162986474355407131.8599863788855895,283378275327861630439.917848249488029,1784711146493776691.9421381293975605,true,true,2985337918550.4806,2966225740120.8221,19112178429.6585,true,true,1422005605499483425383.9758825405972736,1413031353554751476718.8231230942972288,8974251944731948665.1527594463000448,true,true,5000000000000,5000000000000,0,false,false,2346670229389753929547,2346670229389753929547,0,false,false
9,0x88e6a0c2ddd26feeb64f039a2c41296fcb3f5640,25126728,199678,13191536917381708017,12,S9_P12,199660:199810,0xc36442b4a4522e871399cd717abdd847ab11fe88:199660:199810,0xc36442b4a4522e871399cd717abdd847ab11fe88,199660,199810,109101945417708869,0.0082706015304367,150,18,132,18,727346302784725.7933333333333333,0.0000551373435362,41.8605479033392299,41.2574853322234295,0.120966069182875,0.3397143687274138,0.4606804379102888,0.3397143687274138,605461261159.12895,600782936135.0384,4678325024.09055,true,true,285162986474355407131.8599863788855895,282798397184017611415.615531779357343,2364589290337795716.2444545995282465,true,true,2985337918550.4806,2977186197989.4392,8151720561.0414,true,true,1422005605499483425383.9758825405972736,1410413932883154559680.3014595323358592,11591672616328865703.6744230082614144,true,true,5000000000000,5000000000000,0,false,false,2346670229389753929547,2346670229389753929547,0,false,false
9,0x88e6a0c2ddd26feeb64f039a2c41296fcb3f5640,25126728,199678,13191536917381708017,13,S9_P13,196950:206450,0xc36442b4a4522e871399cd717abdd847ab11fe88:196950:206450,0xc36442b4a4522e871399cd717abdd847ab11fe88,196950,206450,65989735192964238,0.0050024296339582,9500,2728,6772,2728,6946287915048.8671578947368421,0.0000005265715404,41.8605479033392299,41.2574853322234295,0.2174933390932404,0.2105068820650868,0.4280002211583272,0.2174933390932404,605461261159.12895,602416340931.99025,3044920227.1387,true,true,285162986474355407131.8599863788855895,283732782447492415060.889933630189075,1430204026862992070.9700527486965145,true,true,2985337918550.4806,2970022014140.6504,15315904409.8302,true,true,1422005605499483425383.9758825405972736,1414813895586046407535.6090479949117088,7191709913437017848.3668345456855648,true,true,5000000000000,5000000000000,0,false,false,2346670229389753929547,2346670229389753929547,0,false,false
9,0x88e6a0c2ddd26feeb64f039a2c41296fcb3f5640,25126728,199678,13191536917381708017,14,S9_P14,198490:200310,0xc36442b4a4522e871399cd717abdd847ab11fe88:198490:200310,0xc36442b4a4522e871399cd717abdd847ab11fe88,198490,200310,60270227232608872,0.0045688555935582,1820,1188,632,632,33115509468466.4131868131868132,0.0000025103602162,41.8605479033392299,41.2574853322234295,0.1985526678499236,0.1921754674618402,0.3907281353117638,0.1985526678499236,605461261159.12895,602680241543.24085,2781019615.8881,true,true,285162986474355407131.8599863788855895,283856742532412647201.7385841111200365,1306243941942759930.121402267765553,true,true,2985337918550.4806,2971349464093.8692,13988454456.6114,true,true,1422005605499483425383.9758825405972736,1415437203546943314317.2169155419420128,6568401952540111066.7589669986552608,true,true,5000000000000,5000000000000,0,false,false,2346670229389753929547,2346670229389753929547,0,false,false
9,0x88e6a0c2ddd26feeb64f039a2c41296fcb3f5640,25126728,199678,13191536917381708017,15,S9_P15,199350:200310,0xc36442b4a4522e871399cd717abdd847ab11fe88:199350:200310,0xc36442b4a4522e871399cd717abdd847ab11fe88,199350,200310,56496176778503430,0.0042827592518095,960,328,632,328,58850184144274.40625,0.000004461207554,41.8605479033392299,41.2574853322234295,0.1860639448680912,0.1800883613849375,0.3661523062530287,0.1860639448680912,605461261159.12895,602854378296.2101,2606882862.91885,true,true,285162986474355407131.8599863788855895,283938538539511448320.91207499582036,1224447934843958810.9479113830652295,true,true,2985337918550.4806,2972225392095.7742,13112526454.7064,true,true,1422005605499483425383.9758825405972736,1415848498755628689151.8838471870085952,6157106743854736232.0920353535886784,true,true,5000000000000,5000000000000,0,false,false,2346670229389753929547,2346670229389753929547,0,false,false
9,0x88e6a0c2ddd26feeb64f039a2c41296fcb3f5640,25126728,199678,13191536917381708017,16,S9_P16,199590:201360,0xc36442b4a4522e871399cd717abdd847ab11fe88:199590:201360,0xc36442b4a4522e871399cd717abdd847ab11fe88,199590,201360,47083077983034019,0.0035691882058864,1770,88,1682,88,26600609029962.7225988700564972,0.0000020164905118,41.8605479033392299,41.2574853322234295,0.1331415450293952,0.1499723194188145,0.2831138644482097,0.1499723194188145,605461261159.12895,603288708997.6526,2172552161.47635,true,true,285162986474355407131.8599863788855895,284142550651573322874.8684565712023545,1020435822782084256.991529807683235,true,true,2985337918550.4806,2975805685071.7997,9532233478.6809,true,true,1422005605499483425383.9758825405972736,1416874342292872360201.516612519867552,5131263206611065182.4592700207297216,true,true,5000000000000,5000000000000,0,false,false,2346670229389753929547,2346670229389753929547,0,false,false
9,0x88e6a0c2ddd26feeb64f039a2c41296fcb3f5640,25126728,199678,13191536917381708017,17,S9_P17,199580:199730,0xc36442b4a4522e871399cd717abdd847ab11fe88:199580:199730,0xc36442b4a4522e871399cd717abdd847ab11fe88,199580,199730,49838425041359698,0.0037780605363497,150,98,52,52,332256166942397.9866666666666667,0.0000251870702423,41.8605479033392299,41.2574853322234295,0.1462244754013321,0.1108353337037926,0.2570598091051247,0.1462244754013321,605461261159.12895,603161573487.5811,2299687671.54785,true,true,285162986474355407131.8599863788855895,284082832946339872827.0749185843727735,1080153528015534304.785067794512816,true,true,2985337918550.4806,2974910202960.4427,10427715590.0379,true,true,1422005605499483425383.9758825405972736,1418145227110838133435.7199229366984032,3860378388645291948.2559596038988704,true,true,5000000000000,5000000000000,0,false,false,2346670229389753929547,2346670229389753929547,0,false,false
9,0x88e6a0c2ddd26feeb64f039a2c41296fcb3f5640,25126728,199678,13191536917381708017,18,S9_P18,199140:200150,0xc36442b4a4522e871399cd717abdd847ab11fe88:199140:200150,0xc36442b4a4522e871399cd717abdd847ab11fe88,199140,200150,39365415912549206,0.002984141738684,1010,538,472,472,38975659319355.6495049504950495,0.0000029545957809,41.8605479033392299,41.2574853322234295,0.129470142624396,0.1253137254904276,0.2547838681148236,0.129470142624396,605461261159.12895,603644815334.96695,1816445824.162,true,true,285162986474355407131.8599863788855895,284309816754551461365.2673372789845725,853169719803945766.592649099901017,true,true,2985337918550.4806,2976201330221.4023,9136588329.0783,true,true,1422005605499483425383.9758825405972736,1417715423010851956408.6329792363497792,4290182488631468975.3429033042474944,true,true,5000000000000,5000000000000,0,false,false,2346670229389753929547,2346670229389753929547,0,false,false
9,0x88e6a0c2ddd26feeb64f039a2c41296fcb3f5640,25126728,199678,13191536917381708017,19,S9_P19,199600:199750,0xc36442b4a4522e871399cd717abdd847ab11fe88:199600:199750,0xc36442b4a4522e871399cd717abdd847ab11fe88,199600,199750,44848996378766745,0.0033998310173905,150,78,72,72,298993309191778.3,0.0000226655401159,41.8605479033392299,41.2574853322234295,0.1214541667736625,0.1148938330524505,0.236347999826113,0.1214541667736625,605461261159.12895,603391792780.27535,2069468378.8536,true,true,285162986474355407131.8599863788855895,284190970087293386369.617266921070157,972016387062020762.2427194578154325,true,true,2985337918550.4806,2976601641753.4703,8736276797.0103,true,true,1422005605499483425383.9758825405972736,1418013474812578212092.6343879094807456,3992130686905213291.341494631116528,true,true,5000000000000,5000000000000,0,false,false,2346670229389753929547,2346670229389753929547,0,false,false
9,0x88e6a0c2ddd26feeb64f039a2c41296fcb3f5640,25126728,199678,13191536917381708017,20,S9_P20,199530:199680,0xc36442b4a4522e871399cd717abdd847ab11fe88:199530:199680,0xc36442b4a4522e871399cd717abdd847ab11fe88,199530,199680,38694131695308875,0.002933254247602,150,148,2,2,257960877968725.8333333333333333,0.0000195550283173,41.8605479033392299,41.2574853322234295,0.1259547164572193,0.0050202667847832,0.1309749832420025,0.1259547164572193,605461261159.12895,603675789653.60185,1785471505.5271,true,true,285162986474355407131.8599863788855895,285022152305164809845.744621459896429,140834169190597286.1153649189891605,true,true,2985337918550.4806,2976440496562.0556,8897421988.425,true,true,1422005605499483425383.9758825405972736,1421859050104879489730.0579128747336832,146555394603935653.9179696658635904,true,true,5000000000000,5000000000000,0,false,false,2346670229389753929547,2346670229389753929547,0,false,false
10,0x88e6a0c2ddd26feeb64f039a2c41296fcb3f5640,25116728,199433,12980191134747189430,1,S10_P1,199380:200860,0xc36442b4a4522e871399cd717abdd847ab11fe88:199380:200860,0xc36442b4a4522e871399cd717abdd847ab11fe88,199380,200860,7598705807111945268,0.5854078517203547,1480,53,1427,53,5134260680481044.1,0.000395545845757,62.3424674385504461,41.499691977570795,45.2505988143413219,63.2611192962458833,108.5117181105872052,63.2611192962458833,607138654038.4518,251625258074.71468,355513395963.73712,true,true,277947777687686787214.9980199105386176,115254458260784115951.4457072983017784,162693319426902671263.5523126122368392,true,true,2400392710268.9582,1251715422531.7812,1148677287737.177,true,true,1379874641783657130458.96675639046558,567740607773932903957.4243521039070528,812134034009724226501.5424042865585272,true,true,3688846172369.2265,2398812234682.4951,1290033937686.7314,true,true,2289942508848781123678,1106555268219541199333.8280486014186271,1183387240629239924344.1719513985813729,false,true
10,0x88e6a0c2ddd26feeb64f039a2c41296fcb3f5640,25116728,199433,12980191134747189430,2,S10_P2,198060:200130,0xc36442b4a4522e871399cd717abdd847ab11fe88:198060:200130,0xc36442b4a4522e871399cd717abdd847ab11fe88,198060,200130,892287530697189504,0.0687422489726357,2070,1373,697,697,431056778114584.3014492753623188,0.0000332088159288,62.3424674385504461,41.499691977570795,12.7999879670875008,3.122420344190931,15.9224083112784318,12.7999879670875008,607138654038.4518,565363679629.78185,41774974408.66995,true,true,277947777687686787214.9980199105386176,258838369941584054481.6807289640330144,19109407746102732733.3172909465056032,true,true,2400392710268.9582,2227120122007.8227,173272588261.1355,true,true,1379874641783657130458.96675639046558,1284528089461321712287.7199651128760458,95346552322335418171.2467912775895342,true,true,3688846172369.2265,3239264551339.007,449581621030.2195,true,true,2289942508848781123678,2289942508848781123678,0,false,false
10,0x88e6a0c2ddd26feeb64f039a2c41296fcb3f5640,25116728,199433,12980191134747189430,3,S10_P3,199310:200870,0xc36442b4a4522e871399cd717abdd847ab11fe88:199310:200870,0xc36442b4a4522e871399cd717abdd847ab11fe88,199310,200870,1352857039838262121,0.1042247395122515,1560,123,1437,123,867216051178373.1544871794871795,0.0000668107304566,62.3424674385504461,41.499691977570795,10.959653689389994,4.927067105227635,15.886720794617629,10.959653689389994,607138654038.4518,543797498436.2363,63341155602.2155,true,true,277947777687686787214.9980199105386176,248975221288615853876.8012291741339568,28972556399070933338.1967907364046608,true,true,2400392710268.9582,2183210540923.7273,217182169345.2309,true,true,1379874641783657130458.96675639046558,1235383519569453156996.9260154674078467,144491122214203973462.0407409230577333,true,true,3688846172369.2265,3297624466457.6237,391221705911.6028,true,true,2289942508848781123678,2289942508848781123678,0,false,false
10,0x88e6a0c2ddd26feeb64f039a2c41296fcb3f5640,25116728,199433,12980191134747189430,4,S10_P4,195610:209470,0xc36442b4a4522e871399cd717abdd847ab11fe88:195610:209470,0xc36442b4a4522e871399cd717abdd847ab11fe88,195610,209470,352854813796027778,0.0271840999976847,13860,3823,10037,3823,25458500273883.6780663780663781,0.0000019613347762,62.3424674385504461,41.499691977570795,4.4281673765497971,1.1806170698427069,5.608784446392504,4.4281673765497971,607138654038.4518,590619542529.20965,16519111509.24215,true,true,277947777687686787214.9980199105386176,270390875807182643207.5871083930304,7556901880504144007.4109115175082176,true,true,2400392710268.9582,2330252086220.093,70140624048.8652,true,true,1379874641783657130458.96675639046558,1342150575961167705842.5847074119224398,37724065822489424616.3820489785431402,true,true,3688846172369.2265,3508364833767.0152,180481338602.2113,true,true,2289942508848781123678,2289942508848781123678,0,false,false
10,0x88e6a0c2ddd26feeb64f039a2c41296fcb3f5640,25116728,199433,12980191134747189430,5,S10_P5,199040:199640,0xc36442b4a4522e871399cd717abdd847ab11fe88:199040:199640,0xc36442b4a4522e871399cd717abdd847ab11fe88,199040,199640,192772411962991859,0.0148512768388249,600,393,207,207,321287353271653.0983333333333333,0.0000247521280647,62.3424674385504461,41.499691977570795,2.3358930434726887,0.6367130913224105,2.9726061347950992,2.3358930434726887,607138654038.4518,598114031281.88625,9024622756.56555,true,true,277947777687686787214.9980199105386176,273819265960966635787.9756847564073776,4128511726720151427.02233515413124,true,true,2400392710268.9582,2361796470254.7767,38596240014.1815,true,true,1379874641783657130458.96675639046558,1359262216968884530781.270359540600771,20612424814772599677.696396849864809,true,true,3688846172369.2265,3589689375552.1421,99156796817.0844,true,true,2289942508848781123678,2289942508848781123678,0,false,false
10,0x88e6a0c2ddd26feeb64f039a2c41296fcb3f5640,25116728,199433,12980191134747189430,6,S10_P6,194710:212350,0xc36442b4a4522e871399cd717abdd847ab11fe88:194710:212350,0xc36442b4a4522e871399cd717abdd847ab11fe88,194710,212350,172327479146938053,0.0132761896460544,17640,4723,12917,4723,9769131470914.8556122448979592,0.0000007526184607,62.3424674385504461,41.499691977570795,2.0791685528786149,0.5682529980176902,2.6474215508963051,2.0791685528786149,607138654038.4518,599071177099.246,8067476939.2058,true,true,277947777687686787214.9980199105386176,274257123976370096566.0123335304810208,3690653711316690648.9856863800575968,true,true,2400392710268.9582,2365856964566.681,34535745702.2772,true,true,1379874641783657130458.96675639046558,1361447982493165882155.8994355131546604,18426659290491248303.0673208773109196,true,true,3688846172369.2265,3600135542754.4646,88710629614.7619,true,true,2289942508848781123678,2289942508848781123678,0,false,false
10,0x88e6a0c2ddd26feeb64f039a2c41296fcb3f5640,25116728,199433,12980191134747189430,7,S10_P7,198170:199740,0xc36442b4a4522e871399cd717abdd847ab11fe88:198170:199740,0xc36442b4a4522e871399cd717abdd847ab11fe88,198170,199740,137977186596767142,0.0106298270313917,1570,1263,307,307,87883558341889.8993630573248408,0.0000067705904659,62.3424674385504461,41.499691977570795,1.6527764875569133,0.4537341400025842,2.1065106275594975,1.6527764875569133,607138654038.4518,600679302286.20085,6459351752.25095,true,true,277947777687686787214.9980199105386176,274992786617483977052.9768964469746032,2954991070202810162.0211234635640144,true,true,2400392710268.9582,2372696788900.3127,27695921368.6455,true,true,1379874641783657130458.96675639046558,1365120543837767617109.5144275919311893,14754097945889513349.4523287985343907,true,true,3688846172369.2265,3617723975868.3806,71122196500.8459,true,true,2289942508848781123678,2289942508848781123678,0,false,false
10,0x88e6a0c2ddd26feeb64f039a2c41296fcb3f5640,25116728,199433,12980191134747189430,8,S10_P8,197610:199940,0xc36442b4a4522e871399cd717abdd847ab11fe88:197610:199940,0xc36442b4a4522e871399cd717abdd847ab11fe88,197610,199940,118114933958354994,0.0090996297922123,2330,1823,507,507,50693104703156.6497854077253219,0.0000039054205117,62.3424674385504461,41.499691977570795,1.4090071544503809,0.3878026374457645,1.7968097918961454,1.4090071544503809,607138654038.4518,601609157658.7797,5529496379.6721,true,true,277947777687686787214.9980199105386176,275418166427087302299.8665524439812704,2529611260599484915.1314674665573472,true,true,2400392710268.9582,2376661829878.9583,23730880389.9999,true,true,1379874641783657130458.96675639046558,1367244216012187162470.1236269691832223,12630425771469967988.8431294212823577,true,true,3688846172369.2265,3627915503312.5607,60930669056.6658,true,true,2289942508848781123678,2289942508848781123678,0,false,false
10,0x88e6a0c2ddd26feeb64f039a2c41296fcb3f5640,25116728,199433,12980191134747189430,9,S10_P9,195610:200290,0xc36442b4a4522e871399cd717abdd847ab11fe88:195610:200290,0xc36442b4a4522e871399cd717abdd847ab11fe88,195610,200290,82346613047210432,0.0063440216089556,4680,3823,857,857,17595430138292.8273504273504274,0.0000013555601729,62.3424674385504461,41.499691977570795,0.9750669778653677,0.269597287518379,1.2446642653837467,0.9750669778653677,607138654038.4518,603283648553.1979,3855005485.2539,true,true,277947777687686787214.9980199105386176,276184199336111899191.70639781991416,1763578351574888023.2916220906244576,true,true,2400392710268.9582,2383820729177.432,16571981091.5262,true,true,1379874641783657130458.96675639046558,1371068746173035845744.0733244033257668,8805895610621284714.8934319871398132,true,true,3688846172369.2265,3646308219844.3427,42537952524.8838,true,true,2289942508848781123678,2289942508848781123678,0,false,false
10,0x88e6a0c2ddd26feeb64f039a2c41296fcb3f5640,25116728,199433,12980191134747189430,10,S10_P10,197820:199590,0xc36442b4a4522e871399cd717abdd847ab11fe88:197820:199590,0xc36442b4a4522e871399cd717abdd847ab11fe88,197820,199590,72307817366418249,0.005570628091358,1770,1613,157,157,40851874218315.3949152542372881,0.0000031472475092,62.3424674385504461,41.499691977570795,0.8544264167558147,0.2358575392913391,1.0902839560471538,0.8544264167558147,607138654038.4518,603753612953.95125,3385041084.50055,true,true,277947777687686787214.9980199105386176,276399195267840589364.8177467523189184,1548582419846197850.1802731582196992,true,true,2400392710268.9582,2385834245709.518,14558464559.4402,true,true,1379874641783657130458.96675639046558,1372162753910074106887.0061347046193024,7711887873583023571.9606216858462776,true,true,3688846172369.2265,3651479510372.6849,37366661996.5416,true,true,2289942508848781123678,2289942508848781123678,0,false,false
10,0x88e6a0c2ddd26feeb64f039a2c41296fcb3f5640,25116728,199433,12980191134747189430,11,S10_P11,196950:206450,0xc36442b4a4522e871399cd717abdd847ab11fe88:196950:206450,0xc36442b4a4522e871399cd717abdd847ab11fe88,196950,206450,65989735192964238,0.0050838800837311,9500,2483,7017,2483,6946287915048.8671578947368421,0.000000535145272,62.3424674385504461,41.499691977570795,0.7787549204831272,0.2157656734657487,0.9945205939488759,0.7787549204831272,607138654038.4518,604049391046.14075,3089262992.31105,true,true,277947777687686787214.9980199105386176,276534506757918286172.4872727004330016,1413270929768501042.510747210105616,true,true,2400392710268.9582,2387102447608.1195,13290262660.8387,true,true,1379874641783657130458.96675639046558,1372817785690656553024.5488738125206543,7056856093000577434.4178825779449257,true,true,3688846172369.2265,3654736205884.4579,34109966484.7686,true,true,2289942508848781123678,2289942508848781123678,0,false,false
10,0x88e6a0c2ddd26feeb64f039a2c41296fcb3f5640,25116728,199433,12980191134747189430,12,S10_P12,198490:200310,0xc36442b4a4522e871399cd717abdd847ab11fe88:198490:200310,0xc36442b4a4522e871399cd717abdd847ab11fe88,198490,200310,60270227232608872,0.0046432465136256,1820,943,877,877,33115509468466.4131868131868132,0.0000025512343481,62.3424674385504461,41.499691977570795,0.7104220476877163,0.1969753250480694,0.9073973727357857,0.7104220476877163,607138654038.4518,604317147030.27195,2821507008.17985,true,true,277947777687686787214.9980199105386176,276656998338045751843.5543707368589552,1290779349641035371.4436491736796624,true,true,2400392710268.9582,2388251141339.462,12141568929.4962,true,true,1379874641783657130458.96675639046558,1373429385752023839321.9155370832274259,6445256031633291137.0512193072381541,true,true,3688846172369.2265,3657685734234.1097,31160438135.1168,true,true,2289942508848781123678,2289942508848781123678,0,false,false
10,0x88e6a0c2ddd26feeb64f039a2c41296fcb3f5640,25116728,199433,12980191134747189430,13,S10_P13,198830:199730,0xc36442b4a4522e871399cd717abdd847ab11fe88:198830:199730,0xc36442b4a4522e871399cd717abdd847ab11fe88,198830,199730,55419992414428821,0.0042695821532298,900,603,297,297,61577769349365.3566666666666667,0.0000047439801703,62.3424674385504461,41.499691977570795,0.6526004485454421,0.1810541630160413,0.8336546115614834,0.6526004485454421,607138654038.4518,604544209083.5369,2594444954.9149,true,true,277947777687686787214.9980199105386176,276760873380259694046.3271456156184864,1186904307427093168.6708742949201312,true,true,2400392710268.9582,2389225729281.5378,11166980987.4204,true,true,1379874641783657130458.96675639046558,1373948037756108639676.2714839657641425,5926604027548490782.6952724247014375,true,true,3688846172369.2265,3660188003393.9093,28658168975.3172,true,true,2289942508848781123678,2289942508848781123678,0,false,false
10,0x88e6a0c2ddd26feeb64f039a2c41296fcb3f5640,25116728,199433,12980191134747189430,14,S10_P14,193130:200340,0xc36442b4a4522e871399cd717abdd847ab11fe88:193130:200340,0xc36442b4a4522e871399cd717abdd847ab11fe88,193130,200340,37619268342446439,0.0028982060396431,7210,6303,907,907,5217651642502.9735090152565881,0.0000004019703245,62.3424674385504461,41.499691977570795,0.4413743605627079,0.1227270046008216,0.5641013651635295,0.4413743605627079,607138654038.4518,605377539332.8271,1761114705.6247,true,true,277947777687686787214.9980199105386176,277142103198808914532.2924634169003072,805674488877872682.7055564936383104,true,true,2400392710268.9582,2392806289578.4616,7586420690.4966,true,true,1379874641783657130458.96675639046558,1375851572944193796344.3571988389723649,4023068839463334114.6095575514932151,true,true,3688846172369.2265,3669379553882.5262,19466618486.7003,true,true,2289942508848781123678,2289942508848781123678,0,false,false
10,0x88e6a0c2ddd26feeb64f039a2c41296fcb3f5640,25116728,199433,12980191134747189430,15,S10_P15,199320:199470,0xc36442b4a4522e871399cd717abdd847ab11fe88:199320:199470,0xc36442b4a4522e871399cd717abdd847ab11fe88,199320,199470,60229656057142371,0.0046401208912796,150,113,37,37,401531040380949.14,0.0000309341392752,62.3424674385504461,41.499691977570795,0.415429885873025,0.1110392326951848,0.5264691185682098,0.415429885873025,607138654038.4518,604319046855.84655,2819607182.60525,true,true,277947777687686787214.9980199105386176,276657867379002512466.0585695532986336,1289910308684274748.939450357239984,true,true,2400392710268.9582,2391511994470.4168,8880715798.5414,true,true,1379874641783657130458.96675639046558,1376222633656081933738.826234121297905,3652008127575196720.140522269167675,true,true,3688846172369.2265,3671594357409.6125,17251814959.614,true,true,2289942508848781123678,2289942508848781123678,0,false,false
10,0x88e6a0c2ddd26feeb64f039a2c41296fcb3f5640,25116728,199433,12980191134747189430,16,S10_P16,199360:199510,0xc36442b4a4522e871399cd717abdd847ab11fe88:199360:199510,0xc36442b4a4522e871399cd717abdd847ab11fe88,199360,199510,55666218981865884,0.004288551563224,150,73,77,73,371108126545772.56,0.0000285903437548,62.3424674385504461,41.499691977570795,0.2952055321441965,0.1491395787645813,0.4443451109087778,0.2952055321441965,607138654038.4518,604532682351.30955,2605971687.14225,true,true,277947777687686787214.9980199105386176,276755600262194128164.492091779134192,1192177425492659050.5059281314044256,true,true,2400392710268.9582,2393240859636.8645,7151850632.0937,true,true,1379874641783657130458.96675639046558,1374911705169782289175.2445071435909033,4962936613874841283.7222492468746767,true,true,3688846172369.2265,3677100099266.297,11746073102.9295,true,true,2289942508848781123678,2289942508848781123678,0,false,false
10,0x88e6a0c2ddd26feeb64f039a2c41296fcb3f5640,25116728,199433,12980191134747189430,17,S10_P17,199330:199480,0xc36442b4a4522e871399cd717abdd847ab11fe88:199330:199480,0xc36442b4a4522e871399cd717abdd847ab11fe88,199330,199480,48593331139087797,0.0037436529735688,150,103,47,47,323955540927251.98,0.0000249576864905,62.3424674385504461,41.499691977570795,0.3168537559162639,0.1038441150458465,0.4206978709621104,0.3168537559162639,607138654038.4518,604863796314.35315,2274857724.09865,true,true,277947777687686787214.9980199105386176,276907076999555284945.1593567818768608,1040700688131502269.8386631286617568,true,true,2400392710268.9582,2393431614077.747,6961096191.2112,true,true,1379874641783657130458.96675639046558,1376409315706221445996.2930642984908295,3465326077435684462.6736920919747505,true,true,3688846172369.2265,3675780162677.2961,13066009691.9304,true,true,2289942508848781123678,2289942508848781123678,0,false,false
10,0x88e6a0c2ddd26feeb64f039a2c41296fcb3f5640,25116728,199433,12980191134747189430,18,S10_P18,199370:199520,0xc36442b4a4522e871399cd717abdd847ab11fe88:199370:199520,0xc36442b4a4522e871399cd717abdd847ab11fe88,199370,199520,52231187370375998,0.0040239151202139,150,63,87,63,348207915802506.6533333333333333,0.0000268261008014,62.3424674385504461,41.499691977570795,0.2509744612992316,0.1462628520536201,0.3972373133528517,0.2509744612992316,607138654038.4518,604693491226.24915,2445162812.20265,true,true,277947777687686787214.9980199105386176,276829167235252337169.3187967274618464,1118610452434450045.6792231830767712,true,true,2400392710268.9582,2394141175413.872,6251534855.0862,true,true,1379874641783657130458.96675639046558,1375025518965537713763.0940863068212042,4849122818119416695.8726700836443758,true,true,3688846172369.2265,3678994688753.7971,9851483615.4294,true,true,2289942508848781123678,2289942508848781123678,0,false,false
10,0x88e6a0c2ddd26feeb64f039a2c41296fcb3f5640,25116728,199433,12980191134747189430,19,S10_P19,199340:199490,0xc36442b4a4522e871399cd717abdd847ab11fe88:199340:199490,0xc36442b4a4522e871399cd717abdd847ab11fe88,199340,199490,45248414369830416,0.0034859590201798,150,93,57,57,301656095798869.44,0.0000232397268012,62.3424674385504461,41.499691977570795,0.2775728337043179,0.1072333440135979,0.3848061777179158,0.2775728337043179,607138654038.4518,605020386393.60795,2118267644.84385,true,true,277947777687686787214.9980199105386176,276978713697064315817.7411175887596432,969063990622471397.2569023217789744,true,true,2400392710268.9582,2394106972333.5728,6285737935.3854,true,true,1379874641783657130458.96675639046558,1376280036586928211121.3848122769192281,3594605196728919337.5819441135463519,true,true,3688846172369.2265,3677509951280.3141,11336221088.9124,true,true,2289942508848781123678,2289942508848781123678,0,false,false
10,0x88e6a0c2ddd26feeb64f039a2c41296fcb3f5640,25116728,199433,12980191134747189430,20,S10_P20,199350:199500,0xc36442b4a4522e871399cd717abdd847ab11fe88:199350:199500,0xc36442b4a4522e871399cd717abdd847ab11fe88,199350,199500,34092386162835490,0.0026264933858772,150,83,67,67,227282574418903.2666666666666667,0.0000175099559058,62.3424674385504461,41.499691977570795,0.1954018889796528,0.0866213459068155,0.2820232348864683,0.1954018889796528,607138654038.4518,605542648470.6801,1596005567.7717,true,true,277947777687686787214.9980199105386176,277217636939724936785.983579508960624,730140747961850429.0144404015779936,true,true,2400392710268.9582,2395812460890.0434,4580249378.9148,true,true,1379874641783657130458.96675639046558,1376976677961492179912.2878423064888135,2897963822164950546.6789140839767665,true,true,3688846172369.2265,3680953086930.2627,7893085438.9638,true,true,2289942508848781123678,2289942508848781123678,0,false,false
11,0x88e6a0c2ddd26feeb64f039a2c41296fcb3f5640,25106728,199392,12773343499846804796,1,S11_P1,199380:200860,0xc36442b4a4522e871399cd717abdd847ab11fe88:199380:200860,0xc36442b4a4522e871399cd717abdd847ab11fe88,199380,200860,7598705807111945268,0.5948877682028264,1480,12,1468,12,5134260680481044.1,0.0004019511947316,95.2488153073159009,42.0803452637976207,17.0734796233356892,65.2469393939389272,82.3204190172746164,65.2469393939389272,529218514655.6358,243822599508.01436,285395915147.62144,true,true,272379462667891143779.6895837414055104,109894905438562390884.1914738341063153,162484557229328752895.4981099072991951,true,true,1570217281857.3718,1199880811040.6854,370336470816.6864,true,true,1355195585792599864850.703928077702052,544376343713851349880.3478530498896176,810819242078748514970.3560750278124344,true,true,2669570144800.6637,2263716619296.1601,405853525504.5036,true,true,2280622704069125094382,1072068237375952723647.614562087962404,1208554466693172370734.385437912037596,false,true
11,0x88e6a0c2ddd26feeb64f039a2c41296fcb3f5640,25106728,199392,12773343499846804796,2,S11_P2,198060:200130,0xc36442b4a4522e871399cd717abdd847ab11fe88:198060:200130,0xc36442b4a4522e871399cd717abdd847ab11fe88,198060,200130,892287530697189504,0.0698554400191219,2070,1332,738,738,431056778114584.3014492753623188,0.0000337465893812,95.2488153073159009,42.0803452637976207,23.3600337311750062,3.2045783998646904,26.5646121310396966,23.3600337311750062,529218514655.6358,486575040642.10396,42643474013.53184,true,true,272379462667891143779.6895837414055104,253318411351160209644.0387400424063794,19061051316730934135.650843698999131,true,true,1570217281857.3718,1345067085439.5461,225150196417.8257,true,true,1355195585792599864850.703928077702052,1260038857193917895897.602419700597373,95156728598681968953.101508377104679,true,true,2669570144800.6637,2232374644501.6427,437195500299.021,true,true,2280622704069125094382,2280622704069125094382,0,false,false
11,0x88e6a0c2ddd26feeb64f039a2c41296fcb3f5640,25106728,199392,12773343499846804796,3,S11_P3,199310:200870,0xc36442b4a4522e871399cd717abdd847ab11fe88:199310:200870,0xc36442b4a4522e871399cd717abdd847ab11fe88,199310,200870,1352857039838262121,0.105912523205415,1560,82,1478,82,867216051178373.1544871794871795,0.0000678926430804,95.2488153073159009,42.0803452637976207,15.0718936432084416,5.0587497826232478,20.1306434258316894,15.0718936432084416,529218514655.6358,449718080320.9478,79500434334.688,true,true,272379462667891143779.6895837414055104,243480209850468208963.9999717886653916,28899252817422934815.6896119527401188,true,true,1570217281857.3718,1304138308058.9143,266078973798.4575,true,true,1355195585792599864850.703928077702052,1210960756921118192559.837902575803681,144234828871481672290.866025501898371,true,true,2669570144800.6637,2285228893126.6562,384341251674.0075,true,true,2280622704069125094382,2280622704069125094382,0,false,false
11,0x88e6a0c2ddd26feeb64f039a2c41296fcb3f5640,25106728,199392,12773343499846804796,4,S11_P4,195610:209470,0xc36442b4a4522e871399cd717abdd847ab11fe88:195610:209470,0xc36442b4a4522e871399cd717abdd847ab11fe88,195610,209470,352854813796027778,0.0276243110349502,13860,3782,10078,3782,25458500273883.6780663780663781,0.0000019930960343,95.2488153073159009,42.0803452637976207,8.0359032029909124,1.2111522641359614,9.2470554671268738,8.0359032029909124,529218514655.6358,514826038235.35445,14392476420.28135,true,true,272379462667891143779.6895837414055104,264841627553874156794.4462372447870612,7537835114016986985.2433464966184492,true,true,1570217281857.3718,1479456599191.2417,90760682666.1301,true,true,1355195585792599864850.703928077702052,1317554649627290466549.500615920955686,37640936165309398301.203312156746366,true,true,2669570144800.6637,2500244285872.3619,169325858928.3018,true,true,2280622704069125094382,2280622704069125094382,0,false,false
11,0x88e6a0c2ddd26feeb64f039a2c41296fcb3f5640,25106728,199392,12773343499846804796,5,S11_P5,199040:199640,0xc36442b4a4522e871399cd717abdd847ab11fe88:199040:199640,0xc36442b4a4522e871399cd717abdd847ab11fe88,199040,199640,192772411962991859,0.0150917738934449,600,352,248,248,321287353271653.0983333333333333,0.0000251529564891,95.2488153073159009,42.0803452637976207,4.0575924796387177,0.653100670113473,4.7106931497521907,4.0575924796387177,529218514655.6358,521339552043.90085,7878962611.73495,true,true,272379462667891143779.6895837414055104,268261351983683888832.7157388756871074,4118110684207254946.973844865718403,true,true,1570217281857.3718,1520419925114.0304,49797356743.3414,true,true,1355195585792599864850.703928077702052,1334629723231703435007.341288472050591,20565862560896429843.362639605651461,true,true,2669570144800.6637,2579668698323.2187,89901446477.445,true,true,2280622704069125094382,2280622704069125094382,0,false,false
11,0x88e6a0c2ddd26feeb64f039a2c41296fcb3f5640,25106728,199392,12773343499846804796,6,S11_P6,194710:212350,0xc36442b4a4522e871399cd717abdd847ab11fe88:194710:212350,0xc36442b4a4522e871399cd717abdd847ab11fe88,194710,212350,172327479146938053,0.0134911802183199,17640,4682,12958,4682,9769131470914.8556122448979592,0.0000007648061348,95.2488153073159009,42.0803452637976207,3.7610078178259681,0.5828695151673809,4.343877332993349,3.7610078178259681,529218514655.6358,522173310295.80455,7045204359.83125,true,true,272379462667891143779.6895837414055104,268698105084136896769.3740537423337862,3681357583754247010.3155299990717242,true,true,1570217281857.3718,1525678997539.4808,44538284317.891,true,true,1355195585792599864850.703928077702052,1336810678269685663712.613315226239696,18384907522914201138.090612851462356,true,true,2669570144800.6637,2587272877611.6032,82297267189.0605,true,true,2280622704069125094382,2280622704069125094382,0,false,false
11,0x88e6a0c2ddd26feeb64f039a2c41296fcb3f5640,25106728,199392,12773343499846804796,7,S11_P7,198170:199740,0xc36442b4a4522e871399cd717abdd847ab11fe88:198170:199740,0xc36442b4a4522e871399cd717abdd847ab11fe88,198170,199740,137977186596767142,0.0108019632133452,1570,1222,348,348,87883558341889.8993630573248408,0.0000068802313461,95.2488153073159009,42.0803452637976207,2.9874696248873,0.4653929104033775,3.4528625352906775,2.9874696248873,529218514655.6358,523575121204.96395,5643393450.67185,true,true,272379462667891143779.6895837414055104,269431912074215203359.1550954063381416,2947550593675940420.5344883350673688,true,true,1570217281857.3718,1534527616269.9818,35689665587.39,true,true,1355195585792599864850.703928077702052,1340475088207497449099.600198832150049,14720497585102415751.103729245552003,true,true,2669570144800.6637,2603733989689.7792,65836155110.8845,true,true,2280622704069125094382,2280622704069125094382,0,false,false
11,0x88e6a0c2ddd26feeb64f039a2c41296fcb3f5640,25106728,199392,12773343499846804796,8,S11_P8,197610:199940,0xc36442b4a4522e871399cd717abdd847ab11fe88:197610:199940,0xc36442b4a4522e871399cd717abdd847ab11fe88,197610,199940,118114933958354994,0.0092469864260498,2330,1782,548,548,50693104703156.6497854077253219,0.0000039686637022,95.2488153073159009,42.0803452637976207,2.5457220022972631,0.3977612900385273,2.9434832923357904,2.5457220022972631,529218514655.6358,524386251768.49925,4832262887.13655,true,true,272379462667891143779.6895837414055104,269856219865569072673.0755842143975718,2523242802322071106.6139995270079386,true,true,1570217281857.3718,1539651106354.8884,30566175502.4834,true,true,1355195585792599864850.703928077702052,1342594008255101776696.170407721131525,12601577537498088154.533520356570527,true,true,2669570144800.6637,2613239098551.602,56331046249.0617,true,true,2280622704069125094382,2280622704069125094382,0,false,false
11,0x88e6a0c2ddd26feeb64f039a2c41296fcb3f5640,25106728,199392,12773343499846804796,9,S11_P9,195610:200290,0xc36442b4a4522e871399cd717abdd847ab11fe88:195610:200290,0xc36442b4a4522e871399cd717abdd847ab11fe88,195610,200290,82346613047210432,0.0064467547630108,4680,3782,898,898,17595430138292.8273504273504274,0.0000013775117015,95.2488153073159009,42.0803452637976207,1.7603142233612755,0.2765129363832812,2.0368271597445567,1.7603142233612755,529218514655.6358,525848006517.40555,3370508138.23025,true,true,272379462667891143779.6895837414055104,270620321694382357816.3204834452361214,1759140973508785963.369100296169389,true,true,1570217281857.3718,1548890010862.0089,21327270995.3629,true,true,1355195585792599864850.703928077702052,1346409910674716891860.809804295289114,8785675117882972989.894123782412938,true,true,2669570144800.6637,2630331663826.0607,39238480974.603,true,true,2280622704069125094382,2280622704069125094382,0,false,false
11,0x88e6a0c2ddd26feeb64f039a2c41296fcb3f5640,25106728,199392,12773343499846804796,10,S11_P10,197820:199590,0xc36442b4a4522e871399cd717abdd847ab11fe88:197820:199590,0xc36442b4a4522e871399cd717abdd847ab11fe88,197820,199590,72307817366418249,0.0056608371463028,1770,1572,198,198,40851874218315.3949152542372881,0.000003198213077,95.2488153073159009,42.0803452637976207,1.5421792281156085,0.242608200544539,1.7847874286601475,1.5421792281156085,529218514655.6358,526258510211.9676,2960004443.6682,true,true,272379462667891143779.6895837414055104,270834776753784354203.4891121928850076,1544685914106789576.2004715485205028,true,true,1570217281857.3718,1551485809460.4734,18731472396.8984,true,true,1355195585792599864850.703928077702052,1347480913763462134794.147190186515886,7714672029137730056.556737891186166,true,true,2669570144800.6637,2635123422626.6786,34446722173.9851,true,true,2280622704069125094382,2280622704069125094382,0,false,false
11,0x88e6a0c2ddd26feeb64f039a2c41296fcb3f5640,25106728,199392,12773343499846804796,11,S11_P11,199310:199460,0xc36442b4a4522e871399cd717abdd847ab11fe88:199310:199460,0xc36442b4a4522e871399cd717abdd847ab11fe88,199310,199460,127831484399208838,0.0100076760952011,150,82,68,68,852209895994725.5866666666666667,0.0000667178406347,95.2488153073159009,42.0803452637976207,1.313355990078091,0.3354019173436975,1.6487579074217885,1.313355990078091,529218514655.6358,523989396682.85835,5229117972.77745,true,true,272379462667891143779.6895837414055104,269648649826383657289.1979688952780238,2730812841507486490.4916148461274866,true,true,1570217281857.3718,1544006220734.2592,26211061123.1126,true,true,1355195585792599864850.703928077702052,1344234347919732980486.221757216975603,10961237872866884364.482170860726449,true,true,2669570144800.6637,2635264971083.7656,34305173716.8981,true,true,2280622704069125094382,2280622704069125094382,0,false,false
11,0x88e6a0c2ddd26feeb64f039a2c41296fcb3f5640,25106728,199392,12773343499846804796,12,S11_P12,196950:206450,0xc36442b4a4522e871399cd717abdd847ab11fe88:196950:206450,0xc36442b4a4522e871399cd717abdd847ab11fe88,196950,206450,65989735192964238,0.0051662068896648,9500,2442,7058,2442,6946287915048.8671578947368421,0.0000005438112515,95.2488153073159009,42.0803452637976207,1.4054028121640468,0.2212976916194845,1.6267005037835313,1.4054028121640468,529218514655.6358,526516923240.8091,2701591414.8267,true,true,272379462667891143779.6895837414055104,270969746821733532400.2718955819768668,1409715846157611379.4176881594286436,true,true,1570217281857.3718,1553120131904.0973,17097149953.2745,true,true,1355195585792599864850.703928077702052,1348154973006576694343.948309409107596,7040612786023170506.755618668594456,true,true,2669570144800.6637,2638137996594.299,31432148206.3647,true,true,2280622704069125094382,2280622704069125094382,0,false,false
11,0x88e6a0c2ddd26feeb64f039a2c41296fcb3f5640,25106728,199392,12773343499846804796,13,S11_P13,198490:200310,0xc36442b4a4522e871399cd717abdd847ab11fe88:198490:200310,0xc36442b4a4522e871399cd717abdd847ab11fe88,198490,200310,60270227232608872,0.0047184378337067,1820,902,918,902,33115509468466.4131868131868132,0.0000025925482603,95.2488153073159009,42.0803452637976207,1.2819229187818868,0.2020247385530774,1.4839476573349642,1.2819229187818868,529218514655.6358,526750891571.71085,2467623083.92495,true,true,272379462667891143779.6895837414055104,271091930377420151644.0606703750107236,1287532290470992135.6289133663947868,true,true,1570217281857.3718,1554600023922.3508,15617257935.021,true,true,1355195585792599864850.703928077702052,1348765175810573907967.584964574912147,6430409982025956883.118963502789905,true,true,2669570144800.6637,2640866180223.0365,28703964577.6272,true,true,2280622704069125094382,2280622704069125094382,0,false,false
11,0x88e6a0c2ddd26feeb64f039a2c41296fcb3f5640,25106728,199392,12773343499846804796,14,S11_P14,198830:199730,0xc36442b4a4522e871399cd717abdd847ab11fe88:198830:199730,0xc36442b4a4522e871399cd717abdd847ab11fe88,198830,199730,55419992414428821,0.0043387224664469,900,562,338,338,61577769349365.3566666666666667,0.0000048208027405,95.2488153073159009,42.0803452637976207,1.1774609450704326,0.185694801833804,1.3631557469042366,1.1774609450704326,529218514655.6358,526949327373.53585,2269187282.09995,true,true,272379462667891143779.6895837414055104,271195544198665224458.0791632977366402,1183918469225919321.6104204436688702,true,true,1570217281857.3718,1555855295377.0252,14361986480.3466,true,true,1355195585792599864850.703928077702052,1349282640513518018284.796702224548361,5912945279081846565.907225853153691,true,true,2669570144800.6637,2643179140527.9635,26391004272.7002,true,true,2280622704069125094382,2280622704069125094382,0,false,false
11,0x88e6a0c2ddd26feeb64f039a2c41296fcb3f5640,25106728,199392,12773343499846804796,15,S11_P15,193130:200340,0xc36442b4a4522e871399cd717abdd847ab11fe88:193130:200340,0xc36442b4a4522e871399cd717abdd847ab11fe88,193130,200340,37619268342446439,0.002945138705688,7210,6262,948,948,5217651642502.9735090152565881,0.0000004084797095,95.2488153073159009,42.0803452637976207,0.79603877824856,0.1258712769354016,0.9219100551839616,0.79603877824856,529218514655.6358,527677819910.5357,1540694745.1001,true,true,272379462667891143779.6895837414055104,271575814550151910587.0635240756635692,803648117739233192.6260596657419412,true,true,1570217281857.3718,1560464560024.037,9752721833.3348,true,true,1355195585792599864850.703928077702052,1351181798210950867187.064278618121394,4013787581648997663.639649459580658,true,true,2669570144800.6637,2651663349923.6465,17906794877.0172,true,true,2280622704069125094382,2280622704069125094382,0,false,false
11,0x88e6a0c2ddd26feeb64f039a2c41296fcb3f5640,25106728,199392,12773343499846804796,16,S11_P16,198280:199400,0xc36442b4a4522e871399cd717abdd847ab11fe88:198280:199400,0xc36442b4a4522e871399cd717abdd847ab11fe88,198280,199400,40924231069844656,0.0032038777529419,1120,1112,8,8,36539492026647.0142857142857143,0.0000028606051366,95.2488153073159009,42.0803452637976207,0.8666233534328053,0.0208653922503099,0.8874887456831152,0.8666233534328053,529218514655.6358,527542538642.4005,1675976013.2353,true,true,272379462667891143779.6895837414055104,271868706354141557384.1359204627696798,510756313749586395.5536632786358306,true,true,1570217281857.3718,1559608509404.7571,10608772452.6147,true,true,1355195585792599864850.703928077702052,1354589761838572400166.812510334822734,605823954027464683.891417742879318,true,true,2669570144800.6637,2650088666297.3489,19481478503.3148,true,true,2280622704069125094382,2280622704069125094382,0,false,false
11,0x88e6a0c2ddd26feeb64f039a2c41296fcb3f5640,25106728,199392,12773343499846804796,17,S11_P17,198370:199760,0xc36442b4a4522e871399cd717abdd847ab11fe88:198370:199760,0xc36442b4a4522e871399cd717abdd847ab11fe88,198370,199760,34042504966145920,0.002665120918932,1390,1022,368,368,24491010767011.4532374100719424,0.0000019173531791,95.2488153073159009,42.0803452637976207,0.7197682158882955,0.1138712258738864,0.8336394417621819,0.7197682158882955,529218514655.6358,527824239933.85925,1394274721.77655,true,true,272379462667891143779.6895837414055104,271652223566406826209.7702960039898302,727239101484317569.9192877374156802,true,true,1570217281857.3718,1561391151700.7414,8826130156.6304,true,true,1355195585792599864850.703928077702052,1351563408865536769300.202762283123841,3632176927063095550.501165794578211,true,true,2669570144800.6637,2653367260328.5616,16202884472.1021,true,true,2280622704069125094382,2280622704069125094382,0,false,false
11,0x88e6a0c2ddd26feeb64f039a2c41296fcb3f5640,25106728,199392,12773343499846804796,18,S11_P18,196260:200390,0xc36442b4a4522e871399cd717abdd847ab11fe88:196260:200390,0xc36442b4a4522e871399cd717abdd847ab11fe88,196260,200390,33467064267190909,0.0026200707956842,4130,3132,998,998,8103405391571.6486682808716707,0.0000006343997084,95.2488153073159009,42.0803452637976207,0.7075091368386619,0.1119412646165221,0.819450401455184,0.7075091368386619,529218514655.6358,527847797510.99785,1370717144.63795,true,true,272379462667891143779.6895837414055104,271664516796202913346.435268201219984,714945871688230433.2543155401855264,true,true,1570217281857.3718,1561540237974.6248,8677043882.747,true,true,1355195585792599864850.703928077702052,1351624803740586108693.727220747056144,3570782052013756156.976707330645908,true,true,2669570144800.6637,2653641363378.0161,15928781422.6476,true,true,2280622704069125094382,2280622704069125094382,0,false,false
11,0x88e6a0c2ddd26feeb64f039a2c41296fcb3f5640,25106728,199392,12773343499846804796,19,S11_P19,198870:201360,0xc36442b4a4522e871399cd717abdd847ab11fe88:198870:201360,0xc36442b4a4522e871399cd717abdd847ab11fe88,198870,201360,33049168110608779,0.0025873545255403,2490,522,1968,522,13272758277352.9232931726907631,0.000001039098203,95.2488153073159009,42.0803452637976207,0.6986083605612564,0.1105397916614363,0.8091481522226927,0.6986083605612564,529218514655.6358,527864905821.98925,1353608833.64655,true,true,272379462667891143779.6895837414055104,271673444064560084393.0988022053957504,706018603331059386.59078153600976,true,true,1570217281857.3718,1561648509950.3264,8568771907.0454,true,true,1355195585792599864850.703928077702052,1351669390127837397070.27459266471072,3526195664762467780.429335412991332,true,true,2669570144800.6637,2653840417836.1592,15729726964.5045,true,true,2280622704069125094382,2280622704069125094382,0,false,false
11,0x88e6a0c2ddd26feeb64f039a2c41296fcb3f5640,25106728,199392,12773343499846804796,20,S11_P20,199110:201640,0xc36442b4a4522e871399cd717abdd847ab11fe88:199110:201640,0xc36442b4a4522e871399cd717abdd847ab11fe88,199110,201640,27271287938519904,0.0021350156236577,2530,282,2248,282,10779165193090.8711462450592885,0.0000008438796931,95.2488153073159009,42.0803452637976207,0.52251281986965,0.09117250458343,0.61368532445308,0.52251281986965,529218514655.6358,528101467051.4734,1117047604.1624,true,true,272379462667891143779.6895837414055104,271796874736741756131.9846198483062286,582587931149387647.7049638930992818,true,true,1570217281857.3718,1563145689135.1463,7071592722.2255,true,true,1355195585792599864850.703928077702052,1352285847919565672828.898761302000245,2909737873034192021.805166775701807,true,true,2669570144800.6637,2657405946676.0847,12164198124.579,true,true,2280622704069125094382,2280622704069125094382,0,false,false
12,0x88e6a0c2ddd26feeb64f039a2c41296fcb3f5640,25096728,198942,4477659561217887381,1,S12_P1,198060:200130,0xc36442b4a4522e871399cd717abdd847ab11fe88:198060:200130,0xc36442b4a4522e871399cd717abdd847ab11fe88,198060,200130,892287530697189504,0.1992754291606963,2070,882,1188,882,431056778114584.3014492753623188,0.000096268323266,117.71893068270532,125.2816631121762708,32.657612435690799,28.8553443216917312,61.5129567573825302,32.657612435690799,218253705600.1742,175265841256.50648,42987864343.66772,true,true,92603639895695163730.701272397411137,73827568149064171814.2738845066057038,18776071746630991916.4273878908054332,true,true,1100816636069.1063,888215588735.11135,212601047333.99495,true,true,448365476800393987136.3830946306911766,354758012048853640891.5454555567395599,93607464751540346244.8376390739516167,true,true,2161391120766.7715,1719114547116.1057,442276573650.6658,true,true,880726060942841308738.4569830488221364,691729570392263484809.7703842871744088,188996490550577823928.6865987616477276,true,true
12,0x88e6a0c2ddd26feeb64f039a2c41296fcb3f5640,25096728,198942,4477659561217887381,2,S12_P2,195610:209470,0xc36442b4a4522e871399cd717abdd847ab11fe88:195610:209470,0xc36442b4a4522e871399cd717abdd847ab11fe88,195610,209470,352854813796027778,0.0788034036468941,13860,3332,10528,3332,25458500273883.6780663780663781,0.0000056856712588,117.71893068270532,125.2816631121762708,10.9113044897966267,10.2867648269054625,21.1980693167020892,10.9113044897966267,218253705600.1742,201285745879.5778,16967959720.5964,true,true,92603639895695163730.701272397411137,85163904056916015552.0019825614824936,7439735838779148178.6992898359286434,true,true,1100816636069.1063,1018563908551.501,82252727517.6053,true,true,448365476800393987136.3830946306911766,411247524654631594301.4105026523999533,37117952145762392834.9725919782912233,true,true,2161391120766.7715,1990623621074.1596,170767499692.6119,true,true,880726060942841308738.4569830488221364,806797059889103853107.4911571648445016,73929001053737455630.9658258839776348,true,true
12,0x88e6a0c2ddd26feeb64f039a2c41296fcb3f5640,25096728,198942,4477659561217887381,3,S12_P3,198540:199140,0xc36442b4a4522e871399cd717abdd847ab11fe88:198540:199140,0xc36442b4a4522e871399cd717abdd847ab11fe88,198540,199140,197420014934003090,0.0440900010898342,600,402,198,198,329033358223338.4833333333333333,0.0000734833351497,117.71893068270532,125.2816631121762708,5.6430890550877291,4.554675169963894,10.1977642250516231,5.6430890550877291,218253705600.1742,208764478434.32008,9489227165.85412,true,true,92603639895695163730.701272397411137,88439764320357296534.2618542736846991,4163875575337867196.4394181237264379,true,true,1100816636069.1063,1054590775185.5566,46225860883.5497,true,true,448365476800393987136.3830946306911766,427631496215699071000.921281686501963,20733980584694916135.4618129441892136,true,true,2161391120766.7715,2066435095922.7551,94956024844.0164,true,true,880726060942841308738.4569830488221364,839657580047259102715.7946908514452306,41068480895582206022.6622921973769058,true,true
12,0x88e6a0c2ddd26feeb64f039a2c41296fcb3f5640,25096728,198942,4477659561217887381,4,S12_P4,194710:212350,0xc36442b4a4522e871399cd717abdd847ab11fe88:194710:212350,0xc36442b4a4522e871399cd717abdd847ab11fe88,194710,212350,172327479146938053,0.0384860610305234,17640,4232,13408,4232,9769131470914.8556122448979592,0.0000021817494915,117.71893068270532,125.2816631121762708,5.0689492550705854,4.8729902607908462,9.9419395158614316,5.0689492550705854,218253705600.1742,209971151845.78332,8282553754.39088,true,true,92603639895695163730.701272397411137,88968844859387780441.5606947795870443,3634795036307383289.1405776178240927,true,true,1100816636069.1063,1060438937620.4487,40377698448.6576,true,true,448365476800393987136.3830946306911766,430280899753626960259.353371589831908,18084577046767026877.0297230408592686,true,true,2161391120766.7715,2078260739608.1939,83130381158.5776,true,true,880726060942841308738.4569830488221364,844813173309121561952.7390380053893248,35912887633719746785.7179450434328116,true,true
12,0x88e6a0c2ddd26feeb64f039a2c41296fcb3f5640,25096728,198942,4477659561217887381,5,S12_P5,198170:199740,0xc36442b4a4522e871399cd717abdd847ab11fe88:198170:199740,0xc36442b4a4522e871399cd717abdd847ab11fe88,198170,199740,137977186596767142,0.0308145772831462,1570,772,798,772,87883558341889.8993630573248408,0.0000196271192886,117.71893068270532,125.2816631121762708,4.0212469837511414,3.8797601193509562,7.9010071031020976,4.0212469837511414,218253705600.1742,211622741433.65348,6630964166.52072,true,true,92603639895695163730.701272397411137,89693214206660085889.4827328593274651,2910425689035077841.2185395380836719,true,true,1100816636069.1063,1068457987266.1367,32358648802.9696,true,true,448365476800393987136.3830946306911766,433909782124283443950.1451296827844922,14455694676110543186.2379649479066844,true,true,2161391120766.7715,2094843411747.476,66547709019.2955,true,true,880726060942841308738.4569830488221364,852024052308874588880.7540779407838486,28702008633966719857.7029051080382878,true,true
12,0x88e6a0c2ddd26feeb64f039a2c41296fcb3f5640,25096728,198942,4477659561217887381,6,S12_P6,197610:199940,0xc36442b4a4522e871399cd717abdd847ab11fe88:197610:199940,0xc36442b4a4522e871399cd717abdd847ab11fe88,197610,199940,118114933958354994,0.0263787213707307,2330,1332,998,998,50693104703156.6497854077253219,0.0000113213396441,117.71893068270532,125.2816631121762708,3.4241823758167925,3.3105446959142239,6.7347270717310164,3.4241823758167925,218253705600.1742,212577589501.63752,5676116098.53668,true,true,92603639895695163730.701272397411137,90112106115596532207.2935017396297785,2491533780098631523.4077706577813585,true,true,1100816636069.1063,1073101561867.6086,27715074201.4977,true,true,448365476800393987136.3830946306911766,436009147288619838908.188737842888354,12356329511774148228.1943567878028226,true,true,2161391120766.7715,2104429462849.4324,56961657917.3391,true,true,880726060942841308738.4569830488221364,856190323881524254983.8483281079965298,24535737061317053754.6086549408256066,true,true
12,0x88e6a0c2ddd26feeb64f039a2c41296fcb3f5640,25096728,198942,4477659561217887381,7,S12_P7,195610:200290,0xc36442b4a4522e871399cd717abdd847ab11fe88:195610:200290,0xc36442b4a4522e871399cd717abdd847ab11fe88,195610,200290,82346613047210432,0.0183905479908376,4680,3332,1348,1348,17595430138292.8273504273504274,0.0000039296042715,117.71893068270532,125.2816631121762708,2.3647520208579832,2.2947316106836138,4.659483631541597,2.3647520208579832,218253705600.1742,214296841153.19816,3956864446.97604,true,true,92603639895695163730.701272397411137,90866523938223296652.6572103233906984,1737115957471867078.0440620740204386,true,true,1100816636069.1063,1081475788855.5697,19340847213.5366,true,true,448365476800393987136.3830946306911766,439750931359978022313.9299277841958702,8614545440415964822.4531668464953064,true,true,2161391120766.7715,2121687196510.886,39703924255.8855,true,true,880726060942841308738.4569830488221364,863686874410398794372.354023608241178,17039186532442514366.1029594405809584,true,true
12,0x88e6a0c2ddd26feeb64f039a2c41296fcb3f5640,25096728,198942,4477659561217887381,8,S12_P8,197820:199590,0xc36442b4a4522e871399cd717abdd847ab11fe88:197820:199590,0xc36442b4a4522e871399cd717abdd847ab11fe88,197820,199590,72307817366418249,0.0161485741329453,1770,1122,648,648,40851874218315.3949152542372881,0.0000091234882107,117.71893068270532,125.2816631121762708,2.0709925929051704,2.0117382372590362,4.0827308301642066,2.0709925929051704,218253705600.1742,214779308616.48924,3474396983.68496,true,true,92603639895695163730.701272397411137,91078274556881203815.9515822064667142,1525365338813959914.7496901909444228,true,true,1100816636069.1063,1083828804611.281,16987831457.8253,true,true,448365476800393987136.3830946306911766,440801099170817858588.26366790892884,7564377629576128548.1194267217623366,true,true,2161391120766.7715,2126529557403.7901,34861563362.9814,true,true,880726060942841308738.4569830488221364,865789422924298935415.6817557351900274,14936638018542373322.775227313632109,true,true
12,0x88e6a0c2ddd26feeb64f039a2c41296fcb3f5640,25096728,198942,4477659561217887381,9,S12_P9,196950:206450,0xc36442b4a4522e871399cd717abdd847ab11fe88:196950:206450,0xc36442b4a4522e871399cd717abdd847ab11fe88,196950,206450,65989735192964238,0.014737550787585,9500,1992,7508,1992,6946287915048.8671578947368421,0.0000015513211355,117.71893068270532,125.2816631121762708,1.8869038476286955,1.8340999320198042,3.7210037796484997,1.8869038476286955,218253705600.1742,215082944504.65372,3170761095.52048,true,true,92603639895695163730.701272397411137,91211546650813322330.1969007868689802,1392093244881841400.5043716105421568,true,true,1100816636069.1063,1085310343838.9037,15506292230.2026,true,true,448365476800393987136.3830946306911766,441462048650153732535.5230253722215476,6903428150240254600.860069258469629,true,true,2161391120766.7715,2129576891161.7576,31814229605.0139,true,true,880726060942841308738.4569830488221364,867112367571593907804.1571944907099912,13613693371247400934.2997885581121452,true,true
12,0x88e6a0c2ddd26feeb64f039a2c41296fcb3f5640,25096728,198942,4477659561217887381,10,S12_P10,198490:200310,0xc36442b4a4522e871399cd717abdd847ab11fe88:198490:200310,0xc36442b4a4522e871399cd717abdd847ab11fe88,198490,200310,59432913903196130,0.0132732096066345,1820,452,1368,452,32655447199558.3131868131868132,0.0000072929723113,117.71893068270532,125.2816631121762708,1.6841280622835262,1.6501299839923169,3.3342580462758431,1.6841280622835262,218253705600.1742,215398044875.66168,2855660724.51252,true,true,92603639895695163730.701272397411137,91349856798284855205.9591549775605917,1253783097410308524.7421174198505453,true,true,1100816636069.1063,1086848450145.1531,13968185923.9532,true,true,448365476800393987136.3830946306911766,442147978649800673213.910839507269934,6217498150593313922.4722551234212426,true,true,2161391120766.7715,2132775768288.5864,28615352478.1851,true,true,880726060942841308738.4569830488221364,868485031506743718158.0661539045611808,12241029436097590580.3908291442609556,true,true
12,0x88e6a0c2ddd26feeb64f039a2c41296fcb3f5640,25096728,198942,4477659561217887381,11,S12_P11,198850:199000,0xc36442b4a4522e871399cd717abdd847ab11fe88:198850:199000,0xc36442b4a4522e871399cd717abdd847ab11fe88,198850,199000,127140706555634441,0.0283944558127713,150,92,58,58,847604710370896.2733333333333333,0.0001892963720851,117.71893068270532,125.2816631121762708,1.820053398749079,1.3355799805276514,3.1556333792767304,1.820053398749079,218253705600.1742,212143703106.61332,6110002493.56088,true,true,92603639895695163730.701272397411137,89921750280090351241.2774923761604957,2681889615604812489.4237800212506413,true,true,1100816636069.1063,1072206154624.0894,28610481445.0169,true,true,448365476800393987136.3830946306911766,437525130944651463016.099156078039736,10840345855742524120.2839385526514406,true,true,2161391120766.7715,2119494695084.369,41896425682.4025,true,true,880726060942841308738.4569830488221364,867798215244185908359.3820022167196018,12927845698655400379.0749808321025346,true,true
12,0x88e6a0c2ddd26feeb64f039a2c41296fcb3f5640,25096728,198942,4477659561217887381,12,S12_P12,196750:199130,0xc36442b4a4522e871399cd717abdd847ab11fe88:196750:199130,0xc36442b4a4522e871399cd717abdd847ab11fe88,196750,199130,56441995567576801,0.0126052449490432,2380,2192,188,188,23715124188057.4794117647058824,0.0000052963214072,117.71893068270532,125.2816631121762708,1.6098675159195584,1.2512440339190257,2.8611115498385841,1.6098675159195584,218253705600.1742,215541773648.6644,2711931951.5098,true,true,92603639895695163730.701272397411137,91412948089993175080.6661979369319331,1190691805701988650.0350744604792039,true,true,1100816636069.1063,1087550259194.5477,13266376874.5586,true,true,448365476800393987136.3830946306911766,442461691537762557327.0583006780216712,5903785262631429809.3247939526695054,true,true,2161391120766.7715,2134181523537.4424,27209597229.3291,true,true,880726060942841308738.4569830488221364,869166462824537825209.4086051226761568,11559598118303483529.0483779261459796,true,true
12,0x88e6a0c2ddd26feeb64f039a2c41296fcb3f5640,25096728,198942,4477659561217887381,13,S12_P13,198830:198980,0xc36442b4a4522e871399cd717abdd847ab11fe88:198830:198980,0xc36442b4a4522e871399cd717abdd847ab11fe88,198830,198980,103515981702550074,0.0231183233757045,150,112,38,38,690106544683667.16,0.000154122155838,117.71893068270532,125.2816631121762708,1.6852508895571017,0.7655688567434443,2.450819746300546,1.6852508895571017,218253705600.1742,213279346983.82908,4974358616.34512,true,true,92603639895695163730.701272397411137,90495049750102005088.6925316332788457,2108590145593158642.0087407641322913,true,true,1100816636069.1063,1077198831240.7144,23617804828.3919,true,true,448365476800393987136.3830946306911766,441805584323750768775.2126748013803152,6559892476643218361.1704198293108614,true,true,2161391120766.7715,2122610835722.735,38780285044.0365,true,true,880726060942841308738.4569830488221364,873496262666562208981.300441881772817,7229798276279099757.1565411670493194,true,true
12,0x88e6a0c2ddd26feeb64f039a2c41296fcb3f5640,25096728,198942,4477659561217887381,14,S12_P14,198280:199400,0xc36442b4a4522e871399cd717abdd847ab11fe88:198280:199400,0xc36442b4a4522e871399cd717abdd847ab11fe88,198280,199400,40924231069844656,0.0091396477356831,1120,662,458,458,36539492026647.0142857142857143,0.000008160399764,117.71893068270532,125.2816631121762708,1.1625451211711873,1.132851845651928,2.2953969668231153,1.1625451211711873,218253705600.1742,216287451766.08508,1966253834.08912,true,true,92603639895695163730.701272397411137,91740293424855329073.0028397693436236,863346470839834657.6984326280675134,true,true,1100816636069.1063,1091193409426.8666,9623226642.2397,true,true,448365476800393987136.3830946306911766,444084249681050420103.4282413174386888,4281227119343567032.9548533132524878,true,true,2161391120766.7715,2141664223067.7869,19726897698.9846,true,true,880726060942841308738.4569830488221364,872352754044743441846.5572232048596206,8373306898097866891.8997598439625158,true,true
12,0x88e6a0c2ddd26feeb64f039a2c41296fcb3f5640,25096728,198942,4477659561217887381,15,S12_P15,198860:199010,0xc36442b4a4522e871399cd717abdd847ab11fe88:198860:199010,0xc36442b4a4522e871399cd717abdd847ab11fe88,198860,199010,86159217341591328,0.0192420205608835,150,82,68,68,574394782277275.52,0.0001282801370726,117.71893068270532,125.2816631121762708,1.1345438625344911,1.022759808579536,2.1573036711140271,1.1345438625344911,218253705600.1742,214113599283.86016,4140106316.31404,true,true,92603639895695163730.701272397411137,90786105039545365149.5998368651543149,1817534856149798581.1014355322568221,true,true,1100816636069.1063,1081886960396.95,18929675672.1563,true,true,448365476800393987136.3830946306911766,440363718943900172368.4753328085228484,8001757856493814767.9077618221683282,true,true,2161391120766.7715,2135314436962.586,26076683804.1855,true,true,880726060942841308738.4569830488221364,870794152117927606599.1854936082995668,9931908824913702139.2714894405225696,true,true
12,0x88e6a0c2ddd26feeb64f039a2c41296fcb3f5640,25096728,198942,4477659561217887381,16,S12_P16,198370:199020,0xc36442b4a4522e871399cd717abdd847ab11fe88:198370:199020,0xc36442b4a4522e871399cd717abdd847ab11fe88,198370,199020,45133861584769519,0.010079788551967,650,572,78,78,69436710130414.6446153846153846,0.000015507367003,117.71893068270532,125.2816631121762708,1.2835360933761566,0.5924546559063551,1.8759907492825117,1.2835360933761566,218253705600.1742,216085172348.18436,2168533251.98984,true,true,92603639895695163730.701272397411137,91651490536544957139.342881089851401,952149359150206591.358391307559736,true,true,1100816636069.1063,1090204780618.8748,10611855450.2315,true,true,448365476800393987136.3830946306911766,443927744558960992790.3778841271650658,4437732241432994346.0052105035261108,true,true,2161391120766.7715,2139634470094.3124,21756650672.4591,true,true,880726060942841308738.4569830488221364,874958303235647193168.560628411287528,5767757707194115569.8963546375346084,true,true
12,0x88e6a0c2ddd26feeb64f039a2c41296fcb3f5640,25096728,198942,4477659561217887381,17,S12_P17,198800:198960,0xc36442b4a4522e871399cd717abdd847ab11fe88:198800:198960,0xc36442b4a4522e871399cd717abdd847ab11fe88,198800,198960,66414361442441265,0.0148323829747291,160,142,18,18,415089759015257.90625,0.0000927023935921,117.71893068270532,125.2816631121762708,1.2447822210700085,0.2494482010856445,1.494230422155653,1.2447822210700085,218253705600.1742,215062538626.10236,3191166974.07184,true,true,92603639895695163730.701272397411137,91574867724350887344.9880759080376763,1028772171344276385.7131964893734607,true,true,1100816636069.1063,1085401117187.622,15415518881.4843,true,true,448365476800393987136.3830946306911766,446145808173090487810.972996443217193,2219668627303499325.4100981874739836,true,true,2161391120766.7715,2133217483925.102,28173636841.6695,true,true,880726060942841308738.4569830488221364,878425382936020714330.0605900459436526,2300678006820594408.3963930028784838,true,true
12,0x88e6a0c2ddd26feeb64f039a2c41296fcb3f5640,25096728,198942,4477659561217887381,18,S12_P18,198820:198970,0xc36442b4a4522e871399cd717abdd847ab11fe88:198820:198970,0xc36442b4a4522e871399cd717abdd847ab11fe88,198820,198970,53339572431972049,0.0119123778176347,150,122,28,28,355597149546480.3266666666666667,0.0000794158521176,117.71893068270532,125.2816631121762708,0.91237019281793,0.3008081232079666,1.2131783160258966,0.91237019281793,218253705600.1742,215690859670.94408,2562845929.23012,true,true,92603639895695163730.701272397411137,91614107678728637440.4623183819031696,989532216966526290.2389540155079674,true,true,1100816636069.1063,1088577829845.2239,12238806223.8824,true,true,448365476800393987136.3830946306911766,445732993812194797686.1800101193985562,2632482988199189450.2030845112926204,true,true,2161391120766.7715,2140454691113.018,20936429653.7535,true,true,880726060942841308738.4569830488221364,877915344294966791324.898416054755481,2810716647874517413.5585669940666554,true,true
12,0x88e6a0c2ddd26feeb64f039a2c41296fcb3f5640,25096728,198942,4477659561217887381,19,S12_P19,198840:198990,0xc36442b4a4522e871399cd717abdd847ab11fe88:198840:198990,0xc36442b4a4522e871399cd717abdd847ab11fe88,198840,198990,39573829411916756,0.0088380612395537,150,102,48,48,263825529412778.3733333333333333,0.0000589204082637,117.71893068270532,125.2816631121762708,0.6028620869765294,0.3554037423400365,0.9582658293165659,0.6028620869765294,218253705600.1742,216352340377.74972,1901365222.42448,true,true,92603639895695163730.701272397411137,91768859709579701868.2192581323823634,834780186115461862.4820142650287736,true,true,1100816636069.1063,1091884657461.8192,8931978607.2871,true,true,448365476800393987136.3830946306911766,445395260067945131429.048466023499368,2970216732448855707.3346286071918086,true,true,2161391120766.7715,2147472096915.1103,13919023851.6612,true,true,880726060942841308738.4569830488221364,877332691145935873294.9646251230275666,3393369796905435443.4923579257945698,true,true
12,0x88e6a0c2ddd26feeb64f039a2c41296fcb3f5640,25096728,198942,4477659561217887381,20,S12_P20,198810:198960,0xc36442b4a4522e871399cd717abdd847ab11fe88:198810:198960,0xc36442b4a4522e871399cd717abdd847ab11fe88,198810,198960,37724533939166635,0.0084250563097535,150,132,18,18,251496892927777.5666666666666667,0.000056167042065,117.71893068270532,125.2816631121762708,0.675750065266794,0.1416211425054854,0.8173712077722794,0.675750065266794,218253705600.1742,216441199034.35048,1812506565.82372,true,true,92603639895695163730.701272397411137,92019476636501673496.9285865424431669,584163259193490233.7726858549679701,true,true,1100816636069.1063,1092105299222.98,8711336846.1263,true,true,448365476800393987136.3830946306911766,447105354581803494846.8887969378789118,1260122218590492289.4942976928122648,true,true,2161391120766.7715,2145969999042.9926,15421121723.7789,true,true,880726060942841308738.4569830488221364,879419724748252750060.450868047254737,1306336194588558678.0061150015673994,true,true
13,0x88e6a0c2ddd26feeb64f039a2c41296fcb3f5640,25086728,199069,3862481760608422188,1,S13_P1,198060:200130,0xc36442b4a4522e871399cd717abdd847ab11fe88:198060:200130,0xc36442b4a4522e871399cd717abdd847ab11fe88,198060,200130,892287530697189504,0.2310140438194938,2070,1009,1061,1009,431056778114584.3014492753623188,0.0001116009873524,126.2245846860972154,129.0209382460786946,34.2764320657051672,28.0935002434806788,62.369932309185846,34.2764320657051672,186058317937.45768,143312407953.9564,42745909983.50128,true,true,80457687338500758730.9434445013553768,61687264171560670967.5642093085184152,18770423166940087763.3792351928369616,true,true,952052856826.4697,740848661331.0871,211204195495.3826,true,true,398670957225280874571.535974847899138,303929424132286420544.805369459434589,94741533092994454026.730605388464549,true,true,1958712246239.0693,1531963478579.7352,426748767659.3341,true,true,779023215903049281137.719750321716652,595584493190860641894.003096906965026,183438722712188639243.716653414751626,true,true
13,0x88e6a0c2ddd26feeb64f039a2c41296fcb3f5640,25086728,199069,3862481760608422188,2,S13_P2,195610:209470,0xc36442b4a4522e871399cd717abdd847ab11fe88:195610:209470,0xc36442b4a4522e871399cd717abdd847ab11fe88,195610,209470,352854813796027778,0.0913544284906722,13860,3459,10401,3459,25458500273883.6780663780663781,0.0000065912286068,126.2245846860972154,129.0209382460786946,11.5685850287181485,9.9893404029072507,21.5579254316253992,11.5685850287181485,186058317937.45768,169195479968.29896,16862837969.15872,true,true,80457687338500758730.9434445013553768,73040120854674746338.5548434888186792,7417566483826012392.3886010125366976,true,true,952052856826.4697,868621338984.8981,83431517841.5716,true,true,398670957225280874571.535974847899138,360921292000784095608.469386666059136,37749665224496778963.066588181840002,true,true,1958712246239.0693,1790960579673.9465,167751666565.1228,true,true,779023215903049281137.719750321716652,705009245903119086378.92967257101421,74013969999930194758.790077750702442,true,true
13,0x88e6a0c2ddd26feeb64f039a2c41296fcb3f5640,25086728,199069,3862481760608422188,3,S13_P3,194710:212350,0xc36442b4a4522e871399cd717abdd847ab11fe88:194710:212350,0xc36442b4a4522e871399cd717abdd847ab11fe88,194710,212350,172327479146938053,0.044615739264952,17640,4359,13281,4359,9769131470914.8556122448979592,0.0000025292369198,126.2245846860972154,129.0209382460786946,5.3935184166831816,4.7137728496675489,10.1072912663507305,5.3935184166831816,186058317937.45768,177826631786.65248,8231686150.8052,true,true,80457687338500758730.9434445013553768,76835065142951521840.513853948085668,3622622195549236890.4295905532697088,true,true,952052856826.4697,911305462908.60855,40747393917.86115,true,true,398670957225280874571.535974847899138,380208663285153485209.194710233452624,18462293940127389362.341264614446514,true,true,1958712246239.0693,1876938648112.5219,81773598126.5474,true,true,779023215903049281137.719750321716652,742596159456303614391.618525478817638,36427056446745666746.101224842899014,true,true
13,0x88e6a0c2ddd26feeb64f039a2c41296fcb3f5640,25086728,199069,3862481760608422188,4,S13_P4,198540:199140,0xc36442b4a4522e871399cd717abdd847ab11fe88:198540:199140,0xc36442b4a4522e871399cd717abdd847ab11fe88,198540,199140,197420014934003090,0.0511122193371614,600,529,71,71,329033358223338.4833333333333333,0.0000851870322286,126.2245846860972154,129.0209382460786946,6.2174814043509787,2.5628380008799144,8.7803194052308931,6.2174814043509787,186058317937.45768,176627495409.10988,9430822528.3478,true,true,80457687338500758730.9434445013553768,76307583276651017893.5219825520672584,4150104061849740837.4214619492881184,true,true,952052856826.4697,905372801367.7128,46680055458.7569,true,true,398670957225280874571.535974847899138,380409226401231082137.43503116118226,18261730824049792434.100943686716878,true,true,1958712246239.0693,1865007113084.1703,93705133154.899,true,true,779023215903049281137.719750321716652,755575067259157076049.224385270731846,23448148643892205088.495365050984806,true,true
13,0x88e6a0c2ddd26feeb64f039a2c41296fcb3f5640,25086728,199069,3862481760608422188,5,S13_P5,197610:199940,0xc36442b4a4522e871399cd717abdd847ab11fe88:197610:199940,0xc36442b4a4522e871399cd717abdd847ab11fe88,197610,199940,118114933958354994,0.0305800625812533,2330,1459,871,871,50693104703156.6497854077253219,0.0000131244903782,126.2245846860972154,129.0209382460786946,3.6478447269860932,3.1944924861266413,6.8423372131127345,3.6478447269860932,186058317937.45768,180416866104.73468,5641451832.723,true,true,80457687338500758730.9434445013553768,77974698503064075810.417201468391344,2482988835436682920.5262430329640328,true,true,952052856826.4697,924123170051.42675,27929686775.04295,true,true,398670957225280874571.535974847899138,386012582446029730334.271990714326692,12658374779251144237.263984133572446,true,true,1958712246239.0693,1902695594758.731,56016651480.3383,true,true,779023215903049281137.719750321716652,754046132718098188938.149891961945626,24977083184951092199.569858359771026,true,true
13,0x88e6a0c2ddd26feeb64f039a2c41296fcb3f5640,25086728,199069,3862481760608422188,6,S13_P6,195610:200290,0xc36442b4a4522e871399cd717abdd847ab11fe88:195610:200290,0xc36442b4a4522e871399cd717abdd847ab11fe88,195610,200290,82346613047210432,0.0213196121434213,4680,3459,1221,1221,17595430138292.8273504273504274,0.0000045554726802,126.2245846860972154,129.0209382460786946,2.5211873822887967,2.2105345734977171,4.7317219557865138,2.5211873822887967,186058317937.45768,182125509937.25164,3932808000.20604,true,true,80457687338500758730.9434445013553768,78726609079795912936.1075374719257768,1731078258704845794.8359070294296,true,true,952052856826.4697,932580385221.63935,19472471604.83035,true,true,398670957225280874571.535974847899138,389844170497833246436.281920856435054,8826786727447628135.254053991464084,true,true,1958712246239.0693,1919673478452.5505,39038767786.5188,true,true,779023215903049281137.719750321716652,761608436912686375316.260898606797966,17414778990362905821.458851714918686,true,true
13,0x88e6a0c2ddd26feeb64f039a2c41296fcb3f5640,25086728,199069,3862481760608422188,7,S13_P7,197820:199590,0xc36442b4a4522e871399cd717abdd847ab11fe88:197820:199590,0xc36442b4a4522e871399cd717abdd847ab11fe88,197820,199590,72307817366418249,0.0187205589172875,1770,1249,521,521,40851874218315.3949152542372881,0.0000105765869589,126.2245846860972154,129.0209382460786946,2.2084719063342571,1.9370120754120613,4.1454839817463184,2.2084719063342571,186058317937.45768,182605015855.01032,3453302082.44736,true,true,80457687338500758730.9434445013553768,78937642387431840012.4287707489911688,1520044951068918718.514673752364208,true,true,952052856826.4697,934954080375.40935,17098776451.06035,true,true,398670957225280874571.535974847899138,390919840646580939550.078285285415446,7751116578699935021.457689562483692,true,true,1958712246239.0693,1924436239291.2146,34276006947.8547,true,true,779023215903049281137.719750321716652,763731109144511223989.519526460454982,15292106758538057148.20022386126167,true,true
13,0x88e6a0c2ddd26feeb64f039a2c41296fcb3f5640,25086728,199069,3862481760608422188,8,S13_P8,196950:206450,0xc36442b4a4522e871399cd717abdd847ab11fe88:196950:206450,0xc36442b4a4522e871399cd717abdd847ab11fe88,196950,206450,65989735192964238,0.0170848017629394,9500,2119,7381,2119,6946287915048.8671578947368421,0.0000017984001856,126.2245846860972154,129.0209382460786946,2.0124344938102245,1.7654508039421766,3.7778852977524011,2.0124344938102245,186058317937.45768,182906792724.7672,3151525212.69048,true,true,80457687338500758730.9434445013553768,79070459937926880503.2222201735177352,1387227400573878227.7212243278376416,true,true,952052856826.4697,936448025616.70545,15604831209.76425,true,true,398670957225280874571.535974847899138,391596892598573108993.991764276431398,7074064626707765577.54421057146774,true,true,1958712246239.0693,1927433250232.7642,31278996006.3051,true,true,779023215903049281137.719750321716652,765067097886062362587.00451818863536,13956118016986918550.715232133081292,true,true
13,0x88e6a0c2ddd26feeb64f039a2c41296fcb3f5640,25086728,199069,3862481760608422188,9,S13_P9,198170:199740,0xc36442b4a4522e871399cd717abdd847ab11fe88:198170:199740,0xc36442b4a4522e871399cd717abdd847ab11fe88,198170,199740,61799123520925557,0.0159998486338977,1570,899,671,671,39362499057914.367515923566879,0.000010190986391,126.2245846860972154,129.0209382460786946,1.8827369440947845,1.6519067376348216,3.5346436817296061,1.8827369440947845,186058317937.45768,183106948088.52248,2951369848.9352,true,true,80457687338500758730.9434445013553768,79158553574029672779.692584452652668,1299133764471085951.2508600487027088,true,true,952052856826.4697,937438928236.09895,14613928590.37075,true,true,398670957225280874571.535974847899138,392045988104656702334.96464190256999,6624969120624172236.571332945329148,true,true,1958712246239.0693,1929420868374.4077,29291377864.6616,true,true,779023215903049281137.719750321716652,765953243819356026098.703751556429594,13069972083693255039.015998765287058,true,true
13,0x88e6a0c2ddd26feeb64f039a2c41296fcb3f5640,25086728,199069,3862481760608422188,10,S13_P10,198490:200310,0xc36442b4a4522e871399cd717abdd847ab11fe88:198490:200310,0xc36442b4a4522e871399cd717abdd847ab11fe88,198490,200310,57379509146233050,0.0148556064992769,1820,579,1241,579,31527202827600.5769230769230769,0.0000081624211534,126.2245846860972154,129.0209382460786946,1.7462349121510748,1.5323711827901109,3.2786060949411857,1.7462349121510748,186058317937.45768,183318038213.7748,2740279723.68288,true,true,80457687338500758730.9434445013553768,79251462056233500470.667564257914908,1206225282267258260.2758802434404688,true,true,952052856826.4697,938483988728.09015,13568868098.37955,true,true,398670957225280874571.535974847899138,392519646744224110189.074306935129107,6151310481056764382.461667912770031,true,true,1958712246239.0693,1931516914630.4493,27195331608.62,true,true,779023215903049281137.719750321716652,766887833056861035564.188131492972762,12135382846188245573.53161882874389,true,true
13,0x88e6a0c2ddd26feeb64f039a2c41296fcb3f5640,25086728,199069,3862481760608422188,11,S13_P11,196750:199130,0xc36442b4a4522e871399cd717abdd847ab11fe88:196750:199130,0xc36442b4a4522e871399cd717abdd847ab11fe88,196750,199130,56441995567576801,0.0146128833909849,2380,2319,61,61,23715124188057.4794117647058824,0.000006139866971,126.2245846860972154,129.0209382460786946,1.7173165973031043,0.6449973763114689,2.3623139736145732,1.7173165973031043,186058317937.45768,183362815373.1722,2695502564.28548,true,true,80457687338500758730.9434445013553768,79271170056466503399.560796672272352,1186517282034255331.3826478290830248,true,true,952052856826.4697,938705674011.49295,13347182814.97675,true,true,398670957225280874571.535974847899138,393807435897260387513.080477438630212,4863521328020487058.455497409268926,true,true,1958712246239.0693,1931961515138.5512,26750731100.5181,true,true,779023215903049281137.719750321716652,773092033295206209871.798209552022652,5931182607843071265.921540769694,true,true
13,0x88e6a0c2ddd26feeb64f039a2c41296fcb3f5640,25086728,199069,3862481760608422188,12,S13_P12,198280:199400,0xc36442b4a4522e871399cd717abdd847ab11fe88:198280:199400,0xc36442b4a4522e871399cd717abdd847ab11fe88,198280,199400,40924231069844656,0.0105953202128256,1120,789,331,331,36539492026647.0142857142857143,0.0000094601073329,126.2245846860972154,129.0209382460786946,1.2405448254258637,1.0811605481256798,2.3217053735515435,1.2405448254258637,186058317937.45768,184103948863.70812,1954369073.74956,true,true,80457687338500758730.9434445013553768,79597381086927506126.8873179363518136,860306251573252604.0561265650035632,true,true,952052856826.4697,942375080530.40265,9677776296.06705,true,true,398670957225280874571.535974847899138,394283378890702499917.857468390180163,4387578334578374653.678506457718975,true,true,1958712246239.0693,1939319299865.3926,19392946373.6767,true,true,779023215903049281137.719750321716652,770367695677508270823.37532531998768,8655520225541010314.344425001728972,true,true
13,0x88e6a0c2ddd26feeb64f039a2c41296fcb3f5640,25086728,199069,3862481760608422188,13,S13_P13,198490:199500,0xc36442b4a4522e871399cd717abdd847ab11fe88:198490:199500,0xc36442b4a4522e871399cd717abdd847ab11fe88,198490,199500,37795106581185144,0.0097851870697848,1010,579,431,431,37420897605133.8059405940594059,0.0000096883040295,126.2245846860972154,129.0209382460786946,1.1448336161658051,1.0052962290053197,2.1501298451711248,1.1448336161658051,186058317937.45768,184253392141.24996,1804925796.20772,true,true,80457687338500758730.9434445013553768,79663161765419566740.4630545234748744,794525573081191990.4803899778805024,true,true,952052856826.4697,943115022946.01285,8937833880.45685,true,true,398670957225280874571.535974847899138,394618801554570469171.675466373738312,4052155670710405399.860508474160826,true,true,1958712246239.0693,1940802693660.8144,17909552578.2549,true,true,779023215903049281137.719750321716652,771029453175119141146.826325457165142,7993762727930139990.89342486455151,true,true
13,0x88e6a0c2ddd26feeb64f039a2c41296fcb3f5640,25086728,199069,3862481760608422188,14,S13_P14,193130:200340,0xc36442b4a4522e871399cd717abdd847ab11fe88:193130:200340,0xc36442b4a4522e871399cd717abdd847ab11fe88,193130,200340,37619268342446439,0.0097396623917055,7210,5939,1271,1271,5217651642502.9735090152565881,0.0000013508547007,126.2245846860972154,129.0209382460786946,1.1394594736520353,1.0005831050848832,2.1400425787369185,1.1394594736520353,186058317937.45768,184261789469.97748,1796528467.4802,true,true,80457687338500758730.9434445013553768,79666858449153410564.1324503077341848,790828889347348166.810994193621192,true,true,952052856826.4697,943156603346.41835,8896253480.05135,true,true,398670957225280874571.535974847899138,394637650626778077120.966079071369392,4033306598502797450.569895776529746,true,true,1958712246239.0693,1940886048583.7949,17826197655.2744,true,true,779023215903049281137.719750321716652,771066640277011939683.536802135631382,7956575626037341454.18294818608527,true,true
13,0x88e6a0c2ddd26feeb64f039a2c41296fcb3f5640,25086728,199069,3862481760608422188,15,S13_P15,194970:200900,0xc36442b4a4522e871399cd717abdd847ab11fe88:194970:200900,0xc36442b4a4522e871399cd717abdd847ab11fe88,194970,200900,36592465897475683,0.0094738223156584,5930,4099,1831,1831,6170736239034.6851602023608769,0.0000015976091595,126.2245846860972154,129.0209382460786946,1.1080862858901322,0.9730678131289192,2.0811540990190514,1.1080862858901322,186058317937.45768,184310827435.0358,1747490502.42188,true,true,80457687338500758730.9434445013553768,79688443317944036945.3118386729212696,769244020556721785.6316058284341072,true,true,952052856826.4697,943399412509.454,8653444317.0157,true,true,398670957225280874571.535974847899138,394747719741944077391.182450634229341,3923237483336797180.353524213669797,true,true,1958712246239.0693,1941372792419.331,17339453819.7383,true,true,779023215903049281137.719750321716652,771283794048070611640.085559472638938,7739421854978669497.634190849077714,true,true
13,0x88e6a0c2ddd26feeb64f039a2c41296fcb3f5640,25086728,199069,3862481760608422188,16,S13_P16,198280:199270,0xc36442b4a4522e871399cd717abdd847ab11fe88:198280:199270,0xc36442b4a4522e871399cd717abdd847ab11fe88,198280,199270,36424852748159308,0.0094304271206245,990,789,201,201,36792780553696.2707070707070707,0.0000095256839602,126.2245846860972154,129.0209382460786946,1.1029664505582441,0.8713064295221865,1.9742728800804306,1.1029664505582441,186058317937.45768,184318833616.34972,1739484321.10796,true,true,80457687338500758730.9434445013553768,79691967560788648718.6632481673656064,765719777712110012.2801963339897704,true,true,952052856826.4697,943439048001.71675,8613808824.75295,true,true,398670957225280874571.535974847899138,394765687304645937256.510231232512055,3905269920634937315.025743615387083,true,true,1958712246239.0693,1941452246459.0011,17259999780.0682,true,true,779023215903049281137.719750321716652,771446838367266846803.214994853106066,7576377535782434334.504755468610586,true,true
13,0x88e6a0c2ddd26feeb64f039a2c41296fcb3f5640,25086728,199069,3862481760608422188,17,S13_P17,198370:199760,0xc36442b4a4522e871399cd717abdd847ab11fe88:198370:199760,0xc36442b4a4522e871399cd717abdd847ab11fe88,198370,199760,34042504966145920,0.0088136351382494,1390,699,691,691,24491010767011.4532374100719424,0.0000063407447038,126.2245846860972154,129.0209382460786946,1.0302407283344419,0.9047864591033622,1.9350271874378041,1.0302407283344419,186058317937.45768,184432609403.87492,1625708533.58276,true,true,80457687338500758730.9434445013553768,79742049236312774532.8365743401890344,715638102187984198.1068701611663424,true,true,952052856826.4697,944002406272.5315,8050450553.9382,true,true,398670957225280874571.535974847899138,395021070254541068707.947657422519121,3649886970739805863.588317425380017,true,true,1958712246239.0693,1942581526576.0691,16130719663.0002,true,true,779023215903049281137.719750321716652,771823077918454065422.097431061536896,7200137984595215715.622319260179756,true,true
13,0x88e6a0c2ddd26feeb64f039a2c41296fcb3f5640,25086728,199069,3862481760608422188,18,S13_P18,196260:200390,0xc36442b4a4522e871399cd717abdd847ab11fe88:196260:200390,0xc36442b4a4522e871399cd717abdd847ab11fe88,196260,200390,33467064267190909,0.0086646530239975,4130,2809,1321,1321,8103405391571.6486682808716707,0.0000020979789404,126.2245846860972154,129.0209382460786946,1.0126867268796621,0.8893875426369921,1.9020742695166542,1.0126867268796621,186058317937.45768,184460090378.91684,1598227558.54084,true,true,80457687338500758730.9434445013553768,79754145539162503317.1527799034696872,703541799338255413.7906645978856896,true,true,952052856826.4697,944138482009.01905,7914374817.45065,true,true,398670957225280874571.535974847899138,395082757085884862889.936998810803132,3588200139396011681.598976037096006,true,true,1958712246239.0693,1942854288253.8112,15857957985.2581,true,true,779023215903049281137.719750321716652,771944776947923854292.471947313998332,7078438955125426845.24780300771832,true,true
13,0x88e6a0c2ddd26feeb64f039a2c41296fcb3f5640,25086728,199069,3862481760608422188,19,S13_P19,198870:201360,0xc36442b4a4522e871399cd717abdd847ab11fe88:198870:201360,0xc36442b4a4522e871399cd717abdd847ab11fe88,198870,201360,33049168110608779,0.0085564593333906,2490,199,2291,199,13272758277352.9232931726907631,0.0000034363290496,126.2245846860972154,129.0209382460786946,0.779690124993529,0.8782068043391053,1.6578969293326343,0.8782068043391053,186058317937.45768,184480048454.8846,1578269482.57308,true,true,80457687338500758730.9434445013553768,79762930742241568150.2440519235827816,694756596259190580.6993925777725952,true,true,952052856826.4697,944237303238.9488,7815553587.5209,true,true,398670957225280874571.535974847899138,395127555775297493127.388351326195995,3543401449983381444.147623521703143,true,true,1958712246239.0693,1943056408826.0353,15655837413.034,true,true,779023215903049281137.719750321716652,772033157521962112058.358629729093632,6990058381087169079.36112059262302,true,true
13,0x88e6a0c2ddd26feeb64f039a2c41296fcb3f5640,25086728,199069,3862481760608422188,20,S13_P20,198910:199070,0xc36442b4a4522e871399cd717abdd847ab11fe88:198910:199070,0xc36442b4a4522e871399cd717abdd847ab11fe88,198910,199070,37785696891951436,0.0097827508927833,160,159,1,1,236160605574696.475,0.0000611421930799,126.2245846860972154,129.0209382460786946,0.8063717912769969,0.0013844381338929,0.8077562294108898,0.8063717912769969,186058317937.45768,184253841317.87588,1804476619.5818,true,true,80457687338500758730.9434445013553768,80445907724161032618.2430260254244736,11779614339726112.7004184759309032,true,true,952052856826.4697,943117248068.35285,8935608758.11685,true,true,398670957225280874571.535974847899138,398659078087963481451.401578234090319,11879137317393120.134396613808819,true,true,1958712246239.0693,1941595294961.2208,17116951277.8485,true,true,779023215903049281137.719750321716652,779011486814931403240.68061804830079,11729088117877897.039132273415862,true,true
14,0x88e6a0c2ddd26feeb64f039a2c41296fcb3f5640,25076728,198858,4274948023937311988,1,S14_P1,198060:200130,0xc36442b4a4522e871399cd717abdd847ab11fe88:198060:200130,0xc36442b4a4522e871399cd717abdd847ab11fe88,198060,200130,892287530697189504,0.208724767108484,2070,798,1272,798,431056778114584.3014492753623188,0.0001008332208254,122.6876650947735056,130.4273249427431451,35.0406069175820219,34.5165808936673562,69.5571878112493781,35.0406069175820219,206087751511.835,163181462405.38472,42906289106.45028,true,true,88979353337612310758.1580177360740452,70329713728027070667.307099262969696,18649639609585240090.8509184731043492,true,true,1031839090837.3531,813292148096.1958,218546942741.1573,true,true,440971157831541939097.3731833564038944,346487336172204038494.2751320231570048,94483821659337900603.0980513332468896,true,true,2034570486624.0137,1605407928471.459,429162558152.5547,true,true,855889262870384752355.6265714825822604,666426311948759138427.2118204949327157,189462950921625613928.4147509876495447,true,true
14,0x88e6a0c2ddd26feeb64f039a2c41296fcb3f5640,25076728,198858,4274948023937311988,2,S14_P2,195610:209470,0xc36442b4a4522e871399cd717abdd847ab11fe88:195610:209470,0xc36442b4a4522e871399cd717abdd847ab11fe88,195610,209470,352854813796027778,0.082540141264932,13860,3248,10612,3248,25458500273883.6780663780663781,0.0000059552771475,122.6876650947735056,130.4273249427431451,11.6855231059891472,12.3480790277981549,24.0336021337873021,12.3480790277981549,206087751511.835,189124815271.09492,16962936240.74008,true,true,88979353337612310758.1580177360740452,81609959831763449684.707631038501678,7369393505848861073.4503866975723672,true,true,1031839090837.3531,946052321364.5961,85786769472.757,true,true,440971157831541939097.3731833564038944,403854087465443577605.0448427084391424,37117070366098361492.328340647964752,true,true,2034570486624.0137,1864110826564.646,170459660059.3677,true,true,855889262870384752355.6265714825822604,780647532111983552301.7276199803227895,75241730758401200053.8989515022594709,true,true
14,0x88e6a0c2ddd26feeb64f039a2c41296fcb3f5640,25076728,198858,4274948023937311988,3,S14_P3,198540:199140,0xc36442b4a4522e871399cd717abdd847ab11fe88:198540:199140,0xc36442b4a4522e871399cd717abdd847ab11fe88,198540,199140,197420014934003090,0.0461806819237478,600,318,282,282,329033358223338.4833333333333333,0.0000769678032062,122.6876650947735056,130.4273249427431451,5.6198001117154664,5.8273550151415218,11.4471551268569882,5.8273550151415218,206087751511.835,196597080688.14372,9490670823.69128,true,true,88979353337612310758.1580177360740452,84857301758709013897.1055031521467252,4122051578903296861.05251458392732,true,true,1031839090837.3531,984306326063.39035,47532764773.96275,true,true,440971157831541939097.3731833564038944,420419267154448527524.673789326293104,20551890677093411572.6993940301107904,true,true,2034570486624.0137,1938844694758.5311,95725791865.4826,true,true,855889262870384752355.6265714825822604,813761458591207632402.8865909322789304,42127804279177119952.73998055030333,true,true
14,0x88e6a0c2ddd26feeb64f039a2c41296fcb3f5640,25076728,198858,4274948023937311988,4,S14_P4,194710:212350,0xc36442b4a4522e871399cd717abdd847ab11fe88:194710:212350,0xc36442b4a4522e871399cd717abdd847ab11fe88,194710,212350,172327479146938053,0.0403110115449359,17640,4148,13492,4148,9769131470914.8556122448979592,0.0000022852047361,122.6876650947735056,130.4273249427431451,5.4277284623702395,5.8522022080360193,11.2799306704062588,5.8522022080360193,206087751511.835,197803344912.73816,8284406599.09684,true,true,88979353337612310758.1580177360740452,85381352992253419040.6363228928524484,3598000345358891717.5216948432215968,true,true,1031839090837.3531,990480522838.99465,41358567998.35845,true,true,440971157831541939097.3731833564038944,423092849186005440823.0502548656747072,17878308645536498274.3229284907291872,true,true,2034570486624.0137,1950924883328.4286,83645603295.5851,true,true,855889262870384752355.6265714825822604,819112356443082637001.4474753402893418,36776906427302115354.1790961422929186,true,true
14,0x88e6a0c2ddd26feeb64f039a2c41296fcb3f5640,25076728,198858,4274948023937311988,5,S14_P5,197610:199940,0xc36442b4a4522e871399cd717abdd847ab11fe88:197610:199940,0xc36442b4a4522e871399cd717abdd847ab11fe88,197610,199940,118114933958354994,0.0276295602418971,2330,1248,1082,1082,50693104703156.6497854077253219,0.0000118581803613,122.6876650947735056,130.4273249427431451,3.6663377179380616,3.9763016158195017,7.6426393337575633,3.9763016158195017,206087751511.835,200409495795.9772,5678255715.8578,true,true,88979353337612310758.1580177360740452,86513443772109601019.8274408101767848,2465909565502709738.3305769258972604,true,true,1031839090837.3531,1003698614741.4724,28140476095.8807,true,true,440971157831541939097.3731833564038944,428868025252626846427.9074644121665856,12103132578915092669.4657189442373088,true,true,2034570486624.0137,1977040446236.1369,57530040387.8768,true,true,855889262870384752355.6265714825822604,830676984369352813579.0310513716878235,25212278501031938776.5955201108944369,true,true
14,0x88e6a0c2ddd26feeb64f039a2c41296fcb3f5640,25076728,198858,4274948023937311988,6,S14_P6,195610:200290,0xc36442b4a4522e871399cd717abdd847ab11fe88:195610:200290,0xc36442b4a4522e871399cd717abdd847ab11fe88,195610,200290,82346613047210432,0.0192625998225278,4680,3248,1432,1432,17595430138292.8273504273504274,0.000004115940133,122.6876650947735056,130.4273249427431451,2.5318660209557462,2.7564448463721097,5.2883108673278559,2.7564448463721097,206087751511.835,202128995206.92968,3958756304.90532,true,true,88979353337612310758.1580177360740452,87260277905017368638.40869934198881,1719075432594942119.7493183940852352,true,true,1031839090837.3531,1012221820401.1487,19617270436.2044,true,true,440971157831541939097.3731833564038944,432663075397903147226.9026762713554021,8308082433638791870.4705070850484923,true,true,2034570486624.0137,1994283638936.6114,40286847687.4023,true,true,855889262870384752355.6265714825822604,838309802065571247386.986692984236765,17579460804813504968.6398784983454954,true,true
14,0x88e6a0c2ddd26feeb64f039a2c41296fcb3f5640,25076728,198858,4274948023937311988,7,S14_P7,197820:199590,0xc36442b4a4522e871399cd717abdd847ab11fe88:197820:199590,0xc36442b4a4522e871399cd717abdd847ab11fe88,197820,199590,72307817366418249,0.0169143149721435,1770,1038,732,732,40851874218315.3949152542372881,0.0000095561101538,122.6876650947735056,130.4273249427431451,2.2173158473939394,2.4165707198538295,4.6338865672477689,2.4165707198538295,206087751511.835,202611596480.60852,3476155031.22648,true,true,88979353337612310758.1580177360740452,87469871555123824509.0826503201083608,1509481782488486249.0753674159656844,true,true,1031839090837.3531,1014613682172.513,17225408664.8401,true,true,440971157831541939097.3731833564038944,433674703632714522123.5801441578396459,7296454198827416973.7930391985642485,true,true,2034570486624.0137,1999125015859.4911,35445470764.5226,true,true,855889262870384752355.6265714825822604,840452396643115732016.5114931734361981,15436866227269020339.1150783091460623,true,true
14,0x88e6a0c2ddd26feeb64f039a2c41296fcb3f5640,25076728,198858,4274948023937311988,8,S14_P8,198780:198930,0xc36442b4a4522e871399cd717abdd847ab11fe88:198780:198930,0xc36442b4a4522e871399cd717abdd847ab11fe88,198780,198930,156568262606248288,0.0366246002827529,150,78,72,72,1043788417374988.5866666666666667,0.000244164001885,122.6876650947735056,130.4273249427431451,2.1283954817079867,2.0972764947624506,4.2256719764704373,2.1283954817079867,206087751511.835,198560933199.72268,7526818312.11232,true,true,88979353337612310758.1580177360740452,85710461540778824135.8692972037863364,3268891796833486622.2887205322877088,true,true,1031839090837.3531,996255108138.07255,35583982699.28055,true,true,440971157831541939097.3731833564038944,426309445480317810276.3651608120519424,14661712351224128821.008022544351952,true,true,2034570486624.0137,1986611972543.4257,47958514080.588,true,true,855889262870384752355.6265714825822604,836787601586164651873.6514867873787803,19101661284220100481.9750846952034801,true,true
14,0x88e6a0c2ddd26feeb64f039a2c41296fcb3f5640,25076728,198858,4274948023937311988,9,S14_P9,196950:206450,0xc36442b4a4522e871399cd717abdd847ab11fe88:196950:206450,0xc36442b4a4522e871399cd717abdd847ab11fe88,196950,206450,65989735192964238,0.0154363830445326,9500,1908,7592,1908,6946287915048.8671578947368421,0.0000016248824257,122.6876650947735056,130.4273249427431451,2.0202023385943545,2.2032193640270395,4.223421702621394,2.2032193640270395,206087751511.835,202915330200.90948,3172421310.92552,true,true,88979353337612310758.1580177360740452,87601779303163623439.8852069113821508,1377574034448687318.2728108246918944,true,true,1031839090837.3531,1016118984789.6818,15720106047.6713,true,true,440971157831541939097.3731833564038944,434311563335096198164.6587565373262682,6659594496445740932.7144268190776262,true,true,2034570486624.0137,2002205864187.7568,32364622436.2569,true,true,855889262870384752355.6265714825822604,841800950169474040092.0580420934648378,14088312700910712263.5685293891174226,true,true
14,0x88e6a0c2ddd26feeb64f039a2c41296fcb3f5640,25076728,198858,4274948023937311988,10,S14_P10,198170:199740,0xc36442b4a4522e871399cd717abdd847ab11fe88:198170:199740,0xc36442b4a4522e871399cd717abdd847ab11fe88,198170,199740,61799123520925557,0.0144561110860027,1570,688,882,688,39362499057914.367515923566879,0.0000092077140675,122.6876650947735056,130.4273249427431451,1.8898241868639536,2.0619443002405791,3.9517684871045327,2.0619443002405791,206087751511.835,203116788589.78992,2970962922.04508,true,true,88979353337612310758.1580177360740452,87689269352703008974.0374233245730184,1290083984909301784.1205944115010268,true,true,1031839090837.3531,1017117388714.1449,14721702123.2082,true,true,440971157831541939097.3731833564038944,434734049290941205647.2149437941426962,6237108540600733450.1582395622611982,true,true,2034570486624.0137,2004258639686.7644,30311846937.2493,true,true,855889262870384752355.6265714825822604,842695440620689237343.6068314007719583,13193822249695515012.0197400818103021,true,true
14,0x88e6a0c2ddd26feeb64f039a2c41296fcb3f5640,25076728,198858,4274948023937311988,11,S14_P11,198490:200310,0xc36442b4a4522e871399cd717abdd847ab11fe88:198490:200310,0xc36442b4a4522e871399cd717abdd847ab11fe88,198490,200310,55482447287700730,0.0129785080372978,1820,368,1452,368,30484861147088.3131868131868132,0.0000071310483721,122.6876650947735056,130.4273249427431451,1.6079098802631668,1.8493478257262543,3.4572577059894211,1.8493478257262543,206087751511.835,203420455828.62916,2667295683.20584,true,true,88979353337612310758.1580177360740452,87821144065667249556.924695050297338,1158209271945061201.2333226857767072,true,true,1031839090837.3531,1018622290994.8037,13216799842.5494,true,true,440971157831541939097.3731833564038944,435370990365456120277.8811515043172242,5600167466085818819.4920318520866702,true,true,2034570486624.0137,2007367666681.2053,27202819942.8084,true,true,855889262870384752355.6265714825822604,844043788696104296071.6000766326930104,11845474174280456284.02649484988925,true,true
14,0x88e6a0c2ddd26feeb64f039a2c41296fcb3f5640,25076728,198858,4274948023937311988,12,S14_P12,196750:199130,0xc36442b4a4522e871399cd717abdd847ab11fe88:196750:199130,0xc36442b4a4522e871399cd717abdd847ab11fe88,196750,199130,56441995567576801,0.0132029665042787,2380,2108,272,272,23715124188057.4794117647058824,0.0000055474649178,122.6876650947735056,130.4273249427431451,1.7235719329532396,1.6120850806783644,3.335657013631604,1.7235719329532396,206087751511.835,203374326381.03832,2713425130.79668,true,true,88979353337612310758.1580177360740452,87801111515388922527.9112605121978668,1178241822223388230.2467572238761784,true,true,1031839090837.3531,1018393688035.5988,13445402801.7543,true,true,440971157831541939097.3731833564038944,435274225852642697403.5086942142960944,5696931978899241693.8644891421078,true,true,2034570486624.0137,2006883352325.0366,27687134298.9771,true,true,855889262870384752355.6265714825822604,843838961360379035774.468656506196236,12050301510005716581.1579149763860244,true,true
14,0x88e6a0c2ddd26feeb64f039a2c41296fcb3f5640,25076728,198858,4274948023937311988,13,S14_P13,198280:199400,0xc36442b4a4522e871399cd717abdd847ab11fe88:198280:199400,0xc36442b4a4522e871399cd717abdd847ab11fe88,198280,199400,40924231069844656,0.0095730359388446,1120,578,542,542,36539492026647.0142857142857143,0.0000085473535168,122.6876650947735056,130.4273249427431451,1.2446281821212864,1.3609789923736335,2.6056071744949199,1.3609789923736335,206087751511.835,204120328643.36808,1967422868.46692,true,true,88979353337612310758.1580177360740452,88125068917702003006.576736943070724,854284419910307751.5812807930033212,true,true,1031839090837.3531,1022090542288.2519,9748548549.1012,true,true,440971157831541939097.3731833564038944,436839471071423954179.3430420764503511,4131686760117984918.0301412799535433,true,true,2034570486624.0137,2014489459871.7515,20081026752.2622,true,true,855889262870384752355.6265714825822604,847151573847060989682.4506228389916117,8737689023323762673.1759486435906487,true,true
14,0x88e6a0c2ddd26feeb64f039a2c41296fcb3f5640,25076728,198858,4274948023937311988,14,S14_P14,198370:199020,0xc36442b4a4522e871399cd717abdd847ab11fe88:198370:199020,0xc36442b4a4522e871399cd717abdd847ab11fe88,198370,199020,45133861584769519,0.0105577568036021,650,488,162,162,69436710130414.6446153846153846,0.0000162427027748,122.6876650947735056,130.4273249427431451,1.37170120480514,1.0351571609378714,2.4068583657430114,1.37170120480514,206087751511.835,203917954105.37472,2169797406.46028,true,true,88979353337612310758.1580177360740452,88037187816448377168.3075663720522632,942165521163933589.850451364021782,true,true,1031839090837.3531,1021087686818.6003,10751404018.7528,true,true,440971157831541939097.3731833564038944,436419592008390464963.9326738643294447,4551565823151474133.4405094920744497,true,true,2034570486624.0137,2012426308932.9146,22144177691.0991,true,true,855889262870384752355.6265714825822604,846750919934040788561.0565332448691227,9138342936343963794.5700382377131377,true,true
14,0x88e6a0c2ddd26feeb64f039a2c41296fcb3f5640,25076728,198858,4274948023937311988,15,S14_P15,193130:200340,0xc36442b4a4522e871399cd717abdd847ab11fe88:193130:200340,0xc36442b4a4522e871399cd717abdd847ab11fe88,193130,200340,37619268342446439,0.0087999358429154,7210,5728,1482,1482,5217651642502.9735090152565881,0.0000012205181474,122.6876650947735056,130.4273249427431451,1.1431253130402413,1.2504217924590738,2.3935471054993151,1.2504217924590738,206087751511.835,204279213094.90724,1808538416.92776,true,true,88979353337612310758.1580177360740452,88194063821746054791.4351456654028524,785289515866255966.7228720706711928,true,true,1031839090837.3531,1022877868870.0768,8961221967.2763,true,true,440971157831541939097.3731833564038944,437172938248594870140.0064524964538355,3798219582947068957.3667308599500589,true,true,2034570486624.0137,2016110008811.921,18460477812.0927,true,true,855889262870384752355.6265714825822604,847857133636146928408.5971532458678642,8032129234237823947.0294182367143962,true,true
14,0x88e6a0c2ddd26feeb64f039a2c41296fcb3f5640,25076728,198858,4274948023937311988,16,S14_P16,198490:198990,0xc36442b4a4522e871399cd717abdd847ab11fe88:198490:198990,0xc36442b4a4522e871399cd717abdd847ab11fe88,198490,198990,41721256188646318,0.0097594768299008,500,368,132,132,83442512377292.636,0.0000195189536598,122.6876650947735056,130.4273249427431451,1.2059777513894481,0.8484865787561104,2.0544643301455585,1.2059777513894481,206087751511.835,204082012878.81076,2005738633.02424,true,true,88979353337612310758.1580177360740452,88108430648863652225.42282649450392,870922688748658532.7351912415701252,true,true,1031839090837.3531,1021900668855.7206,9938421981.6325,true,true,440971157831541939097.3731833564038944,436771728752817048166.0000562404347236,4199429078724890931.3731271159691708,true,true,2034570486624.0137,2014118643554.8382,20451843069.1755,true,true,855889262870384752355.6265714825822604,848190016324764863951.8386572129607686,7699246545619888403.7879142696214918,true,true
14,0x88e6a0c2ddd26feeb64f039a2c41296fcb3f5640,25076728,198858,4274948023937311988,17,S14_P17,198750:198900,0xc36442b4a4522e871399cd717abdd847ab11fe88:198750:198900,0xc36442b4a4522e871399cd717abdd847ab11fe88,198750,198900,55451195854900580,0.0129711976717389,150,108,42,42,369674639032670.5333333333333333,0.0000864746511449,122.6876650947735056,130.4273249427431451,0.9354974911929021,0.4735439660495809,1.409041457242483,0.9354974911929021,206087751511.835,203421957479.62904,2665794032.20596,true,true,88979353337612310758.1580177360740452,87841223786803216499.1257937676749764,1138129550809094259.0322239683990688,true,true,1031839090837.3531,1018734619674.0469,13104471163.3062,true,true,440971157831541939097.3731833564038944,437351067077769220571.2517043528169673,3620090753772718526.1214790035869271,true,true,2034570486624.0137,2013218999916.9632,21351486707.0505,true,true,855889262870384752355.6265714825822604,851615164821454828815.4049301424791856,4274098048929923540.2216413401030748,true,true
14,0x88e6a0c2ddd26feeb64f039a2c41296fcb3f5640,25076728,198858,4274948023937311988,18,S14_P18,198790:198940,0xc36442b4a4522e871399cd717abdd847ab11fe88:198790:198940,0xc36442b4a4522e871399cd717abdd847ab11fe88,198790,198940,43097069803820727,0.0100813084890158,150,68,82,68,287313798692138.18,0.0000672087232601,122.6876650947735056,130.4273249427431451,0.5252714912224301,0.6335365489388842,1.1588080401613143,0.6335365489388842,206087751511.835,204015871652.58884,2071879859.24616,true,true,88979353337612310758.1580177360740452,88079708780666663164.0430233285722828,899644556945647594.1149944075017624,true,true,1031839090837.3531,1022676612868.3733,9162477968.9798,true,true,440971157831541939097.3731833564038944,436809208392803496638.2708135128567812,4161949438738442459.1023698435471132,true,true,2034570486624.0137,2022659548810.3787,11910937813.635,true,true,855889262870384752355.6265714825822604,850065156057450600969.9473434269109748,5824106812934151385.6792280556712856,true,true
14,0x88e6a0c2ddd26feeb64f039a2c41296fcb3f5640,25076728,198858,4274948023937311988,19,S14_P19,198790:198950,0xc36442b4a4522e871399cd717abdd847ab11fe88:198790:198950,0xc36442b4a4522e871399cd717abdd847ab11fe88,198790,198950,40520662440424355,0.0094786327724995,160,68,92,68,253254140252652.21875,0.0000592414548281,122.6876650947735056,130.4273249427431451,0.4937974023217292,0.6478594551956523,1.1416568575173815,0.6478594551956523,206087751511.835,204139730545.50644,1948020966.32856,true,true,88979353337612310758.1580177360740452,88133494172096104640.3979937952225788,845859165516206117.7600239408514664,true,true,1031839090837.3531,1023225897817.84,8613193019.5131,true,true,440971157831541939097.3731833564038944,436941909307486658897.2005103928622164,4029248524055280200.172672963541678,true,true,2034570486624.0137,2023372640079.4481,11197846544.5656,true,true,855889262870384752355.6265714825822604,849930602922296449406.5091105217111357,5958659948088302949.1174609608711247,true,true
14,0x88e6a0c2ddd26feeb64f039a2c41296fcb3f5640,25076728,198858,4274948023937311988,20,S14_P20,198800:198950,0xc36442b4a4522e871399cd717abdd847ab11fe88:198800:198950,0xc36442b4a4522e871399cd717abdd847ab11fe88,198800,198950,40293688532817879,0.0094255388152548,150,58,92,58,268624590218785.86,0.000062836925435,122.6876650947735056,130.4273249427431451,0.4344962927715607,0.6442201732921413,1.078716466063702,0.6442201732921413,206087751511.835,204150641588.91924,1937109922.91576,true,true,88979353337612310758.1580177360740452,88138232166284889880.255199495086828,841121171327420877.9028182409872172,true,true,1031839090837.3531,1023960458892.3616,7878631944.9915,true,true,440971157831541939097.3731833564038944,436964567528963349689.5088951591732615,4006590302578589407.8642881972306329,true,true,2034570486624.0137,2024768805898.5638,9801680725.4499,true,true,855889262870384752355.6265714825822604,849963932083319410721.6362815931766701,5925330787065341633.9902898894055903,true,true
15,0x88e6a0c2ddd26feeb64f039a2c41296fcb3f5640,25066728,198650,4195749577289778176,1,S15_P1,198060:200130,0xc36442b4a4522e871399cd717abdd847ab11fe88:198060:200130,0xc36442b4a4522e871399cd717abdd847ab11fe88,198060,200130,892287530697189504,0.2126646298260626,2070,590,1480,590,431056778114584.3014492753623188,0.0001027365361479,127.1287771982184452,126.5939851565073243,40.3440215896723838,37.3546999580346489,77.6987215477070327,40.3440215896723838,204347433248.36596,160892496008.75004,43454937239.61592,true,true,86480975957870173365.3383611941332158,68020930684163294193.7341570661115504,18460045273706879171.6042041280216654,true,true,1022498455846.5261,804107281112.32485,218391174734.20125,true,true,426985309707874217575.0783233084340884,334191922297466511358.32016431221955,92793387410407706216.7581589962145384,true,true,2020126209587.7137,1573898353057.8926,446227856529.8211,true,true,841123108492214301717.7792006120138056,658133346183224723220.8597933481458868,182989762308989578496.9194072638679188,true,true
15,0x88e6a0c2ddd26feeb64f039a2c41296fcb3f5640,25066728,198650,4195749577289778176,2,S15_P2,195610:209470,0xc36442b4a4522e871399cd717abdd847ab11fe88:195610:209470,0xc36442b4a4522e871399cd717abdd847ab11fe88,195610,209470,352854813796027778,0.0840981586951508,13860,3040,10820,3040,25458500273883.6780663780663781,0.0000060676882175,127.1287771982184452,126.5939851565073243,13.2979754914161175,12.4358779223005386,25.7338534137166561,13.2979754914161175,204347433248.36596,187167713286.8278,17179719961.53816,true,true,86480975957870173365.3383611941332158,79212624004779264749.6225842319213132,7268351953090908615.7157769622119026,true,true,1022498455846.5261,936689577011.9016,85808878834.6245,true,true,426985309707874217575.0783233084340884,390189477312136816351.9797005482578525,36795832395737401223.0986227601762359,true,true,2020126209587.7137,1844043173921.2165,176083035666.4972,true,true,841123108492214301717.7792006120138056,768842650825416625188.777355566806364,72280457666797676529.0018450452074416,true,true
15,0x88e6a0c2ddd26feeb64f039a2c41296fcb3f5640,25066728,198650,4195749577289778176,3,S15_P3,196950:198700,0xc36442b4a4522e871399cd717abdd847ab11fe88:196950:198700,0xc36442b4a4522e871399cd717abdd847ab11fe88,196950,198700,324165737373892029,0.0772605064726683,1750,1700,50,50,185237564213652.588,0.0000441488608415,127.1287771982184452,126.5939851565073243,12.0898009262502768,3.2584449741580871,15.3482459004083639,12.0898009262502768,204347433248.36596,188564703986.12728,15782729262.23868,true,true,86480975957870173365.3383611941332158,79818665954815991375.4454378350627512,6662310003054181989.8929233590704646,true,true,1022498455846.5261,943712367317.4514,78786088529.0747,true,true,426985309707874217575.0783233084340884,402128221313042999923.6175169083401368,24857088394831217651.4608064000939516,true,true,2020126209587.7137,1858462898430.4933,161663311157.2204,true,true,841123108492214301717.7792006120138056,812134976212751769998.6573132750023326,28988132279462531719.121887337011473,true,true
15,0x88e6a0c2ddd26feeb64f039a2c41296fcb3f5640,25066728,198650,4195749577289778176,4,S15_P4,194710:212350,0xc36442b4a4522e871399cd717abdd847ab11fe88:194710:212350,0xc36442b4a4522e871399cd717abdd847ab11fe88,194710,212350,172327479146938053,0.0410719171801126,17640,3940,13700,3940,9769131470914.8556122448979592,0.0000023283399762,127.1287771982184452,126.5939851565073243,6.1218769882985309,5.7674135409286678,11.8892905292271987,6.1218769882985309,204347433248.36596,195957778357.46092,8389654890.90504,true,true,86480975957870173365.3383611941332158,82937065311986313351.235513841612817,3543910645883860014.1028473525203988,true,true,1022498455846.5261,980878682419.8888,41619773426.6373,true,true,426985309707874217575.0783233084340884,409024164329245805802.2567529173005131,17961145378628411772.8215703911335753,true,true,2020126209587.7137,1934816400522.6294,85309809065.0843,true,true,841123108492214301717.7792006120138056,805828277958209251373.8077993537207588,35294830534005050343.9714012582930468,true,true
15,0x88e6a0c2ddd26feeb64f039a2c41296fcb3f5640,25066728,198650,4195749577289778176,5,S15_P5,198540:199140,0xc36442b4a4522e871399cd717abdd847ab11fe88:198540:199140,0xc36442b4a4522e871399cd717abdd847ab11fe88,198540,199140,197420014934003090,0.0470523827262173,600,110,490,110,329033358223338.4833333333333333,0.000078420637877,127.1287771982184452,126.5939851565073243,3.6055795468111223,6.6175674949268062,10.2231470417379285,6.6175674949268062,204347433248.36596,194736072683.40284,9611360564.96312,true,true,86480975957870173365.3383611941332158,82420189300626181254.9403439214260736,4060786657243992110.3980172727071422,true,true,1022498455846.5261,974737006259.80455,47761449586.72155,true,true,426985309707874217575.0783233084340884,406403292746094408514.3957691874269625,20582016961779809060.6825541210071259,true,true,2020126209587.7137,1944158460969.4412,75967748618.2725,true,true,841123108492214301717.7792006120138056,800688563035613258593.3008834119980464,40434545456601043124.4783172000157592,true,true
15,0x88e6a0c2ddd26feeb64f039a2c41296fcb3f5640,25066728,198650,4195749577289778176,6,S15_P6,197610:199940,0xc36442b4a4522e871399cd717abdd847ab11fe88:197610:199940,0xc36442b4a4522e871399cd717abdd847ab11fe88,197610,199940,118114933958354994,0.028151092381126,2330,1040,1290,1040,50693104703156.6497854077253219,0.0000120820138975,127.1287771982184452,126.5939851565073243,4.1301001071985341,3.8942683221023453,8.0243684293008794,4.1301001071985341,204347433248.36596,198597192142.9958,5750241105.37016,true,true,86480975957870173365.3383611941332158,84052840128240528009.1330221899497426,2428135829629645356.2053390041834732,true,true,1022498455846.5261,994147101511.892,28351354334.6341,true,true,426985309707874217575.0783233084340884,414689798796172395094.9972296181287936,12295510911701822480.0810936903052948,true,true,2020126209587.7137,1962083133580.2792,58043076007.4345,true,true,841123108492214301717.7792006120138056,816931971486609501518.8905977500006422,24191137005604800198.8886028620131634,true,true
15,0x88e6a0c2ddd26feeb64f039a2c41296fcb3f5640,25066728,198650,4195749577289778176,7,S15_P7,195610:200290,0xc36442b4a4522e871399cd717abdd847ab11fe88:195610:200290,0xc36442b4a4522e871399cd717abdd847ab11fe88,195610,200290,82346613047210432,0.0196261982585724,4680,3040,1640,1640,17595430138292.8273504273504274,0.0000041936321065,127.1287771982184452,126.5939851565073243,2.849876188592757,2.6886538581498844,5.5385300467426414,2.849876188592757,204347433248.36596,200338562505.70476,4008870742.6612,true,true,86480975957870173365.3383611941332158,84788294656484506805.9679135775185564,1692681301385666559.3704476166146594,true,true,1022498455846.5261,1002825272102.9281,19673183743.598,true,true,426985309707874217575.0783233084340884,418430285094494392994.1345348929224698,8555024613379824580.9437884155116186,true,true,2020126209587.7137,1980073585382.0009,40052624205.7128,true,true,841123108492214301717.7792006120138056,824257715546727201493.4674829062775688,16865392945487100224.3117177057362368,true,true
15,0x88e6a0c2ddd26feeb64f039a2c41296fcb3f5640,25066728,198650,4195749577289778176,8,S15_P8,197820:199590,0xc36442b4a4522e871399cd717abdd847ab11fe88:197820:199590,0xc36442b4a4522e871399cd717abdd847ab11fe88,197820,199590,72307817366418249,0.0172335874757151,1770,830,940,830,40851874218315.3949152542372881,0.0000097364900993,127.1287771982184452,126.5939851565073243,2.4952580332579776,2.3544764078325452,4.8497344410905228,2.4952580332579776,204347433248.36596,200827289893.03476,3520143355.3312,true,true,86480975957870173365.3383611941332158,84994653259944952245.5043222824541274,1486322697925221119.8340389116790884,true,true,1022498455846.5261,1005219412559.2746,17279043287.2515,true,true,426985309707874217575.0783233084340884,419480444614901543635.0430335343340798,7504865092972673940.0352897741000086,true,true,2020126209587.7137,1985122995849.9505,35003213737.7632,true,true,841123108492214301717.7792006120138056,826313754173839947349.2190868507458434,14809354318374354368.5601137612679622,true,true
15,0x88e6a0c2ddd26feeb64f039a2c41296fcb3f5640,25066728,198650,4195749577289778176,9,S15_P9,196950:206450,0xc36442b4a4522e871399cd717abdd847ab11fe88:196950:206450,0xc36442b4a4522e871399cd717abdd847ab11fe88,196950,206450,65989735192964238,0.0157277582890421,9500,1700,7800,1700,6946287915048.8671578947368421,0.0000016555535041,127.1287771982184452,126.5939851565073243,2.2731117345619107,2.1450846522805944,4.4181963868425051,2.2731117345619107,204347433248.36596,201134877571.02616,3212555677.3398,true,true,86480975957870173365.3383611941332158,85124527590136646099.027112479685681,1356448367733527266.3112487144475348,true,true,1022498455846.5261,1006726819540.7876,15771636305.7385,true,true,426985309707874217575.0783233084340884,420141457989864035961.5531186737557867,6843851718010181613.5252046346783017,true,true,2020126209587.7137,1988300950990.6837,31825258597.03,true,true,841123108492214301717.7792006120138056,827607754422101555225.3784925100911356,13515354070112746492.40070810192267,true,true
15,0x88e6a0c2ddd26feeb64f039a2c41296fcb3f5640,25066728,198650,4195749577289778176,10,S15_P10,198170:199740,0xc36442b4a4522e871399cd717abdd847ab11fe88:198170:199740,0xc36442b4a4522e871399cd717abdd847ab11fe88,198170,199740,61799123520925557,0.0147289828390674,1570,480,1090,480,39362499057914.367515923566879,0.0000093815177319,127.1287771982184452,126.5939851565073243,2.0980859869641228,2.0065942032501605,4.1046801902142833,2.0980859869641228,204347433248.36596,201338892544.68924,3008540703.67672,true,true,86480975957870173365.3383611941332158,85210669489692310725.6324764606033374,1270306468177862639.7058847335298784,true,true,1022498455846.5261,1007726901928.1502,14771553918.3759,true,true,426985309707874217575.0783233084340884,420579922798505142872.0942331311011197,6405386909369074702.9840901773329687,true,true,2020126209587.7137,1990408809760.379,29717399827.3347,true,true,841123108492214301717.7792006120138056,828466029062436111641.3852052752477268,12657079429778190076.3939953367660788,true,true
15,0x88e6a0c2ddd26feeb64f039a2c41296fcb3f5640,25066728,198650,4195749577289778176,11,S15_P11,196750:199130,0xc36442b4a4522e871399cd717abdd847ab11fe88:196750:199130,0xc36442b4a4522e871399cd717abdd847ab11fe88,196750,199130,56441995567576801,0.0134521840562361,2380,1900,480,480,23715124188057.4794117647058824,0.0000056521781749,127.1287771982184452,126.5939851565073243,1.9389203948574791,1.8234851582374353,3.7624055530949144,1.9389203948574791,204347433248.36596,201599695069.29636,2747738179.0696,true,true,86480975957870173365.3383611941332158,85320788923849285979.8463810260646492,1160187034020887385.4919801680685666,true,true,1022498455846.5261,1009005672103.7878,13492783742.7383,true,true,426985309707874217575.0783233084340884,421140478429874421178.5954928095765837,5844831277999796396.4828304988575047,true,true,2020126209587.7137,1993103428439.6866,27022781148.0271,true,true,841123108492214301717.7792006120138056,829563216444160406574.5374291305414792,11559892048053895143.2417714814723264,true,true
15,0x88e6a0c2ddd26feeb64f039a2c41296fcb3f5640,25066728,198650,4195749577289778176,12,S15_P12,198490:200310,0xc36442b4a4522e871399cd717abdd847ab11fe88:198490:200310,0xc36442b4a4522e871399cd717abdd847ab11fe88,198490,200310,55482447287700730,0.0132234887391776,1820,160,1660,160,30484861147088.3131868131868132,0.0000072656531534,127.1287771982184452,126.5939851565073243,1.2587672302227666,1.7984322619904935,3.0571994922132601,1.7984322619904935,204347433248.36596,201646409370.15232,2701023878.21364,true,true,86480975957870173365.3383611941332158,85340513246457823682.590756277705988,1140462711412349682.7476049164272278,true,true,1022498455846.5261,1009247577872.663,13250877973.8631,true,true,426985309707874217575.0783233084340884,421240887439387850229.8747365743649083,5744422268486367345.2035867340691801,true,true,2020126209587.7137,1994965642593.1346,25160566994.5791,true,true,841123108492214301717.7792006120138056,829759740464604807194.665538353149999,11363368027609494523.1136622588638066,true,true
15,0x88e6a0c2ddd26feeb64f039a2c41296fcb3f5640,25066728,198650,4195749577289778176,13,S15_P13,196870:198820,0xc36442b4a4522e871399cd717abdd847ab11fe88:196870:198820,0xc36442b4a4522e871399cd717abdd847ab11fe88,196870,198820,52387983969403456,0.0124859653810043,1950,1780,170,170,26865632804822.2851282051282051,0.0000064030591697,127.1287771982184452,126.5939851565073243,1.7975698211456292,1.2115197651921265,3.0090895863377557,1.7975698211456292,204347433248.36596,201797057596.9542,2550375651.41176,true,true,86480975957870173365.3383611941332158,85404122318601036251.3883804188535618,1076853639269137113.949980775279654,true,true,1022498455846.5261,1009973604492.4562,12524851354.0699,true,true,426985309707874217575.0783233084340884,421564707358462990457.7014425949708211,5420602349411227117.3768807134632673,true,true,2020126209587.7137,1995142586714.163,24983622873.5507,true,true,841123108492214301717.7792006120138056,830685709088873910254.1527111040278832,10437399403340391463.6264895079859224,true,true
15,0x88e6a0c2ddd26feeb64f039a2c41296fcb3f5640,25066728,198650,4195749577289778176,14,S15_P14,198370:199020,0xc36442b4a4522e871399cd717abdd847ab11fe88:198370:199020,0xc36442b4a4522e871399cd717abdd847ab11fe88,198370,199020,44939614889278977,0.0107107476414995,650,280,370,280,69137869060429.1953846153846154,0.0000164780732946,127.1287771982184452,126.5939851565073243,1.295704578695143,1.3799191885631698,2.6756237672583128,1.3799191885631698,204347433248.36596,202159668011.0302,2187765237.33576,true,true,86480975957870173365.3383611941332158,85557228963790895447.7999293230829212,923746994079277917.5384318710502946,true,true,1022498455846.5261,1011752467043.1062,10745988803.4199,true,true,426985309707874217575.0783233084340884,422344198634537745508.0128964612949376,4641111073336472067.0654268471391508,true,true,2020126209587.7137,1998889102979.6676,21237106608.0461,true,true,841123108492214301717.7792006120138056,831919007041087828643.1764348854978404,9204101451126473074.6027657265159652,true,true
15,0x88e6a0c2ddd26feeb64f039a2c41296fcb3f5640,25066728,198650,4195749577289778176,15,S15_P15,198280:199400,0xc36442b4a4522e871399cd717abdd847ab11fe88:198280:199400,0xc36442b4a4522e871399cd717abdd847ab11fe88,198280,199400,40924231069844656,0.0097537353733774,1120,370,750,370,36539492026647.0142857142857143,0.0000087086922977,127.1287771982184452,126.5939851565073243,1.299028241793641,1.3213599887801331,2.6203882305737741,1.3213599887801331,204347433248.36596,202355147856.41872,1992285391.94724,true,true,86480975957870173365.3383611941332158,85639766899929149506.7532285356677002,841209057941023858.5851326584655156,true,true,1022498455846.5261,1012711708574.4111,9786747272.115,true,true,426985309707874217575.0783233084340884,422764451861356504398.4308924089543478,4220857846517713176.6474308994797406,true,true,2020126209587.7137,2000851793551.8713,19274416035.8424,true,true,841123108492214301717.7792006120138056,832741394248059809702.586121140445701,8381714244154492015.1930794715681046,true,true
15,0x88e6a0c2ddd26feeb64f039a2c41296fcb3f5640,25066728,198650,4195749577289778176,16,S15_P16,193130:200340,0xc36442b4a4522e871399cd717abdd847ab11fe88:193130:200340,0xc36442b4a4522e871399cd717abdd847ab11fe88,193130,200340,37619268342446439,0.0089660423362889,7210,5520,1690,1690,5217651642502.9735090152565881,0.000001243556496,127.1287771982184452,126.5939851565073243,1.2853902583186479,1.2135745495595865,2.4989648078782344,1.2853902583186479,204347433248.36596,202516043395.83736,1831389852.5286,true,true,86480975957870173365.3383611941332158,85707701810731137502.3884158233096248,773274147139035862.949945370823591,true,true,1022498455846.5261,1013501374096.0125,8997081750.5136,true,true,426985309707874217575.0783233084340884,423110369392243683735.3611251000866066,3874940315630533839.7171982083474818,true,true,2020126209587.7137,2002405096566.362,17721113021.3517,true,true,841123108492214301717.7792006120138056,833418281245763308531.2181855788713094,7704827246450993186.5610150331424962,true,true
15,0x88e6a0c2ddd26feeb64f039a2c41296fcb3f5640,25066728,198650,4195749577289778176,17,S15_P17,194970:200900,0xc36442b4a4522e871399cd717abdd847ab11fe88:194970:200900,0xc36442b4a4522e871399cd717abdd847ab11fe88,194970,200900,36592465897475683,0.0087213179012253,5930,3680,2250,2250,6170736239034.6851602023608769,0.0000014707112818,127.1287771982184452,126.5939851565073243,1.2499407801433232,1.180126048030477,2.4300668281738002,1.2499407801433232,204347433248.36596,202566030089.0182,1781403159.34776,true,true,86480975957870173365.3383611941332158,85728809083480637376.353489027535443,752166874389535988.9848721665977728,true,true,1022498455846.5261,1013746736651.7329,8751719194.7932,true,true,426985309707874217575.0783233084340884,423217843800549307367.4445426551731232,3767465907324910207.6337806532609652,true,true,2020126209587.7137,2002888291049.4737,17237918538.24,true,true,841123108492214301717.7792006120138056,833628579989705130282.254280722069037,7494528502509171435.5249198899447686,true,true
15,0x88e6a0c2ddd26feeb64f039a2c41296fcb3f5640,25066728,198650,4195749577289778176,18,S15_P18,198280:199270,0xc36442b4a4522e871399cd717abdd847ab11fe88:198280:199270,0xc36442b4a4522e871399cd717abdd847ab11fe88,198280,199270,36424852748159308,0.0086813695806144,990,370,620,370,36792780553696.2707070707070707,0.0000087690601824,127.1287771982184452,126.5939851565073243,1.1552097782272662,1.1746677402024264,2.3298775184296926,1.1746677402024264,204347433248.36596,202574190941.839,1773242306.52696,true,true,86480975957870173365.3383611941332158,85732253850960042753.8899075941174238,748722106910130611.448453600015792,true,true,1022498455846.5261,1013786790676.5195,8711665170.0066,true,true,426985309707874217575.0783233084340884,423235387832582396439.0275647300049538,3749921875291821136.0507585784291346,true,true,2020126209587.7137,2002972607513.6528,17153602074.0609,true,true,841123108492214301717.7792006120138056,833662908688608856556.7890434327231434,7460199803605445160.9901571792906622,true,true
15,0x88e6a0c2ddd26feeb64f039a2c41296fcb3f5640,25066728,198650,4195749577289778176,19,S15_P19,198370:199760,0xc36442b4a4522e871399cd717abdd847ab11fe88:198370:199760,0xc36442b4a4522e871399cd717abdd847ab11fe88,198370,199760,33955963454359971,0.0080929433058046,1390,280,1110,280,24428750686589.9071942446043165,0.0000058222613711,127.1287771982184452,126.5939851565073243,0.9772048501773654,1.0943251109497523,2.0715299611271177,1.0943251109497523,204347433248.36596,202694382656.92112,1653050591.44484,true,true,86480975957870173365.3383611941332158,85783003718233559758.2377340658044552,697972239636613607.1006271283287606,true,true,1022498455846.5261,1014376804383.6722,8121651462.8539,true,true,426985309707874217575.0783233084340884,423493627809560580855.2344782854789874,3491681898313636719.843845022955101,true,true,2020126209587.7137,2004144619462.2278,15981590125.4859,true,true,841123108492214301717.7792006120138056,834168560610050638429.7037300914293578,6954547882163663288.0754705205844478,true,true
15,0x88e6a0c2ddd26feeb64f039a2c41296fcb3f5640,25066728,198650,4195749577289778176,20,S15_P20,198590:198740,0xc36442b4a4522e871399cd717abdd847ab11fe88:198590:198740,0xc36442b4a4522e871399cd717abdd847ab11fe88,198590,198740,48421333169169077,0.0115405679669869,150,60,90,60,322808887794460.5133333333333333,0.0000769371197799,127.1287771982184452,126.5939851565073243,0.5599742177259283,0.7568464971025017,1.31682071482843,0.7568464971025017,204347433248.36596,201990166659.40368,2357266588.96228,true,true,86480975957870173365.3383611941332158,85485659714110633172.2261682153940246,995316243759540193.1121929787391912,true,true,1022498455846.5261,1012813372965.147,9685082881.3791,true,true,426985309707874217575.0783233084340884,422047183897746402412.7424992513959629,4938125810127815162.3358240570381255,true,true,2020126209587.7137,2008727329513.5209,11398880074.1928,true,true,841123108492214301717.7792006120138056,834238670573225660878.0321840917297882,6884437918988640839.7470165202840174,true,true
16,0x88e6a0c2ddd26feeb64f039a2c41296fcb3f5640,25056728,198852,3868767014622134853,1,S16_P1,198060:200130,0xc36442b4a4522e871399cd717abdd847ab11fe88:198060:200130,0xc36442b4a4522e871399cd717abdd847ab11fe88,198060,200130,892287530697189504,0.2306387351124425,2070,792,1278,792,431056778114584.3014492753623188,0.0001114196787983,131.4281199176510225,129.764589796846624,39.2297950070345784,33.6633701691955519,72.8931651762301303,39.2297950070345784,185757291330.7952,142742057151.58532,43015234179.20988,true,true,80595640973085388460.9049747540484424,62027381979187503754.3112455210395103,18568258993897884706.5937292330089321,true,true,933179999101.48845,716743573026.6167,216436426074.87175,true,true,409334966614133683074.0395974304781007,317923458216642431166.0761110072862436,91411508397491251907.9634864231918571,true,true,1875231756316.9045,1446425710091.1291,428806046225.7754,true,true,844364637654321320882.7668874449676368,656690989084528448956.0221282706905496,187673648569792871926.7447591742770872,true,true
16,0x88e6a0c2ddd26feeb64f039a2c41296fcb3f5640,25056728,198852,3868767014622134853,2,S16_P2,195610:209470,0xc36442b4a4522e871399cd717abdd847ab11fe88:195610:209470,0xc36442b4a4522e871399cd717abdd847ab11fe88,195610,209470,352854813796027778,0.0912060127845386,13860,3242,10618,3242,25458500273883.6780663780663781,0.0000065805204029,131.4281199176510225,129.764589796846624,13.018608238402254,12.0773665213857781,25.0959747597880321,13.018608238402254,185757291330.7952,168771351478.21648,16985939852.57872,true,true,80595640973085388460.9049747540484424,73263788609349973585.055868064750922,7331852363735414875.8491066892975204,true,true,933179999101.48845,847574712591.23065,85605286510.2578,true,true,409334966614133683074.0395974304781007,373502993802003025251.5736169527837828,35831972812130657822.4659804776943179,true,true,1875231756316.9045,1706491545258.8822,168740211058.0223,true,true,844364637654321320882.7668874449676368,770815631961413665143.3292640314944208,73549005692907655739.437623413473216,true,true
16,0x88e6a0c2ddd26feeb64f039a2c41296fcb3f5640,25056728,198852,3868767014622134853,3,S16_P3,194710:212350,0xc36442b4a4522e871399cd717abdd847ab11fe88:194710:212350,0xc36442b4a4522e871399cd717abdd847ab11fe88,194710,212350,172327479146938053,0.0445432558992621,17640,4142,13498,4142,9769131470914.8556122448979592,0.0000025251278854,131.4281199176510225,129.764589796846624,6.0405752330212609,5.7160155220411057,11.7565907550623666,6.0405752330212609,185757291330.7952,177464088366.19004,8293202964.60516,true,true,80595640973085388460.9049747540484424,77015980246531105205.1303335149926799,3579660726554283255.7746412390557625,true,true,933179999101.48845,891379270420.64745,41800728680.841,true,true,409334966614133683074.0395974304781007,391866297562341403157.6674419163173705,17468669051792279916.3721555141607302,true,true,1875231756316.9045,1792890741705.4699,82341014611.4346,true,true,844364637654321320882.7668874449676368,808492276349405653852.0755712266581432,35872361304915667030.6913162183094936,true,true
16,0x88e6a0c2ddd26feeb64f039a2c41296fcb3f5640,25056728,198852,3868767014622134853,4,S16_P4,197610:199940,0xc36442b4a4522e871399cd717abdd847ab11fe88:197610:199940,0xc36442b4a4522e871399cd717abdd847ab11fe88,197610,199940,118114933958354994,0.0305303817758825,2330,1242,1088,1088,50693104703156.6497854077253219,0.0000131031681442,131.4281199176510225,129.764589796846624,4.0794326923721572,3.8735839342326642,7.9530166266048214,4.0794326923721572,185757291330.7952,180073489103.76708,5683802227.02812,true,true,80595640973085388460.9049747540484424,78142297187467326738.0275138124627626,2453343785618061722.8774609415856798,true,true,933179999101.48845,904531034751.21765,28648964350.2708,true,true,409334966614133683074.0395974304781007,397367310532999955297.7757604834809526,11967656081133727776.2638369469971481,true,true,1875231756316.9045,1818805105105.723,56426651211.1815,true,true,844364637654321320882.7668874449676368,819787500850434982079.8192740297237514,24577136803886338802.9476134152438854,true,true
16,0x88e6a0c2ddd26feeb64f039a2c41296fcb3f5640,25056728,198852,3868767014622134853,5,S16_P5,195610:200290,0xc36442b4a4522e871399cd717abdd847ab11fe88:195610:200290,0xc36442b4a4522e871399cd717abdd847ab11fe88,195610,200290,82346613047210432,0.0212849759977736,4680,3242,1438,1438,17595430138292.8273504273504274,0.0000045480717944,131.4281199176510225,129.764589796846624,2.8167893178601508,2.6788012785175675,5.4955905963777183,2.8167893178601508,185757291330.7952,181794886768.13236,3962404562.66284,true,true,80595640973085388460.9049747540484424,78885318041277079582.3185457628802353,1710322931808308878.5864289911682071,true,true,933179999101.48845,913207562334.00145,19972436767.487,true,true,409334966614133683074.0395974304781007,400993807741559814396.744775151792417,8341158872573868677.2948222786856837,true,true,1875231756316.9045,1835896954098.8483,39334802218.0562,true,true,844364637654321320882.7668874449676368,827234872677013896276.1174982967206344,17129764977307424606.6493891482470024,true,true
16,0x88e6a0c2ddd26feeb64f039a2c41296fcb3f5640,25056728,198852,3868767014622134853,6,S16_P6,197820:199590,0xc36442b4a4522e871399cd717abdd847ab11fe88:197820:199590,0xc36442b4a4522e871399cd717abdd847ab11fe88,197820,199590,72307817366418249,0.018690145230542,1770,1032,738,738,40851874218315.3949152542372881,0.0000105594040851,131.4281199176510225,129.764589796846624,2.466762321982113,2.3469242930262204,4.8136866150083334,2.466762321982113,185757291330.7952,182277986879.39624,3479304451.39896,true,true,80595640973085388460.9049747540484424,79093841602444546581.0121394887662946,1501799370640841879.8928352652821478,true,true,933179999101.48845,915642609539.35675,17537389562.1317,true,true,409334966614133683074.0395974304781007,402011234501994178236.5835004333964182,7323732112139504837.4560969970816825,true,true,1875231756316.9045,1840693232509.3145,34538523807.59,true,true,844364637654321320882.7668874449676368,829324335055847428540.6658630783137826,15040302598473892342.1010243666538542,true,true
16,0x88e6a0c2ddd26feeb64f039a2c41296fcb3f5640,25056728,198852,3868767014622134853,7,S16_P7,197940:199680,0xc36442b4a4522e871399cd717abdd847ab11fe88:197940:199680,0xc36442b4a4522e871399cd717abdd847ab11fe88,197940,199680,69097751608740751,0.0178604065190753,1740,912,828,828,39711351499276.2936781609195402,0.0000102646014477,131.4281199176510225,129.764589796846624,2.3552324957360284,2.2411170924700584,4.5963495882060868,2.3552324957360284,185757291330.7952,182432462269.72064,3324829061.07456,true,true,80595640973085388460.9049747540484424,79160519227170663475.3977211170276091,1435121745914724985.5072536370208333,true,true,933179999101.48845,916421242746.77145,16758756354.717,true,true,409334966614133683074.0395974304781007,402336538039399719065.9680430227423726,6998428574733964008.0715544077357281,true,true,1875231756316.9045,1842226854051.2223,33004902265.6822,true,true,844364637654321320882.7668874449676368,829992405757570592953.1626439586153502,14372231896750727929.6042434863522866,true,true
16,0x88e6a0c2ddd26feeb64f039a2c41296fcb3f5640,25056728,198852,3868767014622134853,8,S16_P8,196950:206450,0xc36442b4a4522e871399cd717abdd847ab11fe88:196950:206450,0xc36442b4a4522e871399cd717abdd847ab11fe88,196950,206450,65989735192964238,0.017057045550573,9500,1902,7598,1902,6946287915048.8671578947368421,0.000001795478479,131.4281199176510225,129.764589796846624,2.2474305217305271,2.1388187954476147,4.3862493171781418,2.2474305217305271,185757291330.7952,182582026383.40452,3175264947.39068,true,true,80595640973085388460.9049747540484424,79225076779878060889.0554745803135183,1370564193207327571.8495001737349241,true,true,933179999101.48845,917175117278.7825,16004881822.70595,true,true,409334966614133683074.0395974304781007,402651484375569044365.7230120900786812,6683482238564638708.3165853403994195,true,true,1875231756316.9045,1843711692220.1515,31520064096.753,true,true,844364637654321320882.7668874449676368,830639206587796378973.8463844830460016,13725431066524941908.9205029619216352,true,true
16,0x88e6a0c2ddd26feeb64f039a2c41296fcb3f5640,25056728,198852,3868767014622134853,9,S16_P9,198170:199740,0xc36442b4a4522e871399cd717abdd847ab11fe88:198170:199740,0xc36442b4a4522e871399cd717abdd847ab11fe88,198170,199740,61799123520925557,0.0159738550518431,1570,682,888,682,39362499057914.367515923566879,0.0000101744299693,131.4281199176510225,129.764589796846624,2.1023611034356152,2.001113369610339,4.1034744730459542,2.1023611034356152,185757291330.7952,182783684326.27592,2973607004.51928,true,true,80595640973085388460.9049747540484424,79312119489864440606.7026092282254383,1283521483220947854.2023655258230041,true,true,933179999101.48845,918191575211.4326,14988423890.05585,true,true,409334966614133683074.0395974304781007,403076108856893411420.9099069709334311,6258857757240271653.1296904595446696,true,true,1875231756316.9045,1845713689232.4241,29518067084.4804,true,true,844364637654321320882.7668874449676368,831511253567497361175.156755600484751,12853384086823959707.6101318444828858,true,true
16,0x88e6a0c2ddd26feeb64f039a2c41296fcb3f5640,25056728,198852,3868767014622134853,10,S16_P10,198490:200310,0xc36442b4a4522e871399cd717abdd847ab11fe88:198490:200310,0xc36442b4a4522e871399cd717abdd847ab11fe88,198490,200310,55482447287700730,0.014341118779705,1820,362,1458,362,30484861147088.3131868131868132,0.0000078797355932,131.4281199176510225,129.764589796846624,1.7625776067888342,1.7940327770964222,3.5566103838852564,1.7940327770964222,185757291330.7952,183087648288.82944,2669643041.96576,true,true,80595640973085388460.9049747540484424,79443322429921516620.7665019664642535,1152318543163871840.1384727875841889,true,true,933179999101.48845,919723702169.5313,13456296931.95715,true,true,409334966614133683074.0395974304781007,403716109949141644746.7709219421983087,5618856664992038327.268675488279792,true,true,1875231756316.9045,1848731282817.1106,26500473499.7939,true,true,844364637654321320882.7668874449676368,832825617086671299498.0718115551252076,11539020567650021384.6950758898424292,true,true
16,0x88e6a0c2ddd26feeb64f039a2c41296fcb3f5640,25056728,198852,3868767014622134853,11,S16_P11,196750:199130,0xc36442b4a4522e871399cd717abdd847ab11fe88:196750:199130,0xc36442b4a4522e871399cd717abdd847ab11fe88,196750,199130,56441995567576801,0.0145891430924252,2380,2102,278,278,23715124188057.4794117647058824,0.0000061298920556,131.4281199176510225,129.764589796846624,1.9173803963187795,1.5823781648522119,3.4997585611709914,1.9173803963187795,185757291330.7952,183041474547.63184,2715816783.16336,true,true,80595640973085388460.9049747540484424,79423391964163910608.4033508589445131,1172249008921477852.5016238951039293,true,true,933179999101.48845,919490962466.9898,13689036634.49865,true,true,409334966614133683074.0395974304781007,403618893380123050207.0747086557258544,5716073234010632866.9648887747522463,true,true,1875231756316.9045,1848272896059.2497,26958860257.6548,true,true,844364637654321320882.7668874449676368,832625964264573539040.1073701992309012,11738673389747781842.6595172457367356,true,true
16,0x88e6a0c2ddd26feeb64f039a2c41296fcb3f5640,25056728,198852,3868767014622134853,12,S16_P12,198280:199400,0xc36442b4a4522e871399cd717abdd847ab11fe88:198280:199400,0xc36442b4a4522e871399cd717abdd847ab11fe88,198280,199400,40924231069844656,0.0105781069046469,1120,572,548,548,36539492026647.0142857142857143,0.0000094447383077,131.4281199176510225,129.764589796846624,1.3845166352351531,1.3189918875882174,2.7035085228233705,1.3845166352351531,185757291330.7952,183788180973.55868,1969110357.23652,true,true,80595640973085388460.9049747540484424,79745698783719236223.9611682507006075,849942189366152236.9438065033478349,true,true,933179999101.48845,923254742707.59125,9925256393.8972,true,true,409334966614133683074.0395974304781007,405190901289398808616.4303883233763228,4144065324734874457.6092091071017779,true,true,1875231756316.9045,1855685588478.1192,19546167838.7853,true,true,844364637654321320882.7668874449676368,835854368955643887783.0839998729132692,8510268698677433099.6828875720543676,true,true
16,0x88e6a0c2ddd26feeb64f039a2c41296fcb3f5640,25056728,198852,3868767014622134853,13,S16_P13,193130:200340,0xc36442b4a4522e871399cd717abdd847ab11fe88:193130:200340,0xc36442b4a4522e871399cd717abdd847ab11fe88,193130,200340,37619268342446439,0.0097238391974144,7210,5722,1488,1488,5217651642502.9735090152565881,0.0000013486600829,131.4281199176510225,129.764589796846624,1.271592844475375,1.2115791116724751,2.4831719561478501,1.271592844475375,185757291330.7952,183947211349.61272,1810079981.18248,true,true,80595640973085388460.9049747540484424,79814341473489811010.1568190159399793,781299499595577450.7481557381084631,true,true,933179999101.48845,924056330501.12795,9123668600.3605,true,true,409334966614133683074.0395974304781007,405525658715355166798.3856782632233396,3809307898778516275.6539191672547611,true,true,1875231756316.9045,1857264254800.1988,17967501516.7057,true,true,844364637654321320882.7668874449676368,836541849838933903065.5875300931123636,7822787815387417817.1793573518552732,true,true
16,0x88e6a0c2ddd26feeb64f039a2c41296fcb3f5640,25056728,198852,3868767014622134853,14,S16_P14,194970:200900,0xc36442b4a4522e871399cd717abdd847ab11fe88:194970:200900,0xc36442b4a4522e871399cd717abdd847ab11fe88,194970,200900,36592465897475683,0.0094584310089424,5930,3882,2048,2048,6170736239034.6851602023608769,0.0000015950136609,131.4281199176510225,129.764589796846624,1.2365493177515077,1.178239787439576,2.4147891051910837,1.2365493177515077,185757291330.7952,183996618519.7552,1760672811.04,true,true,80595640973085388460.9049747540484424,79835668207620445903.8307582587983864,759972765464942557.074216495250056,true,true,933179999101.48845,924305370244.67045,8874628856.818,true,true,409334966614133683074.0395974304781007,405629659680379646273.7617994531851663,3705306933754036800.2777979772929344,true,true,1875231756316.9045,1857754716848.6671,17477039468.2374,true,true,844364637654321320882.7668874449676368,836755432524456246741.9110606291668042,7609205129865074140.8558268158008326,true,true
16,0x88e6a0c2ddd26feeb64f039a2c41296fcb3f5640,25056728,198852,3868767014622134853,15,S16_P15,198280:199270,0xc36442b4a4522e871399cd717abdd847ab11fe88:198280:199270,0xc36442b4a4522e871399cd717abdd847ab11fe88,198280,199270,36424852748159308,0.0094151063143607,990,572,418,418,36792780553696.2707070707070707,0.0000095102083983,131.4281199176510225,129.764589796846624,1.2308306975433654,1.1458319491556331,2.3766626466989985,1.2308306975433654,185757291330.7952,184004683755.27912,1752607575.51608,true,true,80595640973085388460.9049747540484424,79839148965624515782.7199910841166923,756492007460872678.1849836699317501,true,true,933179999101.48845,924346022687.54775,8833976413.9407,true,true,409334966614133683074.0395974304781007,405646636298366335395.4498652124156317,3688330315767347678.589732218062469,true,true,1875231756316.9045,1857834778408.5148,17396977908.3897,true,true,844364637654321320882.7668874449676368,836790296977537039322.4610450970863768,7574340676784281560.30584234788126,true,true
16,0x88e6a0c2ddd26feeb64f039a2c41296fcb3f5640,25056728,198852,3868767014622134853,16,S16_P16,198370:199760,0xc36442b4a4522e871399cd717abdd847ab11fe88:198370:199760,0xc36442b4a4522e871399cd717abdd847ab11fe88,198370,199760,33955963454359971,0.0087769471064094,1390,482,908,482,24428750686589.9071942446043165,0.0000063143504363,131.4281199176510225,129.764589796846624,1.1395417497198746,1.0927048883149278,2.2322466380348024,1.1395417497198746,185757291330.7952,184123480991.78648,1633810339.00872,true,true,80595640973085388460.9049747540484424,79890426753901974287.7678871498207091,705214219183414173.1370876042277333,true,true,933179999101.48845,924944821495.07875,8235177606.4097,true,true,409334966614133683074.0395974304781007,405896693571971399860.654303111988535,3438273042162283213.3852943184895657,true,true,1875231756316.9045,1859014054610.4465,16217701706.458,true,true,844364637654321320882.7668874449676368,837303828949869515725.0938869676647168,7060808704451805157.67300047730292,true,true
16,0x88e6a0c2ddd26feeb64f039a2c41296fcb3f5640,25056728,198852,3868767014622134853,17,S16_P17,196260:200390,0xc36442b4a4522e871399cd717abdd847ab11fe88:196260:200390,0xc36442b4a4522e871399cd717abdd847ab11fe88,196260,200390,33467064267190909,0.0086505763052417,4130,2592,1538,1538,8103405391571.6486682808716707,0.000002094570534,131.4281199176510225,129.764589796846624,1.1300001855490533,1.0768547962270596,2.2068549817761129,1.1300001855490533,185757291330.7952,184147005938.3596,1610285392.4356,true,true,80595640973085388460.9049747540484424,79900580937006685886.3076333907524844,695060036078702574.597341363295958,true,true,933179999101.48845,925063397945.73305,8116601155.7554,true,true,409334966614133683074.0395974304781007,405946209619092081635.1592069057937952,3388756995041601438.8803905246843055,true,true,1875231756316.9045,1859247577952.0744,15984178364.8301,true,true,844364637654321320882.7668874449676368,837405518065134060589.3552848687696964,6959119589187260293.4116025761979404,true,true
16,0x88e6a0c2ddd26feeb64f039a2c41296fcb3f5640,25056728,198852,3868767014622134853,18,S16_P18,198440:199650,0xc36442b4a4522e871399cd717abdd847ab11fe88:198440:199650,0xc36442b4a4522e871399cd717abdd847ab11fe88,198440,199650,30127675555759725,0.0077874101598497,1210,412,798,412,24898905417983.243801652892562,0.0000064358761652,131.4281199176510225,129.764589796846624,0.9839123654590691,0.968684168569517,1.9525965340285861,0.9839123654590691,185757291330.7952,184307688787.45308,1449602543.34212,true,true,80595640973085388460.9049747540484424,79969937183115411487.5674135899766137,625703789969976973.3375611640718287,true,true,933179999101.48845,925873318344.7128,7306680756.77565,true,true,409334966614133683074.0395974304781007,406284416861462773176.8222679764220027,3050549752670909897.217329454056098,true,true,1875231756316.9045,1860842623064.6139,14389133252.2906,true,true,844364637654321320882.7668874449676368,838100077199567819067.9786253007871916,6264560454753501814.7882621441804452,true,true
16,0x88e6a0c2ddd26feeb64f039a2c41296fcb3f5640,25056728,198852,3868767014622134853,19,S16_P19,198760:198910,0xc36442b4a4522e871399cd717abdd847ab11fe88:198760:198910,0xc36442b4a4522e871399cd717abdd847ab11fe88,198760,198910,48689628796530548,0.0125853091210989,150,92,58,58,324597525310203.6533333333333333,0.0000839020608073,131.4281199176510225,129.764589796846624,0.7995656327736679,0.5465729529908471,1.346138585764515,0.7995656327736679,185757291330.7952,183414518791.05092,2342772539.74428,true,true,80595640973085388460.9049747540484424,79584411217465341647.5526974648389078,1011229755620046813.3522772892095346,true,true,933179999101.48845,921623814624.0769,11556184477.41155,true,true,409334966614133683074.0395974304781007,405303371406366870458.873365999913198,4031595207766812615.1662314305649027,true,true,1875231756316.9045,1858971572451.9402,16260183864.9643,true,true,844364637654321320882.7668874449676368,839288161106676947575.5714649018644832,5076476547644373307.1954225431031536,true,true
16,0x88e6a0c2ddd26feeb64f039a2c41296fcb3f5640,25056728,198852,3868767014622134853,20,S16_P20,198790:198940,0xc36442b4a4522e871399cd717abdd847ab11fe88:198790:198940,0xc36442b4a4522e871399cd717abdd847ab11fe88,198790,198940,43097069803820727,0.0111397428795619,150,62,88,62,287313798692138.18,0.0000742649525304,131.4281199176510225,129.764589796846624,0.5260837136789887,0.6634490265411933,1.189532740220182,0.6634490265411933,185757291330.7952,183683627834.89336,2073663495.90184,true,true,80595640973085388460.9049747540484424,79700569110294500832.0994567701254404,895071862790887628.805517983923002,true,true,933179999101.48845,924470560303.62165,8709438797.8668,true,true,409334966614133683074.0395974304781007,405067810227698737330.8551348236799437,4267156386434945743.184462606798157,true,true,1875231756316.9045,1864493370338.5802,10738385978.3243,true,true,844364637654321320882.7668874449676368,838171123878142385436.2824086751025938,6193513776178935446.484478769865043,true,true
17,0x88e6a0c2ddd26feeb64f039a2c41296fcb3f5640,25046728,198948,3745239612618959565,1,S17_P1,198060:200130,0xc36442b4a4522e871399cd717abdd847ab11fe88:198060:200130,0xc36442b4a4522e871399cd717abdd847ab11fe88,198060,200130,892287530697189504,0.2382457794397922,2070,888,1182,888,431056778114584.3014492753623188,0.0001150945794395,133.452156807471726,137.1715324401644081,39.6868797166960468,33.3798055458512169,73.0666852625472637,39.6868797166960468,179635207599.11928,136844074928.63304,42791132670.48624,true,true,78235464834860245529.792811739455118,59542342046039355583.871705767316178,18693122788820889945.92110597213894,true,true,903891332905.60155,691025204661.8748,212866128243.72675,true,true,390871735168865877862.859975611195602,297492049440166146932.340986996132268,93379685728699730930.518988615063334,true,true,1843738737993.7384,1412095230198.5047,431643507795.2337,true,true,777334990197262123447.4503803335753304,590205187776450660433.9168350573704956,187129802420811463013.5335452762048348,true,true
17,0x88e6a0c2ddd26feeb64f039a2c41296fcb3f5640,25046728,198948,3745239612618959565,2,S17_P2,195610:209470,0xc36442b4a4522e871399cd717abdd847ab11fe88:195610:209470,0xc36442b4a4522e871399cd717abdd847ab11fe88,195610,209470,352854813796027778,0.0942142159895838,13860,3338,10522,3338,25458500273883.6780663780663781,0.0000067975624812,133.452156807471726,137.1715324401644081,13.1982869741735798,11.7474729244727661,24.9457598986463459,13.1982869741735798,179635207599.11928,162716681964.13096,16918525634.98832,true,true,78235464834860245529.792811739455118,70845684228487505119.976157195060518,7389780606372740409.8166545443946,true,true,903891332905.60155,820035358238.5968,83855974667.00475,true,true,390871735168865877862.859975611195602,353902699055870487809.4390952403916218,36969036112995390053.4208803708039802,true,true,1843738737993.7384,1673799842544.1766,169938895449.5618,true,true,777334990197262123447.4503803335753304,703167228402685921229.591634423004162,74167761794576202217.8587459105711684,true,true
17,0x88e6a0c2ddd26feeb64f039a2c41296fcb3f5640,25046728,198948,3745239612618959565,3,S17_P3,194710:212350,0xc36442b4a4522e871399cd717abdd847ab11fe88:194710:212350,0xc36442b4a4522e871399cd717abdd847ab11fe88,194710,212350,172327479146938053,0.0460124042708267,17640,4238,13402,4238,9769131470914.8556122448979592,0.0000026084129405,133.452156807471726,137.1715324401644081,6.1242188333439336,5.5416687600749483,11.6658875934188819,6.1242188333439336,179635207599.11928,171372860627.9894,8262346971.12988,true,true,78235464834860245529.792811739455118,74627355502565134965.725756034055176,3608109332295110564.067055705399942,true,true,903891332905.60155,862963854398.12855,40927478507.473,true,true,390871735168865877862.859975611195602,372812915454120558946.0850907825239564,18058819714745318916.7748848286716456,true,true,1843738737993.7384,1760879444231.5876,82859293762.1508,true,true,777334990197262123447.4503803335753304,741103670874176985023.1461943516607956,36231319323085138424.3041859819145348,true,true
17,0x88e6a0c2ddd26feeb64f039a2c41296fcb3f5640,25046728,198948,3745239612618959565,4,S17_P4,197610:199940,0xc36442b4a4522e871399cd717abdd847ab11fe88:197610:199940,0xc36442b4a4522e871399cd717abdd847ab11fe88,197610,199940,118114933958354994,0.0315373503901824,2330,1338,992,992,50693104703156.6497854077253219,0.0000135353435151,133.452156807471726,137.1715324401644081,4.1360861326806988,3.7603378774359947,7.8964240101166935,4.1360861326806988,179635207599.11928,173972163694.65836,5663043904.46092,true,true,78235464834860245529.792811739455118,75762639437972024508.315483892238082,2472825396888221021.477327847217036,true,true,903891332905.60155,875843281993.9015,28048050911.70005,true,true,390871735168865877862.859975611195602,378493404669321916735.565266530807747,12378330499543961127.294709080387855,true,true,1843738737993.7384,1786966396976.3208,56772341017.4176,true,true,777334990197262123447.4503803335753304,752500380292509560725.3206829739459836,24834609904752562722.1296973596293468,true,true
17,0x88e6a0c2ddd26feeb64f039a2c41296fcb3f5640,25046728,198948,3745239612618959565,5,S17_P5,195610:200290,0xc36442b4a4522e871399cd717abdd847ab11fe88:195610:200290,0xc36442b4a4522e871399cd717abdd847ab11fe88,195610,200290,82346613047210432,0.0219870079259434,4680,3338,1342,1342,17595430138292.8273504273504274,0.0000046980786167,133.452156807471726,137.1715324401644081,2.8560055138132144,2.6045145519050382,5.4605200657182526,2.8560055138132144,179635207599.11928,175687102918.88616,3948104680.23312,true,true,78235464834860245529.792811739455118,76511572525626847402.082319032796092,1723892309233398127.710492706659026,true,true,903891332905.60155,884338574840.5594,19552758065.04215,true,true,390871735168865877862.859975611195602,382241620189327299655.1316592957384126,8630114979538578207.7283163154571894,true,true,1843738737993.7384,1804167880573.4183,39570857420.3201,true,true,777334990197262123447.4503803335753304,760020421099752370765.8582215059789512,17314569097509752681.5921588275963792,true,true
17,0x88e6a0c2ddd26feeb64f039a2c41296fcb3f5640,25046728,198948,3745239612618959565,6,S17_P6,197820:199590,0xc36442b4a4522e871399cd717abdd847ab11fe88:197820:199590,0xc36442b4a4522e871399cd717abdd847ab11fe88,197820,199590,72307817366418249,0.0193065931276571,1770,1128,642,642,40851874218315.3949152542372881,0.0000109076797331,133.452156807471726,137.1715324401644081,2.5011290378454656,2.2828334324301708,4.7839624702756364,2.5011290378454656,179635207599.11928,176168417204.68852,3466790394.43076,true,true,78235464834860245529.792811739455118,76721754728098057764.129516452344478,1513710106762187765.66329528711064,true,true,903891332905.60155,886722596526.9719,17168736378.62965,true,true,390871735168865877862.859975611195602,383293645417024413771.0339861322079744,7578089751841464091.8259894789876276,true,true,1843738737993.7384,1808994224295.8338,34744513697.9046,true,true,777334990197262123447.4503803335753304,762131104042936337435.3390946789557912,15203886154325786012.1112856546195392,true,true
17,0x88e6a0c2ddd26feeb64f039a2c41296fcb3f5640,25046728,198948,3745239612618959565,7,S17_P7,197940:199680,0xc36442b4a4522e871399cd717abdd847ab11fe88:197940:199680,0xc36442b4a4522e871399cd717abdd847ab11fe88,197940,199680,69097751608740751,0.0184494875510575,1740,1008,732,732,39711351499276.2936781609195402,0.000010603153765,133.452156807471726,137.1715324401644081,2.3880515958462244,2.1802188652098892,4.5682704610561136,2.3880515958462244,179635207599.11928,176322325011.25872,3312882587.86056,true,true,78235464834860245529.792811739455118,76788962748734993687.954286663509252,1446502086125251841.838525075945866,true,true,903891332905.60155,887484901287.9432,16406431617.65835,true,true,390871735168865877862.859975611195602,383630051239947192013.2980190120028052,7241683928918685849.5619565991927968,true,true,1843738737993.7384,1810537390315.5026,33201347678.2358,true,true,777334990197262123447.4503803335753304,762806036777891402710.0857264797463836,14528953419370720737.3646538538289468,true,true
17,0x88e6a0c2ddd26feeb64f039a2c41296fcb3f5640,25046728,198948,3745239612618959565,8,S17_P8,196950:206450,0xc36442b4a4522e871399cd717abdd847ab11fe88:196950:206450,0xc36442b4a4522e871399cd717abdd847ab11fe88,196950,206450,65989735192964238,0.0176196297215865,9500,1998,7502,1998,6946287915048.8671578947368421,0.0000018546978654,133.452156807471726,137.1715324401644081,2.2787528101065397,2.0809805683624003,4.35973337846894,2.2787528101065397,179635207599.11928,176471339779.84624,3163867819.27304,true,true,78235464834860245529.792811739455118,76854032353855359836.606261257584384,1381432481004885693.186550481870734,true,true,903891332905.60155,888222961534.44405,15668371371.1575,true,true,390871735168865877862.859975611195602,383955764717833870150.2333312983085188,6915970451032007712.6266443128870832,true,true,1843738737993.7384,1812031436479.5474,31707301514.191,true,true,777334990197262123447.4503803335753304,763459516928622659023.0704855722673712,13875473268639464424.3798947613079592,true,true
17,0x88e6a0c2ddd26feeb64f039a2c41296fcb3f5640,25046728,198948,3745239612618959565,9,S17_P9,198170:199740,0xc36442b4a4522e871399cd717abdd847ab11fe88:198170:199740,0xc36442b4a4522e871399cd717abdd847ab11fe88,198170,199740,61799123520925557,0.0165007128816815,1570,778,792,778,39362499057914.367515923566879,0.0000105100082049,133.452156807471726,137.1715324401644081,2.1316682937194889,1.9473525805438779,4.0790208742633668,2.1316682937194889,179635207599.11928,176672259336.87304,2962948262.24624,true,true,78235464834860245529.792811739455118,76941767364755130387.539709543877066,1293697470105115142.253102195578052,true,true,903891332905.60155,889218088826.96515,14673244078.6364,true,true,390871735168865877862.859975611195602,384394933920528278324.5921482612920684,6476801248337599538.2678273499035336,true,true,1843738737993.7384,1814045797180.846,29692940812.8924,true,true,777334990197262123447.4503803335753304,764340624742358025936.5650883670825816,12994365454904097510.8852919664927488,true,true
17,0x88e6a0c2ddd26feeb64f039a2c41296fcb3f5640,25046728,198948,3745239612618959565,10,S17_P10,198490:200310,0xc36442b4a4522e871399cd717abdd847ab11fe88:198490:200310,0xc36442b4a4522e871399cd717abdd847ab11fe88,198490,200310,51789733923869988,0.0138281496728202,1820,458,1362,458,28455897760368.1252747252747253,0.0000075978844356,133.452156807471726,137.1715324401644081,1.7560348009325423,1.6289991156891831,3.3850339166217254,1.7560348009325423,179635207599.11928,177152161655.52652,2483045943.59276,true,true,78235464834860245529.792811739455118,77151319929813717498.28758055633324,1084144905046528031.505231183121878,true,true,903891332905.60155,891594903598.45935,12296429307.1422,true,true,390871735168865877862.859975611195602,385443915137746154454.1789452130751798,5427820031119723408.6810303981204222,true,true,1843738737993.7384,1818856702930.0001,24882035063.7383,true,true,777334990197262123447.4503803335753304,766445199899707001437.2831341082782568,10889790297555122010.1672462252970736,true,true
17,0x88e6a0c2ddd26feeb64f039a2c41296fcb3f5640,25046728,198948,3745239612618959565,11,S17_P11,196750:199130,0xc36442b4a4522e871399cd717abdd847ab11fe88:196750:199130,0xc36442b4a4522e871399cd717abdd847ab11fe88,196750,199130,56441995567576801,0.0150703296465745,2380,2198,182,182,23715124188057.4794117647058824,0.0000063320712801,133.452156807471726,137.1715324401644081,1.9441167182858896,1.4128745692714049,3.3569912875572945,1.9441167182858896,179635207599.11928,176929108416.89212,2706099182.22716,true,true,78235464834860245529.792811739455118,77053923486263402358.209625635921342,1181541348596843171.583186103533776,true,true,903891332905.60155,890490197445.85115,13401135459.7504,true,true,390871735168865877862.859975611195602,384956357400250755841.1320426794060016,5915377768615122021.7279329317896004,true,true,1843738737993.7384,1816620722235.9365,27118015757.8019,true,true,777334990197262123447.4503803335753304,765885875390254940722.5379555692660984,11449114807007182724.912424764309232,true,true
17,0x88e6a0c2ddd26feeb64f039a2c41296fcb3f5640,25046728,198948,3745239612618959565,12,S17_P12,198280:199400,0xc36442b4a4522e871399cd717abdd847ab11fe88:198280:199400,0xc36442b4a4522e871399cd717abdd847ab11fe88,198280,199400,40924231069844656,0.010926999418664,1120,668,452,452,36539492026647.0142857142857143,0.000009756249481,133.452156807471726,137.1715324401644081,1.4038388039752316,1.2842053772181312,2.6880441811933628,1.4038388039752316,179635207599.11928,177673107306.14976,1962100292.96952,true,true,78235464834860245529.792811739455118,77378789557831082471.13831661798125,856675277029163058.654495121473868,true,true,903891332905.60155,894174895933.05655,9716436972.545,true,true,390871735168865877862.859975611195602,386582636268748263584.0843826008495976,4289098900117614278.7755930103460044,true,true,1843738737993.7384,1824078371905.3594,19660366088.379,true,true,777334990197262123447.4503803335753304,768729818598344890558.6902606972412624,8605171598917232888.760119636334068,true,true
17,0x88e6a0c2ddd26feeb64f039a2c41296fcb3f5640,25046728,198948,3745239612618959565,13,S17_P13,193130:200340,0xc36442b4a4522e871399cd717abdd847ab11fe88:193130:200340,0xc36442b4a4522e871399cd717abdd847ab11fe88,193130,200340,37619268342446439,0.0100445558184567,7210,5818,1392,1392,5217651642502.9735090152565881,0.0000013931422772,133.452156807471726,137.1715324401644081,1.2893422322154535,1.1802659164747456,2.4696081486901991,1.2893422322154535,179635207599.11928,177831564793.1686,1803642805.95068,true,true,78235464834860245529.792811739455118,77447976324270144276.03155994988789,787488510590101253.761251789567228,true,true,903891332905.60155,894959630459.5635,8931702446.03805,true,true,390871735168865877862.859975611195602,386929005276490310639.7145273811897554,3942729892375567223.1454482300058466,true,true,1843738737993.7384,1825666499761.033,18072238232.7054,true,true,777334990197262123447.4503803335753304,769424738804204521749.4684951477438772,7910251393057601697.9818851858314532,true,true
17,0x88e6a0c2ddd26feeb64f039a2c41296fcb3f5640,25046728,198948,3745239612618959565,14,S17_P14,194970:200900,0xc36442b4a4522e871399cd717abdd847ab11fe88:194970:200900,0xc36442b4a4522e871399cd717abdd847ab11fe88,194970,200900,36592465897475683,0.0097703938018234,5930,3978,1952,1952,6170736239034.6851602023608769,0.0000016476212145,133.452156807471726,137.1715324401644081,1.2538105022274219,1.147839360931698,2.4016498631591199,1.2538105022274219,179635207599.11928,177880793711.24244,1754413887.87684,true,true,78235464834860245529.792811739455118,77469472076671826417.098831824981714,765992758188419112.693979914473404,true,true,903891332905.60155,895203433856.0063,8687899049.59525,true,true,390871735168865877862.859975611195602,387036617184551194088.2086230920329242,3835117984314683774.6513525191626778,true,true,1843738737993.7384,1826159893384.5499,17578844609.1885,true,true,777334990197262123447.4503803335753304,769640640772825262084.5348595445472128,7694349424436861362.9155207890281176,true,true
17,0x88e6a0c2ddd26feeb64f039a2c41296fcb3f5640,25046728,198948,3745239612618959565,15,S17_P15,198280:199270,0xc36442b4a4522e871399cd717abdd847ab11fe88:198280:199270,0xc36442b4a4522e871399cd717abdd847ab11fe88,198280,199270,36424852748159308,0.0097256401500806,990,668,322,322,36792780553696.2707070707070707,0.0000098238789395,133.452156807471726,137.1715324401644081,1.2480122096001316,1.0876450277613865,2.3356572373615181,1.2480122096001316,179635207599.11928,177888830270.22564,1746377328.89364,true,true,78235464834860245529.792811739455118,77472980551875590274.860005202390966,762484282984655254.932806537064152,true,true,903891332905.60155,895243231384.50585,8648101521.0957,true,true,390871735168865877862.859975611195602,387054183676656370846.9716218179824086,3817551492209507015.8883537932131934,true,true,1843738737993.7384,1826240433073.7001,17498304920.0383,true,true,777334990197262123447.4503803335753304,769675884197120717231.28309717242311,7659106000141406216.1672831611522204,true,true
17,0x88e6a0c2ddd26feeb64f039a2c41296fcb3f5640,25046728,198948,3745239612618959565,16,S17_P16,198440:199650,0xc36442b4a4522e871399cd717abdd847ab11fe88:198440:199650,0xc36442b4a4522e871399cd717abdd847ab11fe88,198440,199650,34228742953222236,0.0091392665072467,1210,508,702,508,28288217316712.5917355371900826,0.0000075531128159,133.452156807471726,137.1715324401644081,1.1696371048805413,1.0732381583970057,2.242875263277547,1.1696371048805413,179635207599.11928,177994122497.01344,1641085102.10584,true,true,78235464834860245529.792811739455118,77518955061859234063.728249421946498,716509773001011466.06456231750862,true,true,903891332905.60155,895764670804.3589,8126662101.24265,true,true,390871735168865877862.859975611195602,387284343564235870277.4103423575938816,3587391604630007585.4496332536017204,true,true,1843738737993.7384,1827295671183.5376,16443066810.2008,true,true,777334990197262123447.4503803335753304,770137653431639690254.3358938162448784,7197336765622433193.114486517330452,true,true
17,0x88e6a0c2ddd26feeb64f039a2c41296fcb3f5640,25046728,198948,3745239612618959565,17,S17_P17,198370:199760,0xc36442b4a4522e871399cd717abdd847ab11fe88:198370:199760,0xc36442b4a4522e871399cd717abdd847ab11fe88,198370,199760,33955963454359971,0.0090664328498372,1390,578,812,578,24428750686589.9071942446043165,0.000006522613561,133.452156807471726,137.1715324401644081,1.1626644144064074,1.0646331026304762,2.2272975170368836,1.1626644144064074,179635207599.11928,178007200822.50336,1628006776.61592,true,true,78235464834860245529.792811739455118,77524665059339832951.464074577414246,710799775520412578.328737162040872,true,true,903891332905.60155,895829438517.8542,8061894387.74735,true,true,390871735168865877862.859975611195602,387312931583663190508.6791448396178244,3558803585202687354.1808307715777776,true,true,1843738737993.7384,1827426740343.6811,16311997650.0573,true,true,777334990197262123447.4503803335753304,770195009871107912255.4731328901863408,7139980326154211191.9772474433889896,true,true
17,0x88e6a0c2ddd26feeb64f039a2c41296fcb3f5640,25046728,198948,3745239612618959565,18,S17_P18,196260:200390,0xc36442b4a4522e871399cd717abdd847ab11fe88:196260:200390,0xc36442b4a4522e871399cd717abdd847ab11fe88,196260,200390,33467064267190909,0.008935894022489,4130,2688,1442,1442,8103405391571.6486682808716707,0.000002163654727,133.452156807471726,137.1715324401644081,1.1457766713281261,1.049212429331448,2.1949891006595741,1.1457766713281261,179635207599.11928,178030641770.02964,1604565829.08964,true,true,78235464834860245529.792811739455118,77534900006222472825.74027524186738,700564828637772704.052536497587738,true,true,903891332905.60155,895945521041.1597,7945811864.44185,true,true,390871735168865877862.859975611195602,387364170024074318596.4994296009734288,3507565144791559266.3605460102221732,true,true,1843738737993.7384,1827661653236.6879,16077084757.0505,true,true,777334990197262123447.4503803335753304,770297809400043001661.6664049619251428,7037180797219121785.7839753716501876,true,true
17,0x88e6a0c2ddd26feeb64f039a2c41296fcb3f5640,25046728,198948,3745239612618959565,19,S17_P19,197680:199820,0xc36442b4a4522e871399cd717abdd847ab11fe88:197680:199820,0xc36442b4a4522e871399cd717abdd847ab11fe88,197680,199820,28744042403390380,0.0076748206727661,2140,1268,872,872,13431795515602.9813084112149533,0.0000035863648004,133.452156807471726,137.1715324401644081,0.9828561757150298,0.9003801406081898,1.8832363163232196,0.9828561757150298,179635207599.11928,178257086101.11452,1378121498.00476,true,true,78235464834860245529.792811739455118,77633771330675633578.934425929168392,601693504184611950.858385810286726,true,true,903891332905.60155,897066926064.90135,6824406840.7002,true,true,390871735168865877862.859975611195602,387859161925079115034.7986264258417192,3012573243786762828.0613491853538828,true,true,1843738737993.7384,1829930953853.6375,13807784140.1009,true,true,777334990197262123447.4503803335753304,771290910090895568422.7532220208484272,6044080106366555024.6971583127269032,true,true
17,0x88e6a0c2ddd26feeb64f039a2c41296fcb3f5640,25046728,198948,3745239612618959565,20,S17_P20,198870:201360,0xc36442b4a4522e871399cd717abdd847ab11fe88:198870:201360,0xc36442b4a4522e871399cd717abdd847ab11fe88,198870,201360,33049168110608779,0.0088243134028742,2490,78,2412,78,13272758277352.9232931726907631,0.000003543900965,133.452156807471726,137.1715324401644081,0.4853993202174412,1.0360334687111086,1.5214327889285498,1.0360334687111086,179635207599.11928,178050677597.6458,1584530001.47348,true,true,78235464834860245529.792811739455118,77543648153111307744.153441430825896,691816681748937785.639370308629222,true,true,903891332905.60155,896646358071.8402,7244974833.76135,true,true,390871735168865877862.859975611195602,387407967112430075571.2830075724204408,3463768056435802291.5769680387751612,true,true,1843738737993.7384,1833872537940.6382,9866200053.1002,true,true,777334990197262123447.4503803335753304,770385679399920135109.7868125137735468,6949310797341988337.6635678198017836,true,true
18,0x88e6a0c2ddd26feeb64f039a2c41296fcb3f5640,25036728,198652,3882047527583638849,1,S18_P1,198060:200130,0xc36442b4a4522e871399cd717abdd847ab11fe88:198060:200130,0xc36442b4a4522e871399cd717abdd847ab11fe88,198060,200130,892287530697189504,0.2298497183141365,2070,592,1478,592,431056778114584.3014492753623188,0.0001110385112629,133.3192987288523635,138.9054274090710406,44.168308927613095,45.0414740337248292,89.2097829613379242,45.0414740337248292,188430356624.01756,145077679183.40328,43352677440.61428,true,true,79838451648767070207.5993865560660363,61355998591573968779.798052266939597,18482453057193101427.8013342891264393,true,true,950296030063.67675,732945294581.24485,217350735482.4319,true,true,392481050181629960775.187760735248318,300120840712132048238.1627389625865206,92360209469497912537.0250217726617974,true,true,1915242537134.0165,1468697937093.008,446544600041.0085,true,true,770449032032704775429.7109838979916034,586498134047951498821.3705904198572692,183950897984753276608.3403934781343342,true,true
18,0x88e6a0c2ddd26feeb64f039a2c41296fcb3f5640,25036728,198652,3882047527583638849,2,S18_P2,195610:209470,0xc36442b4a4522e871399cd717abdd847ab11fe88:195610:209470,0xc36442b4a4522e871399cd717abdd847ab11fe88,195610,209470,352854813796027778,0.0908939963482777,13860,3042,10818,3042,25458500273883.6780663780663781,0.0000065580083945,133.3192987288523635,138.9054274090710406,14.571647426135974,15.0073664564443046,29.5790138825802786,15.0073664564443046,188430356624.01756,171273572928.12148,17156783695.89608,true,true,79838451648767070207.5993865560660363,72524308457786033271.9666194601281459,7314143190981036935.6327670959378904,true,true,950296030063.67675,864573985197.06985,85722044866.6069,true,true,392481050181629960775.187760735248318,355867315358422801457.9067259652446748,36613734823207159317.2810347700036432,true,true,1915242537134.0165,1739038619354.7164,176203917779.3001,true,true,770449032032704775429.7109838979916034,697574579721741329524.2981436168415877,72874452310963445905.4128402811500157,true,true
18,0x88e6a0c2ddd26feeb64f039a2c41296fcb3f5640,25036728,198652,3882047527583638849,3,S18_P3,194710:212350,0xc36442b4a4522e871399cd717abdd847ab11fe88:194710:212350,0xc36442b4a4522e871399cd717abdd847ab11fe88,194710,212350,172327479146938053,0.0443908730953128,17640,3942,13698,3942,9769131470914.8556122448979592,0.0000025164894045,133.3192987288523635,138.9054274090710406,6.6365617374630776,6.9427137771028713,13.5792755145659489,6.9427137771028713,188430356624.01756,180047236282.85368,8383120341.16388,true,true,79838451648767070207.5993865560660363,76267632431120370758.0368049721203579,3570819217646699449.5625815839456784,true,true,950296030063.67675,908468622458.50695,41827407605.1698,true,true,392481050181629960775.187760735248318,374587173436257114394.1230246948832082,17893876745372846381.0647360403651098,true,true,1915242537134.0165,1829371025128.7082,85871512005.3083,true,true,770449032032704775429.7109838979916034,734835055232252239284.7802917061265491,35613976800452536144.9306921918650543,true,true
18,0x88e6a0c2ddd26feeb64f039a2c41296fcb3f5640,25036728,198652,3882047527583638849,4,S18_P4,196950:198700,0xc36442b4a4522e871399cd717abdd847ab11fe88:196950:198700,0xc36442b4a4522e871399cd717abdd847ab11fe88,196950,198700,237425705556218251,0.0611599172522245,1750,1702,48,48,135671831746410.4291428571428571,0.0000349485241441,133.3192987288523635,138.9054274090710406,9.3644423739775355,2.529869867767991,11.8943122417455265,9.3644423739775355,188430356624.01756,176882596048.71892,11547760575.29864,true,true,79838451648767070207.5993865560660363,74994987812632268113.7927417916157871,4843463836134802093.8066447644502492,true,true,950296030063.67675,892649240705.5543,57646789358.12245,true,true,392481050181629960775.187760735248318,375261294135151764343.0496577264471392,17219756046478196432.1381030088011788,true,true,1915242537134.0165,1796833771317.3498,118408765816.6667,true,true,770449032032704775429.7109838979916034,750324929895988917247.1286388171540997,20124102136715858182.5823450808375037,true,true
18,0x88e6a0c2ddd26feeb64f039a2c41296fcb3f5640,25036728,198652,3882047527583638849,5,S18_P5,197610:199940,0xc36442b4a4522e871399cd717abdd847ab11fe88:197610:199940,0xc36442b4a4522e871399cd717abdd847ab11fe88,197610,199940,118114933958354994,0.030425937116714,2330,1042,1288,1042,50693104703156.6497854077253219,0.0000130583421102,133.3192987288523635,138.9054274090710406,4.4686824349864454,4.6843858923536746,9.15306832734012,4.6843858923536746,188430356624.01756,182683538391.40976,5746818232.6078,true,true,79838451648767070207.5993865560660363,77391359513534596052.5798828989093323,2447092135232474155.019503657156704,true,true,950296030063.67675,921634893285.30845,28661136778.3683,true,true,392481050181629960775.187760735248318,380213889550998618895.1483194011360142,12267160630631341880.0394413341123038,true,true,1915242537134.0165,1856428921890.0224,58813615243.9941,true,true,770449032032704775429.7109838979916034,746033889922809090999.4963857005565288,24415142109895684430.2145981974350746,true,true
18,0x88e6a0c2ddd26feeb64f039a2c41296fcb3f5640,25036728,198652,3882047527583638849,6,S18_P6,195610:200290,0xc36442b4a4522e871399cd717abdd847ab11fe88:195610:200290,0xc36442b4a4522e871399cd717abdd847ab11fe88,195610,200290,82346613047210432,0.0212121599393366,4680,3042,1638,1638,17595430138292.8273504273504274,0.0000045325128076,133.3192987288523635,138.9054274090710406,3.082256449333371,3.2325786590622367,6.3148351083956077,3.2325786590622367,188430356624.01756,184423374197.65604,4006982426.36152,true,true,79838451648767070207.5993865560660363,78132596668677124107.4208489847684203,1705854980089946100.178537571297616,true,true,950296030063.67675,930317826500.59755,19978203563.0792,true,true,392481050181629960775.187760735248318,383927561852643612963.5509886049122228,8553488328986347811.6367721303360952,true,true,1915242537134.0165,1874259908286.4468,40982628847.5697,true,true,770449032032704775429.7109838979916034,753425073204454451507.2505195444283564,17023958828250323922.460464353563247,true,true
18,0x88e6a0c2ddd26feeb64f039a2c41296fcb3f5640,25036728,198652,3882047527583638849,7,S18_P7,197940:199680,0xc36442b4a4522e871399cd717abdd847ab11fe88:197940:199680,0xc36442b4a4522e871399cd717abdd847ab11fe88,197940,199680,69097751608740751,0.0177993059378514,1740,712,1028,712,39711351499276.2936781609195402,0.0000102294861712,133.3192987288523635,138.9054274090710406,2.5762024391826783,2.7022975345193003,5.2784999737019786,2.7022975345193003,188430356624.01756,185067920284.91268,3362436339.10488,true,true,79838451648767070207.5993865560660363,78407116233169457934.950237600081915,1431335415597612272.6491489559841213,true,true,950296030063.67675,933533263255.677,16762766807.99975,true,true,392481050181629960775.187760735248318,385303389787047088842.4437853126901428,7177660394582871932.7439754225581752,true,true,1915242537134.0165,1880860077031.9662,34382460102.0503,true,true,770449032032704775429.7109838979916034,756163330089603260046.0249998923453459,14285701943101515383.6859840056462575,true,true
18,0x88e6a0c2ddd26feeb64f039a2c41296fcb3f5640,25036728,198652,3882047527583638849,8,S18_P8,196950:206450,0xc36442b4a4522e871399cd717abdd847ab11fe88:196950:206450,0xc36442b4a4522e871399cd717abdd847ab11fe88,196950,206450,65989735192964238,0.0169986932730932,9500,1702,7798,1702,6946287915048.8671578947368421,0.000001789336134,133.3192987288523635,138.9054274090710406,2.4580655753747322,2.5784769555659967,5.0365425309407289,2.5784769555659967,188430356624.01756,185219129522.9346,3211227101.08296,true,true,79838451648767070207.5993865560660363,78471511740648520876.4841414584843678,1366939908118549331.1152450975816685,true,true,950296030063.67675,934287502196.03245,16008527867.6443,true,true,392481050181629960775.187760735248318,385626161678217995165.9109074891714372,6854888503411965609.2768532460768808,true,true,1915242537134.0165,1882408025421.7459,32834511712.2706,true,true,770449032032704775429.7109838979916034,756805732340160218032.8238963929445088,13643299692544557396.8870875050470946,true,true
18,0x88e6a0c2ddd26feeb64f039a2c41296fcb3f5640,25036728,198652,3882047527583638849,9,S18_P9,198170:199740,0xc36442b4a4522e871399cd717abdd847ab11fe88:198170:199740,0xc36442b4a4522e871399cd717abdd847ab11fe88,198170,199740,61799123520925557,0.0159192083769753,1570,482,1088,482,39362499057914.367515923566879,0.00001013962317,133.3192987288523635,138.9054274090710406,2.2570367565779018,2.4118717060526752,4.668908462630577,2.4118717060526752,188430356624.01756,185423015296.49984,3007341327.51772,true,true,79838451648767070207.5993865560660363,78558336632491163652.5552171494932476,1280115016275906555.0441694065727887,true,true,950296030063.67675,935304423460.11145,14991606603.5653,true,true,392481050181629960775.187760735248318,386061374557859929799.1105083685627182,6419675623770030976.0772523666855998,true,true,1915242537134.0165,1884494936888.0803,30747600245.9362,true,true,770449032032704775429.7109838979916034,757671923556242806645.2121459373710172,12777108476461968784.4988379606205862,true,true
18,0x88e6a0c2ddd26feeb64f039a2c41296fcb3f5640,25036728,198652,3882047527583638849,10,S18_P10,196750:199130,0xc36442b4a4522e871399cd717abdd847ab11fe88:196750:199130,0xc36442b4a4522e871399cd717abdd847ab11fe88,196750,199130,56441995567576801,0.0145392335272899,2380,1902,478,478,23715124188057.4794117647058824,0.0000061089216501,133.3192987288523635,138.9054274090710406,2.0965078625019125,2.1655591416366281,4.2620670041385406,2.1655591416366281,188430356624.01756,185683662262.263,2746694361.75456,true,true,79838451648767070207.5993865560660363,78669326467789807733.0900150001719897,1169125180977262474.5093715558940466,true,true,950296030063.67675,936604356813.849,13691673249.82775,true,true,392481050181629960775.187760735248318,386617754751107705798.454206649628904,5863295430522254976.733554085619414,true,true,1915242537134.0165,1887162392951.0999,28080144182.9166,true,true,770449032032704775429.7109838979916034,758779273242945572189.6127709945873017,11669758789759203240.0982129034043017,true,true
18,0x88e6a0c2ddd26feeb64f039a2c41296fcb3f5640,25036728,198652,3882047527583638849,11,S18_P11,197500:199360,0xc36442b4a4522e871399cd717abdd847ab11fe88:197500:199360,0xc36442b4a4522e871399cd717abdd847ab11fe88,197500,199360,53803476248973734,0.0138595614470654,1860,1152,708,708,28926600133856.8462365591397849,0.0000074513771221,133.3192987288523635,138.9054274090710406,1.9969502566308252,2.095084622695809,4.0920348793266342,2.095084622695809,188430356624.01756,185812040331.70868,2618316292.30888,true,true,79838451648767070207.5993865560660363,78723990048503447560.8937372000373261,1114461600263622646.7056493560287102,true,true,950296030063.67675,937244580978.94955,13051449084.7272,true,true,392481050181629960775.187760735248318,386891794073719034012.9167178121345968,5589256107910926762.2710429231137212,true,true,1915242537134.0165,1888476025263.9175,26766511870.099,true,true,770449032032704775429.7109838979916034,759324687908418671244.9658756878017805,11124344124286104184.7451082101898229,true,true
18,0x88e6a0c2ddd26feeb64f039a2c41296fcb3f5640,25036728,198652,3882047527583638849,12,S18_P12,198490:200310,0xc36442b4a4522e871399cd717abdd847ab11fe88:198490:200310,0xc36442b4a4522e871399cd717abdd847ab11fe88,198490,200310,51789733923869988,0.0133408294349519,1820,162,1658,162,28455897760368.1252747252747253,0.0000073301260632,133.3192987288523635,138.9054274090710406,1.2595913816745099,2.0155255784753985,3.2751169601499084,2.0155255784753985,188430356624.01756,185910020658.73968,2520335965.27788,true,true,79838451648767070207.5993865560660363,78765708893028685116.7364659281836513,1072742755738385090.862920627882385,true,true,950296030063.67675,937733194246.72225,12562835816.9545,true,true,392481050181629960775.187760735248318,387100947050262987316.5294770267297662,5380103131366973458.6582837085185518,true,true,1915242537134.0165,1890876070742.5981,24366466391.4184,true,true,770449032032704775429.7109838979916034,759740961133906593291.4783976481926759,10708070898798182138.2325862497989275,true,true
18,0x88e6a0c2ddd26feeb64f039a2c41296fcb3f5640,25036728,198652,3882047527583638849,13,S18_P13,198280:199400,0xc36442b4a4522e871399cd717abdd847ab11fe88:198280:199400,0xc36442b4a4522e871399cd717abdd847ab11fe88,198280,199400,40924231069844656,0.0105419191236223,1120,372,748,372,36539492026647.0142857142857143,0.0000094124277889,133.3192987288523635,138.9054274090710406,1.392577610333594,1.5878043963724335,2.9803820067060275,1.5878043963724335,188430356624.01756,186438717662.15268,1991638961.86488,true,true,79838451648767070207.5993865560660363,78990802247642238521.3156293287658775,847649401124831686.2837572273001588,true,true,950296030063.67675,940369423948.42905,9926606115.2477,true,true,392481050181629960775.187760735248318,388229523385248127896.1163248258320432,4251526796381832879.0714359094162748,true,true,1915242537134.0165,1894886680197.3102,20355856936.7063,true,true,770449032032704775429.7109838979916034,761987151870026354018.932733167557377,8461880162678421410.7782507304342264,true,true
18,0x88e6a0c2ddd26feeb64f039a2c41296fcb3f5640,25036728,198652,3882047527583638849,14,S18_P14,193130:200340,0xc36442b4a4522e871399cd717abdd847ab11fe88:193130:200340,0xc36442b4a4522e871399cd717abdd847ab11fe88,193130,200340,37619268342446439,0.0096905738724591,7210,5522,1688,1688,5217651642502.9735090152565881,0.0000013440463069,133.3192987288523635,138.9054274090710406,1.3896538171719963,1.4582219571759773,2.8478757743479736,1.4582219571759773,188430356624.01756,186599537781.88384,1830818842.13372,true,true,79838451648767070207.5993865560660363,79059266188471036260.5861280229526597,779185460296033947.0132585331133766,true,true,950296030063.67675,941171229510.0442,9124800553.63255,true,true,392481050181629960775.187760735248318,388572820923726920142.2087223766139704,3908229257903040632.9790383586343476,true,true,1915242537134.0165,1896531323205.8206,18711213928.1959,true,true,770449032032704775429.7109838979916034,762670414710725593340.0441226817536518,7778617321979182089.6668612162379516,true,true
18,0x88e6a0c2ddd26feeb64f039a2c41296fcb3f5640,25036728,198652,3882047527583638849,15,S18_P15,194970:200900,0xc36442b4a4522e871399cd717abdd847ab11fe88:194970:200900,0xc36442b4a4522e871399cd717abdd847ab11fe88,194970,200900,36592465897475683,0.0094260736473395,5930,3682,2248,2248,6170736239034.6851602023608769,0.0000015895571075,133.3192987288523635,138.9054274090710406,1.3513185612997415,1.4180115955826171,2.7693301568823586,1.4180115955826171,188430356624.01756,186649503181.82528,1780853442.19228,true,true,79838451648767070207.5993865560660363,79080536529210606817.8864473464211447,757915119556463389.7129392096448916,true,true,950296030063.67675,941420332730.00675,8875697333.67,true,true,392481050181629960775.187760735248318,388679479855796810674.9593258600645828,3801570325833150100.2284348751837352,true,true,1915242537134.0165,1897042255038.5474,18200282095.4691,true,true,770449032032704775429.7109838979916034,762882697769226831104.8709715332687837,7566334263477944324.8400123647228197,true,true
18,0x88e6a0c2ddd26feeb64f039a2c41296fcb3f5640,25036728,198652,3882047527583638849,16,S18_P16,196260:200390,0xc36442b4a4522e871399cd717abdd847ab11fe88:196260:200390,0xc36442b4a4522e871399cd717abdd847ab11fe88,196260,200390,33467064267190909,0.0086209826204839,4130,2392,1738,1738,8103405391571.6486682808716707,0.0000020874049929,133.3192987288523635,138.9054274090710406,1.2347749001233108,1.2957609863961475,2.5305358865194583,1.2957609863961475,188430356624.01756,186801590659.54456,1628765964.473,true,true,79838451648767070207.5993865560660363,79145278578989718697.9415074121774393,693173069777351509.657879143888597,true,true,950296030063.67675,942178542922.34365,8117487141.3331,true,true,392481050181629960775.187760735248318,389004135862184717023.8730575510268482,3476914319445243751.3147031842214698,true,true,1915242537134.0165,1898597340258.4763,16645196875.5402,true,true,770449032032704775429.7109838979916034,763528860274510334306.8425131852476407,6920171758194441122.8684707127439627,true,true
18,0x88e6a0c2ddd26feeb64f039a2c41296fcb3f5640,25036728,198652,3882047527583638849,17,S18_P17,198370:199760,0xc36442b4a4522e871399cd717abdd847ab11fe88:198370:199760,0xc36442b4a4522e871399cd717abdd847ab11fe88,198370,199760,33955963454359971,0.0087469211062173,1390,282,1108,282,24428750686589.9071942446043165,0.0000062927489973,133.3192987288523635,138.9054274090710406,1.0471688131246571,1.3148702101163745,2.3620390232410316,1.3148702101163745,188430356624.01756,186777800793.61272,1652555830.40484,true,true,79838451648767070207.5993865560660363,79135151453332525844.3374960469232617,703300195434544363.2618905091427746,true,true,950296030063.67675,942059940057.20975,8236090006.467,true,true,392481050181629960775.187760735248318,388953350274007450316.5228632709586716,3527699907622510458.6648974642896464,true,true,1915242537134.0165,1898354092189.4951,16888444944.5214,true,true,770449032032704775429.7109838979916034,763427781661713027888.4292265511379555,7021250370991747541.2817573468536479,true,true
18,0x88e6a0c2ddd26feeb64f039a2c41296fcb3f5640,25036728,198652,3882047527583638849,18,S18_P18,198440:199650,0xc36442b4a4522e871399cd717abdd847ab11fe88:198440:199650,0xc36442b4a4522e871399cd717abdd847ab11fe88,198440,199650,34228742953222236,0.0088171880199848,1210,212,998,212,28288217316712.5917355371900826,0.0000072869322479,133.3192987288523635,138.9054274090710406,0.9450607262796911,1.325534413255087,2.2705951395347781,1.325534413255087,188430356624.01756,186764526368.35488,1665830255.66268,true,true,79838451648767070207.5993865560660363,79129500951112030513.1419481554771853,708950697655039694.457438400588851,true,true,950296030063.67675,941993765021.8871,8302265041.78965,true,true,392481050181629960775.187760735248318,388925014741181751668.6228856126585142,3556035440448209106.5648751225898038,true,true,1915242537134.0165,1898218568091.4169,17023969042.5996,true,true,770449032032704775429.7109838979916034,763371385278916292897.6617317111665299,7077646753788482532.0492521868250735,true,true
18,0x88e6a0c2ddd26feeb64f039a2c41296fcb3f5640,25036728,198652,3882047527583638849,19,S18_P19,198510:198750,0xc36442b4a4522e871399cd717abdd847ab11fe88:198510:198750,0xc36442b4a4522e871399cd717abdd847ab11fe88,198510,198750,31295736403536628,0.008061657200528,240,142,98,98,130398901681402.6166666666666667,0.0000335902383355,133.3192987288523635,138.9054274090710406,0.703953115853559,0.5822573245772906,1.2862104404308496,0.703953115853559,188430356624.01756,186907253775.61676,1523102848.4008,true,true,79838451648767070207.5993865560660363,79190256173101962551.8565447967974498,648195475665107655.7428417592685865,true,true,950296030063.67675,942705285009.516,7590745054.16075,true,true,392481050181629960775.187760735248318,389271476248262537685.1997916502571654,3209573933367423089.9879690849911526,true,true,1915242537134.0165,1901280194735.8054,13962342398.2111,true,true,770449032032704775429.7109838979916034,765833997038858830879.1437048069532376,4615034993845944550.5672790910383658,true,true
18,0x88e6a0c2ddd26feeb64f039a2c41296fcb3f5640,25036728,198652,3882047527583638849,20,S18_P20,198510:198670,0xc36442b4a4522e871399cd717abdd847ab11fe88:198510:198670,0xc36442b4a4522e871399cd717abdd847ab11fe88,198510,198670,37435546193272539,0.0096432477776938,160,142,18,18,233972163707953.36875,0.0000602702986106,133.3192987288523635,138.9054274090710406,0.842617003706354,0.1593335859452146,1.0019505896515686,0.842617003706354,188430356624.01756,186608477600.4958,1821879023.52176,true,true,79838451648767070207.5993865560660363,79273255930129398176.165915982789392,565195718637672031.4334705732766443,true,true,950296030063.67675,941215800735.83915,9080229327.8376,true,true,392481050181629960775.187760735248318,391281498059011417185.8752025522675314,1199552122618543589.3125581829807866,true,true,1915242537134.0165,1898547606975.6085,16694930158.408,true,true,770449032032704775429.7109838979916034,769192020822306712620.5098075773729497,1257011210398062809.2011763206186537,true,true
19,0x88e6a0c2ddd26feeb64f039a2c41296fcb3f5640,25026728,198550,4423187896727164259,1,S19_P1,198060:200130,0xc36442b4a4522e871399cd717abdd847ab11fe88:198060:200130,0xc36442b4a4522e871399cd717abdd847ab11fe88,198060,200130,892287530697189504,0.2017295108257592,2070,490,1580,490,431056778114584.3014492753623188,0.0000974538699641,130.6779217091247516,123.7728622217998044,43.3967604079133184,37.1836770243191022,80.5804374322324206,43.3967604079133184,215616724108.58612,171908779815.27868,43707944293.30744,true,true,90709647110540838345.784377837380974,72420759846966946473.5818097786712592,18288887263573891872.2025680587097148,true,true,1050655373690.6017,825310880577.63825,225344493112.96345,true,true,451764505307001117638.62620489268631,360182884041469908190.117401830837035,91581621265531209448.508803061849275,true,true,1994715384735.6748,1545037134918.7731,449678249816.9017,true,true,874229211803241642591.668327660988297,687493497336612386299.019155461227971,186735714466629256292.649172199760326,true,true
19,0x88e6a0c2ddd26feeb64f039a2c41296fcb3f5640,25026728,198550,4423187896727164259,2,S19_P2,195610:209470,0xc36442b4a4522e871399cd717abdd847ab11fe88:195610:209470,0xc36442b4a4522e871399cd717abdd847ab11fe88,195610,209470,350427488554237191,0.079225096635286,13860,2940,10920,2940,25283368582556.7958874458874459,0.0000057160964383,130.6779217091247516,123.7728622217998044,15.6289512662399078,12.263664863807626,27.8926161300475338,15.6289512662399078,215616724108.58612,198450218717.84968,17166505390.73644,true,true,90709647110540838345.784377837380974,83527813379621104848.4853586535531656,7181833730919733497.2990191838278084,true,true,1050655373690.6017,964562302301.92045,86093071388.68125,true,true,451764505307001117638.62620489268631,417493244756454871450.144487148641895,34271260550546246188.481717744044415,true,true,1994715384735.6748,1817453345663.9253,177262039071.7495,true,true,874229211803241642591.668327660988297,802034042325698588741.134803353632176,72195169477543053850.533524307356121,true,true
19,0x88e6a0c2ddd26feeb64f039a2c41296fcb3f5640,25026728,198550,4423187896727164259,3,S19_P3,196950:198700,0xc36442b4a4522e871399cd717abdd847ab11fe88:196950:198700,0xc36442b4a4522e871399cd717abdd847ab11fe88,196950,198700,237425705556218251,0.0536775084169262,1750,1600,150,150,135671831746410.4291428571428571,0.0000306728619525,130.6779217091247516,123.7728622217998044,10.0849175183865482,5.1353419268254565,15.2202594452120047,10.0849175183865482,215616724108.58612,203985910305.63392,11630813802.9522,true,true,90709647110540838345.784377837380974,85843857696204116287.5000993779033484,4865789414336722058.2842784594776256,true,true,1050655373690.6017,993872857024.43035,56782516666.17135,true,true,451764505307001117638.62620489268631,428677421903307821198.332356461138937,23087083403693296440.293848431547373,true,true,1994715384735.6748,1874513914201.4013,120201470534.2735,true,true,874229211803241642591.668327660988297,830083109707518517334.09177241775273,44146102095723125257.576555243235567,true,true
19,0x88e6a0c2ddd26feeb64f039a2c41296fcb3f5640,25026728,198550,4423187896727164259,4,S19_P4,198490:198640,0xc36442b4a4522e871399cd717abdd847ab11fe88:198490:198640,0xc36442b4a4522e871399cd717abdd847ab11fe88,198490,198640,511439937323039664,0.1156269978269446,150,60,90,60,3409599582153597.76,0.0007708466521796,130.6779217091247516,123.7728622217998044,6.4331452494704965,8.067278483127163,14.5004237325976595,8.067278483127163,215616724108.58612,190562761789.03008,25053962319.55604,true,true,90709647110540838345.784377837380974,80227605198676115852.2635433500013988,10482041911864722493.5208344873795752,true,true,1050655373690.6017,947696865818.5324,102958507872.0693,true,true,451764505307001117638.62620489268631,401668032472044399948.035453515609838,50096472834956717690.590751377076472,true,true,1994715384735.6748,1867562856147.6073,127152528588.0675,true,true,874229211803241642591.668327660988297,802962363663613200411.117468295168956,71266848139628442180.550859365819341,true,true
19,0x88e6a0c2ddd26feeb64f039a2c41296fcb3f5640,25026728,198550,4423187896727164259,5,S19_P5,194710:212350,0xc36442b4a4522e871399cd717abdd847ab11fe88:194710:212350,0xc36442b4a4522e871399cd717abdd847ab11fe88,194710,212350,171327716065031450,0.038733990068973,17640,3840,13800,3840,9712455559242.1456916099773243,0.0000021958044257,130.6779217091247516,123.7728622217998044,7.0814991140237651,5.6959348142578827,12.7774339282816478,7.0814991140237651,215616724108.58612,207223899775.9618,8392824332.62432,true,true,90709647110540838345.784377837380974,87198525544869998136.0733096105954604,3511121565670840209.7110682267855136,true,true,1050655373690.6017,1010038892832.284,40616480858.3177,true,true,451764505307001117638.62620489268631,435018034837383316094.476792918592976,16746470469617801544.149411974093334,true,true,1994715384735.6748,1907939778696.5753,86775606039.0995,true,true,874229211803241642591.668327660988297,840112495620263273471.547418549419318,34116716182978369120.120909111568979,true,true
19,0x88e6a0c2ddd26feeb64f039a2c41296fcb3f5640,25026728,198550,4423187896727164259,6,S19_P6,197610:199940,0xc36442b4a4522e871399cd717abdd847ab11fe88:197610:199940,0xc36442b4a4522e871399cd717abdd847ab11fe88,197610,199940,118114933958354994,0.026703575953839,2330,940,1390,940,50693104703156.6497854077253219,0.0000114607622119,130.6779217091247516,123.7728622217998044,4.7790410005296113,3.8694805913791833,8.6485215919087946,4.7790410005296113,215616724108.58612,209830659703.85468,5786064404.73144,true,true,90709647110540838345.784377837380974,88289084279413342328.048953099845552,2420562831127496017.735424737535422,true,true,1050655373690.6017,1022628866869.0941,28026506821.5076,true,true,451764505307001117638.62620489268631,440207882409902399858.520150205340362,11556622897098717780.106054687345948,true,true,1994715384735.6748,1934873474179.2822,59841910556.3926,true,true,874229211803241642591.668327660988297,850702047082349006142.290719293142311,23527164720892636449.377608367845986,true,true
19,0x88e6a0c2ddd26feeb64f039a2c41296fcb3f5640,25026728,198550,4423187896727164259,7,S19_P7,197690:199360,0xc36442b4a4522e871399cd717abdd847ab11fe88:197690:199360,0xc36442b4a4522e871399cd717abdd847ab11fe88,197690,199360,103699980261779448,0.0234446247102706,1670,860,810,810,62095796563939.7892215568862275,0.0000140386974313,130.6779217091247516,123.7728622217998044,4.1720442728551679,3.3838521280711574,7.5558964009263253,4.1720442728551679,215616724108.58612,210536807262.18916,5079916846.39696,true,true,90709647110540838345.784377837380974,88584504178964587139.936207593414324,2125142931576251205.84817024396665,true,true,1050655373690.6017,1026043330534.5944,24612043156.0073,true,true,451764505307001117638.62620489268631,441615594299183370967.429357942947925,10148911007817746671.196846949738385,true,true,1994715384735.6748,1942172592166.8383,52542792568.8365,true,true,874229211803241642591.668327660988297,853571775370805937301.293803960887494,20657436432435705290.374523700100803,true,true
19,0x88e6a0c2ddd26feeb64f039a2c41296fcb3f5640,25026728,198550,4423187896727164259,8,S19_P8,195610:200290,0xc36442b4a4522e871399cd717abdd847ab11fe88:195610:200290,0xc36442b4a4522e871399cd717abdd847ab11fe88,195610,200290,82346613047210432,0.0186170280281651,4680,2940,1740,1740,17595430138292.8273504273504274,0.0000039779974419,130.6779217091247516,123.7728622217998044,3.2855006344019385,2.671464652100733,5.9569652865026715,3.2855006344019385,215616724108.58612,211582846687.0652,4033877421.52092,true,true,90709647110540838345.784377837380974,89022115874402695276.7214508717080844,1687531236138143069.0629269656728896,true,true,1050655373690.6017,1031104279502.9209,19551094187.6808,true,true,451764505307001117638.62620489268631,443702282271209406532.430367724338727,8062223035791711106.195837168347583,true,true,1994715384735.6748,1952987203719.3367,41728181016.3381,true,true,874229211803241642591.668327660988297,857823637217140595196.405426365549676,16405574586101047395.262901295438621,true,true
19,0x88e6a0c2ddd26feeb64f039a2c41296fcb3f5640,25026728,198550,4423187896727164259,9,S19_P9,197940:199680,0xc36442b4a4522e871399cd717abdd847ab11fe88:197940:199680,0xc36442b4a4522e871399cd717abdd847ab11fe88,197940,199680,73508246392277394,0.0166188387444875,1740,610,1130,610,42246118616251.3758620689655172,0.0000095510567497,130.6779217091247516,123.7728622217998044,2.9224782643780821,2.3790148385199096,5.3014931028979917,2.9224782643780821,215616724108.58612,212015811912.02316,3600912196.56296,true,true,90709647110540838345.784377837380974,89203245807212575518.8241919404602784,1506401303328262826.9601858969206956,true,true,1050655373690.6017,1033200083169.2597,17455290521.342,true,true,451764505307001117638.62620489268631,444566465360729701544.959680471202101,7198039946271416093.666524421484209,true,true,1994715384735.6748,1957464220771.7972,37251163963.8776,true,true,874229211803241642591.668327660988297,859583810979409561893.1626862884711,14645400823832080698.505641372517197,true,true
19,0x88e6a0c2ddd26feeb64f039a2c41296fcb3f5640,25026728,198550,4423187896727164259,10,S19_P10,196950:206450,0xc36442b4a4522e871399cd717abdd847ab11fe88:196950:206450,0xc36442b4a4522e871399cd717abdd847ab11fe88,196950,206450,65989735192964238,0.0149190440771896,9500,1600,7900,1600,6946287915048.8671578947368421,0.0000015704256923,130.6779217091247516,123.7728622217998044,2.6163641182045255,2.1313388408550687,4.7477029590595942,2.6163641182045255,215616724108.58612,212384120021.88632,3232604086.6998,true,true,90709647110540838345.784377837380974,89357325728172564636.1121922440241676,1352321382368273709.6721855933568064,true,true,1050655373690.6017,1034983392073.2685,15671981617.3332,true,true,451764505307001117638.62620489268631,445301818280894716014.108659954605191,6462687026106401624.517544938081119,true,true,1994715384735.6748,1961273010780.5183,33442373955.1565,true,true,874229211803241642591.668327660988297,861081264069346808742.583468710638457,13147947733894833849.08485895034984,true,true
19,0x88e6a0c2ddd26feeb64f039a2c41296fcb3f5640,25026728,198550,4423187896727164259,11,S19_P11,198170:199740,0xc36442b4a4522e871399cd717abdd847ab11fe88:198170:199740,0xc36442b4a4522e871399cd717abdd847ab11fe88,198170,199740,61799123520925557,0.0139716252087442,1570,380,1190,380,39362499057914.367515923566879,0.0000088991243368,130.6779217091247516,123.7728622217998044,2.2089129866456396,1.9937281247009899,4.2026411113466295,2.2089129866456396,215616724108.58612,212589404053.44052,3027320055.1456,true,true,90709647110540838345.784377837380974,89443205451096523964.7644482692912232,1266441659444314381.0199295680897508,true,true,1050655373690.6017,1035977563811.4901,14677809879.1116,true,true,451764505307001117638.62620489268631,445711771347989093905.83893525329618,6052733959012023732.78726963939013,true,true,1994715384735.6748,1963396059108.9944,31319325626.6804,true,true,874229211803241642591.668327660988297,861915954974457130542.548690583882729,12313256828784512049.119637077105568,true,true
19,0x88e6a0c2ddd26feeb64f039a2c41296fcb3f5640,25026728,198550,4423187896727164259,12,S19_P12,196750:199130,0xc36442b4a4522e871399cd717abdd847ab11fe88:196750:199130,0xc36442b4a4522e871399cd717abdd847ab11fe88,196750,199130,56441995567576801,0.0127604788413668,2380,1800,580,580,23715124188057.4794117647058824,0.0000053615457317,130.6779217091247516,123.7728622217998044,2.2296799761085687,1.8182650016391033,4.047944977747672,2.2296799761085687,215616724108.58612,212851833436.10312,2764890672.483,true,true,90709647110540838345.784377837380974,89552990705208981583.4419715319046724,1156656405331856762.3424063054763016,true,true,1050655373690.6017,1037248691587.0243,13406682103.5774,true,true,451764505307001117638.62620489268631,446235931653526881956.267279741970387,5528573653474235682.358925150715923,true,true,1994715384735.6748,1966110226249.6154,28605158486.0594,true,true,874229211803241642591.668327660988297,862983047358219031526.138762205753195,11246164445022611065.529565455235102,true,true
19,0x88e6a0c2ddd26feeb64f039a2c41296fcb3f5640,25026728,198550,4423187896727164259,13,S19_P13,197500:199360,0xc36442b4a4522e871399cd717abdd847ab11fe88:197500:199360,0xc36442b4a4522e871399cd717abdd847ab11fe88,197500,199360,53803476248973734,0.0121639590054007,1860,1050,810,810,28926600133856.8462365591397849,0.0000065397629061,130.6779217091247516,123.7728622217998044,2.1233207967602007,1.7320314725999827,3.8553522693601834,2.1233207967602007,215616724108.58612,212981085728.73868,2635638379.84744,true,true,90709647110540838345.784377837380974,89607062753617732407.0956834503738292,1102584356923105938.6886943870071448,true,true,1050655373690.6017,1037874841321.4101,12780532369.1916,true,true,451764505307001117638.62620489268631,446494130932360771174.123468197797327,5270374374640346464.502736694888983,true,true,1994715384735.6748,1967447077832.4069,27268306903.2679,true,true,874229211803241642591.668327660988297,863508638955677360757.911671189920939,10720572847564281833.756656471067358,true,true
19,0x88e6a0c2ddd26feeb64f039a2c41296fcb3f5640,25026728,198550,4423187896727164259,14,S19_P14,193130:200340,0xc36442b4a4522e871399cd717abdd847ab11fe88:193130:200340,0xc36442b4a4522e871399cd717abdd847ab11fe88,193130,200340,37619268342446439,0.0085050124979502,7210,5420,1790,1790,5217651642502.9735090152565881,0.0000011796133839,130.6779217091247516,123.7728622217998044,1.4756221060333614,1.2057650227268115,2.6813871287601729,1.4756221060333614,215616724108.58612,213773895500.51172,1842828608.0744,true,true,90709647110540838345.784377837380974,89938727559402181986.6363624478890572,770919551138656359.1480153894919168,true,true,1050655373690.6017,1041716791596.6642,8938582093.9375,true,true,451764505307001117638.62620489268631,448078416552796368182.151579586440723,3686088754204749456.474625306245587,true,true,1994715384735.6748,1975647891707.4597,19067493028.2151,true,true,874229211803241642591.668327660988297,866732837437981861430.338587318359406,7496374365259781161.329740342628891,true,true
19,0x88e6a0c2ddd26feeb64f039a2c41296fcb3f5640,25026728,198550,4423187896727164259,15,S19_P15,194970:200900,0xc36442b4a4522e871399cd717abdd847ab11fe88:194970:200900,0xc36442b4a4522e871399cd717abdd847ab11fe88,194970,200900,36592465897475683,0.0082728716825599,5930,3580,2350,2350,6170736239034.6851602023608769,0.0000013950879735,130.6779217091247516,123.7728622217998044,1.4347965819886523,1.1725305767369559,2.6073271587256082,1.4347965819886523,215616724108.58612,213824194992.85252,1792529115.7336,true,true,90709647110540838345.784377837380974,89959769655162522723.1320904534732968,749877455378315622.6522873839076772,true,true,1050655373690.6017,1041960615796.4531,8694757894.1486,true,true,451764505307001117638.62620489268631,448178962021107543705.511433127345674,3585543285893573933.114771765340636,true,true,1994715384735.6748,1976168236273.6678,18547148462.007,true,true,874229211803241642591.668327660988297,866937413169879647539.75996851402444,7291798633361995051.908359146963857,true,true
19,0x88e6a0c2ddd26feeb64f039a2c41296fcb3f5640,25026728,198550,4423187896727164259,16,S19_P16,198280:199400,0xc36442b4a4522e871399cd717abdd847ab11fe88:198280:199400,0xc36442b4a4522e871399cd717abdd847ab11fe88,198280,199400,40924231069844656,0.0092522027156309,1120,270,850,270,36539492026647.0142857142857143,0.0000082608952818,130.6779217091247516,123.7728622217998044,1.2767121261457148,1.3128612033015273,2.5895733294472421,1.3128612033015273,215616724108.58612,213611996713.41484,2004727395.17128,true,true,90709647110540838345.784377837380974,89870998549743520113.453927958147716,838648560797318232.330449879233258,true,true,1050655373690.6017,1040932055915.3123,9723317775.2894,true,true,451764505307001117638.62620489268631,447754816269663775454.763118320893604,4009689037337342183.863086571792706,true,true,1994715384735.6748,1973973099601.0377,20742285134.6371,true,true,874229211803241642591.668327660988297,866074384318502001569.430016192047591,8154827484739641022.238311468940706,true,true
19,0x88e6a0c2ddd26feeb64f039a2c41296fcb3f5640,25026728,198550,4423187896727164259,17,S19_P17,196260:200390,0xc36442b4a4522e871399cd717abdd847ab11fe88:196260:200390,0xc36442b4a4522e871399cd717abdd847ab11fe88,196260,200390,33467064267190909,0.007566276868309,4130,2290,1840,1840,8103405391571.6486682808716707,0.0000018320282974,130.6779217091247516,123.7728622217998044,1.3107231280325384,1.0714836512631957,2.3822067792957341,1.3107231280325384,215616724108.58612,213977296490.14848,1639427618.43764,true,true,90709647110540838345.784377837380974,90023817768888703865.613772538704848,685829341652134480.170605298676126,true,true,1050655373690.6017,1042702824571.8995,7952549118.7022,true,true,451764505307001117638.62620489268631,448485026894925924469.010198599023604,3279478412075193169.616006293662706,true,true,1994715384735.6748,1977752104467.2088,16963280268.466,true,true,874229211803241642591.668327660988297,867560116968096978231.322915000689783,6669094835144664360.345412660298514,true,true
19,0x88e6a0c2ddd26feeb64f039a2c41296fcb3f5640,25026728,198550,4423187896727164259,18,S19_P18,198490:200310,0xc36442b4a4522e871399cd717abdd847ab11fe88:198490:200310,0xc36442b4a4522e871399cd717abdd847ab11fe88,198490,200310,51789733923869988,0.0117086895544706,1820,60,1760,60,28455897760368.1252747252747253,0.000006433345909,130.6779217091247516,123.7728622217998044,0.635531500949577,1.6662997953541572,2.3018312963037342,1.6662997953541572,215616724108.58612,213079732237.90872,2536991870.6774,true,true,90709647110540838345.784377837380974,89648331106406967971.6920992764817908,1061316004133870374.0922785608991832,true,true,1050655373690.6017,1040630017546.02,10025356144.5817,true,true,451764505307001117638.62620489268631,446691207728353693124.703513592462576,5073297578647424513.922691300223734,true,true,1994715384735.6748,1981800215986.933,12915168748.7418,true,true,874229211803241642591.668327660988297,863909785249841402223.273374283399,10319426553400240368.394953377589297,true,true
19,0x88e6a0c2ddd26feeb64f039a2c41296fcb3f5640,25026728,198550,4423187896727164259,19,S19_P19,198370:199760,0xc36442b4a4522e871399cd717abdd847ab11fe88:198370:199760,0xc36442b4a4522e871399cd717abdd847ab11fe88,198370,199760,33955963454359971,0.007676807824394,1390,180,1210,180,24428750686589.9071942446043165,0.0000055228833269,130.6779217091247516,123.7728622217998044,0.8851531010348862,1.0872789993581833,1.9724321003930695,1.0872789993581833,215616724108.58612,213953347616.3716,1663376492.21452,true,true,90709647110540838345.784377837380974,90013799244104171245.783295887633478,695847866436667100.001081949747496,true,true,1050655373690.6017,1042603908832.3264,8051464858.2753,true,true,451764505307001117638.62620489268631,448437147641241833719.189159302215757,3327357665759283919.437045590470553,true,true,1994715384735.6748,1977898941818.222,16816442917.4528,true,true,874229211803241642591.668327660988297,867462707598945268552.453025461117236,6766504204296374039.215302199871061,true,true
19,0x88e6a0c2ddd26feeb64f039a2c41296fcb3f5640,25026728,198550,4423187896727164259,20,S19_P20,198440:199650,0xc36442b4a4522e871399cd717abdd847ab11fe88:198440:199650,0xc36442b4a4522e871399cd717abdd847ab11fe88,198440,199650,34228742953222236,0.0077384781638033,1210,110,1100,110,28288217316712.5917355371900826,0.000006395436499,130.6779217091247516,123.7728622217998044,0.6591520104200752,1.096093738325885,1.7552457487459602,1.096093738325885,215616724108.58612,213939984463.99812,1676739644.588,true,true,90709647110540838345.784377837380974,90008209147872349420.5776447272648144,701437962668488925.2067331101161596,true,true,1050655373690.6017,1042694066690.893,7961306999.7087,true,true,451764505307001117638.62620489268631,448410434103311730797.023551386094181,3354071203689386841.602653506592129,true,true,1994715384735.6748,1981322516733.046,13392868002.6288,true,true,874229211803241642591.668327660988297,867408358804262589150.833918273938947,6820852998979053440.83440938704935,true,true
20,0x88e6a0c2ddd26feeb64f039a2c41296fcb3f5640,25016728,198761,4011927605412608976,1,S20_P1,198060:200130,0xc36442b4a4522e871399cd717abdd847ab11fe88:198060:200130,0xc36442b4a4522e871399cd717abdd847ab11fe88,198060,200130,892287530697189504,0.2224086819247133,2070,701,1369,701,431056778114584.3014492753623188,0.0001074438076931,130.8254963361888204,129.1155701944407389,41.0102609506647553,36.6324908769153285,77.6427518275800838,41.0102609506647553,194478175120.36708,151210387860.49148,43267787259.8756,true,true,83080384659952251287.185067475608148,64608582517094083704.410647098564336,18471802142858167582.774420377043812,true,true,969362471777.02195,751979765067.69025,217382706709.3317,true,true,416351523974507081202.9127845689141796,324019465860108062854.8666198066351852,92332058114399018348.0461647622789944,true,true,1927307591696.7044,1491243429109.18,436064162587.5244,true,true,832987924645522303831.7676958946530104,648104836382962699348.7376909614999274,184883088262559604483.030004933153083,true,true
20,0x88e6a0c2ddd26feeb64f039a2c41296fcb3f5640,25016728,198761,4011927605412608976,2,S20_P2,195610:209470,0xc36442b4a4522e871399cd717abdd847ab11fe88:195610:209470,0xc36442b4a4522e871399cd717abdd847ab11fe88,195610,209470,350427488554237191,0.0873464137492075,13860,3151,10709,3151,25283368582556.7958874458874459,0.0000063020500541,130.8254963361888204,129.1155701944407389,13.402168304436517,12.5066834888379055,25.9088517932744225,13.402168304436517,194478175120.36708,177544335631.18696,16933839489.18012,true,true,83080384659952251287.185067475608148,75824812312821109644.6860576673581805,7255572347131141642.4990098082499675,true,true,969362471777.02195,883995073312.4742,85367398464.54775,true,true,416351523974507081202.9127845689141796,380129599684650364161.2850058331376066,36221924289856717041.627778735776573,true,true,1927307591696.7044,1756100949260.7908,171206642435.9136,true,true,832987924645522303831.7676958946530104,760339327729311214021.6951105683184644,72648596916211089810.072585326334546,true,true
20,0x88e6a0c2ddd26feeb64f039a2c41296fcb3f5640,25016728,198761,4011927605412608976,3,S20_P3,197690:199360,0xc36442b4a4522e871399cd717abdd847ab11fe88:197690:199360,0xc36442b4a4522e871399cd717abdd847ab11fe88,197690,199360,236378476623160932,0.0589189287225063,1670,1071,599,599,141543997977940.6778443113772455,0.0000352807956422,130.8254963361888204,129.1155701944407389,8.7343738641086548,8.1889547078532531,16.9233285719619079,8.7343738641086548,194478175120.36708,183066929226.16876,11411245894.19832,true,true,83080384659952251287.185067475608148,78186260186380705836.620073073957389,4894124473571545450.564994401650759,true,true,969362471777.02195,911766890447.6132,57595581329.40875,true,true,416351523974507081202.9127845689141796,391925263971704053692.7296029582915472,24426260002803027510.1831816106226324,true,true,1927307591696.7044,1811817851864.7654,115489739831.939,true,true,832987924645522303831.7676958946530104,783978666504292660137.2153900091640866,49009258141229643694.5523058854889238,true,true
20,0x88e6a0c2ddd26feeb64f039a2c41296fcb3f5640,25016728,198761,4011927605412608976,4,S20_P4,194710:212350,0xc36442b4a4522e871399cd717abdd847ab11fe88:194710:212350,0xc36442b4a4522e871399cd717abdd847ab11fe88,194710,212350,171327716065031450,0.0427045881470763,17640,4051,13589,4051,9712455559242.1456916099773243,0.0000024208950197,130.8254963361888204,129.1155701944407389,6.2114997733503713,5.8322433412271522,12.0437431145775235,6.2114997733503713,194478175120.36708,186212166740.92244,8266008379.44464,true,true,83080384659952251287.185067475608148,79533138940512239779.9486720181850615,3547245719440011507.2363954574230865,true,true,969362471777.02195,927609248138.21135,41753223638.8106,true,true,416351523974507081202.9127845689141796,398651087985087105423.5703123287159847,17700435989419975779.3424722401981949,true,true,1927307591696.7044,1843599024159.4877,83708567537.2167,true,true,832987924645522303831.7676958946530104,797463844261039173566.6076861406307478,35524080384483130265.1600097540222626,true,true
20,0x88e6a0c2ddd26feeb64f039a2c41296fcb3f5640,25016728,198761,4011927605412608976,5,S20_P5,197610:199940,0xc36442b4a4522e871399cd717abdd847ab11fe88:197610:199940,0xc36442b4a4522e871399cd717abdd847ab11fe88,197610,199940,118114933958354994,0.029440943500327,2330,1151,1179,1151,50693104703156.6497854077253219,0.0000126355980688,130.8254963361888204,129.1155701944407389,4.2173538640358676,3.9644918644653317,8.1818457285011993,4.2173538640358676,194478175120.36708,188782344438.91996,5695830681.44712,true,true,83080384659952251287.185067475608148,80634895891201462707.8355164651182215,2445488768750788579.3495510104899265,true,true,969362471777.02195,940572697687.03965,28789774089.9823,true,true,416351523974507081202.9127845689141796,404150806148037346158.6971416106527626,12200717826469735044.215642958261417,true,true,1927307591696.7044,1869597657803.2325,57709933893.4719,true,true,832987924645522303831.7676958946530104,808495604353429388016.363982234882026,24492320292092915815.4037136597709844,true,true
20,0x88e6a0c2ddd26feeb64f039a2c41296fcb3f5640,25016728,198761,4011927605412608976,6,S20_P6,195610:200290,0xc36442b4a4522e871399cd717abdd847ab11fe88:195610:200290,0xc36442b4a4522e871399cd717abdd847ab11fe88,195610,200290,82346613047210432,0.0205254483994462,4680,3151,1529,1529,17595430138292.8273504273504274,0.0000043857795725,130.8254963361888204,129.1155701944407389,2.9105908466963036,2.7381994071540804,5.648790253850384,2.9105908466963036,194478175120.36708,190508546067.34048,3969629053.0266,true,true,83080384659952251287.185067475608148,81375461101264046097.3840266663045595,1704923558688205189.8010408093035885,true,true,969362471777.02195,949288689631.4052,20073782145.61675,true,true,416351523974507081202.9127845689141796,407846502201738719397.5226537807969234,8505021772768361805.3901307881172562,true,true,1927307591696.7044,1887073628486.8856,40233963209.8188,true,true,832987924645522303831.7676958946530104,815911163578437673780.5647284025102034,17076761067084630051.202967492142807,true,true
20,0x88e6a0c2ddd26feeb64f039a2c41296fcb3f5640,25016728,198761,4011927605412608976,7,S20_P7,197940:199680,0xc36442b4a4522e871399cd717abdd847ab11fe88:197940:199680,0xc36442b4a4522e871399cd717abdd847ab11fe88,197940,199680,73508246392277394,0.0183224259313915,1740,821,919,821,42246118616251.3758620689655172,0.0000105301298456,130.8254963361888204,129.1155701944407389,2.591741068418222,2.4387004788353276,5.0304415472535496,2.591741068418222,194478175120.36708,190934912402.15188,3543262718.2152,true,true,83080384659952251287.185067475608148,81558454606428637409.5890105715907265,1521930053523613877.5960569040174215,true,true,969362471777.02195,951442712705.2689,17919759071.75305,true,true,416351523974507081202.9127845689141796,408759576846022071663.1462707525743673,7591947128485009539.7665138163398123,true,true,1927307591696.7044,1891391972969.2199,35915618727.4845,true,true,832987924645522303831.7676958946530104,817743623414340121949.2925976497405682,15244301231182181882.4750982449124422,true,true
20,0x88e6a0c2ddd26feeb64f039a2c41296fcb3f5640,25016728,198761,4011927605412608976,8,S20_P8,196950:206450,0xc36442b4a4522e871399cd717abdd847ab11fe88:196950:206450,0xc36442b4a4522e871399cd717abdd847ab11fe88,196950,206450,65989735192964238,0.0164483863327782,9500,1811,7689,1811,6946287915048.8671578947368421,0.0000017314090877,130.8254963361888204,129.1155701944407389,2.3217512894820353,2.1850062242796852,4.5067575137617205,2.3217512894820353,194478175120.36708,191297551468.11096,3180623652.25612,true,true,83080384659952251287.185067475608148,81714120776010036465.9221156295584985,1366263883942214821.2629518460496495,true,true,969362471777.02195,953275165645.1903,16087306131.83165,true,true,416351523974507081202.9127845689141796,409536257868497211633.2342373332242173,6815266106009869569.6785472356899623,true,true,1927307591696.7044,1895065453861.7545,32242137834.9499,true,true,832987924645522303831.7676958946530104,819302514228746438148.3054520912605912,13685410416775865683.4622438033924192,true,true
20,0x88e6a0c2ddd26feeb64f039a2c41296fcb3f5640,25016728,198761,4011927605412608976,9,S20_P9,198170:199740,0xc36442b4a4522e871399cd717abdd847ab11fe88:198170:199740,0xc36442b4a4522e871399cd717abdd847ab11fe88,198170,199740,61799123520925557,0.0154038481246647,1570,591,979,591,39362499057914.367515923566879,0.0000098113682323,130.8254963361888204,129.1155701944407389,2.1717601415931436,2.0440325015291926,4.2157926431223362,2.1717601415931436,194478175120.36708,191499653989.4296,2978521130.93748,true,true,83080384659952251287.185067475608148,81800884845108143762.771245414547574,1279499814844107524.413822061060574,true,true,969362471777.02195,954296562862.21455,15065908914.8074,true,true,416351523974507081202.9127845689141796,409969142331638278553.2153165001398692,6382381642868802649.6974680687743104,true,true,1927307591696.7044,1897112952810.3832,30194638886.3212,true,true,832987924645522303831.7676958946530104,820171428268726933965.0079008422333412,12816496376795369866.7597950524196692,true,true
20,0x88e6a0c2ddd26feeb64f039a2c41296fcb3f5640,25016728,198761,4011927605412608976,10,S20_P10,196750:199130,0xc36442b4a4522e871399cd717abdd847ab11fe88:196750:199130,0xc36442b4a4522e871399cd717abdd847ab11fe88,196750,199130,56441995567576801,0.0140685478699639,2380,2011,369,369,23715124188057.4794117647058824,0.0000059111545672,130.8254963361888204,129.1155701944407389,1.9805285258629799,1.7660539521156393,3.7465824779786192,1.9805285258629799,194478175120.36708,191757993076.63468,2720182043.7324,true,true,83080384659952251287.185067475608148,81911800379574033349.6929148376624565,1168584280378217937.4921526379456915,true,true,969362471777.02195,955602322430.20535,13760149346.8166,true,true,416351523974507081202.9127845689141796,410522508542424749436.3975017726568393,5829015432082331766.5152827962573403,true,true,1927307591696.7044,1899730404384.361,27577187312.3434,true,true,832987924645522303831.7676958946530104,821282248727495087341.8596282335035504,11705675918027216489.90806766114946,true,true
20,0x88e6a0c2ddd26feeb64f039a2c41296fcb3f5640,25016728,198761,4011927605412608976,11,S20_P11,197500:199360,0xc36442b4a4522e871399cd717abdd847ab11fe88:197500:199360,0xc36442b4a4522e871399cd717abdd847ab11fe88,197500,199360,53803476248973734,0.0134108791435782,1860,1261,599,599,28926600133856.8462365591397849,0.0000072101500772,130.8254963361888204,129.1155701944407389,1.8865525760534352,1.7759026051679275,3.6624551812213627,1.8865525760534352,194478175120.36708,191885220089.04424,2592955031.32284,true,true,83080384659952251287.185067475608148,81966429087701198350.365373105556991,1113955572251052936.819694370051157,true,true,969362471777.02195,956245457172.44025,13117014604.5817,true,true,416351523974507081202.9127845689141796,410795048155647010058.0414956858140549,5556475818860071144.8712888831001247,true,true,1927307591696.7044,1901019564600.6059,26288027096.0985,true,true,832987924645522303831.7676958946530104,821829368952064739059.088926944150711,11158555693457564772.6787689505022994,true,true
20,0x88e6a0c2ddd26feeb64f039a2c41296fcb3f5640,25016728,198761,4011927605412608976,12,S20_P12,198490:200310,0xc36442b4a4522e871399cd717abdd847ab11fe88:198490:200310,0xc36442b4a4522e871399cd717abdd847ab11fe88,198490,200310,51612840770055294,0.012864848483413,1820,271,1549,271,28358703719810.6010989010989011,0.0000070685980678,130.8254963361888204,129.1155701944407389,1.5121288038454545,1.7026339404479948,3.2147627442934493,1.7026339404479948,194478175120.36708,191990846458.145,2487328662.22208,true,true,83080384659952251287.185067475608148,82011784530889523398.456495348631787,1068600129062727888.728572126976361,true,true,969362471777.02195,956779430538.5932,12583041238.42875,true,true,416351523974507081202.9127845689141796,411021321027478699283.4325746644182533,5330202947028381919.4802099044959263,true,true,1927307591696.7044,1902089893125.0759,25217698571.6285,true,true,832987924645522303831.7676958946530104,822283623070607628405.0892496436133776,10704301574914675426.6784462510396328,true,true
20,0x88e6a0c2ddd26feeb64f039a2c41296fcb3f5640,25016728,198761,4011927605412608976,13,S20_P13,198280:199400,0xc36442b4a4522e871399cd717abdd847ab11fe88:198280:199400,0xc36442b4a4522e871399cd717abdd847ab11fe88,198280,199400,40924231069844656,0.010200640463859,1120,481,639,481,36539492026647.0142857142857143,0.0000091077146999,130.8254963361888204,129.1155701944407389,1.4134202008862697,1.3463246419652327,2.7597448428515024,1.4134202008862697,194478175120.36708,192506157903.17656,1972017217.19052,true,true,83080384659952251287.185067475608148,82233084225170380051.717492102427904,847300434781871235.467575373180244,true,true,969362471777.02195,959384916628.09835,9977555148.9236,true,true,416351523974507081202.9127845689141796,412125311549986648783.3702048413923382,4226212424520432419.5425797275218414,true,true,1927307591696.7044,1907312269774.1001,19995321922.6043,true,true,832987924645522303831.7676958946530104,824500120030284531085.6755324427378734,8487804615237772746.092163451915137,true,true
20,0x88e6a0c2ddd26feeb64f039a2c41296fcb3f5640,25016728,198761,4011927605412608976,14,S20_P14,193130:200340,0xc36442b4a4522e871399cd717abdd847ab11fe88:193130:200340,0xc36442b4a4522e871399cd717abdd847ab11fe88,193130,200340,37619268342446439,0.0093768562253449,7210,5631,1579,1579,5217651642502.9735090152565881,0.000001300534844,130.8254963361888204,129.1155701944407389,1.3131376786443786,1.2365488489911035,2.5496865276354821,1.3131376786443786,194478175120.36708,192665473551.07832,1812701569.28876,true,true,83080384659952251287.185067475608148,82301510729686966966.2999605013100365,778873930265284320.8851069742981115,true,true,969362471777.02195,960190581533.3783,9171890243.64365,true,true,416351523974507081202.9127845689141796,412466654438961745968.8834055519563199,3884869535545335234.0293790169578597,true,true,1927307591696.7044,1908927051094.589,18380540602.1154,true,true,832987924645522303831.7676958946530104,825185499445828706421.4081355251641582,7802425199693597410.3595603694888522,true,true
20,0x88e6a0c2ddd26feeb64f039a2c41296fcb3f5640,25016728,198761,4011927605412608976,15,S20_P15,194970:200900,0xc36442b4a4522e871399cd717abdd847ab11fe88:194970:200900,0xc36442b4a4522e871399cd717abdd847ab11fe88,194970,200900,36592465897475683,0.0091209187942743,5930,3791,2139,2139,6170736239034.6851602023608769,0.0000015380976044,130.8254963361888204,129.1155701944407389,1.276931591421777,1.2024811260991425,2.4794127175209195,1.276931591421777,194478175120.36708,192714968098.14884,1763207022.21824,true,true,83080384659952251287.185067475608148,82322770492043170874.9451447591424155,757614167909080412.2399227164657325,true,true,969362471777.02195,960440893214.7008,8921578562.32115,true,true,416351523974507081202.9127845689141796,412572703271460436343.7048632270746131,3778820703046644859.2079213418395665,true,true,1927307591696.7044,1909428739397.301,17878852299.4034,true,true,832987924645522303831.7676958946530104,825398439534280617686.1577802292697344,7589485111241686145.609915665383276,true,true
20,0x88e6a0c2ddd26feeb64f039a2c41296fcb3f5640,25016728,198761,4011927605412608976,16,S20_P16,198720:199480,0xc36442b4a4522e871399cd717abdd847ab11fe88:198720:199480,0xc36442b4a4522e871399cd717abdd847ab11fe88,198720,199480,58616706404834689,0.0146106092058474,760,41,719,41,77127245269519.3276315789473684,0.0000192244857972,130.8254963361888204,129.1155701944407389,0.5076497202188951,1.9371789732701914,2.4448286934890865,1.9371789732701914,194478175120.36708,191727960488.15456,2750214632.21252,true,true,83080384659952251287.185067475608148,81866774023912588675.104538891077981,1213610636039662612.080528584530167,true,true,969362471777.02195,960184339874.81655,9178131902.2054,true,true,416351523974507081202.9127845689141796,410297873428633727546.9620139323738974,6053650545873353655.9507706365402822,true,true,1927307591696.7044,1916928056081.7592,10379535614.9452,true,true,832987924645522303831.7676958946530104,820831309886542212712.5786973390590624,12156614758980091119.188998555593948,true,true
20,0x88e6a0c2ddd26feeb64f039a2c41296fcb3f5640,25016728,198761,4011927605412608976,17,S20_P17,198370:199760,0xc36442b4a4522e871399cd717abdd847ab11fe88:198370:199760,0xc36442b4a4522e871399cd717abdd847ab11fe88,198370,199760,33955963454359971,0.0084637527876996,1390,391,999,391,24428750686589.9071942446043165,0.0000060890307825,130.8254963361888204,129.1155701944407389,1.1197495523358438,1.1150884263127773,2.2348379786486211,1.1197495523358438,194478175120.36708,192842049014.75964,1636126105.60744,true,true,83080384659952251287.185067475608148,82377356371602177998.030249601695199,703028288350073289.154817873912949,true,true,969362471777.02195,961083621524.52935,8278850252.4926,true,true,416351523974507081202.9127845689141796,412844998924101914071.050970703024601,3506525050405167131.8618138658895786,true,true,1927307591696.7044,1910716915557.1245,16590676139.5799,true,true,832987924645522303831.7676958946530104,825945207740698053639.4674767644989156,7042716904824250192.3002191301540948,true,true
20,0x88e6a0c2ddd26feeb64f039a2c41296fcb3f5640,25016728,198761,4011927605412608976,18,S20_P18,198440:199650,0xc36442b4a4522e871399cd717abdd847ab11fe88:198440:199650,0xc36442b4a4522e871399cd717abdd847ab11fe88,198440,199650,34228742953222236,0.008531744916594,1210,321,889,321,28288217316712.5917355371900826,0.0000070510288567,130.8254963361888204,129.1155701944407389,1.061968721875235,1.1241247953985603,2.1860935172737953,1.1241247953985603,194478175120.36708,192828902224.4524,1649272895.91468,true,true,83080384659952251287.185067475608148,82371709372102078007.664683602778871,708675287850173279.520383872829277,true,true,969362471777.02195,961017122890.8424,8345348886.17955,true,true,416351523974507081202.9127845689141796,412816826969299977405.5344569165735933,3534697005207103797.3783276523405863,true,true,1927307591696.7044,1910583637650.3574,16723954046.347,true,true,832987924645522303831.7676958946530104,825888637437245069528.7686364483790764,7099287208277234302.999059446273934,true,true
20,0x88e6a0c2ddd26feeb64f039a2c41296fcb3f5640,25016728,198761,4011927605412608976,19,S20_P19,198730:198880,0xc36442b4a4522e871399cd717abdd847ab11fe88:198730:198880,0xc36442b4a4522e871399cd717abdd847ab11fe88,198730,198880,60303476277119755,0.0150310479670078,150,31,119,31,402023175180798.3666666666666667,0.0001002069864467,130.8254963361888204,129.1155701944407389,0.4089184979259166,1.1561709212320187,1.5650894191579353,1.1561709212320187,194478175120.36708,191851762220.55704,2626412899.81004,true,true,83080384659952251287.185067475608148,81831850746168678294.543885712163625,1248533913783572992.641181763444523,true,true,969362471777.02195,961755260797.1249,7607210979.89705,true,true,416351523974507081202.9127845689141796,410123637576334068125.7642961993634559,6227886398173013077.1484883695507237,true,true,1927307591696.7044,1919002445248.4867,8305146448.2177,true,true,832987924645522303831.7676958946530104,822647022838541036596.7910440161504938,10340901806981267234.9766518785025166,true,true
20,0x88e6a0c2ddd26feeb64f039a2c41296fcb3f5640,25016728,198761,4011927605412608976,20,S20_P20,198710:198860,0xc36442b4a4522e871399cd717abdd847ab11fe88:198710:198860,0xc36442b4a4522e871399cd717abdd847ab11fe88,198710,198860,54981734693040268,0.0137045680033864,150,51,99,51,366544897953601.7866666666666667,0.0000913637866892,130.8254963361888204,129.1155701944407389,0.5717685202916154,0.9343888767322232,1.5061573970238386,0.9343888767322232,194478175120.36708,191828990281.7112,2649184838.65588,true,true,83080384659952251287.185067475608148,81942033723488031243.3059921532293115,1138350936464220043.8790753223788365,true,true,969362471777.02195,959356401135.96215,10006070641.0598,true,true,416351523974507081202.9127845689141796,410684623817163550061.8423057359241494,5666900157343531141.0704788329900302,true,true,1927307591696.7044,1915544924985.5943,11762666711.1101,true,true,832987924645522303831.7676958946530104,824556224085143061571.0444322454407586,8431700560379242260.7232636492122518,true,true
21,0x88e6a0c2ddd26feeb64f039a2c41296fcb3f5640,25006728,198898,4082576258547662908,1,S21_P1,198060:200130,0xc36442b4a4522e871399cd717abdd847ab11fe88:198060:200130,0xc36442b4a4522e871399cd717abdd847ab11fe88,198060,200130,892287530697189504,0.2185599176081556,2070,838,1232,838,431056778114584.3014492753623188,0.00010558450126,129.0331505165129127,129.4028318479181325,38.9377201864558968,31.9433427076595637,70.8810628941154605,38.9377201864558968,196558929640.1828,153533973680.84948,43024955959.33332,true,true,85184394706528531911.634623687772198,66572701258368532706.3163036082438077,18611693448159999205.3183200795283903,true,true,981189059928.04045,764022200266.43115,217166859661.6093,true,true,425311375603261323977.759181866786753,331530882865948822804.2666855873374174,93780492737312501173.4924962794493356,true,true,1943636267293.1498,1511193099675.8288,432443167617.321,true,true,841056959007162859557.2050863523347288,654230036739182782412.3839882700453312,186826922267980077144.8210980822893976,true,true
21,0x88e6a0c2ddd26feeb64f039a2c41296fcb3f5640,25006728,198898,4082576258547662908,2,S21_P2,195610:209470,0xc36442b4a4522e871399cd717abdd847ab11fe88:195610:209470,0xc36442b4a4522e871399cd717abdd847ab11fe88,195610,209470,350427488554237191,0.0858348910986168,13860,3288,10572,3288,25283368582556.7958874458874459,0.0000061929935858,129.0331505165129127,129.4028318479181325,12.8045033437593822,11.3396333453576869,24.1441366891170691,12.8045033437593822,196558929640.1828,179655201561.36696,16903728078.81584,true,true,85184394706528531911.634623687772198,77876400754981020342.8324882139425538,7307993951547511568.8021354738296442,true,true,981189059928.04045,895901466080.4889,85287593847.55155,true,true,425311375603261323977.759181866786753,388448416244372196196.5798837016055832,36862959358889127781.1792981651811698,true,true,1943636267293.1498,1773768494310.4598,169867772982.69,true,true,841056959007162859557.2050863523347288,767596193080037241079.5964400784643508,73460765927125618477.608646273870378,true,true
21,0x88e6a0c2ddd26feeb64f039a2c41296fcb3f5640,25006728,198898,4082576258547662908,3,S21_P3,197690:199360,0xc36442b4a4522e871399cd717abdd847ab11fe88:197690:199360,0xc36442b4a4522e871399cd717abdd847ab11fe88,197690,199360,236378476623160932,0.0578993414093018,1670,1208,462,462,141543997977940.6778443113772455,0.0000346702643169,129.0331505165129127,129.4028318479181325,8.3540667343841349,7.4819085894550268,15.8359753238391617,8.3540667343841349,196558929640.1828,185156264294.46648,11402665345.71632,true,true,85184394706528531911.634623687772198,80255085790296236337.3746572455236966,4929308916232295574.2599664422485014,true,true,981189059928.04045,923667959161.1652,57521100766.87525,true,true,425311375603261323977.759181866786753,400446179000301263095.5863308065488252,24865196602960060882.1728510602379278,true,true,1943636267293.1498,1829029658865.3556,114606608427.7942,true,true,841056959007162859557.2050863523347288,791485709189943568042.0235292988787952,49571249817219291515.1815570534559336,true,true
21,0x88e6a0c2ddd26feeb64f039a2c41296fcb3f5640,25006728,198898,4082576258547662908,4,S21_P4,194710:212350,0xc36442b4a4522e871399cd717abdd847ab11fe88:194710:212350,0xc36442b4a4522e871399cd717abdd847ab11fe88,194710,212350,171327716065031450,0.0419655886907988,17640,4188,13452,4188,9712455559242.1456916099773243,0.0000023790016265,129.0331505165129127,129.4028318479181325,5.9438910674722682,5.3808389199996979,11.3247299874719661,5.9438910674722682,196558929640.1828,188294146526.3962,8264783113.7866,true,true,85184394706528531911.634623687772198,81611720187252922775.1241473371640768,3572674519275609136.5104763506081212,true,true,981189059928.04045,939499746031.72845,41689313896.312,true,true,425311375603261323977.759181866786753,407289734466148398589.4539970567967082,18021641137112925388.3051848099900448,true,true,1943636267293.1498,1860557777110.2161,83078490182.9337,true,true,841056959007162859557.2050863523347288,805120224130068683440.040053885387376,35936734877094176117.1650324669473528,true,true
21,0x88e6a0c2ddd26feeb64f039a2c41296fcb3f5640,25006728,198898,4082576258547662908,5,S21_P5,197610:199940,0xc36442b4a4522e871399cd717abdd847ab11fe88:197610:199940,0xc36442b4a4522e871399cd717abdd847ab11fe88,197610,199940,118114933958354994,0.0289314703457305,2330,1288,1042,1042,50693104703156.6497854077253219,0.0000124169400625,129.0331505165129127,129.4028318479181325,4.0371737820163147,3.6777785689675958,7.7149523509839105,4.0371737820163147,196558929640.1828,190861072388.81752,5697857251.36528,true,true,85184394706528531911.634623687772198,82721415728108475839.1802034533338481,2462978978420056072.4544202344383499,true,true,981189059928.04045,952449251425.284,28739808502.75645,true,true,425311375603261323977.759181866786753,412887675327971807537.4858427215221674,12423700275289516440.2733391452645856,true,true,1943636267293.1498,1886354340179.6237,57281927113.5261,true,true,841056959007162859557.2050863523347288,816278030847623305154.5828060007956176,24778928159539554402.6222803515391112,true,true
21,0x88e6a0c2ddd26feeb64f039a2c41296fcb3f5640,25006728,198898,4082576258547662908,6,S21_P6,195610:200290,0xc36442b4a4522e871399cd717abdd847ab11fe88:195610:200290,0xc36442b4a4522e871399cd717abdd847ab11fe88,195610,200290,82346613047210432,0.0201702571690613,4680,3288,1392,1392,17595430138292.8273504273504274,0.0000043098840105,129.0331505165129127,129.4028318479181325,2.7869282603555578,2.5493964562509608,5.3363247166065186,2.7869282603555578,196558929640.1828,192586520684.52812,3972408955.65468,true,true,85184394706528531911.634623687772198,83467296565444886884.420033365492713,1717098141083645027.214590322279485,true,true,981189059928.04045,961153110962.93865,20035948965.1018,true,true,425311375603261323977.759181866786753,416650237721279437921.9702349133376456,8661137881981886055.7889469534491074,true,true,1943636267293.1498,1903697596925.9837,39938670367.1661,true,true,841056959007162859557.2050863523347288,823780275622846139000.9927453266190088,17276683384316720556.21234102571572,true,true
21,0x88e6a0c2ddd26feeb64f039a2c41296fcb3f5640,25006728,198898,4082576258547662908,7,S21_P7,197940:199680,0xc36442b4a4522e871399cd717abdd847ab11fe88:197940:199680,0xc36442b4a4522e871399cd717abdd847ab11fe88,197940,199680,73508246392277394,0.0180053578272723,1740,958,782,782,42246118616251.3758620689655172,0.0000103479067973,129.0331505165129127,129.4028318479181325,2.4817766518424019,2.2725600319194743,4.7543366837618762,2.4817766518424019,196558929640.1828,193012882277.57072,3546047362.61208,true,true,85184394706528531911.634623687772198,83651600721239300484.1503840578292366,1532793985289231427.4842396299429614,true,true,981189059928.04045,963303760159.09925,17885299768.9412,true,true,425311375603261323977.759181866786753,417579929725312261854.670915811849861,7731445877949062123.088266054936892,true,true,1943636267293.1498,1907983552249.4038,35652715043.746,true,true,841056959007162859557.2050863523347288,825634355886512361706.6657125678819588,15422603120650497850.53937378445277,true,true
21,0x88e6a0c2ddd26feeb64f039a2c41296fcb3f5640,25006728,198898,4082576258547662908,8,S21_P8,196950:206450,0xc36442b4a4522e871399cd717abdd847ab11fe88:196950:206450,0xc36442b4a4522e871399cd717abdd847ab11fe88,196950,206450,65989735192964238,0.0161637483328822,9500,1948,7552,1948,6946287915048.8671578947368421,0.0000017014471929,129.0331505165129127,129.4028318479181325,2.2233559998782095,2.0376790173829487,4.2610350172611582,2.2233559998782095,196558929640.1828,193375575968.98684,3183353671.19596,true,true,85184394706528531911.634623687772198,83808381542465425212.4043527341853056,1376013164063106699.2302709535868924,true,true,981189059928.04045,965133220106.1806,16055839821.85985,true,true,425311375603261323977.759181866786753,418370775419156343962.5582367388613004,6940600184104980015.2009451279254526,true,true,1943636267293.1498,1911629609528.4421,32006657764.7077,true,true,841056959007162859557.2050863523347288,827211618449703394873.8504894533766272,13845340557459464683.3545968989581016,true,true
21,0x88e6a0c2ddd26feeb64f039a2c41296fcb3f5640,25006728,198898,4082576258547662908,9,S21_P9,198170:199740,0xc36442b4a4522e871399cd717abdd847ab11fe88:198170:199740,0xc36442b4a4522e871399cd717abdd847ab11fe88,198170,199740,61799123520925557,0.0151372857742797,1570,728,842,728,39362499057914.367515923566879,0.0000096415832957,129.0331505165129127,129.4028318479181325,2.0797802441809155,1.9070072671140049,3.9867875112949204,2.0797802441809155,196558929640.1828,193577730043.5542,2981199596.6286,true,true,85184394706528531911.634623687772198,83895765960299734411.8881744871290395,1288628746228797499.7464492006431585,true,true,981189059928.04045,966152898953.3256,15036160974.71485,true,true,425311375603261323977.759181866786753,418811565255775051817.0262304652047156,6499810347486272160.7329514015820374,true,true,1943636267293.1498,1913661875152.0228,29974392141.127,true,true,841056959007162859557.2050863523347288,828090759447135822458.0513871393654704,12966199560027037099.1536992129692584,true,true
21,0x88e6a0c2ddd26feeb64f039a2c41296fcb3f5640,25006728,198898,4082576258547662908,10,S21_P10,197500:199360,0xc36442b4a4522e871399cd717abdd847ab11fe88:197500:199360,0xc36442b4a4522e871399cd717abdd847ab11fe88,197500,199360,53803476248973734,0.0131788049607955,1860,1398,462,462,28926600133856.8462365591397849,0.0000070853790112,129.0331505165129127,129.4028318479181325,1.8067491454399613,1.6549868469227772,3.4617359923627385,1.8067491454399613,196558929640.1828,193963440961.7366,2595488678.4462,true,true,85184394706528531911.634623687772198,84062493925147319377.1506767544844908,1121900781381212534.4839469332877072,true,true,981189059928.04045,968098413176.22995,13090646751.8105,true,true,425311375603261323977.759181866786753,419652576604546690656.0467087849746412,5658798998714633321.7124730818121118,true,true,1943636267293.1498,1917539525732.3844,26096741560.7654,true,true,841056959007162859557.2050863523347288,829768188172628771345.2783057084465244,11288770834534088211.9267806438882044,true,true
21,0x88e6a0c2ddd26feeb64f039a2c41296fcb3f5640,25006728,198898,4082576258547662908,11,S21_P11,198820:198970,0xc36442b4a4522e871399cd717abdd847ab11fe88:198820:198970,0xc36442b4a4522e871399cd717abdd847ab11fe88,198820,198970,123817315786152958,0.0303282309857452,150,78,72,72,825448771907686.3866666666666667,0.0002021882065716,129.0331505165129127,129.4028318479181325,1.7749538137001772,1.6321113406299504,3.4070651543301276,1.7749538137001772,196558929640.1828,190585992676.63944,5972936963.54336,true,true,85184394706528531911.634623687772198,82602500918309148049.0694719160160836,2581893788219383862.5651517717561144,true,true,981189059928.04045,952977857444.02065,28211202484.0198,true,true,425311375603261323977.759181866786753,413545334885559674635.339985050537879,11766040717701649342.419196816248874,true,true,1943636267293.1498,1906487599950.1708,37148667342.979,true,true,841056959007162859557.2050863523347288,825961216667331027134.4907029339477308,15095742339831832422.714383418386998,true,true
21,0x88e6a0c2ddd26feeb64f039a2c41296fcb3f5640,25006728,198898,4082576258547662908,12,S21_P12,196750:199130,0xc36442b4a4522e871399cd717abdd847ab11fe88:196750:199130,0xc36442b4a4522e871399cd717abdd847ab11fe88,196750,199130,56441995567576801,0.0138250927828732,2380,2148,232,232,23715124188057.4794117647058824,0.0000058088625138,129.0331505165129127,129.4028318479181325,1.896716210180041,1.4624402292001474,3.3591564393801884,1.896716210180041,196558929640.1828,193836157890.43532,2722771749.74748,true,true,85184394706528531911.634623687772198,84007474842414903631.8031826379159175,1176919864113628279.8314410498562805,true,true,981189059928.04045,967456407930.39615,13732651997.6443,true,true,425311375603261323977.759181866786753,419375049345812414943.1962618769888072,5936326257448909034.5629199897979458,true,true,1943636267293.1498,1916259907186.4704,27376360106.6794,true,true,841056959007162859557.2050863523347288,829214640820265260997.7880830257105012,11842318186897598559.4170033266242276,true,true
21,0x88e6a0c2ddd26feeb64f039a2c41296fcb3f5640,25006728,198898,4082576258547662908,13,S21_P13,198490:200310,0xc36442b4a4522e871399cd717abdd847ab11fe88:198490:200310,0xc36442b4a4522e871399cd717abdd847ab11fe88,198490,200310,51612840770055294,0.0126422233171992,1820,408,1412,408,28358703719810.6010989010989011,0.0000069462765479,129.0331505165129127,129.4028318479181325,1.6661904781341315,1.590104702409363,3.2562951805434945,1.6661904781341315,196558929640.1828,194069117007.56264,2489812632.62016,true,true,85184394706528531911.634623687772198,84108173818171382642.063824969654855,1076220888357149269.570798718117343,true,true,981189059928.04045,968631436740.6977,12557623187.34275,true,true,425311375603261323977.759181866786753,419882992985122820316.5147432119974948,5428382618138503661.2444386547892582,true,true,1943636267293.1498,1918601942936.3292,25034324356.8206,true,true,841056959007162859557.2050863523347288,830227775734736780916.6848589636767632,10829183272426078640.5202273886579656,true,true
21,0x88e6a0c2ddd26feeb64f039a2c41296fcb3f5640,25006728,198898,4082576258547662908,14,S21_P14,198720:199480,0xc36442b4a4522e871399cd717abdd847ab11fe88:198720:199480,0xc36442b4a4522e871399cd717abdd847ab11fe88,198720,199480,58573894298065741,0.01434728724918,760,178,582,178,77070913550086.5013157894736842,0.0000188780095384,129.0331505165129127,129.4028318479181325,1.4097035523894297,1.8065568969266767,3.2162604493161064,1.8065568969266767,196558929640.1828,193733315611.54076,2825614028.64204,true,true,85184394706528531911.634623687772198,83963019751742399948.7149928944902208,1221374954786131962.9196307932819772,true,true,981189059928.04045,966937671099.42275,14251388828.6177,true,true,425311375603261323977.759181866786753,419150808397754681388.1274234308676974,6160567205506642589.6317584359190556,true,true,1943636267293.1498,1915903759052.8715,27732508240.2783,true,true,841056959007162859557.2050863523347288,828767383405170676247.9021644615140852,12289575601992183309.3029218908206436,true,true
21,0x88e6a0c2ddd26feeb64f039a2c41296fcb3f5640,25006728,198898,4082576258547662908,15,S21_P15,193130:200340,0xc36442b4a4522e871399cd717abdd847ab11fe88:193130:200340,0xc36442b4a4522e871399cd717abdd847ab11fe88,193130,200340,37619268342446439,0.009214590484056,7210,5768,1442,1442,5217651642502.9735090152565881,0.0000012780291934,129.0331505165129127,129.4028318479181325,1.2577264064869818,1.1564230495492347,2.4141494560362165,1.2577264064869818,196558929640.1828,194744168105.15148,1814761535.03132,true,true,85184394706528531911.634623687772198,84399970407114092728.6975081400524093,784424299414439182.9371155477197887,true,true,981189059928.04045,972036282678.66715,9152777249.3733,true,true,425311375603261323977.759181866786753,421354841463744916049.7263995979384796,3956534139516407928.0327822688482734,true,true,1943636267293.1498,1925388814174.3249,18247453118.8249,true,true,841056959007162859557.2050863523347288,833163660146675171151.6904794507839704,7893298860487688405.5146069015507584,true,true
21,0x88e6a0c2ddd26feeb64f039a2c41296fcb3f5640,25006728,198898,4082576258547662908,16,S21_P16,194970:200900,0xc36442b4a4522e871399cd717abdd847ab11fe88:194970:200900,0xc36442b4a4522e871399cd717abdd847ab11fe88,194970,200900,36399741824870331,0.0089158755451684,5930,3928,2002,2002,6138236395425.0136593591905565,0.000001503520328,129.0331505165129127,129.4028318479181325,1.2165513304138126,1.1187191375850532,2.3352704679988658,1.2165513304138126,196558929640.1828,194802998602.0458,1755931038.137,true,true,85184394706528531911.634623687772198,84425399453714746262.7972968685009664,758995252813785648.8373268192712316,true,true,981189059928.04045,972333006262.08325,8856053665.9572,true,true,425311375603261323977.759181866786753,421483109030172910201.6643401046537332,3828266573088413776.0948417621330198,true,true,1943636267293.1498,1925980303713.8902,17655963579.2596,true,true,841056959007162859557.2050863523347288,833419526208213449718.0810428267902828,7637432798949409839.124043525544446,true,true
21,0x88e6a0c2ddd26feeb64f039a2c41296fcb3f5640,25006728,198898,4082576258547662908,17,S21_P17,198440:199650,0xc36442b4a4522e871399cd717abdd847ab11fe88:198440:199650,0xc36442b4a4522e871399cd717abdd847ab11fe88,198440,199650,34228742953222236,0.0083841037583947,1210,458,752,458,28288217316712.5917355371900826,0.0000069290113706,129.0331505165129127,129.4028318479181325,1.1268177782806432,1.0516346239753849,2.1784524022560281,1.1268177782806432,196558929640.1828,194907726988.284,1651202651.8988,true,true,85184394706528531911.634623687772198,84470669495902813020.2861726098685611,713725210625718891.3484510779036369,true,true,981189059928.04045,972861231749.0783,8327828178.96215,true,true,425311375603261323977.759181866786753,421711450088656054794.9875389342746028,3599925514605269182.7716429325121502,true,true,1943636267293.1498,1927033280521.0609,16602986772.0889,true,true,841056959007162859557.2050863523347288,833875021501900881103.8134542396341016,7181937505261978453.3916321127006272,true,true
21,0x88e6a0c2ddd26feeb64f039a2c41296fcb3f5640,25006728,198898,4082576258547662908,18,S21_P18,198370:199760,0xc36442b4a4522e871399cd717abdd847ab11fe88:198370:199760,0xc36442b4a4522e871399cd717abdd847ab11fe88,198370,199760,33955963454359971,0.0083172882278112,1390,528,862,528,24428750686589.9071942446043165,0.0000059836605955,129.0331505165129127,129.4028318479181325,1.13370687997055,1.043208932686529,2.176915812657079,1.13370687997055,196558929640.1828,194920886137.87452,1638043502.30828,true,true,85184394706528531911.634623687772198,84476356753269195690.2662123861905305,708037953259336221.3684113015816675,true,true,981189059928.04045,972927601803.1832,8261458124.85725,true,true,425311375603261323977.759181866786753,421740140306701794817.523549435045195,3571235296559529160.235632431741558,true,true,1943636267293.1498,1927165584701.6673,16470682591.4825,true,true,841056959007162859557.2050863523347288,833932253231562514315.1573137934087232,7124705775600345242.0477725589260056,true,true
21,0x88e6a0c2ddd26feeb64f039a2c41296fcb3f5640,25006728,198898,4082576258547662908,19,S21_P19,196260:200390,0xc36442b4a4522e871399cd717abdd847ab11fe88:196260:200390,0xc36442b4a4522e871399cd717abdd847ab11fe88,196260,200390,33467064267190909,0.008197535611765,4130,2638,1492,1492,8103405391571.6486682808716707,0.0000019848754508,129.0331505165129127,129.4028318479181325,1.1176462908109372,1.0281094540379837,2.1457557448489209,1.1176462908109372,196558929640.1828,194944471918.47628,1614457721.70652,true,true,85184394706528531911.634623687772198,84486551676592562132.4478323673300025,697843029935969779.1867913204421955,true,true,981189059928.04045,973046555426.46585,8142504501.5746,true,true,425311375603261323977.759181866786753,421791561451815145364.9178317930095502,3519814151446178612.8413500737772028,true,true,1943636267293.1498,1927402712246.5295,16233555046.6203,true,true,841056959007162859557.2050863523347288,834034829244303606131.5173130054748476,7022129762859253425.6877733468598812,true,true
21,0x88e6a0c2ddd26feeb64f039a2c41296fcb3f5640,25006728,198898,4082576258547662908,20,S21_P20,198790:198940,0xc36442b4a4522e871399cd717abdd847ab11fe88:198790:198940,0xc36442b4a4522e871399cd717abdd847ab11fe88,198790,198940,37597941537342203,0.0092093666244748,150,108,42,42,250652943582281.3533333333333333,0.0000613957774965,129.0331505165129127,129.4028318479181325,0.6730049501391797,0.3185804479681256,0.9915853981073053,0.6730049501391797,196558929640.1828,194745197245.05224,1813732395.13056,true,true,85184394706528531911.634623687772198,84417575131580394473.801949420898855,766819574948137437.832674266873343,true,true,981189059928.04045,972041471451.32615,9147588476.7143,true,true,425311375603261323977.759181866786753,422729962243774818257.8663647231392544,2581413359486505719.8928171436474986,true,true,1943636267293.1498,1929523957235.9047,14112310057.2451,true,true,841056959007162859557.2050863523347288,838142204840253863577.7894699045435392,2914754166908995979.4156164477911896,true,true
22,0x88e6a0c2ddd26feeb64f039a2c41296fcb3f5640,24996728,199073,4516732768010579486,1,S22_P1,198060:200130,0xc36442b4a4522e871399cd717abdd847ab11fe88:198060:200130,0xc36442b4a4522e871399cd717abdd847ab11fe88,198060,200130,892287530697189504,0.1975515436770466,2070,1013,1057,1013,431056778114584.3014492753623188,0.0000954355283464,123.3718376607966546,114.2050186983606276,35.097939245118101,22.3984597891534949,57.4963990342715959,35.097939245118101,215067607015.42064,172307033542.90652,42760573472.51412,true,true,94983207532915177589.1778473452572076,76230809568761355727.63495186451195,18752397964153821861.5428954807452576,true,true,1060306660749.533,844035377290.15245,216271283459.38055,true,true,471772277704197583370.167941311349945,377198761261916830251.2315104755514412,94573516442280753118.9364308357985038,true,true,2060196706674.6422,1625569174168.0987,434627532506.5435,true,true,923567853890049718893.8247271743442415,726476824847772181804.2179327767035325,197091029042277537089.606794397640709,true,true
22,0x88e6a0c2ddd26feeb64f039a2c41296fcb3f5640,24996728,199073,4516732768010579486,2,S22_P2,195610:209470,0xc36442b4a4522e871399cd717abdd847ab11fe88:195610:209470,0xc36442b4a4522e871399cd717abdd847ab11fe88,195610,209470,350427488554237191,0.0775842863753449,13860,3463,10397,3463,25283368582556.7958874458874459,0.0000055977118597,123.3718376607966546,114.2050186983606276,11.6789788260170969,7.8915005337558815,19.5704793597729784,11.6789788260170969,215067607015.42064,198271652207.5946,16795954807.82604,true,true,94983207532915177589.1778473452572076,87618109793463851888.7482693232872226,7365097739451325700.429578021969985,true,true,1060306660749.533,977110690145.7354,83195970603.7976,true,true,471772277704197583370.167941311349945,435807215153694155793.4403717476303118,35965062550503427576.7275695637196332,true,true,2060196706674.6422,1890040030441.4074,170156676233.2348,true,true,923567853890049718893.8247271743442415,841814540040019881551.664349783044943,81753313850029837342.1603773912992985,true,true
22,0x88e6a0c2ddd26feeb64f039a2c41296fcb3f5640,24996728,199073,4516732768010579486,3,S22_P3,197690:199360,0xc36442b4a4522e871399cd717abdd847ab11fe88:197690:199360,0xc36442b4a4522e871399cd717abdd847ab11fe88,197690,199360,231611242751517486,0.0512784914777086,1670,1383,287,287,138689366917076.3389221556886228,0.0000307056835196,123.3718376607966546,114.2050186983606276,7.4727939855257995,4.9825018733282395,12.455295858854039,7.4727939855257995,215067607015.42064,203967234664.8008,11100372350.61984,true,true,94983207532915177589.1778473452572076,90115202168748219611.441030347800255,4868005364166957977.7368169974569526,true,true,1060306660749.533,1006042555593.0732,54264105156.4598,true,true,471772277704197583370.167941311349945,448215039946124286045.0400273363568005,23557237758073297325.1279139749931445,true,true,2060196706674.6422,1948279840994.7813,111916865679.8609,true,true,923567853890049718893.8247271743442415,867337505909985041177.8336906266644785,56230347980064677715.991036547679763,true,true
22,0x88e6a0c2ddd26feeb64f039a2c41296fcb3f5640,24996728,199073,4516732768010579486,4,S22_P4,194710:212350,0xc36442b4a4522e871399cd717abdd847ab11fe88:194710:212350,0xc36442b4a4522e871399cd717abdd847ab11fe88,194710,212350,171327716065031450,0.0379317805291575,17640,4363,13277,4363,9712455559242.1456916099773243,0.0000021503276944,123.3718376607966546,114.2050186983606276,5.4399099773417991,3.7339496840325761,9.1738596613743752,5.4399099773417991,215067607015.42064,206856769390.1216,8210837625.29904,true,true,94983207532915177589.1778473452572076,91382190616633204040.2071247064683004,3601016916281973548.9707226387889072,true,true,1060306660749.533,1020139116627.0619,40167544122.4711,true,true,471772277704197583370.167941311349945,454332089780705212362.0606182811075345,17440187923492371008.1073230302424105,true,true,2060196706674.6422,1977834085761.4857,82362620913.1565,true,true,923567853890049718893.8247271743442415,880299920225234070810.101814348260817,43267933664815648083.7229128260834245,true,true
22,0x88e6a0c2ddd26feeb64f039a2c41296fcb3f5640,24996728,199073,4516732768010579486,5,S22_P5,197610:199940,0xc36442b4a4522e871399cd717abdd847ab11fe88:197610:199940,0xc36442b4a4522e871399cd717abdd847ab11fe88,197610,199940,118114933958354994,0.026150525174944,2330,1463,867,867,50693104703156.6497854077253219,0.0000112234013626,123.3718376607966546,114.2050186983606276,3.6984567655187571,2.5501160885907087,6.2485728541094658,3.6984567655187571,215067607015.42064,209407211529.35028,5660395486.07036,true,true,94983207532915177589.1778473452572076,92500600419537650840.7675733059291934,2482607113377526748.4102740393280142,true,true,1060306660749.533,1032599049916.1178,27707610833.4152,true,true,471772277704197583370.167941311349945,459740298300279910624.5006029943055035,12031979403917672745.6673383170444415,true,true,2060196706674.6422,2003821742200.5002,56374964474.142,true,true,923567853890049718893.8247271743442415,893520919946861720788.445741773427009,30046933943187998105.3789854009172325,true,true
22,0x88e6a0c2ddd26feeb64f039a2c41296fcb3f5640,24996728,199073,4516732768010579486,6,S22_P6,199000:199150,0xc36442b4a4522e871399cd717abdd847ab11fe88:199000:199150,0xc36442b4a4522e871399cd717abdd847ab11fe88,199000,199150,230242247750759256,0.0509753973893325,150,73,77,73,1534948318338395.04,0.0003398359825956,123.3718376607966546,114.2050186983606276,2.949135988545843,2.7044985307633254,5.6536345193091684,2.949135988545843,215067607015.42064,204032855560.18508,11034751455.23556,true,true,94983207532915177589.1778473452572076,90143973450635595729.697613950459692,4839234082279581859.4802333947975156,true,true,1060306660749.533,1010846968143.5279,49459692606.0051,true,true,471772277704197583370.167941311349945,449814896609513224207.343446148363072,21957381094684359162.824495162986873,true,true,2060196706674.6422,1995885521700.4194,64311184974.2228,true,true,923567853890049718893.8247271743442415,887446793732995732217.6247314505733115,36121060157053986676.19999572377093,true,true
22,0x88e6a0c2ddd26feeb64f039a2c41296fcb3f5640,24996728,199073,4516732768010579486,7,S22_P7,195610:200290,0xc36442b4a4522e871399cd717abdd847ab11fe88:195610:200290,0xc36442b4a4522e871399cd717abdd847ab11fe88,195610,200290,82346613047210432,0.0182314556288174,4680,3463,1217,1217,17595430138292.8273504273504274,0.0000038956101771,123.3718376607966546,114.2050186983606276,2.5547293163532684,1.7667944212631635,4.3215237376164319,2.5547293163532684,215067607015.42064,211121446543.33908,3946160472.08156,true,true,94983207532915177589.1778473452572076,93252383704896206522.3565354041451424,1730823828018971066.8213119411120652,true,true,1060306660749.533,1040982559185.4036,19324101564.1294,true,true,471772277704197583370.167941311349945,463379970143116871026.80684926701103,8392307561080712343.361092044338915,true,true,2060196706674.6422,2020897342088.4125,39299364586.2297,true,true,923567853890049718893.8247271743442415,902753679317055399042.015133688716547,20814174572994319851.8095934856276945,true,true
22,0x88e6a0c2ddd26feeb64f039a2c41296fcb3f5640,24996728,199073,4516732768010579486,8,S22_P8,197940:199680,0xc36442b4a4522e871399cd717abdd847ab11fe88:197940:199680,0xc36442b4a4522e871399cd717abdd847ab11fe88,197940,199680,73508246392277394,0.0162746503208899,1740,1133,607,607,42246118616251.3758620689655172,0.0000093532473109,123.3718376607966546,114.2050186983606276,2.2753540613685155,1.5747417026250333,3.8500957639935488,2.2753540613685155,215067607015.42064,211545019833.22948,3522587182.19116,true,true,94983207532915177589.1778473452572076,93438151451807891537.604492323307729,1545056081107286051.5733550219494786,true,true,1060306660749.533,1043055103129.6388,17251557619.8942,true,true,471772277704197583370.167941311349945,464279868618998400698.4060936434736935,7492409085199182671.7618476678762515,true,true,2060196706674.6422,2025116105155.2914,35080601519.3508,true,true,923567853890049718893.8247271743442415,905016627642607820784.290416472565794,18551226247441898109.5343107017784475,true,true
22,0x88e6a0c2ddd26feeb64f039a2c41296fcb3f5640,24996728,199073,4516732768010579486,9,S22_P9,196950:206450,0xc36442b4a4522e871399cd717abdd847ab11fe88:196950:206450,0xc36442b4a4522e871399cd717abdd847ab11fe88,196950,206450,65989735192964238,0.0146100596564693,9500,2123,7377,2123,6946287915048.8671578947368421,0.0000015379010165,123.3718376607966546,114.2050186983606276,2.0386958218079655,1.4118333260059909,3.4505291478139564,2.0386958218079655,215067607015.42064,211905335478.47884,3162271536.9418,true,true,94983207532915177589.1778473452572076,93596179057580593749.5490239390752172,1387028475334583839.6288234061819904,true,true,1060306660749.533,1044818445939.9228,15488214809.6102,true,true,471772277704197583370.167941311349945,465045548137813716966.326411637163864,6726729566383866403.841529674186081,true,true,2060196706674.6422,2028704678799.1265,31492027875.5157,true,true,923567853890049718893.8247271743442415,906936010969008967308.609659974761968,16631842921040751585.2150671995822735,true,true
22,0x88e6a0c2ddd26feeb64f039a2c41296fcb3f5640,24996728,199073,4516732768010579486,10,S22_P10,198170:199740,0xc36442b4a4522e871399cd717abdd847ab11fe88:198170:199740,0xc36442b4a4522e871399cd717abdd847ab11fe88,198170,199740,61799123520925557,0.0136822625324689,1570,903,667,667,39362499057914.367515923566879,0.0000087148168997,123.3718376607966546,114.2050186983606276,1.9071848253093031,1.3212172372343277,3.2284020625436308,1.9071848253093031,215067607015.42064,212106161751.11288,2961445264.30776,true,true,94983207532915177589.1778473452572076,93684259719696678735.1402377639565652,1298947813218498854.0376095813006424,true,true,1060306660749.533,1045801401672.9966,14505259076.5364,true,true,471772277704197583370.167941311349945,465472382229028508029.8689368716092985,6299895475169075340.2990044397406465,true,true,2060196706674.6422,2030704775335.8494,29491931338.7928,true,true,923567853890049718893.8247271743442415,908003594725643421006.328095649269683,15564259164406297887.4966315250745585,true,true
22,0x88e6a0c2ddd26feeb64f039a2c41296fcb3f5640,24996728,199073,4516732768010579486,11,S22_P11,198720:199480,0xc36442b4a4522e871399cd717abdd847ab11fe88:198720:199480,0xc36442b4a4522e871399cd717abdd847ab11fe88,198720,199480,58501832702052835,0.0129522457286797,760,353,407,353,76976095660595.8355263157894737,0.0000170424285904,123.3718376607966546,114.2050186983606276,1.6829715201382914,1.2500105361989931,2.9329820563372845,1.6829715201382914,215067607015.42064,212264177741.42748,2803429273.99316,true,true,94983207532915177589.1778473452572076,93753563777001896689.4195792919320762,1229643755913280899.7582680533251314,true,true,1060306660749.533,1046574877535.6174,13731783213.9156,true,true,471772277704197583370.167941311349945,465808260095425305087.785673826113926,5964017608772278282.382267485236019,true,true,2060196706674.6422,2032362005532.2573,27834701142.3849,true,true,923567853890049718893.8247271743442415,908842485618781547851.67705395672691,14725368271268171042.1476732176173315,true,true
22,0x88e6a0c2ddd26feeb64f039a2c41296fcb3f5640,24996728,199073,4516732768010579486,12,S22_P12,199010:199160,0xc36442b4a4522e871399cd717abdd847ab11fe88:199010:199160,0xc36442b4a4522e871399cd717abdd847ab11fe88,199010,199160,114133164890117495,0.0252689655891216,150,63,87,63,760887765934116.6333333333333333,0.0001684597705941,123.3718376607966546,114.2050186983606276,1.2954211878752133,1.4480996539010977,2.743520841776311,1.4480996539010977,215067607015.42064,209598046224.18448,5469560791.23616,true,true,94983207532915177589.1778473452572076,92584288805013334840.5964807120120728,2398918727901842748.5813666332451348,true,true,1060306660749.533,1037665754230.1169,22640906519.4161,true,true,471772277704197583370.167941311349945,460582017370788964559.3642366039231735,11190260333408618810.8037047074267715,true,true,2060196706674.6422,2032026461726.6111,28170244948.0311,true,true,923567853890049718893.8247271743442415,904121966051435729380.472752318862429,19445887838613989513.3519748554818125,true,true
22,0x88e6a0c2ddd26feeb64f039a2c41296fcb3f5640,24996728,199073,4516732768010579486,13,S22_P13,198490:200310,0xc36442b4a4522e871399cd717abdd847ab11fe88:198490:200310,0xc36442b4a4522e871399cd717abdd847ab11fe88,198490,200310,51612840770055294,0.0114270299840627,1820,583,1237,583,28358703719810.6010989010989011,0.0000062785879033,123.3718376607966546,114.2050186983606276,1.5886905253745294,1.1015014824206681,2.6901920077951975,1.5886905253745294,215067607015.42064,212594317066.24488,2473289949.17576,true,true,94983207532915177589.1778473452572076,93898360643006037340.7233098684920744,1084846889909140248.4545374767651332,true,true,1060306660749.533,1048191057559.5292,12115603190.0038,true,true,471772277704197583370.167941311349945,466510098971193106278.0364599468507925,5262178733004477092.1314813644991525,true,true,2060196706674.6422,2035566264893.8376,24630441780.8046,true,true,923567853890049718893.8247271743442415,910592024684609428985.1466418272825115,12975829205440289908.67808534706173,true,true
22,0x88e6a0c2ddd26feeb64f039a2c41296fcb3f5640,24996728,199073,4516732768010579486,14,S22_P14,198910:199360,0xc36442b4a4522e871399cd717abdd847ab11fe88:198910:199360,0xc36442b4a4522e871399cd717abdd847ab11fe88,198910,199360,61847102831215855,0.0136928851025333,450,163,287,163,137438006291590.7888888888888889,0.0000304286335612,123.3718376607966546,114.2050186983606276,1.3235854072430344,1.2934869646278884,2.6170723718709228,1.3235854072430344,215067607015.42064,212103862414.34036,2963744601.08028,true,true,94983207532915177589.1778473452572076,93683250737557295893.3363001384948476,1299956795357881695.84154720676236,true,true,1060306660749.533,1045843616941.7732,14463043807.7598,true,true,471772277704197583370.167941311349945,465467494907172626486.906586314451374,6304782797024956883.261354996898571,true,true,2060196706674.6422,2032190651578.8764,28006055095.7658,true,true,923567853890049718893.8247271743442415,908010040362371883413.6576988562699175,15557813527677835480.167028318074324,true,true
22,0x88e6a0c2ddd26feeb64f039a2c41296fcb3f5640,24996728,199073,4516732768010579486,15,S22_P15,198900:199290,0xc36442b4a4522e871399cd717abdd847ab11fe88:198900:199290,0xc36442b4a4522e871399cd717abdd847ab11fe88,198900,199290,55406677225631337,0.0122669814822885,390,173,217,173,142068403142644.4538461538461538,0.0000314537986725,123.3718376607966546,114.2050186983606276,1.2211429761485562,1.0926952115497256,2.3138381876982818,1.2211429761485562,215067607015.42064,212412506439.8792,2655100575.54144,true,true,94983207532915177589.1778473452572076,93818619751465529061.0613969698859874,1164587781449648528.1164503753712202,true,true,1060306660749.533,1047328558027.3546,12978102722.1784,true,true,471772277704197583370.167941311349945,466123573757534827503.030259112687828,5648703946662755867.137682198662117,true,true,2060196706674.6422,2034667459012.1363,25529247662.5059,true,true,923567853890049718893.8247271743442415,909691863836902073109.7519507413557705,13875990053147645784.072776432988471,true,true
22,0x88e6a0c2ddd26feeb64f039a2c41296fcb3f5640,24996728,199073,4516732768010579486,16,S22_P16,196750:199130,0xc36442b4a4522e871399cd717abdd847ab11fe88:196750:199130,0xc36442b4a4522e871399cd717abdd847ab11fe88,196750,199130,56441995567576801,0.0124961999008051,2380,2323,57,57,23715124188057.4794117647058824,0.00000525050416,123.3718376607966546,114.2050186983606276,1.7394766138523319,0.5237116314852836,2.2631882453376155,1.7394766138523319,215067607015.42064,212362892160.8726,2704714854.54804,true,true,94983207532915177589.1778473452572076,93796858741389108579.461378788837232,1186348791526069009.7164685564199756,true,true,1060306660749.533,1047058098864.3744,13248561885.1586,true,true,471772277704197583370.167941311349945,467182006561693063406.8103669853466195,4590271142504519963.3575743260033255,true,true,2060196706674.6422,2033261549224.8797,26935157449.7625,true,true,923567853890049718893.8247271743442415,916712757686322328576.705376241344198,6855096203727390317.1193509330000435,true,true
22,0x88e6a0c2ddd26feeb64f039a2c41296fcb3f5640,24996728,199073,4516732768010579486,17,S22_P17,197500:199360,0xc36442b4a4522e871399cd717abdd847ab11fe88:197500:199360,0xc36442b4a4522e871399cd717abdd847ab11fe88,197500,199360,41196674893167603,0.0091209015474504,1860,1573,287,287,22148749942563.2274193548387097,0.0000049037105094,123.3718376607966546,114.2050186983606276,1.2647172180189778,0.8587240234787502,2.123441241497728,1.2647172180189778,215067607015.42064,213093478417.69524,1974128597.7254,true,true,94983207532915177589.1778473452572076,94117294509407831646.91769503183378,865913023507345942.2601523134234276,true,true,1060306660749.533,1050635148515.7936,9671512233.7394,true,true,471772277704197583370.167941311349945,467571517991864902781.745447603514982,4200759712332680588.422493707834963,true,true,2060196706674.6422,2040537222312.1808,19659484362.4614,true,true,923567853890049718893.8247271743442415,913244227254310226484.096845950188953,10323626635739492409.7278812241552885,true,true
22,0x88e6a0c2ddd26feeb64f039a2c41296fcb3f5640,24996728,199073,4516732768010579486,18,S22_P18,199040:199190,0xc36442b4a4522e871399cd717abdd847ab11fe88:199040:199190,0xc36442b4a4522e871399cd717abdd847ab11fe88,199040,199190,92677863638942566,0.0205187839084319,150,33,117,33,617852424259617.1066666666666667,0.0001367918927229,123.3718376607966546,114.2050186983606276,0.6143066050899379,1.4127992827036657,2.0271058877936036,1.4127992827036657,215067607015.42064,210894913691.49636,4172693323.92428,true,true,94983207532915177589.1778473452572076,93035238855695242511.9962546740824958,1947968677219935077.1815926711747118,true,true,1060306660749.533,1048562827561.4185,11743833188.1145,true,true,471772277704197583370.167941311349945,462486663175591047420.3507637519415425,9285614528606535949.8171775594084025,true,true,2060196706674.6422,2047167070783.1594,13029635891.4828,true,true,923567853890049718893.8247271743442415,904355763286110817093.7142330590288645,19212090603938901800.110494115315377,true,true
22,0x88e6a0c2ddd26feeb64f039a2c41296fcb3f5640,24996728,199073,4516732768010579486,19,S22_P19,193130:200340,0xc36442b4a4522e871399cd717abdd847ab11fe88:193130:200340,0xc36442b4a4522e871399cd717abdd847ab11fe88,193130,200340,37619268342446439,0.0083288674080703,7210,5943,1267,1267,5217651642502.9735090152565881,0.0000011551827196,123.3718376607966546,114.2050186983606276,1.1538448572796978,0.8009225152762275,1.9547673725559253,1.1538448572796978,215067607015.42064,213264912649.3238,1802694366.09684,true,true,94983207532915177589.1778473452572076,94192487492500472688.013377388235372,790720040414704901.1644699570218356,true,true,1060306660749.533,1051474684256.9639,8831976492.5691,true,true,471772277704197583370.167941311349945,467936125757881764595.453763462822,3836151946315818774.714177848527945,true,true,2060196706674.6422,2042244460530.8375,17952246143.8047,true,true,923567853890049718893.8247271743442415,914132887526818549381.186617849048524,9434966363231169512.6381093252957175,true,true
22,0x88e6a0c2ddd26feeb64f039a2c41296fcb3f5640,24996728,199073,4516732768010579486,20,S22_P20,199000:199360,0xc36442b4a4522e871399cd717abdd847ab11fe88:199000:199360,0xc36442b4a4522e871399cd717abdd847ab11fe88,199000,199360,43150513344900158,0.009553479375736,360,73,287,73,119862537069167.1055555555555556,0.0000265374427104,123.3718376607966546,114.2050186983606276,0.5465242151562674,0.8997345088528311,1.4462587240090985,0.8997345088528311,215067607015.42064,212999847875.76764,2067759139.653,true,true,94983207532915177589.1778473452572076,94076228068518589748.8855049587382668,906979464396587840.2923423865189408,true,true,1060306660749.533,1051154805462.5447,9151855286.9883,true,true,471772277704197583370.167941311349945,467372397986300185780.241385448859992,4399879717897397589.926555862489953,true,true,2060196706674.6422,2048246815228.6457,11949891445.9965,true,true,923567853890049718893.8247271743442415,912750725280914075954.595494287025735,10817128609135642939.2292328873185065,true,true
23,0x88e6a0c2ddd26feeb64f039a2c41296fcb3f5640,24986728,199025,3259117276405442527,1,S23_P1,195610:209470,0xc36442b4a4522e871399cd717abdd847ab11fe88:195610:209470,0xc36442b4a4522e871399cd717abdd847ab11fe88,195610,209470,350427488554237191,0.1075222088788201,13860,3415,10445,3415,25283368582556.7958874458874459,0.0000077577351283,153.5571323894578923,147.7121367216466441,18.0018982486029489,12.9700171969406009,30.9719154455435498,18.0018982486029489,158434244184.94168,141622618862.99328,16811625321.9484,true,true,68238268300812398977.5401333196044976,60896418743748376453.2223973989105056,7341849557064022524.317735920693992,true,true,805771690395.5424,721563365664.15665,84208324731.38575,true,true,339607513764373072870.863581057299245,302744311005958353316.5636709146912345,36863202758414719554.2999101426080105,true,true,1617766242893.8479,1448728161423.8935,169038081469.9544,true,true,674188798579818761867.3586054704724655,600850220970197064553.346094198163057,73338577609621697314.0125112723094085,true,true
23,0x88e6a0c2ddd26feeb64f039a2c41296fcb3f5640,24986728,199025,3259117276405442527,2,S23_P2,196880:200560,0xc36442b4a4522e871399cd717abdd847ab11fe88:196880:200560,0xc36442b4a4522e871399cd717abdd847ab11fe88,196880,200560,343166199083970065,0.1052942161880275,3680,2145,1535,1535,93251684533687.5176630434782609,0.0000286125587467,153.5571323894578923,147.7121367216466441,17.5834765365950551,12.6800467002089795,30.2635232368040346,17.5834765365950551,158434244184.94168,141971330019.324,16462914165.61768,true,true,68238268300812398977.5401333196044976,61048508980113992168.3986371583395704,7189759320698406809.1414961612649272,true,true,805771690395.5424,723311861802.33965,82459828593.20275,true,true,339607513764373072870.863581057299245,303507339269001551187.8603005018096236,36100174495371521683.0032805554896214,true,true,1617766242893.8479,1452231210430.1411,165535032463.7068,true,true,674188798579818761867.3586054704724655,602357753070455867825.4919330497848679,71831045509362894041.8666724206875976,true,true
23,0x88e6a0c2ddd26feeb64f039a2c41296fcb3f5640,24986728,199025,3259117276405442527,3,S23_P3,197690:199360,0xc36442b4a4522e871399cd717abdd847ab11fe88:197690:199360,0xc36442b4a4522e871399cd717abdd847ab11fe88,197690,199360,231611242751517486,0.0710656362163705,1670,1335,335,335,138689366917076.3389221556886228,0.0000425542731835,153.5571323894578923,147.7121367216466441,11.4161316891492911,8.1568382892616737,19.5729699784109648,11.4161316891492911,158434244184.94168,147326542533.16724,11107701651.77444,true,true,68238268300812398977.5401333196044976,63385385547610349273.7347736886109312,4852882753202049703.8053596309935664,true,true,805771690395.5424,750160368293.26575,55611322102.27665,true,true,339607513764373072870.863581057299245,315235155242791710369.0883368200908428,24372358521581362501.7752442372084022,true,true,1617766242893.8479,1506048897889.9168,111717345003.9311,true,true,674188798579818761867.3586054704724655,625657803410716953764.6374350494540587,48530995169101808102.7211704210184068,true,true
23,0x88e6a0c2ddd26feeb64f039a2c41296fcb3f5640,24986728,199025,3259117276405442527,4,S23_P4,194710:212350,0xc36442b4a4522e871399cd717abdd847ab11fe88:194710:212350,0xc36442b4a4522e871399cd717abdd847ab11fe88,194710,212350,171327716065031450,0.0525687483863707,17640,4315,13325,4315,9712455559242.1456916099773243,0.000002980087777,153.5571323894578923,147.7121367216466441,8.2752300179134059,6.0730344895001718,14.3482645074135777,8.2752300179134059,158434244184.94168,150218999961.03008,8215244223.9116,true,true,68238268300812398977.5401333196044976,64648402084483546305.8540841845712664,3589866216328852671.6860491350332312,true,true,805771690395.5424,764654106420.03915,41117583975.50325,true,true,339607513764373072870.863581057299245,321576355600234647843.5657192005895079,18031158164138425027.2978618567097371,true,true,1617766242893.8479,1535130365120.8521,82635877772.9958,true,true,674188798579818761867.3586054704724655,638292266104686761778.9094174993570264,35896532475132000088.4491879711154391,true,true
23,0x88e6a0c2ddd26feeb64f039a2c41296fcb3f5640,24986728,199025,3259117276405442527,5,S23_P5,197610:199940,0xc36442b4a4522e871399cd717abdd847ab11fe88:197610:199940,0xc36442b4a4522e871399cd717abdd847ab11fe88,197610,199940,118114933958354994,0.0362413880634043,2330,1415,915,915,50693104703156.6497854077253219,0.000015554243804,153.5571323894578923,147.7121367216466441,5.6061081398702687,4.1340074872560365,9.7401156271263052,5.6061081398702687,158434244184.94168,152771401845.52012,5662842339.42156,true,true,68238268300812398977.5401333196044976,65763346005977446300.9183736487624048,2474922294834952676.6217596708420928,true,true,805771690395.5424,777437099522.14675,28334590873.39565,true,true,339607513764373072870.863581057299245,327175407141449618868.9218865278431629,12432106622923454001.9416945294560821,true,true,1617766242893.8479,1560798727636.3839,56967515257.464,true,true,674188798579818761867.3586054704724655,649443020163800614951.3638214327028598,24745778416018146915.9947840377696057,true,true
23,0x88e6a0c2ddd26feeb64f039a2c41296fcb3f5640,24986728,199025,3259117276405442527,6,S23_P6,195610:200290,0xc36442b4a4522e871399cd717abdd847ab11fe88:195610:200290,0xc36442b4a4522e871399cd717abdd847ab11fe88,195610,200290,82346613047210432,0.0252665387782647,4680,3415,1265,1265,17595430138292.8273504273504274,0.0000053988330723,153.5571323894578923,147.7121367216466441,3.8635344659325596,2.8580482418279947,6.7215827077605543,3.8635344659325596,158434244184.94168,154486636012.42184,3947608172.51984,true,true,68238268300812398977.5401333196044976,66512808456404355064.5370870754210272,1725459844408043913.0030462441834704,true,true,805771690395.5424,786023291787.7976,19748398607.7448,true,true,339607513764373072870.863581057299245,330939659907211018399.2815770255827792,8667853857162054471.5820040317164658,true,true,1617766242893.8479,1578051016979.2609,39715225914.587,true,true,674188798579818761867.3586054704724655,656937267296200339563.914850488215622,17251531283618422303.4437549822568435,true,true
23,0x88e6a0c2ddd26feeb64f039a2c41296fcb3f5640,24986728,199025,3259117276405442527,7,S23_P7,197940:199680,0xc36442b4a4522e871399cd717abdd847ab11fe88:197940:199680,0xc36442b4a4522e871399cd717abdd847ab11fe88,197940,199680,73508246392277394,0.0225546490531177,1740,1085,655,655,42246118616251.3758620689655172,0.0000129624419846,153.5571323894578923,147.7121367216466441,3.4391036821135187,2.5460560752477635,5.9851597573612822,3.4391036821135187,158434244184.94168,154910418995.83852,3523825189.10316,true,true,68238268300812398977.5401333196044976,66698002699440808238.7849648182888024,1540265601371590738.7551685013156952,true,true,805771690395.5424,788144139705.7879,17627550689.7545,true,true,339607513764373072870.863581057299245,331869885535023986958.3662084361878079,7737628229349085912.4973726211114371,true,true,1617766242893.8479,1582313893567.2634,35452349326.5845,true,true,674188798579818761867.3586054704724655,658788967872069088467.9363454368415936,15399830707749673399.4222600336308719,true,true
23,0x88e6a0c2ddd26feeb64f039a2c41296fcb3f5640,24986728,199025,3259117276405442527,8,S23_P8,196950:206450,0xc36442b4a4522e871399cd717abdd847ab11fe88:196950:206450,0xc36442b4a4522e871399cd717abdd847ab11fe88,196950,206450,65989735192964238,0.0202477326209463,9500,2075,7425,2075,6946287915048.8671578947368421,0.0000021313402759,153.5571323894578923,147.7121367216466441,3.0799396539581593,2.2816675988289177,5.361607252787077,3.0799396539581593,158434244184.94168,155270901940.74068,3163342244.201,true,true,68238268300812398977.5401333196044976,66855542071711625446.7131816739971208,1382726229100773530.8269516456073768,true,true,805771690395.5424,789948020359.78835,15823670035.75405,true,true,339607513764373072870.863581057299245,332661220580703931130.2611834379937298,6946293183669141740.6023976193055152,true,true,1617766242893.8479,1585940130437.6541,31826112456.1938,true,true,674188798579818761867.3586054704724655,660364107458724947400.0501031556276368,13824691121093814467.3085023148448287,true,true
23,0x88e6a0c2ddd26feeb64f039a2c41296fcb3f5640,24986728,199025,3259117276405442527,9,S23_P9,198490:200310,0xc36442b4a4522e871399cd717abdd847ab11fe88:198490:200310,0xc36442b4a4522e871399cd717abdd847ab11fe88,198490,200310,49914740341207968,0.0153154170617205,1820,535,1285,535,27425681506158.2241758241758242,0.0000084150643196,153.5571323894578923,147.7121367216466441,2.2820680065105138,1.7194855014758586,4.0015535079863724,2.2820680065105138,158434244184.94168,156041586750.81468,2392657434.127,true,true,68238268300812398977.5401333196044976,67192370966219616042.012950685078396,1045897334592782935.5271826345261016,true,true,805771690395.5424,793804018999.82105,11967671395.72135,true,true,339607513764373072870.863581057299245,334353204002532470227.3368932851147662,5254309761840602643.5266877721844788,true,true,1617766242893.8479,1593693058306.8522,24073184586.9957,true,true,674188798579818761867.3586054704724655,663731712538698742776.6588656030316904,10457086041120019090.6997398674407751,true,true
23,0x88e6a0c2ddd26feeb64f039a2c41296fcb3f5640,24986728,199025,3259117276405442527,10,S23_P10,196750:199130,0xc36442b4a4522e871399cd717abdd847ab11fe88:196750:199130,0xc36442b4a4522e871399cd717abdd847ab11fe88,196750,199130,56441995567576801,0.017318184888955,2380,2275,105,105,23715124188057.4794117647058824,0.0000072765482727,153.5571323894578923,147.7121367216466441,2.6263156772980789,1.151374070148288,3.7776897474463669,2.6263156772980789,158434244184.94168,155728657804.61616,2705586380.32552,true,true,68238268300812398977.5401333196044976,67055601472489293086.0725962673606584,1182666828323105891.4675370522438392,true,true,805771690395.5424,792238421731.20055,13533268664.34185,true,true,339607513764373072870.863581057299245,333841928217049407637.4923377995915868,5765585547323665233.3712432577076582,true,true,1617766242893.8479,1590545007765.4544,27221235128.3935,true,true,674188798579818761867.3586054704724655,665453962159454764082.0391928204823851,8734836420363997785.3194126499900804,true,true
23,0x88e6a0c2ddd26feeb64f039a2c41296fcb3f5640,24986728,199025,3259117276405442527,11,S23_P11,198910:199360,0xc36442b4a4522e871399cd717abdd847ab11fe88:198910:199360,0xc36442b4a4522e871399cd717abdd847ab11fe88,198910,199360,61847102831215855,0.0189766423193671,450,115,335,115,137438006291590.7888888888888889,0.0000421703162653,153.5571323894578923,147.7121367216466441,1.4450400789653455,2.0948303181889833,3.5398703971543288,2.0948303181889833,158434244184.94168,155469518935.53464,2964725249.40704,true,true,68238268300812398977.5401333196044976,66942344715730140817.1935882681888432,1295923585082258160.3465450514156544,true,true,805771690395.5424,791021112600.4555,14750577795.0869,true,true,339607513764373072870.863581057299245,333097247448739420516.672320403603965,6510266315633652354.19126065369528,true,true,1617766242893.8479,1594584746305.6237,23181496588.2242,true,true,674188798579818761867.3586054704724655,661231978617314819938.9836064008467551,12956819962503941928.3749990696257104,true,true
23,0x88e6a0c2ddd26feeb64f039a2c41296fcb3f5640,24986728,199025,3259117276405442527,12,S23_P12,197500:199360,0xc36442b4a4522e871399cd717abdd847ab11fe88:197500:199360,0xc36442b4a4522e871399cd717abdd847ab11fe88,197500,199360,41196674893167603,0.0126404395421463,1860,1525,335,335,22148749942563.2274193548387097,0.0000067959352377,153.5571323894578923,147.7121367216466441,1.9076814229680677,1.3890509284524119,3.2967323514204796,1.9076814229680677,158434244184.94168,156459530388.99272,1974713795.94896,true,true,68238268300812398977.5401333196044976,67375045940117015457.8690468287086152,863222360695383519.6710864908958824,true,true,805771690395.5424,795894809172.801,9876881222.7414,true,true,339607513764373072870.863581057299245,335270864552432027846.7791701983933294,4336649211941045024.0844108589059156,true,true,1617766242893.8479,1597897662276.7388,19868580617.1091,true,true,674188798579818761867.3586054704724655,665558014190546858253.6665156366184499,8630784389271903613.6920898338540156,true,true
23,0x88e6a0c2ddd26feeb64f039a2c41296fcb3f5640,24986728,199025,3259117276405442527,13,S23_P13,198900:199290,0xc36442b4a4522e871399cd717abdd847ab11fe88:198900:199290,0xc36442b4a4522e871399cd717abdd847ab11fe88,198900,199290,55406677225631337,0.0170005165591159,390,125,265,125,142068403142644.4538461538461538,0.0000435910681003,153.5571323894578923,147.7121367216466441,1.3684036501817825,1.7995670969298749,3.1679707471116574,1.7995670969298749,158434244184.94168,155778293580.88564,2655950604.05604,true,true,68238268300812398977.5401333196044976,67077295001990121081.0195426277858392,1160973298822277896.5205906918186584,true,true,805771690395.5424,792487000099.8727,13284690295.6697,true,true,339607513764373072870.863581057299245,333775136906792122770.7677278502272103,5832376857580950100.0958532070720347,true,true,1617766242893.8479,1596127434106.9731,21638808786.8748,true,true,674188798579818761867.3586054704724655,662581352871716576517.9538576883509556,11607445708102185349.4047477821215099,true,true
23,0x88e6a0c2ddd26feeb64f039a2c41296fcb3f5640,24986728,199025,3259117276405442527,14,S23_P14,193130:200340,0xc36442b4a4522e871399cd717abdd847ab11fe88:193130:200340,0xc36442b4a4522e871399cd717abdd847ab11fe88,193130,200340,37619268342446439,0.0115427783513018,7210,5895,1315,1315,5217651642502.9735090152565881,0.0000016009401319,153.5571323894578923,147.7121367216466441,1.7400537871559134,1.2922982290043364,3.0323520161602498,1.7400537871559134,158434244184.94168,156631025103.40924,1803219081.53244,true,true,68238268300812398977.5401333196044976,67450005489918322336.8116546252799192,788262810894076640.7284786943245784,true,true,805771690395.5424,796752660158.51885,9019030237.02355,true,true,339607513764373072870.863581057299245,335647427895988027752.8708588624922237,3960085868385045117.9927221948070213,true,true,1617766242893.8479,1599622978513.5988,18143264380.2491,true,true,674188798579818761867.3586054704724655,666307425102557798228.5813074108211321,7881373477260963638.7772980596513334,true,true
23,0x88e6a0c2ddd26feeb64f039a2c41296fcb3f5640,24986728,199025,3259117276405442527,15,S23_P15,194970:200900,0xc36442b4a4522e871399cd717abdd847ab11fe88:194970:200900,0xc36442b4a4522e871399cd717abdd847ab11fe88,194970,200900,36399741824870331,0.011168589141725,5930,4055,1875,1875,6138236395425.0136593591905565,0.000001883404577,153.5571323894578923,147.7121367216466441,1.6829966811931365,1.2500586602754574,2.9330553414685939,1.6829966811931365,158434244184.94168,156689486776.6324,1744757408.30928,true,true,68238268300812398977.5401333196044976,67475559218531851692.1914806609676576,762709082280547285.34865265863684,true,true,805771690395.5424,797045090467.9431,8726599927.5993,true,true,339607513764373072870.863581057299245,335775798111962977625.2262172762004299,3831715652410095245.6373637810988151,true,true,1617766242893.8479,1600211133592.2272,17555109301.6207,true,true,674188798579818761867.3586054704724655,666562899638076653997.073534724580757,7625898941742107870.2850707458917085,true,true
23,0x88e6a0c2ddd26feeb64f039a2c41296fcb3f5640,24986728,199025,3259117276405442527,16,S23_P16,198370:199760,0xc36442b4a4522e871399cd717abdd847ab11fe88:198370:199760,0xc36442b4a4522e871399cd717abdd847ab11fe88,198370,199760,33955963454359971,0.0104187608406074,1390,655,735,655,24428750686589.9071942446043165,0.0000074955113961,153.5571323894578923,147.7121367216466441,1.5687936339195607,1.1654864098603929,2.7342800437799536,1.5687936339195607,158434244184.94168,156806634785.36852,1627609399.57316,true,true,68238268300812398977.5401333196044976,67526764892921485136.5576231973593456,711503407890913840.982510122245152,true,true,805771690395.5424,797631072988.0281,8140617407.5143,true,true,339607513764373072870.863581057299245,336033037104972619499.0436850736594643,3574476659400453371.8198959836397807,true,true,1617766242893.8479,1601389724078.4113,16376518815.4366,true,true,674188798579818761867.3586054704724655,667074842527990760629.6847890703675674,7113956051828001237.6738164001048981,true,true
23,0x88e6a0c2ddd26feeb64f039a2c41296fcb3f5640,24986728,199025,3259117276405442527,17,S23_P17,196260:200390,0xc36442b4a4522e871399cd717abdd847ab11fe88:196260:200390,0xc36442b4a4522e871399cd717abdd847ab11fe88,196260,200390,33467064267190909,0.0102687511460473,4130,2765,1365,1365,8103405391571.6486682808716707,0.0000024863804228,153.5571323894578923,147.7121367216466441,1.5459674717278986,1.1485782677086526,2.6945457394365512,1.5459674717278986,158434244184.94168,156830070944.86292,1604173240.07876,true,true,68238268300812398977.5401333196044976,67537009468557422251.3670334525135744,701258832254976726.1730998670909232,true,true,805771690395.5424,797748302084.3952,8023388311.1472,true,true,339607513764373072870.863581057299245,336084500350401647153.8058772897860598,3523013413971425717.0577037675131852,true,true,1617766242893.8479,1601625511583.0816,16140731310.7663,true,true,674188798579818761867.3586054704724655,667177261826382023185.3345900100433151,7011536753436738682.0240154604291504,true,true
23,0x88e6a0c2ddd26feeb64f039a2c41296fcb3f5640,24986728,199025,3259117276405442527,18,S23_P18,198870:201360,0xc36442b4a4522e871399cd717abdd847ab11fe88:198870:201360,0xc36442b4a4522e871399cd717abdd847ab11fe88,198870,201360,33049168110608779,0.010140527421296,2490,155,2335,155,13272758277352.9232931726907631,0.0000040725009724,153.5571323894578923,147.7121367216466441,0.9334692971115831,1.1341286850152807,2.0675979821268638,1.1341286850152807,158434244184.94168,156850104677.39544,1584139507.54624,true,true,68238268300812398977.5401333196044976,67545766042946069620.8321735619074816,692502257866329356.707959757697016,true,true,805771690395.5424,797848506031.8041,7923184363.7383,true,true,339607513764373072870.863581057299245,336128489575343080950.2473491502379085,3479024189029991920.6162319070613365,true,true,1617766242893.8479,1603596687013.1081,14169555880.7398,true,true,674188798579818761867.3586054704724655,667264806985231263498.5018905907771022,6923991594587498368.8567148796953633,true,true
23,0x88e6a0c2ddd26feeb64f039a2c41296fcb3f5640,24986728,199025,3259117276405442527,19,S23_P19,194710:204620,0xc36442b4a4522e871399cd717abdd847ab11fe88:194710:204620,0xc36442b4a4522e871399cd717abdd847ab11fe88,194710,204620,22425003622459202,0.0068806985820382,9910,4315,5595,4315,2262866157664.9043390514631685,0.0000006943187267,153.5571323894578923,147.7121367216466441,1.0322957705266367,0.7676964088688441,1.7999921793954808,1.0322957705266367,158434244184.94168,157359378877.38116,1074865307.56052,true,true,68238268300812398977.5401333196044976,67768381091815624767.3465749121391224,469887208996774210.1935584074653752,true,true,805771690395.5424,800395831279.53725,5375859116.00515,true,true,339607513764373072870.863581057299245,337246842249213172276.6865437566026595,2360671515159900594.1770373006965855,true,true,1617766242893.8479,1606950924679.3923,10815318214.4556,true,true,674188798579818761867.3586054704724655,669490517703953241058.1425015808035061,4698280875865520809.2161038896689594,true,true
23,0x88e6a0c2ddd26feeb64f039a2c41296fcb3f5640,24986728,199025,3259117276405442527,20,S23_P20,198400:199130,0xc36442b4a4522e871399cd717abdd847ab11fe88:198400:199130,0xc36442b4a4522e871399cd717abdd847ab11fe88,198400,199130,21647883256543365,0.0066422535369514,730,625,105,105,29654634598004.6095890410958904,0.0000090989774479,153.5571323894578923,147.7121367216466441,0.9962148183250885,0.4401976440510171,1.4364124623761056,0.9962148183250885,158434244184.94168,157396630038.15308,1037614146.7886,true,true,68238268300812398977.5401333196044976,67784664832717408337.7007078290752,453603468094990639.8394254905292976,true,true,805771690395.5424,800582148604.42245,5189541791.11995,true,true,339607513764373072870.863581057299245,337392394404568216273.110717411447084,2215119359804856597.752863645852161,true,true,1617766242893.8479,1607325718867.2967,10440524026.5512,true,true,674188798579818761867.3586054704724655,670842128981196136266.8839259251558309,3346669598622625600.4746795453166346,true,true
24,0x88e6a0c2ddd26feeb64f039a2c41296fcb3f5640,24976728,198959,3475634587319573909,1,S24_P1,195610:209470,0xc36442b4a4522e871399cd717abdd847ab11fe88:195610:209470,0xc36442b4a4522e871399cd717abdd847ab11fe88,195610,209470,350427488554237191,0.1008240307633975,13860,3349,10511,3349,25283368582556.7958874458874459,0.000007274461094,151.7220658829179494,149.6238975507641143,18.0779281638537688,13.6471288357590118,31.7250569996127806,18.0779281638537688,166788942788.61948,149907890358.30068,16881052430.3188,true,true,72421368803351665614.7852733412796788,65081823279257084544.7069960381692364,7339545524094581070.0782773031104424,true,true,830262681540.4843,746036808304.06385,84225873236.42045,true,true,357940721522121479674.8705832168493435,321050927325884163605.2452751618340735,36889794196237316069.62530805501527,true,true,1650019292118.7199,1479588201433.8243,170431090684.8956,true,true,700284115884707266616.2070182533052781,626777063904637400821.1579667054072347,73507051980069865795.0490515478980434,true,true
24,0x88e6a0c2ddd26feeb64f039a2c41296fcb3f5640,24976728,198959,3475634587319573909,2,S24_P2,196880:200560,0xc36442b4a4522e871399cd717abdd847ab11fe88:196880:200560,0xc36442b4a4522e871399cd717abdd847ab11fe88,196880,200560,343166199083970065,0.098734832578767,3680,2079,1601,1601,93251684533687.5176630434782609,0.0000268301175486,151.7220658829179494,149.6238975507641143,17.6564084315019603,13.3412539704973464,30.9976624019993067,17.6564084315019603,166788942788.61948,150257890445.01748,16531052343.602,true,true,72421368803351665614.7852733412796788,65233964491642436555.359502662486544,7187404311709229059.4257706787931348,true,true,830262681540.4843,747776871942.38445,82485809598.09985,true,true,357940721522121479674.8705832168493435,321813808495419186389.332165157330338,36126913026702293285.5384180595190055,true,true,1650019292118.7199,1483105352710.7959,166913939407.924,true,true,700284115884707266616.2070182533052781,628295509700366652113.7210257584471004,71988606184340614502.4859924948581777,true,true
24,0x88e6a0c2ddd26feeb64f039a2c41296fcb3f5640,24976728,198959,3475634587319573909,3,S24_P3,197690:199360,0xc36442b4a4522e871399cd717abdd847ab11fe88:197690:199360,0xc36442b4a4522e871399cd717abdd847ab11fe88,197690,199360,231611242751517486,0.066638548136367,1670,1269,401,401,138689366917076.3389221556886228,0.0000399033222373,151.7220658829179494,149.6238975507641143,11.4512412891705917,8.6568774380499576,20.1081187272205493,11.4512412891705917,166788942788.61948,155634297616.66068,11154645171.9588,true,true,72421368803351665614.7852733412796788,67571240522078423998.2747227171571244,4850128281273241616.5105506241225544,true,true,830262681540.4843,774533029805.6107,55729651734.8736,true,true,357940721522121479674.8705832168493435,333543037471602130204.0507241257796215,24397684050519349470.819859091069722,true,true,1650019292118.7199,1537235265427.8544,112784026690.8655,true,true,700284115884707266616.2070182533052781,651649003402513871887.6454379513884537,48635112482193394728.5615803019168244,true,true
24,0x88e6a0c2ddd26feeb64f039a2c41296fcb3f5640,24976728,198959,3475634587319573909,4,S24_P4,194710:212350,0xc36442b4a4522e871399cd717abdd847ab11fe88:194710:212350,0xc36442b4a4522e871399cd717abdd847ab11fe88,194710,212350,171327716065031450,0.0492939380595704,17640,4249,13391,4249,9712455559242.1456916099773243,0.0000027944409331,151.7220658829179494,149.6238975507641143,8.2960221201609585,6.4022553491673103,14.6982774693282688,8.2960221201609585,166788942788.61948,158538888913.37952,8250053875.23996,true,true,72421368803351665614.7852733412796788,68834083785137460188.2014221944622112,3587285018214205426.5838511468174676,true,true,830262681540.4843,789012773179.9058,41249908360.5785,true,true,357940721522121479674.8705832168493435,339887485861663349521.067581906142506,18053235660458130153.8030013107068375,true,true,1650019292118.7199,1566559269285.9405,83460022832.7794,true,true,700284115884707266616.2070182533052781,664288555807518008612.8471854092244503,35995560077189258003.3598328440808278,true,true
24,0x88e6a0c2ddd26feeb64f039a2c41296fcb3f5640,24976728,198959,3475634587319573909,5,S24_P5,197610:199940,0xc36442b4a4522e871399cd717abdd847ab11fe88:197610:199940,0xc36442b4a4522e871399cd717abdd847ab11fe88,197610,199940,118114933958354994,0.0339837031169165,2330,1349,981,981,50693104703156.6497854077253219,0.0000145852803077,151.7220658829179494,149.6238975507641143,5.6169745290846399,4.3621835089773703,9.9791580380620102,5.6169745290846399,166788942788.61948,161102146036.44532,5686796752.17416,true,true,72421368803351665614.7852733412796788,69948586213887807896.0401055097900184,2472782589463857718.7451678314896604,true,true,830262681540.4843,801808266122.71295,28454415417.77135,true,true,357940721522121479674.8705832168493435,345490959333932314413.9686281756820895,12449762188189165260.901955041167254,true,true,1650019292118.7199,1592477450454.3059,57541841664.414,true,true,700284115884707266616.2070182533052781,675456692152396675159.9726934601538763,24827423732310591456.2343247931514018,true,true
24,0x88e6a0c2ddd26feeb64f039a2c41296fcb3f5640,24976728,198959,3475634587319573909,6,S24_P6,195610:200290,0xc36442b4a4522e871399cd717abdd847ab11fe88:195610:200290,0xc36442b4a4522e871399cd717abdd847ab11fe88,195610,200290,82346613047210432,0.0236925404493447,4680,3349,1331,1331,17595430138292.8273504273504274,0.000005062508643,151.7220658829179494,149.6238975507641143,3.869759257821404,3.017635048824377,6.887394306645781,3.869759257821404,166788942788.61948,162824695885.10484,3964246903.51464,true,true,72421368803351665614.7852733412796788,70697579013137808401.3133295057809032,1723789790213857213.4719438354987756,true,true,830262681540.4843,810417074803.98155,19845606736.50275,true,true,357940721522121479674.8705832168493435,349259426682638240437.448193916514953,8681294839483239237.4223893003343905,true,true,1650019292118.7199,1609902454482.9866,40116837635.7333,true,true,700284115884707266616.2070182533052781,682969619039607511055.4269870183581523,17314496845099755560.7800312349471258,true,true
24,0x88e6a0c2ddd26feeb64f039a2c41296fcb3f5640,24976728,198959,3475634587319573909,7,S24_P7,196950:206450,0xc36442b4a4522e871399cd717abdd847ab11fe88:196950:206450,0xc36442b4a4522e871399cd717abdd847ab11fe88,196950,206450,65989735192964238,0.0189863846543937,9500,2009,7491,2009,6946287915048.8671578947368421,0.0000019985668057,151.7220658829179494,149.6238975507641143,3.0845293341940172,2.4097238371988542,5.4942531713928714,3.0845293341940172,166788942788.61948,163612299160.9354,3176643627.68408,true,true,72421368803351665614.7852733412796788,71040048921864980797.812293495854116,1381319881486684816.9729798454255628,true,true,830262681540.4843,814356129272.69745,15906552267.78685,true,true,357940721522121479674.8705832168493435,350983245904570517689.390868312810979,6957475617550961985.4797149040383645,true,true,1650019292118.7199,1617871140832.5855,32148151286.1344,true,true,700284115884707266616.2070182533052781,686406843068630736083.2424603217669761,13877272816076530532.964557931538302,true,true
24,0x88e6a0c2ddd26feeb64f039a2c41296fcb3f5640,24976728,198959,3475634587319573909,8,S24_P8,196750:199130,0xc36442b4a4522e871399cd717abdd847ab11fe88:196750:199130,0xc36442b4a4522e871399cd717abdd847ab11fe88,196750,199130,56441995567576801,0.0162393353356243,2380,2209,171,171,23715124188057.4794117647058824,0.000006823250141,151.7220658829179494,149.6238975507641143,2.6300472143072473,1.560477774171554,4.1905249884788013,2.6300472143072473,166788942788.61948,164071997666.00764,2716945122.61184,true,true,72421368803351665614.7852733412796788,71239938273310147260.4429268078099792,1181430530041518354.3423465334696996,true,true,830262681540.4843,816656076050.634,13606605489.8503,true,true,357940721522121479674.8705832168493435,351989602238331333211.551873115160464,5951119283790146463.3187101016888795,true,true,1650019292118.7199,1622522576700.2034,27496715418.5165,true,true,700284115884707266616.2070182533052781,689436214623620549933.1010656060418586,10847901261086716683.1059526472634195,true,true
24,0x88e6a0c2ddd26feeb64f039a2c41296fcb3f5640,24976728,198959,3475634587319573909,9,S24_P9,198490:200310,0xc36442b4a4522e871399cd717abdd847ab11fe88:198490:200310,0xc36442b4a4522e871399cd717abdd847ab11fe88,198490,200310,49914740341207968,0.0143613314596752,1820,469,1351,469,27425681506158.2241758241758242,0.0000078908414614,151.7220658829179494,149.6238975507641143,2.2193536908696448,1.8164544187721726,4.0358081096418174,2.2193536908696448,166788942788.61948,164386252051.65336,2402690736.96612,true,true,72421368803351665614.7852733412796788,71376586258719160079.374349376048098,1044782544632505535.4109239652315808,true,true,830262681540.4843,818228706839.08455,12033974701.39975,true,true,357940721522121479674.8705832168493435,352677649483219597671.6907588683808415,5263072038901882003.179824348468502,true,true,1650019292118.7199,1625702490620.7916,24316801497.9283,true,true,700284115884707266616.2070182533052781,689785814286812883942.7649816523669026,10498301597894382673.4420366009383755,true,true
24,0x88e6a0c2ddd26feeb64f039a2c41296fcb3f5640,24976728,198959,3475634587319573909,10,S24_P10,198310:199020,0xc36442b4a4522e871399cd717abdd847ab11fe88:198310:199020,0xc36442b4a4522e871399cd717abdd847ab11fe88,198310,199020,64085692107443067,0.0184385586278983,710,649,61,61,90261538179497.2774647887323944,0.0000259698008844,151.7220658829179494,149.6238975507641143,2.9936687273775287,0.8640747743540801,3.8577435017316088,2.9936687273775287,166788942788.61948,163703976365.7358,3084966422.88368,true,true,72421368803351665614.7852733412796788,71080258174407805143.1191188760885056,1341110628943860471.6661544651911732,true,true,830262681540.4843,814814752859.97315,15447928680.51115,true,true,357940721522121479674.8705832168493435,352587272578868058392.1392324156694595,5353448943253421282.731350801179884,true,true,1650019292118.7199,1618798746946.6252,31220545172.0947,true,true,700284115884707266616.2070182533052781,693631841762639761171.5912911049335372,6652274122067505444.6157271483717409,true,true
24,0x88e6a0c2ddd26feeb64f039a2c41296fcb3f5640,24976728,198959,3475634587319573909,11,S24_P11,198760:199060,0xc36442b4a4522e871399cd717abdd847ab11fe88:198760:199060,0xc36442b4a4522e871399cd717abdd847ab11fe88,198760,199060,70666413070141523,0.0203319455180816,300,199,101,101,235554710233805.0766666666666667,0.0000677731517269,151.7220658829179494,149.6238975507641143,2.3028359557478847,1.4061466869999257,3.7089826427478104,2.3028359557478847,166788942788.61948,163387119414.58816,3401823374.03132,true,true,72421368803351665614.7852733412796788,70942134142319139581.8097743738887308,1479234661032526032.975498967390948,true,true,830262681540.4843,813229747770.2085,17032933770.2758,true,true,357940721522121479674.8705832168493435,350732053701217129800.9597964838246475,7208667820904349873.910786733024696,true,true,1650019292118.7199,1616735918182.2772,33283373936.4427,true,true,700284115884707266616.2070182533052781,689704743030438837912.4639233047789783,10579372854268428703.7430949485262998,true,true
24,0x88e6a0c2ddd26feeb64f039a2c41296fcb3f5640,24976728,198959,3475634587319573909,12,S24_P12,198430:199430,0xc36442b4a4522e871399cd717abdd847ab11fe88:198430:199430,0xc36442b4a4522e871399cd717abdd847ab11fe88,198430,199430,42088216245401454,0.0121095055271216,1000,529,471,471,42088216245401.454,0.0000121095055271,151.7220658829179494,149.6238975507641143,1.9166317864076324,1.5289974958409528,3.4456292822485852,1.9166317864076324,166788942788.61948,164763042047.98304,2025900740.63644,true,true,72421368803351665614.7852733412796788,71540426829130434430.0337555560800096,880941974221231184.7515177851996692,true,true,830262681540.4843,820114683911.4255,10147997629.0588,true,true,357940721522121479674.8705832168493435,353502715491775578953.3419282042830895,4438006030345900721.528655012566254,true,true,1650019292118.7199,1629515351889.5799,20503940229.14,true,true,700284115884707266616.2070182533052781,691431309043514215725.184481553776081,8852806841193050891.0225366995291971,true,true
24,0x88e6a0c2ddd26feeb64f039a2c41296fcb3f5640,24976728,198959,3475634587319573909,13,S24_P13,197500:199360,0xc36442b4a4522e871399cd717abdd847ab11fe88:197500:199360,0xc36442b4a4522e871399cd717abdd847ab11fe88,197500,199360,41196674893167603,0.0118529937075286,1860,1459,401,401,22148749942563.2274193548387097,0.0000063725772621,151.7220658829179494,149.6238975507641143,1.910186019750413,1.4791591522437807,3.3893451719941937,1.910186019750413,166788942788.61948,164805962607.15364,1982980181.46584,true,true,72421368803351665614.7852733412796788,71559089703810456024.7369094967263504,862279099541209590.0483638445533284,true,true,830262681540.4843,820329542040.85345,9933139499.63085,true,true,357940721522121479674.8705832168493435,353596705000563581557.2559260240013645,4344016521557898117.614657192847979,true,true,1650019292118.7199,1629949683317.4921,20069608801.2278,true,true,700284115884707266616.2070182533052781,691618766514588886676.9680340411586821,8665349370118379939.238984212146596,true,true
24,0x88e6a0c2ddd26feeb64f039a2c41296fcb3f5640,24976728,198959,3475634587319573909,14,S24_P14,193130:200340,0xc36442b4a4522e871399cd717abdd847ab11fe88:193130:200340,0xc36442b4a4522e871399cd717abdd847ab11fe88,193130,200340,37619268342446439,0.0108237121588373,7210,5829,1381,1381,5217651642502.9735090152565881,0.0000015012083438,151.7220658829179494,149.6238975507641143,1.7422955642749265,1.3654248914154792,3.1077204556904057,1.7422955642749265,166788942788.61948,164978181273.28968,1810761515.3298,true,true,72421368803351665614.7852733412796788,71633976891379228816.8551805989278688,787391911972436797.93009274235181,true,true,830262681540.4843,821191729701.25945,9070951839.22485,true,true,357940721522121479674.8705832168493435,353973857708551553883.2457357403587995,3966863813569925791.624847476490544,true,true,1650019292118.7199,1631692481157.5021,18326810961.2178,true,true,700284115884707266616.2070182533052781,692370990817221301736.5618674350578136,7913125067485964879.6451508182474645,true,true
24,0x88e6a0c2ddd26feeb64f039a2c41296fcb3f5640,24976728,198959,3475634587319573909,15,S24_P15,194970:200900,0xc36442b4a4522e871399cd717abdd847ab11fe88:194970:200900,0xc36442b4a4522e871399cd717abdd847ab11fe88,194970,200900,36399741824870331,0.0104728333518346,5930,3989,1941,1941,6138236395425.0136593591905565,0.0000017660764506,151.7220658829179494,149.6238975507641143,1.6851510481277472,1.3208184773313853,3.0059695254591325,1.6851510481277472,166788942788.61948,165036887934.44488,1752054854.1746,true,true,72421368803351665614.7852733412796788,71659505081955188550.7488287148324344,761863721396477064.0364446264472444,true,true,830262681540.4843,821485662276.26335,8777019264.22095,true,true,357940721522121479674.8705832168493435,354102431043798997819.855956645623015,3838290478322481855.0146265712263285,true,true,1650019292118.7199,1632286593014.312,17732699104.4079,true,true,700284115884707266616.2070182533052781,692627432664634966351.5283629527994368,7656683220072300264.6786553005058413,true,true
24,0x88e6a0c2ddd26feeb64f039a2c41296fcb3f5640,24976728,198959,3475634587319573909,16,S24_P16,198910:199360,0xc36442b4a4522e871399cd717abdd847ab11fe88:198910:199360,0xc36442b4a4522e871399cd717abdd847ab11fe88,198910,199360,61847102831215855,0.0177944778938665,450,49,401,49,137438006291590.7888888888888889,0.0000395432842086,151.7220658829179494,149.6238975507641143,0.7447181708089795,2.2300057236789567,2.9747238944879362,2.2300057236789567,166788942788.61948,163861920328.73784,2927022459.88164,true,true,72421368803351665614.7852733412796788,71126779048395895066.9319909359003104,1294589754955770547.8532824053793684,true,true,830262681540.4843,819620906748.0073,10641774792.477,true,true,357940721522121479674.8705832168493435,351419877660602112057.928367396164052,6520843861519367616.9422158206852915,true,true,1650019292118.7199,1637294976334.2996,12724315784.4203,true,true,700284115884707266616.2070182533052781,687277531821009643707.6079425314799155,13006584063697622908.5990757218253626,true,true
24,0x88e6a0c2ddd26feeb64f039a2c41296fcb3f5640,24976728,198959,3475634587319573909,17,S24_P17,198370:199760,0xc36442b4a4522e871399cd717abdd847ab11fe88:198370:199760,0xc36442b4a4522e871399cd717abdd847ab11fe88,198370,199760,33955963454359971,0.0097697161773692,1390,589,801,589,24428750686589.9071942446043165,0.0000070285727895,151.7220658829179494,149.6238975507641143,1.5651499418112432,1.2315025586794787,2.7966525004907219,1.5651499418112432,166788942788.61948,165154529965.45056,1634412823.16892,true,true,72421368803351665614.7852733412796788,71710659991552761706.8523445949054984,710708811798903907.9329287463741804,true,true,830262681540.4843,822074692562.58885,8187988977.89545,true,true,357940721522121479674.8705832168493435,354360080286349527859.620731068386744,3580641235771951815.2498521484625995,true,true,1650019292118.7199,1633477116109.4675,16542176009.2524,true,true,700284115884707266616.2070182533052781,693141326725420432447.0018016175653192,7142789159286834169.2052166357399589,true,true
24,0x88e6a0c2ddd26feeb64f039a2c41296fcb3f5640,24976728,198959,3475634587319573909,18,S24_P18,196260:200390,0xc36442b4a4522e871399cd717abdd847ab11fe88:196260:200390,0xc36442b4a4522e871399cd717abdd847ab11fe88,196260,200390,33467064267190909,0.0096290514512922,4130,2699,1431,1431,8103405391571.6486682808716707,0.0000023314894555,151.7220658829179494,149.6238975507641143,1.547915936229893,1.2136452788408051,2.7615612150706981,1.547915936229893,166788942788.61948,165178064882.07052,1610877906.54896,true,true,72421368803351665614.7852733412796788,71720893462034124428.2090344964115064,700475341317541186.5762388448681724,true,true,830262681540.4843,822192537030.6803,8070144509.804,true,true,357940721522121479674.8705832168493435,354411626136081409375.185577369011077,3529095386040070299.6850058478382665,true,true,1650019292118.7199,1633715289994.7795,16304002123.9404,true,true,700284115884707266616.2070182533052781,693244138453145656134.8407491101973101,7039977431561610481.366269143107968,true,true
24,0x88e6a0c2ddd26feeb64f039a2c41296fcb3f5640,24976728,198959,3475634587319573909,19,S24_P19,198900:199290,0xc36442b4a4522e871399cd717abdd847ab11fe88:198900:199290,0xc36442b4a4522e871399cd717abdd847ab11fe88,198900,199290,55406677225631337,0.0159414563969917,390,59,331,59,142068403142644.4538461538461538,0.0000408755292231,151.7220658829179494,149.6238975507641143,0.7772367257614681,1.9316074546323507,2.7088441803938188,1.9316074546323507,166788942788.61948,164122490698.5964,2666452090.02308,true,true,72421368803351665614.7852733412796788,71261613804786633935.2803248553171392,1159754998565031679.5049484859625396,true,true,830262681540.4843,819690231197.0288,10572450343.4555,true,true,357940721522121479674.8705832168493435,352098733571700778865.180222728966681,5841987950420700809.6903604878826625,true,true,1650019292118.7199,1636766030793.4784,13253261325.2415,true,true,700284115884707266616.2070182533052781,688631295830808695214.3107204422374497,11652820053898571401.8962978110678284,true,true
24,0x88e6a0c2ddd26feeb64f039a2c41296fcb3f5640,24976728,198959,3475634587319573909,20,S24_P20,198870:201360,0xc36442b4a4522e871399cd717abdd847ab11fe88:198870:201360,0xc36442b4a4522e871399cd717abdd847ab11fe88,198870,201360,33049168110608779,0.009508815521397,2490,89,2401,89,13272758277352.9232931726907631,0.0000038188014142,151.7220658829179494,149.6238975507641143,0.6383153183170477,1.1983843719557507,1.8366996902727984,1.1983843719557507,166788942788.61948,165198182979.2342,1590759809.38528,true,true,72421368803351665614.7852733412796788,71729641426736092162.347686923961736,691727376615573452.4375864173179428,true,true,830262681540.4843,822755713953.6729,7506967586.8114,true,true,357940721522121479674.8705832168493435,354455685990986223532.212530421858102,3485035531135256142.6580527949912415,true,true,1650019292118.7199,1639321722606.7993,10697569511.9206,true,true,700284115884707266616.2070182533052781,693332019461929611062.0454685305605396,6952096422777655554.1615497227447385,true,true
25,0x88e6a0c2ddd26feeb64f039a2c41296fcb3f5640,24966728,198633,3286292870047494956,1,S25_P1,195610:209470,0xc36442b4a4522e871399cd717abdd847ab11fe88:195610:209470,0xc36442b4a4522e871399cd717abdd847ab11fe88,195610,209470,350427488554237191,0.1066330672315193,13860,3023,10837,3023,25283368582556.7958874458874459,0.0000076935834943,164.3378227505160114,153.4745132648402236,22.6885359706028922,18.1626985405856493,40.8512345111885415,22.6885359706028922,160068543762.21096,142985067443.91176,17083476318.2992,true,true,67734084986516707695.610247757728269,60510729345127136018.0651246956916329,7223355641389571677.5451230620366361,true,true,799262066199.69795,713214978341.961,86047087857.73695,true,true,341048210122351505609.067830026886144,305071804923069858763.420817404641872,35976405199281646845.647012622244272,true,true,1574056515339.7521,1400098183545.4349,173958331794.3172,true,true,688151418717080989720.903695444029284,616087511571709931118.4081089806845984,72063907145371058602.4955864633446856,true,true
25,0x88e6a0c2ddd26feeb64f039a2c41296fcb3f5640,24966728,198633,3286292870047494956,2,S25_P2,196880:200560,0xc36442b4a4522e871399cd717abdd847ab11fe88:196880:200560,0xc36442b4a4522e871399cd717abdd847ab11fe88,196880,200560,343166199083970065,0.10442349865154,3680,1753,1927,1753,93251684533687.5176630434782609,0.0000283759507205,164.3378227505160114,153.4745132648402236,22.1507915417989022,17.7441308614584183,39.8949224032573205,22.1507915417989022,160068543762.21096,143339025098.99052,16729518663.22044,true,true,67734084986516707695.610247757728269,60660471690976490376.1350701198105475,7073613295540217319.4751776379177215,true,true,799262066199.69795,714997940897.7911,84264125301.90685,true,true,341048210122351505609.067830026886144,305818533973662368041.8556630221716096,35229676148689137567.2121670047145344,true,true,1574056515339.7521,1403679908150.1533,170376607189.5988,true,true,688151418717080989720.903695444029284,617581749387836032474.9981719077687958,70569669329244957245.9055235362604882,true,true
25,0x88e6a0c2ddd26feeb64f039a2c41296fcb3f5640,24966728,198633,3286292870047494956,3,S25_P3,197690:199360,0xc36442b4a4522e871399cd717abdd847ab11fe88:197690:199360,0xc36442b4a4522e871399cd717abdd847ab11fe88,197690,199360,231611242751517486,0.0704779677010863,1670,943,727,727,138689366917076.3389221556886228,0.0000422023758689,164.3378227505160114,153.4745132648402236,14.2848209850644875,11.5402103359316226,25.8250313209961101,14.2848209850644875,160068543762.21096,148777152224.52816,11291391537.6828,true,true,67734084986516707695.610247757728269,62960769460666836626.7821115826452414,4773315525849871068.8281361750830276,true,true,799262066199.69795,742394846044.71805,56867220154.9799,true,true,341048210122351505609.067830026886144,317284112928529795727.2127077756992128,23764097193821709881.8551222511869312,true,true,1574056515339.7521,1458850822474.1324,115205692865.6197,true,true,688151418717080989720.903695444029284,640531107286534492946.0035585749520635,47620311430546496774.9001368690772205,true,true
25,0x88e6a0c2ddd26feeb64f039a2c41296fcb3f5640,24966728,198633,3286292870047494956,4,S25_P4,194710:212350,0xc36442b4a4522e871399cd717abdd847ab11fe88:194710:212350,0xc36442b4a4522e871399cd717abdd847ab11fe88,194710,212350,171327716065031450,0.0521340376040664,17640,3923,13717,3923,9712455559242.1456916099773243,0.0000029554443086,164.3378227505160114,153.4745132648402236,10.3196967215625045,8.3712530720873876,18.6909497936498921,10.3196967215625045,160068543762.21096,151716019205.19512,8352524557.01584,true,true,67734084986516707695.610247757728269,64203569981417594215.9569860988969487,3530515005099113479.6532616588313203,true,true,799262066199.69795,757200829178.55055,42061237021.1474,true,true,341048210122351505609.067830026886144,323474540722802286027.7026742769220512,17573669399549219581.3651557499640928,true,true,1574056515339.7521,1488762139659.1649,85294375680.5872,true,true,688151418717080989720.903695444029284,652927674987762117287.2139884033940947,35223743729318872433.6897070406351893,true,true
25,0x88e6a0c2ddd26feeb64f039a2c41296fcb3f5640,24966728,198633,3286292870047494956,5,S25_P5,197610:199940,0xc36442b4a4522e871399cd717abdd847ab11fe88:197610:199940,0xc36442b4a4522e871399cd717abdd847ab11fe88,197610,199940,118114933958354994,0.0359416943738943,2330,1023,1307,1023,50693104703156.6497854077253219,0.000015425619903,164.3378227505160114,153.4745132648402236,6.9708209140123862,5.6742478921919729,12.6450688062043591,6.9708209140123862,160068543762.21096,154310216929.10684,5758326833.10412,true,true,67734084986516707695.610247757728269,65300349753001009624.8759834795863883,2433735233515698070.7342642781418807,true,true,799262066199.69795,770268505328.207,28993560871.49095,true,true,341048210122351505609.067830026886144,328935547255708402008.2182395113869088,12112662866643103600.8495905154992352,true,true,1574056515339.7521,1515212539008.8122,58843976330.9399,true,true,688151418717080989720.903695444029284,663868712198518357040.4534830987790627,24282706518562632680.4502123452502213,true,true
25,0x88e6a0c2ddd26feeb64f039a2c41296fcb3f5640,24966728,198633,3286292870047494956,6,S25_P6,195610:200290,0xc36442b4a4522e871399cd717abdd847ab11fe88:195610:200290,0xc36442b4a4522e871399cd717abdd847ab11fe88,195610,200290,82346613047210432,0.0250576002515626,4680,3023,1657,1657,17595430138292.8273504273504274,0.0000053541880879,164.3378227505160114,153.4745132648402236,4.7948715809014936,3.9117009754106261,8.7065725563121197,4.7948715809014936,160068543762.21096,156053987801.44588,4014555960.76508,true,true,67734084986516707695.610247757728269,66037455335431286025.6166164771235304,1696629651085421669.9936312806047386,true,true,799262066199.69795,779050685806.11745,20211380393.5805,true,true,341048210122351505609.067830026886144,332604762898964398565.437476765521696,8443447223387107043.630353261364448,true,true,1574056515339.7521,1533014111352.5641,41042403987.188,true,true,688151418717080989720.903695444029284,671222483215610894191.28757576516045,16928935501470095529.616119678868834,true,true
25,0x88e6a0c2ddd26feeb64f039a2c41296fcb3f5640,24966728,198633,3286292870047494956,7,S25_P7,196950:206450,0xc36442b4a4522e871399cd717abdd847ab11fe88:196950:206450,0xc36442b4a4522e871399cd717abdd847ab11fe88,196950,206450,65989735192964238,0.0200802964928718,9500,1683,7817,1683,6946287915048.8671578947368421,0.0000021137154203,164.3378227505160114,153.4745132648402236,3.819122194878395,3.118727936693355,6.93785013157175,3.819122194878395,160068543762.21096,156851417022.08888,3217126740.12208,true,true,67734084986516707695.610247757728269,66374501797134006937.3503269776433633,1359583189382700758.2599207800849057,true,true,799262066199.69795,783066231103.5582,16195835096.13975,true,true,341048210122351505609.067830026886144,334282337178298108856.307223101694448,6765872944053396752.760606925191696,true,true,1574056515339.7521,1541160202575.7825,32896312763.9696,true,true,688151418717080989720.903695444029284,674585251414104547330.1558446257213406,13566167302976442390.7478508183079434,true,true
25,0x88e6a0c2ddd26feeb64f039a2c41296fcb3f5640,24966728,198633,3286292870047494956,8,S25_P8,197790:199730,0xc36442b4a4522e871399cd717abdd847ab11fe88:197790:199730,0xc36442b4a4522e871399cd717abdd847ab11fe88,197790,199730,65286836885672393,0.0198664085847981,1940,843,1097,843,33653008703954.8417525773195876,0.0000102404167963,164.3378227505160114,153.4745132648402236,3.7774572189348579,3.0848327960369974,6.8622900149718553,3.7774572189348579,160068543762.21096,156885685456.41288,3182858305.79808,true,true,67734084986516707695.610247757728269,66388985472592644001.557330796956775,1345099513924063694.052916960771494,true,true,799262066199.69795,783238780796.86225,16023285402.8357,true,true,341048210122351505609.067830026886144,334354422302569100881.2625085742035264,6693787819782404727.8053214526826176,true,true,1574056515339.7521,1541510336569.8997,32546178769.8524,true,true,688151418717080989720.903695444029284,674729757044437528790.0734519212173732,13421661672643460930.8302435228119108,true,true
25,0x88e6a0c2ddd26feeb64f039a2c41296fcb3f5640,24966728,198633,3286292870047494956,9,S25_P9,196750:199130,0xc36442b4a4522e871399cd717abdd847ab11fe88:196750:199130,0xc36442b4a4522e871399cd717abdd847ab11fe88,196750,199130,56441995567576801,0.0171749742945951,2380,1883,497,497,23715124188057.4794117647058824,0.000007216375754,164.3378227505160114,153.4745132648402236,3.2550217171081315,2.5935598180957382,5.8485815352038697,3.2550217171081315,160068543762.21096,157316888914.2874,2751654847.92356,true,true,67734084986516707695.610247757728269,66571232729463405115.2957658652134216,1162852257053302580.3144818925148474,true,true,799262066199.69795,785409979767.33745,13852086432.3605,true,true,341048210122351505609.067830026886144,335261461529242806823.4338162754206784,5786748593108698785.6340137514654656,true,true,1574056515339.7521,1545916726693.1499,28139788646.6022,true,true,688151418717080989720.903695444029284,676548117993914535944.0344262755656278,11603300723166453776.8692691684636562,true,true
25,0x88e6a0c2ddd26feeb64f039a2c41296fcb3f5640,24966728,198633,3286292870047494956,10,S25_P10,198510:198910,0xc36442b4a4522e871399cd717abdd847ab11fe88:198510:198910,0xc36442b4a4522e871399cd717abdd847ab11fe88,198510,198910,70734908948174617,0.0215242255469313,400,123,277,123,176837272370436.5425,0.0000538105638673,164.3378227505160114,153.4745132648402236,1.9362823964647336,2.71533533973882,4.6516177362035536,2.71533533973882,160068543762.21096,156620080609.81156,3448463152.3994,true,true,67734084986516707695.610247757728269,66276725614730222927.1171050649510118,1457359371786484768.4931426927772572,true,true,799262066199.69795,781930981717.5797,17331084482.11825,true,true,341048210122351505609.067830026886144,333795690819446389984.9388365713052736,7252519302905115624.1289934555808704,true,true,1574056515339.7521,1546349622533.0629,27706892806.6892,true,true,688151418717080989720.903695444029284,673609710778022901141.4741381677479606,14541707939058088579.4295572762813234,true,true
25,0x88e6a0c2ddd26feeb64f039a2c41296fcb3f5640,24966728,198633,3286292870047494956,11,S25_P11,197500:199360,0xc36442b4a4522e871399cd717abdd847ab11fe88:197500:199360,0xc36442b4a4522e871399cd717abdd847ab11fe88,197500,199360,41196674893167603,0.0125359109860991,1860,1133,727,727,22148749942563.2274193548387097,0.0000067397370893,164.3378227505160114,153.4745132648402236,2.3625075710125286,1.932060512131722,4.2945680831442506,2.3625075710125286,160068543762.21096,158060128037.74128,2008415724.46968,true,true,67734084986516707695.610247757728269,66885347171929174117.5462669103747289,848737814587533578.0639808473535401,true,true,799262066199.69795,789152055967.84085,10110010231.8571,true,true,341048210122351505609.067830026886144,336824728083010588518.4166427900653408,4223482039340917090.6511872368208032,true,true,1574056515339.7521,1553513947838.9261,20542567500.826,true,true,688151418717080989720.903695444029284,679682287159737828194.5952310083114816,8469131557343161526.3084644357178024,true,true
25,0x88e6a0c2ddd26feeb64f039a2c41296fcb3f5640,24966728,198633,3286292870047494956,12,S25_P12,193130:200340,0xc36442b4a4522e871399cd717abdd847ab11fe88:193130:200340,0xc36442b4a4522e871399cd717abdd847ab11fe88,193130,200340,37619268342446439,0.011447326769115,7210,5503,1707,1707,5217651642502.9735090152565881,0.0000015877013549,164.3378227505160114,153.4745132648402236,2.1545212938000385,1.7623353067875563,3.9168566005875948,2.1545212938000385,160068543762.21096,158234533570.57304,1834010191.63792,true,true,67734084986516707695.610247757728269,66959053802631603773.1722179760376631,775031183885103922.4380297816906059,true,true,799262066199.69795,790030101226.7448,9231964972.95315,true,true,341048210122351505609.067830026886144,337191532486979327589.0783770895268064,3856677635372178019.9894529373593376,true,true,1574056515339.7521,1555297072022.9688,18759443316.7833,true,true,688151418717080989720.903695444029284,680417733520215393982.0466808599627157,7733685196865595738.8570145840665683,true,true
25,0x88e6a0c2ddd26feeb64f039a2c41296fcb3f5640,24966728,198633,3286292870047494956,13,S25_P13,194970:200900,0xc36442b4a4522e871399cd717abdd847ab11fe88:194970:200900,0xc36442b4a4522e871399cd717abdd847ab11fe88,194970,200900,36399741824870331,0.011076231871064,5930,3663,2267,2267,6138236395425.0136593591905565,0.0000018678299951,164.3378227505160114,153.4745132648402236,2.0837442231816308,1.7045621925975905,3.7883064157792213,2.0837442231816308,160068543762.21096,158293987444.29108,1774556317.91988,true,true,67734084986516707695.610247757728269,66984179841578546631.4275986774422111,749905144938161064.1826490802860579,true,true,799262066199.69795,790329418794.33935,8932647405.3586,true,true,341048210122351505609.067830026886144,337316572694781211845.190435084440944,3731637427570293763.8773949424452,true,true,1574056515339.7521,1555904966564.1973,18151548775.5548,true,true,688151418717080989720.903695444029284,680668444305705266490.3108434367971579,7482974411375723230.5928520072321261,true,true
25,0x88e6a0c2ddd26feeb64f039a2c41296fcb3f5640,24966728,198633,3286292870047494956,14,S25_P14,198490:200310,0xc36442b4a4522e871399cd717abdd847ab11fe88:198490:200310,0xc36442b4a4522e871399cd717abdd847ab11fe88,198490,200310,47649990968502236,0.0144996179137904,1820,143,1677,143,26181313718957.2725274725274725,0.0000079668230296,164.3378227505160114,153.4745132648402236,1.4411587002308955,2.2391804727137385,3.680339172944634,2.2391804727137385,160068543762.21096,157745515720.77376,2323028041.4372,true,true,67734084986516707695.610247757728269,66752384918994792123.5013151514256641,981700067521915572.1089326063026049,true,true,799262066199.69795,787568087892.426,11693978307.27195,true,true,341048210122351505609.067830026886144,336163021911767221623.2209489617282272,4885188210584283985.8468810651579168,true,true,1574056515339.7521,1554084868105.5733,19971647234.1788,true,true,688151418717080989720.903695444029284,678355603648589627286.0604217586897036,9795815068491362434.8432736853395804,true,true
25,0x88e6a0c2ddd26feeb64f039a2c41296fcb3f5640,24966728,198633,3286292870047494956,15,S25_P15,198430:199430,0xc36442b4a4522e871399cd717abdd847ab11fe88:198430:199430,0xc36442b4a4522e871399cd717abdd847ab11fe88,198430,199430,42088216245401454,0.0128072018866636,1000,203,797,203,42088216245401.454,0.0000128072018867,164.3378227505160114,153.4745132648402236,1.5800119049991542,1.9744169238414801,3.5544288288406343,1.9744169238414801,160068543762.21096,158016663124.50376,2051880637.7072,true,true,67734084986516707695.610247757728269,66866978682502826945.4990038146309605,867106304013880750.1112439430973085,true,true,799262066199.69795,788933230980.41425,10328835219.2837,true,true,341048210122351505609.067830026886144,336733313577720611994.2479039650281792,4314896544630893614.8199260618579648,true,true,1574056515339.7521,1553988489480.5759,20068025859.1762,true,true,688151418717080989720.903695444029284,679499002949071563065.0623970741210746,8652415768009426655.8412983699082094,true,true
25,0x88e6a0c2ddd26feeb64f039a2c41296fcb3f5640,24966728,198633,3286292870047494956,16,S25_P16,196260:200390,0xc36442b4a4522e871399cd717abdd847ab11fe88:196260:200390,0xc36442b4a4522e871399cd717abdd847ab11fe88,196260,200390,33467064267190909,0.0101838349747286,4130,2373,1757,1757,8103405391571.6486682808716707,0.0000024658196065,164.3378227505160114,153.4745132648402236,1.9138008006358748,1.5658091309714895,3.4796099316073643,1.9138008006358748,160068543762.21096,158436961389.05688,1631582373.15408,true,true,67734084986516707695.610247757728269,67044602461368753776.526994519350453,689482525147953919.083253238377816,true,true,799262066199.69795,791049198528.7284,8212867670.96955,true,true,341048210122351505609.067830026886144,337617260961549296808.183974674726544,3430949160802208800.8838553521596,true,true,1574056515339.7521,1557366880498.6218,16689634841.1303,true,true,688151418717080989720.903695444029284,681271344772145442369.4873244406153806,6880073944935547351.4163710034139034,true,true
25,0x88e6a0c2ddd26feeb64f039a2c41296fcb3f5640,24966728,198633,3286292870047494956,17,S25_P17,198150:199360,0xc36442b4a4522e871399cd717abdd847ab11fe88:198150:199360,0xc36442b4a4522e871399cd717abdd847ab11fe88,198150,199360,29829359567358373,0.0090769023781277,1210,483,727,483,24652363278808.5727272727272727,0.0000075015722133,164.3378227505160114,153.4745132648402236,1.5866115796812042,1.3940476190705457,2.9806591987517499,1.5866115796812042,160068543762.21096,158614306721.06676,1454237041.1442,true,true,67734084986516707695.610247757728269,67119549209265034109.1866885924570307,614535777251673586.4235591652712383,true,true,799262066199.69795,791941995175.8679,7320071023.83005,true,true,341048210122351505609.067830026886144,337990226821049526704.4306578590773056,3057983301301978904.6371721678088384,true,true,1574056515339.7521,1559180378022.4124,14876137317.3397,true,true,688151418717080989720.903695444029284,682019182741876116729.9911381370412865,6132235975204872990.9125573069879975,true,true
25,0x88e6a0c2ddd26feeb64f039a2c41296fcb3f5640,24966728,198633,3286292870047494956,18,S25_P18,196260:201360,0xc36442b4a4522e871399cd717abdd847ab11fe88:196260:201360,0xc36442b4a4522e871399cd717abdd847ab11fe88,196260,201360,27235572762081280,0.008287627986634,5100,2373,2727,2373,5340308384721.8196078431372549,0.0000016250250954,164.3378227505160114,153.4745132648402236,1.5539069707950633,1.2718116527215611,2.8257186235166244,1.5539069707950633,160068543762.21096,158740758548.37076,1327785213.8402,true,true,67734084986516707695.610247757728269,67172987874570298705.9007459905069888,561097111946408989.7095017672212802,true,true,799262066199.69795,792578570032.0358,6683496167.66215,true,true,341048210122351505609.067830026886144,338256156140284474976.0720807742602912,2792053982067030632.9957492526258528,true,true,1574056515339.7521,1560473542404.1608,13582972935.5913,true,true,688151418717080989720.903695444029284,682552411238351188776.4788338811570865,5599007478729800944.4248615628721975,true,true
25,0x88e6a0c2ddd26feeb64f039a2c41296fcb3f5640,24966728,198633,3286292870047494956,19,S25_P19,198310:199020,0xc36442b4a4522e871399cd717abdd847ab11fe88:198310:199020,0xc36442b4a4522e871399cd717abdd847ab11fe88,198310,199020,28245044465904586,0.0085948044142202,710,323,387,323,39781752768879.6985915492957746,0.0000121053583299,164.3378227505160114,153.4745132648402236,1.3022634596024194,1.2076420568674406,2.50990551646986,1.3022634596024194,160068543762.21096,158691545264.46784,1376998497.74312,true,true,67734084986516707695.610247757728269,67152189808308295739.3639637834569857,581895178208411956.2462839742712833,true,true,799262066199.69795,792330824207.14475,6931241992.5532,true,true,341048210122351505609.067830026886144,338152660248197014502.577275223198704,2895549874154491106.49055480368744,true,true,1574056515339.7521,1559970249212.955,14086266126.7971,true,true,688151418717080989720.903695444029284,682344885142037615591.2704748341270905,5806533575043374129.6332206099021935,true,true
25,0x88e6a0c2ddd26feeb64f039a2c41296fcb3f5640,24966728,198633,3286292870047494956,20,S25_P20,198560:198800,0xc36442b4a4522e871399cd717abdd847ab11fe88:198560:198800,0xc36442b4a4522e871399cd717abdd847ab11fe88,198560,198800,26770611349380524,0.0081461429056971,240,73,167,73,111544213955752.1833333333333333,0.0000339422621071,164.3378227505160114,153.4745132648402236,0.4911165389032234,0.8065191639513329,1.2976357028545563,0.8065191639513329,160068543762.21096,158763425911.11688,1305117851.09408,true,true,67734084986516707695.610247757728269,67182567203069614990.2293791490465612,551517783447092705.3808686086817078,true,true,799262066199.69795,793577469715.86065,5684596483.8373,true,true,341048210122351505609.067830026886144,338303826251107757550.7973336350133792,2744383871243748058.2704963918727648,true,true,1574056515339.7521,1566541453455.1165,7515061884.6356,true,true,688151418717080989720.903695444029284,683062410940586097299.3936955174872644,5089007776494892421.5099999265420196,true,true
26,0x88e6a0c2ddd26feeb64f039a2c41296fcb3f5640,24956728,198843,3258913673210615207,1,S26_P1,195610:209470,0xc36442b4a4522e871399cd717abdd847ab11fe88:195610:209470,0xc36442b4a4522e871399cd717abdd847ab11fe88,195610,209470,350427488554237191,0.1075289264133846,13860,3233,10627,3233,25283368582556.7958874458874459,0.0000077582197989,86.5408651739691321,158.6562256557545854,4.5187239461696734,16.2942950150436519,20.8130189612133253,16.2942950150436519,161970073497.21384,145649543814.65264,16320529682.5612,true,true,67743836435161423922.112997664539344,60460423297030805333.0662509664761264,7283413138130618589.0467466980632176,true,true,917268587573.7,841823732099.2809,75444855474.4191,true,true,339585772356149248861.46605006689741,303090710539010916698.65851959870383,36495061817138332162.80753046819358,true,true,2927336373523.4651,2720848046651.7863,206488326871.6788,true,true,677998125951572627182.6380526042002842,604762213996989845383.9664022808295093,73235911954582781798.6716503233707749,true,true
26,0x88e6a0c2ddd26feeb64f039a2c41296fcb3f5640,24956728,198843,3258913673210615207,2,S26_P2,196880:200560,0xc36442b4a4522e871399cd717abdd847ab11fe88:196880:200560,0xc36442b4a4522e871399cd717abdd847ab11fe88,196880,200560,343166199083970065,0.1053007945269964,3680,1963,1717,1717,93251684533687.5176630434782609,0.0000286143463389,86.5408651739691321,158.6562256557545854,4.4175068536569708,15.9311844454484857,20.3486912991054565,15.9311844454484857,161970073497.21384,145980304684.89524,15989768812.3186,true,true,67743836435161423922.112997664539344,60611253778711991934.0721967398480528,7132582656449431988.0408009246912912,true,true,917268587573.7,843452754153.2146,73815833420.4854,true,true,339585772356149248861.46605006689741,303847968033040355147.347293527951936,35737804323108893714.118756538945474,true,true,2927336373523.4651,2725151256846.3176,202185116677.1475,true,true,677998125951572627182.6380526042002842,606274473162198590253.4585692087342047,71723652789374036929.1794833954660795,true,true
26,0x88e6a0c2ddd26feeb64f039a2c41296fcb3f5640,24956728,198843,3258913673210615207,3,S26_P3,197690:199360,0xc36442b4a4522e871399cd717abdd847ab11fe88:197690:199360,0xc36442b4a4522e871399cd717abdd847ab11fe88,197690,199360,231611242751517486,0.0710700760978853,1670,1153,517,517,138689366917076.3389221556886228,0.0000425569317951,86.5408651739691321,158.6562256557545854,2.9056906817383409,10.4476348864491143,13.3533255681874552,10.4476348864491143,161970073497.21384,151092504698.38488,10877568798.82896,true,true,67743836435161423922.112997664539344,62928979568309246844.76135461176668,4814856866852177077.351643052772664,true,true,917268587573.7,868105466066.1273,49163121507.5727,true,true,339585772356149248861.46605006689741,315476595345568422138.935933229519112,24109177010580826722.530116837378298,true,true,2927336373523.4651,2791216436375.729,136119937147.7361,true,true,677998125951572627182.6380526042002842,629537338472160655125.4925107255436171,48460787479411972057.1455418786566671,true,true
26,0x88e6a0c2ddd26feeb64f039a2c41296fcb3f5640,24956728,198843,3258913673210615207,4,S26_P4,194710:212350,0xc36442b4a4522e871399cd717abdd847ab11fe88:194710:212350,0xc36442b4a4522e871399cd717abdd847ab11fe88,194710,212350,171327716065031450,0.0525720326602708,17640,4133,13507,4133,9712455559242.1456916099773243,0.0000029802739603,86.5408651739691321,158.6562256557545854,2.1206202067291067,7.6680972435339809,9.7887174502630876,7.6680972435339809,161970073497.21384,153885663834.60848,8084409662.60536,true,true,67743836435161423922.112997664539344,64181945340300097531.1212073396219216,3561891094861326390.9917903249174224,true,true,917268587573.7,881151309320.03925,36117278253.66075,true,true,339585772356149248861.46605006689741,321756799147939051948.701207954769006,17828973208210196912.764842112128404,true,true,2927336373523.4651,2826828822202.6727,100507551320.7924,true,true,677998125951572627182.6380526042002842,642132397643216538801.3443887571852069,35865728308356088381.2936638470150773,true,true
26,0x88e6a0c2ddd26feeb64f039a2c41296fcb3f5640,24956728,198843,3258913673210615207,5,S26_P5,197610:199940,0xc36442b4a4522e871399cd717abdd847ab11fe88:197610:199940,0xc36442b4a4522e871399cd717abdd847ab11fe88,197610,199940,118114933958354994,0.036243652272627,2330,1233,1097,1097,50693104703156.6497854077253219,0.0000155552155677,86.5408651739691321,158.6562256557545854,1.4450105458220429,5.2290875026868997,6.6740980485089426,5.2290875026868997,161970073497.21384,156372490408.65908,5597583088.55476,true,true,67743836435161423922.112997664539344,65288229866059400945.0023022245932384,2455606569102022977.1106954399461056,true,true,917268587573.7,892516831342.43315,24751756231.26685,true,true,339585772356149248861.46605006689741,327298010711874665443.18210862953539,12287761644274583418.28394143736202,true,true,2927336373523.4651,2858174743804.823,69161629718.6421,true,true,677998125951572627182.6380526042002842,653262712608694982656.9329880557599324,24735413342877644525.7050645484403518,true,true
26,0x88e6a0c2ddd26feeb64f039a2c41296fcb3f5640,24956728,198843,3258913673210615207,6,S26_P6,195610:200290,0xc36442b4a4522e871399cd717abdd847ab11fe88:195610:200290,0xc36442b4a4522e871399cd717abdd847ab11fe88,195610,200290,82346613047210432,0.0252681173251466,4680,3233,1447,1447,17595430138292.8273504273504274,0.0000053991703686,86.5408651739691321,158.6562256557545854,0.9996531474985047,3.6193129501071009,4.6189660976056056,3.6193129501071009,161970073497.21384,158056439628.53928,3913633868.67456,true,true,67743836435161423922.112997664539344,66031862711006352963.8694351166144992,1711973724155070958.2435625479248448,true,true,917268587573.7,900080887717.594,17187699856.106,true,true,339585772356149248861.46605006689741,331020825947283932829.01522817348755,8564946408865316032.45082189340986,true,true,2927336373523.4651,2879185181111.7164,48151192411.7487,true,true,677998125951572627182.6380526042002842,660749536403248166543.6778183345025331,17248589548324460638.9602342696977511,true,true
26,0x88e6a0c2ddd26feeb64f039a2c41296fcb3f5640,24956728,198843,3258913673210615207,7,S26_P7,196950:206450,0xc36442b4a4522e871399cd717abdd847ab11fe88:196950:206450,0xc36442b4a4522e871399cd717abdd847ab11fe88,196950,206450,65989735192964238,0.0202489976139664,9500,1893,7607,1893,6946287915048.8671578947368421,0.000002131473433,86.5408651739691321,158.6562256557545854,0.7982686786227584,2.8909009210844904,3.6891695997072488,2.8909009210844904,161970073497.21384,158830039888.02936,3140033609.18448,true,true,67743836435161423922.112997664539344,66371924069056248634.9066280246863808,1371912366105175287.2063696398529632,true,true,917268587573.7,903520337034.2366,13748250539.4634,true,true,339585772356149248861.46605006689741,332722758002297443940.969927932811356,6863014353851804920.496122134086054,true,true,2927336373523.4651,2888775199334.96,38561174188.5051,true,true,677998125951572627182.6380526042002842,664174417881469910117.1789757816737833,13823708070102717065.4590768225265009,true,true
26,0x88e6a0c2ddd26feeb64f039a2c41296fcb3f5640,24956728,198843,3258913673210615207,8,S26_P8,196260:201360,0xc36442b4a4522e871399cd717abdd847ab11fe88:196260:201360,0xc36442b4a4522e871399cd717abdd847ab11fe88,196260,201360,53754174169382952,0.0164945069307176,5100,2583,2517,2517,10540034150859.4023529411764706,0.0000032342170452,86.5408651739691321,158.6562256557545854,0.6485409321911532,2.3491419264459888,2.997682858637142,2.3491419264459888,161970073497.21384,159410223157.01792,2559850340.19592,true,true,67743836435161423922.112997664539344,66626301147953467832.8537803275951344,1117535287207956089.2592173369442096,true,true,917268587573.7,906085289670.02405,11183297903.67595,true,true,339585772356149248861.46605006689741,333995658626235328146.771893013779626,5590113729913920714.694157053117784,true,true,2927336373523.4651,2895941054348.6582,31395319174.8069,true,true,677998125951572627182.6380526042002842,666736798895403623816.238741769323851,11261327056169003366.3993108348764332,true,true
26,0x88e6a0c2ddd26feeb64f039a2c41296fcb3f5640,24956728,198843,3258913673210615207,9,S26_P9,196750:199130,0xc36442b4a4522e871399cd717abdd847ab11fe88:196750:199130,0xc36442b4a4522e871399cd717abdd847ab11fe88,196750,199130,56441995567576801,0.0173192668561764,2380,2093,287,287,23715124188057.4794117647058824,0.0000072770028807,86.5408651739691321,158.6562256557545854,0.681365392003612,2.1488558749778607,2.8302212669814727,2.1488558749778607,161970073497.21384,159282660660.629,2687412836.58484,true,true,67743836435161423922.112997664539344,66570421504696457560.9990751561127392,1173414930464966361.1139225084266048,true,true,917268587573.7,905522413155.9909,11746174417.7091,true,true,339585772356149248861.46605006689741,333716052043632999666.215726801355194,5869720312516249195.250323265542216,true,true,2927336373523.4651,2894367500816.783,32968872706.6821,true,true,677998125951572627182.6380526042002842,666173881721137004166.8006816616932108,11824244230435623015.8373709425070734,true,true
26,0x88e6a0c2ddd26feeb64f039a2c41296fcb3f5640,24956728,198843,3258913673210615207,10,S26_P10,198490:200310,0xc36442b4a4522e871399cd717abdd847ab11fe88:198490:200310,0xc36442b4a4522e871399cd717abdd847ab11fe88,198490,200310,49334625379050588,0.0151383652118797,1820,353,1467,353,27106937021456.367032967032967,0.0000083177830835,86.5408651739691321,158.6562256557545854,0.5946493440613183,2.1541065327634709,2.7487558768247892,2.1541065327634709,161970073497.21384,159620110616.36372,2349962880.85012,true,true,67743836435161423922.112997664539344,66718183458061666583.9215615212412976,1025652977099757338.1914361432980464,true,true,917268587573.7,907010121203.5555,10258466370.1445,true,true,339585772356149248861.46605006689741,334455393466441224739.611747769826454,5130378889708024121.854302297070956,true,true,2927336373523.4651,2898527691927.1055,28808681596.3596,true,true,677998125951572627182.6380526042002842,667662433710768235850.5100570476552205,10335692240804391332.1279955565450637,true,true
26,0x88e6a0c2ddd26feeb64f039a2c41296fcb3f5640,24956728,198843,3258913673210615207,11,S26_P11,198430:199430,0xc36442b4a4522e871399cd717abdd847ab11fe88:198430:199430,0xc36442b4a4522e871399cd717abdd847ab11fe88,198430,199430,42088216245401454,0.0129147993674644,1000,413,587,413,42088216245401.454,0.0000129147993675,86.5408651739691321,158.6562256557545854,0.5065050075688456,1.8350640010132395,2.3415690085820851,1.8350640010132395,161970073497.21384,159964621907.64392,2005451589.56992,true,true,67743836435161423922.112997664539344,66868835885481429769.4132890735779312,875000549679994152.6997085909614128,true,true,917268587573.7,908524627332.1925,8743960241.5075,true,true,339585772356149248861.46605006689741,335209136797231821682.275666660638052,4376635558917427179.190383406259358,true,true,2927336373523.4651,2902766804919.8447,24569568603.6204,true,true,677998125951572627182.6380526042002842,669180228886243623279.8124341825314118,8817897065329003902.8256184216688724,true,true
26,0x88e6a0c2ddd26feeb64f039a2c41296fcb3f5640,24956728,198843,3258913673210615207,12,S26_P12,197500:199360,0xc36442b4a4522e871399cd717abdd847ab11fe88:197500:199360,0xc36442b4a4522e871399cd717abdd847ab11fe88,197500,199360,41196674893167603,0.0126412292635483,1860,1343,517,517,22148749942563.2274193548387097,0.0000067963598191,86.5408651739691321,158.6562256557545854,0.4956790416034523,1.7896973881876763,2.2853764297911286,1.7896973881876763,161970073497.21384,160007040320.86668,1963033176.34716,true,true,67743836435161423922.112997664539344,66887370333148069484.9715254241971712,856466102013354437.1414722403421728,true,true,917268587573.7,908710800311.7006,8557787261.9994,true,true,339585772356149248861.46605006689741,335301867133079064604.9546800603584,4283905223070184256.51137000653901,true,true,2927336373523.4651,2903288177827.2953,24048195696.1698,true,true,677998125951572627182.6380526042002842,669366974941455243842.2277117348023505,8631151010117383340.4103408693979337,true,true
26,0x88e6a0c2ddd26feeb64f039a2c41296fcb3f5640,24956728,198843,3258913673210615207,13,S26_P13,193130:200340,0xc36442b4a4522e871399cd717abdd847ab11fe88:193130:200340,0xc36442b4a4522e871399cd717abdd847ab11fe88,193130,200340,37619268342446439,0.0115434994954575,7210,5713,1497,1497,5217651642502.9735090152565881,0.0000016010401519,86.5408651739691321,158.6562256557545854,0.4522796000074501,1.6387645983059144,2.0910441983133645,1.6387645983059144,161970073497.21384,160177319279.84412,1792754217.36972,true,true,67743836435161423922.112997664539344,66961744203250986293.0952445417992688,782092231910437629.0177531227400752,true,true,917268587573.7,909457487194.3167,7811100379.3833,true,true,339585772356149248861.46605006689741,335673948492989220846.866482967479564,3911823863160028014.599567099417846,true,true,2927336373523.4651,2905379854660.8956,21956518862.5695,true,true,677998125951572627182.6380526042002842,670116332228071145209.1173565168844728,7881793723501481973.5206960873158114,true,true
26,0x88e6a0c2ddd26feeb64f039a2c41296fcb3f5640,24956728,198843,3258913673210615207,14,S26_P14,194970:200900,0xc36442b4a4522e871399cd717abdd847ab11fe88:194970:200900,0xc36442b4a4522e871399cd717abdd847ab11fe88,194970,200900,36399741824870331,0.0111692869081156,5930,3873,2057,2057,6138236395425.0136593591905565,0.0000018835222442,86.5408651739691321,158.6562256557545854,0.4374998123341962,1.5852571307290148,2.022756943063211,1.5852571307290148,161970073497.21384,160235393284.68152,1734680212.53232,true,true,67743836435161423922.112997664539344,66987098068043691702.601932484017448,756738367117732219.511065180521896,true,true,917268587573.7,909711902004.35815,7556685569.34185,true,true,339585772356149248861.46605006689741,335800786402830054385.231168364354328,3784985953319194476.234881702543082,true,true,2927336373523.4651,2906092757783.2682,21243615740.1969,true,true,677998125951572627182.6380526042002842,670371792451252380063.7200145356612326,7626333500320247118.9180380685390516,true,true
26,0x88e6a0c2ddd26feeb64f039a2c41296fcb3f5640,24956728,198843,3258913673210615207,15,S26_P15,196260:200390,0xc36442b4a4522e871399cd717abdd847ab11fe88:196260:200390,0xc36442b4a4522e871399cd717abdd847ab11fe88,196260,200390,33467064267190909,0.0102693926943514,4130,2583,1547,1547,8103405391571.6486682808716707,0.0000024865357613,86.5408651739691321,158.6562256557545854,0.401989287808296,1.4566900459959293,1.8586793338042253,1.4566900459959293,161970073497.21384,160375093402.6318,1594980094.58204,true,true,67743836435161423922.112997664539344,67048067720524355236.9174635011312496,695768714637068685.1955341634080944,true,true,917268587573.7,910323426909.61135,6945160664.08865,true,true,339585772356149248861.46605006689741,336105794958951406601.105168420598862,3479977397197842260.360881646298548,true,true,2927336373523.4651,2907806824210.8368,19529549312.6283,true,true,677998125951572627182.6380526042002842,670986128489266259739.1661690128796579,7011997462306367443.4718835913206263,true,true
26,0x88e6a0c2ddd26feeb64f039a2c41296fcb3f5640,24956728,198843,3258913673210615207,16,S26_P16,198310:199020,0xc36442b4a4522e871399cd717abdd847ab11fe88:198310:199020,0xc36442b4a4522e871399cd717abdd847ab11fe88,198310,199020,28217791144129023,0.0086586494684069,710,533,177,177,39743367808632.4267605633802817,0.0000121952809414,86.5408651739691321,158.6562256557545854,0.3385432101006086,0.8708353761422536,1.2093785862428622,0.8708353761422536,161970073497.21384,160625181662.52904,1344891834.6848,true,true,67743836435161423922.112997664539344,67157199015614801149.6804065233419072,586637419546622772.4325911411974368,true,true,917268587573.7,911416818681.5175,5851768892.1825,true,true,339585772356149248861.46605006689741,336651711918519164419.949665337517018,2934060437630084441.516384729380392,true,true,2927336373523.4651,2910873809455.6592,16462564067.8059,true,true,677998125951572627182.6380526042002842,672508724374531086983.7938814173361209,5489401577041540198.8441711868641633,true,true
26,0x88e6a0c2ddd26feeb64f039a2c41296fcb3f5640,24956728,198843,3258913673210615207,17,S26_P17,198450:199020,0xc36442b4a4522e871399cd717abdd847ab11fe88:198450:199020,0xc36442b4a4522e871399cd717abdd847ab11fe88,198450,199020,25639098570412922,0.007867375801076,570,393,177,177,44980874684934.9508771929824561,0.0000138024136861,86.5408651739691321,158.6562256557545854,0.3074296257707582,0.790995614066916,1.0984252398376742,0.790995614066916,161970073497.21384,160748048643.9718,1222024853.24204,true,true,67743836435161423922.112997664539344,67210808965958930242.3359865565800224,533027469202493679.7770111079593216,true,true,917268587573.7,911953380216.6547,5315207357.0453,true,true,339585772356149248861.46605006689741,336919880648884127388.353742946966976,2665891707265121473.112307119930434,true,true,2927336373523.4651,2912379952665.3956,14956420858.0695,true,true,677998125951572627182.6380526042002842,673009716739448927537.4828623941273034,4988409212123699645.1551902100729808,true,true
26,0x88e6a0c2ddd26feeb64f039a2c41296fcb3f5640,24956728,198843,3258913673210615207,18,S26_P18,198700:199000,0xc36442b4a4522e871399cd717abdd847ab11fe88:198700:199000,0xc36442b4a4522e871399cd717abdd847ab11fe88,198700,199000,26710709254092326,0.008196200308607,300,143,157,143,89035697513641.0866666666666667,0.0000273206676954,86.5408651739691321,158.6562256557545854,0.2808703400142706,0.7691367941244914,1.050007134138762,0.7691367941244914,161970073497.21384,160696988489.60108,1273085007.61276,true,true,67743836435161423922.112997664539344,67188530862809243305.4715269572876928,555305572352180616.6414707072516512,true,true,917268587573.7,911730449510.60745,5538138063.09255,true,true,339585772356149248861.46605006689741,336808440520843561338.225667712806024,2777331835305687523.240382354091386,true,true,2927336373523.4651,2913616015691.0411,13720357832.424,true,true,677998125951572627182.6380526042002842,673022616252459594379.497764515814552,4975509699113032803.1402880883857322,true,true
26,0x88e6a0c2ddd26feeb64f039a2c41296fcb3f5640,24956728,198843,3258913673210615207,19,S26_P19,198720:198960,0xc36442b4a4522e871399cd717abdd847ab11fe88:198720:198960,0xc36442b4a4522e871399cd717abdd847ab11fe88,198720,198960,25243733090382931,0.00774605761972,240,123,117,117,105182221209928.8791666666666667,0.0000322752400822,86.5408651739691321,158.6562256557545854,0.2543418370486287,0.6031216579302063,0.857463494978835,0.6031216579302063,161970073497.21384,160766886824.917,1203186672.29684,true,true,67743836435161423922.112997664539344,67219028896013507334.9217552781193648,524807539147916587.1912423864199792,true,true,917268587573.7,912035613149.9672,5232974423.7328,true,true,339585772356149248861.46605006689741,336973805672669271524.871654151713946,2611966683479977336.594395915183464,true,true,2927336373523.4651,2914894352475.9068,12442021047.5583,true,true,677998125951572627182.6380526042002842,673862935663909673300.9165278334785676,4135190287662953881.7215247707217166,true,true
26,0x88e6a0c2ddd26feeb64f039a2c41296fcb3f5640,24956728,198843,3258913673210615207,20,S26_P20,198620:198860,0xc36442b4a4522e871399cd717abdd847ab11fe88:198620:198860,0xc36442b4a4522e871399cd717abdd847ab11fe88,198620,198860,26917233201374611,0.0082595723300815,240,223,17,17,112155138339060.8791666666666667,0.0000344148847087,86.5408651739691321,158.6562256557545854,0.3148833736766743,0.1237513745466612,0.4386347482233355,0.3148833736766743,161970073497.21384,160687148067.62908,1282925429.58476,true,true,67743836435161423922.112997664539344,67321003911703645387.8277563706713952,422832523457778534.2852412938679488,true,true,917268587573.7,911687478082.5266,5581109491.1734,true,true,339585772356149248861.46605006689741,338735575073317413429.793719040762238,850197282831835431.672331026135172,true,true,2927336373523.4651,2912008313376.8201,15328060146.645,true,true,677998125951572627182.6380526042002842,677105902344672739990.7961933636217808,892223606899887191.8418592405785034,true,true
27,0x88e6a0c2ddd26feeb64f039a2c41296fcb3f5640,24946728,198773,3268120739789266523,1,S27_P1,195610:209470,0xc36442b4a4522e871399cd717abdd847ab11fe88:195610:209470,0xc36442b4a4522e871399cd717abdd847ab11fe88,195610,209470,350427488554237191,0.1072259920778916,13860,3163,10697,3163,25283368582556.7958874458874459,0.0000077363630648,87.4119373509671974,159.0106756233355672,7.8464439973191581,17.6731260972485756,25.5195700945677337,17.6731260972485756,201658238351.98552,178980485157.2192,22677753194.76632,true,true,67749153799150779852.897093259499225,60506103811229223854.0455391248582342,7243049987921555998.8515541346409908,true,true,1502942088305.4362,1417334568488.4845,85607519816.9517,true,true,339621248714413852832.8832799347920208,303323902097050388751.4890126318446732,36297346617363464081.3942673029473476,true,true,2920286328625.1408,2727799805186.3822,192486523438.7586,true,true,679708692384976752159.6734904243737885,606708392061025045551.1257553585159815,73000300323951706608.547735065857807,true,true
27,0x88e6a0c2ddd26feeb64f039a2c41296fcb3f5640,24946728,198773,3268120739789266523,2,S27_P2,196880:200560,0xc36442b4a4522e871399cd717abdd847ab11fe88:196880:200560,0xc36442b4a4522e871399cd717abdd847ab11fe88,196880,200560,343166199083970065,0.1050041373643062,3680,1893,1787,1787,93251684533687.5176630434782609,0.0000285337329794,87.4119373509671974,159.0106756233355672,7.6635125958295244,17.2810259010284335,24.9445384968579579,17.2810259010284335,201658238351.98552,179463258324.2634,22194980027.72212,true,true,67749153799150779852.897093259499225,60656393562518045523.7238117622376064,7092760236632734329.1732814972616186,true,true,1502942088305.4362,1419109341765.9861,83832746539.4501,true,true,339621248714413852832.8832799347920208,304075113517637641521.4186660607249888,35546135196776211311.464613874067032,true,true,2920286328625.1408,2731688614513.3829,188597714111.7579,true,true,679708692384976752159.6734904243737885,608222366041963116605.2872423120827725,71486326343013635554.386248112291016,true,true
27,0x88e6a0c2ddd26feeb64f039a2c41296fcb3f5640,24946728,198773,3268120739789266523,3,S27_P3,197690:199360,0xc36442b4a4522e871399cd717abdd847ab11fe88:197690:199360,0xc36442b4a4522e871399cd717abdd847ab11fe88,197690,199360,233079622882064804,0.0713191590642071,1670,1083,587,587,139568636456326.229940119760479,0.000042706083272,87.4119373509671974,159.0106756233355672,5.0056131918101347,11.4583874370665934,16.4640006288767281,11.4583874370665934,201658238351.98552,186727189201.29468,14931049150.69084,true,true,67749153799150779852.897093259499225,62933515753449050708.5202740745448622,4815638045701729144.3768191849543628,true,true,1502942088305.4362,1446011894382.1939,56930193923.2423,true,true,339621248714413852832.8832799347920208,315469878227513486595.51654208954058,24151370486900366237.3667378452514408,true,true,2920286328625.1408,2791203485586.2309,129082843038.9099,true,true,679708692384976752159.6734904243737885,631174377648082177538.6309365811518035,48534314736894574621.042553843221985,true,true
27,0x88e6a0c2ddd26feeb64f039a2c41296fcb3f5640,24946728,198773,3268120739789266523,4,S27_P4,194710:212350,0xc36442b4a4522e871399cd717abdd847ab11fe88:194710:212350,0xc36442b4a4522e871399cd717abdd847ab11fe88,194710,212350,171327716065031450,0.0524239248504873,17640,4063,13577,4063,9712455559242.1456916099773243,0.000002971877826,87.4119373509671974,159.0106756233355672,3.6029821028052245,8.336651538527692,11.9396336413329165,8.336651538527692,201658238351.98552,190756944504.32548,10901293847.66004,true,true,67749153799150779852.897093259499225,64209753492463434585.210168585531279,3539400306687345267.686924673967946,true,true,1502942088305.4362,1461098887621.064,41843200684.3722,true,true,339621248714413852832.8832799347920208,321864751894778083894.2011603997730904,17756496819635768938.6821195350189304,true,true,2920286328625.1408,2825014381934.1917,95271946690.9491,true,true,679708692384976752159.6734904243737885,644042843106233824198.1733427474886035,35665849278742927961.500147676885185,true,true
27,0x88e6a0c2ddd26feeb64f039a2c41296fcb3f5640,24946728,198773,3268120739789266523,5,S27_P5,197610:199940,0xc36442b4a4522e871399cd717abdd847ab11fe88:197610:199940,0xc36442b4a4522e871399cd717abdd847ab11fe88,197610,199940,118114933958354994,0.0361415453597872,2330,1163,1167,1163,50693104703156.6497854077253219,0.0000155113928583,87.4119373509671974,159.0106756233355672,2.4405829326314995,5.6889900532447144,8.1295729858762139,5.6889900532447144,201658238351.98552,194203526164.22344,7454712187.76208,true,true,67749153799150779852.897093259499225,65309225015315327856.2331722979593594,2439928783835451996.6639209615398656,true,true,1502942088305.4362,1474097390855.1761,28844697450.2601,true,true,339621248714413852832.8832799347920208,327377623125086210700.2610264717373988,12243625589327642132.622253463054622,true,true,2920286328625.1408,2854380996180.3065,65905332444.8343,true,true,679708692384976752159.6734904243737885,655126566835008106976.6525207421136945,24582125549968645183.020969682260094,true,true
27,0x88e6a0c2ddd26feeb64f039a2c41296fcb3f5640,24946728,198773,3268120739789266523,6,S27_P6,195610:200290,0xc36442b4a4522e871399cd717abdd847ab11fe88:195610:200290,0xc36442b4a4522e871399cd717abdd847ab11fe88,195610,200290,82346613047210432,0.0251969310817202,4680,3163,1517,1517,17595430138292.8273504273504274,0.0000053839596328,87.4119373509671974,159.0106756233355672,1.681845787874593,3.9394885581295993,5.6213343460041923,3.9394885581295993,201658238351.98552,196493660022.05916,5164578329.92636,true,true,67749153799150779852.897093259499225,66048168376217135792.5613296872609998,1700985422933644060.3357635722382252,true,true,1502942088305.4362,1482833462970.3343,20108625335.1019,true,true,339621248714413852832.8832799347920208,331084408418745346221.1014033563867636,8536840295668506611.7818765784052572,true,true,2920286328625.1408,2874237605411.6096,46048723213.5312,true,true,679708692384976752159.6734904243737885,662573781797343108722.841868568416896,17134910587633643436.8316218559568925,true,true
27,0x88e6a0c2ddd26feeb64f039a2c41296fcb3f5640,24946728,198773,3268120739789266523,7,S27_P7,196950:206450,0xc36442b4a4522e871399cd717abdd847ab11fe88:196950:206450,0xc36442b4a4522e871399cd717abdd847ab11fe88,196950,206450,65989735192964238,0.0201919514140164,9500,1823,7677,1823,6946287915048.8671578947368421,0.0000021254685699,87.4119373509671974,159.0106756233355672,1.3406990950273476,3.1473093642418926,4.4880084592692402,3.1473093642418926,201658238351.98552,197531237701.75492,4127000650.2306,true,true,67749153799150779852.897093259499225,66386065104690783404.3000398291983708,1363088694459996448.5970534303008542,true,true,1502942088305.4362,1486828146205.8064,16113942099.6298,true,true,339621248714413852832.8832799347920208,332779805868752090530.5268264352586908,6841442845661762302.35645349953333,true,true,2920286328625.1408,2883348237771.1193,36938090854.0215,true,true,679708692384976752159.6734904243737885,665978520311480706431.5264699695060145,13730172073496045728.147020454867774,true,true
27,0x88e6a0c2ddd26feeb64f039a2c41296fcb3f5640,24946728,198773,3268120739789266523,8,S27_P8,196260:201360,0xc36442b4a4522e871399cd717abdd847ab11fe88:196260:201360,0xc36442b4a4522e871399cd717abdd847ab11fe88,196260,201360,53731970203287303,0.0164412439078833,5100,2513,2587,2513,10535680432017.1182352941176471,0.0000032237733153,87.4119373509671974,159.0106756233355672,1.0873874597040952,2.5568369264245581,3.6442243861286533,2.5568369264245581,201658238351.98552,198304905811.6408,3353332540.34472,true,true,67749153799150779852.897093259499225,66639275694168176186.2609790004505914,1109878104982603666.6361142590486336,true,true,1502942088305.4362,1489821606334.3982,13120481971.038,true,true,339621248714413852832.8832799347920208,334050436782051169902.8109981582488012,5570811932362682930.0722817765432196,true,true,2920286328625.1408,2890187765248.1702,30098563376.9706,true,true,679708692384976752159.6734904243737885,668529647354836304827.00645355594309,11179045030140447332.6670368684306985,true,true
27,0x88e6a0c2ddd26feeb64f039a2c41296fcb3f5640,24946728,198773,3268120739789266523,9,S27_P9,196750:199130,0xc36442b4a4522e871399cd717abdd847ab11fe88:196750:199130,0xc36442b4a4522e871399cd717abdd847ab11fe88,196750,199130,56441995567576801,0.0172704743984509,2380,2023,357,357,23715124188057.4794117647058824,0.0000072565018481,87.4119373509671974,159.0106756233355672,1.1432200218192851,2.4122010040526298,3.5554210258719149,2.4122010040526298,201658238351.98552,198134142139.31628,3524096212.66924,true,true,67749153799150779852.897093259499225,66583294576412482893.9956853781776974,1165859222738296958.9014078813215276,true,true,1502942088305.4362,1489159802775.3201,13782285530.1161,true,true,339621248714413852832.8832799347920208,333769509586024157293.3521422595637688,5851739128389695539.531137675228252,true,true,2920286328625.1408,2888674759165.0529,31611569460.0879,true,true,679708692384976752159.6734904243737885,667965654562626226913.9899753926132825,11743037822350525245.683515031760506,true,true
27,0x88e6a0c2ddd26feeb64f039a2c41296fcb3f5640,24946728,198773,3268120739789266523,10,S27_P10,198490:200310,0xc36442b4a4522e871399cd717abdd847ab11fe88:198490:200310,0xc36442b4a4522e871399cd717abdd847ab11fe88,198490,200310,49334625379050588,0.0150957168682304,1820,283,1537,283,27106937021456.367032967032967,0.0000082943499276,87.4119373509671974,159.0106756233355672,0.875989315843672,2.345669898576171,3.221659214419843,2.345669898576171,201658238351.98552,198581650458.75716,3076587893.22836,true,true,67749153799150779852.897093259499225,66730110808721026065.6201980217076276,1019042990429753787.2768952377915974,true,true,1502942088305.4362,1490895449895.5172,12046638409.919,true,true,339621248714413852832.8832799347920208,334506284092707812574.8065927505416976,5114964621706040258.0766871842503232,true,true,2920286328625.1408,2895698924638.6628,24587403986.478,true,true,679708692384976752159.6734904243737885,669444761100473424290.588280600179664,10263931284503327869.0852098241941245,true,true
27,0x88e6a0c2ddd26feeb64f039a2c41296fcb3f5640,24946728,198773,3268120739789266523,11,S27_P11,198430:199430,0xc36442b4a4522e871399cd717abdd847ab11fe88:198430:199430,0xc36442b4a4522e871399cd717abdd847ab11fe88,198430,199430,42088216245401454,0.0128784153330012,1000,343,657,343,42088216245401.454,0.000012878415333,87.4119373509671974,159.0106756233355672,0.8015979159858486,1.9984409376271707,2.8000388536130193,1.9984409376271707,201658238351.98552,199036782879.21928,2621455472.76624,true,true,67749153799150779852.897093259499225,66879796108025050997.6900451355520584,869357691125728855.2070481239471666,true,true,1502942088305.4362,1492665009737.1074,10277078568.3288,true,true,339621248714413852832.8832799347920208,335257502119578590269.706202201916916,4363746594835262563.1770777328751048,true,true,2920286328625.1408,2897886698918.774,22399629706.3668,true,true,679708692384976752159.6734904243737885,670952692735858820615.294161278623073,8755999649117931544.3793291457507155,true,true
27,0x88e6a0c2ddd26feeb64f039a2c41296fcb3f5640,24946728,198773,3268120739789266523,12,S27_P12,197500:199360,0xc36442b4a4522e871399cd717abdd847ab11fe88:197500:199360,0xc36442b4a4522e871399cd717abdd847ab11fe88,197500,199360,41196674893167603,0.0126056159405616,1860,1273,587,587,22148749942563.2274193548387097,0.0000067772128713,87.4119373509671974,159.0106756233355672,0.8303860625609479,1.9538935368105749,2.7842795993715228,1.9538935368105749,201658238351.98552,199092701936.95076,2565536415.03476,true,true,67749153799150779852.897093259499225,66898212410482508726.2376810733770274,850941388668271126.6594121861221976,true,true,1502942088305.4362,1492882719868.2938,10059368437.1424,true,true,339621248714413852832.8832799347920208,335349928140708462157.9544168781786116,4271320573705390674.9288630566134092,true,true,2920286328625.1408,2897192635689.3677,23093692935.7731,true,true,679708692384976752159.6734904243737885,671138209005527340006.161279936653802,8570483379449412153.5122104877199865,true,true
27,0x88e6a0c2ddd26feeb64f039a2c41296fcb3f5640,24946728,198773,3268120739789266523,13,S27_P13,193130:200340,0xc36442b4a4522e871399cd717abdd847ab11fe88:193130:200340,0xc36442b4a4522e871399cd717abdd847ab11fe88,193130,200340,37619268342446439,0.0115109787360158,7210,5643,1567,1567,5217651642502.9735090152565881,0.0000015965296444,87.4119373509671974,159.0106756233355672,0.7574169264388776,1.7847668467859555,2.5421837732248331,1.7847668467859555,201658238351.98552,199316906767.12636,2341331584.85916,true,true,67749153799150779852.897093259499225,66972108399216654506.3029631158515052,777045399934125346.5941301436477198,true,true,1502942088305.4362,1493756298084.1106,9185790221.3256,true,true,339621248714413852832.8832799347920208,335720802202361381033.2474228347107516,3900446512052471799.6358571000812692,true,true,2920286328625.1408,2899193652207.5345,21092676417.6063,true,true,679708692384976752159.6734904243737885,671882596122515774801.572415167050236,7826096262460977358.1010752573235525,true,true
27,0x88e6a0c2ddd26feeb64f039a2c41296fcb3f5640,24946728,198773,3268120739789266523,14,S27_P14,194970:200900,0xc36442b4a4522e871399cd717abdd847ab11fe88:194970:200900,0xc36442b4a4522e871399cd717abdd847ab11fe88,194970,200900,36399741824870331,0.0111378203937525,5930,3803,2127,2127,6138236395425.0136593591905565,0.000001878215918,87.4119373509671974,159.0106756233355672,0.7325798785958246,1.7265191228606302,2.4590990014564548,1.7265191228606302,201658238351.98552,199393274021.52672,2264964330.4588,true,true,67749153799150779852.897093259499225,66997299017174344554.3334175838507844,751854781976435298.5636756756484406,true,true,1502942088305.4362,1494054095729.9445,8887992575.4917,true,true,339621248714413852832.8832799347920208,335847233685449131393.0237327507062944,3774015028964721439.8595471840857264,true,true,2920286328625.1408,2899875985465.8035,20410343159.3373,true,true,679708692384976752159.6734904243737885,672136349005786776785.5401938858637785,7572343379189975374.13329653851001,true,true
27,0x88e6a0c2ddd26feeb64f039a2c41296fcb3f5640,24946728,198773,3268120739789266523,15,S27_P15,196260:200390,0xc36442b4a4522e871399cd717abdd847ab11fe88:196260:200390,0xc36442b4a4522e871399cd717abdd847ab11fe88,196260,200390,33467064267190909,0.0102404613941371,4130,2513,1617,1617,8103405391571.6486682808716707,0.0000024795306039,87.4119373509671974,159.0106756233355672,0.6729312123990224,1.5865547257769577,2.2594859381759801,1.5865547257769577,201658238351.98552,199576792205.79952,2081446146.186,true,true,67749153799150779852.897093259499225,67057876795558777122.1854875291796924,691277003592002730.7116057303195326,true,true,1502942088305.4362,1494770225081.8551,8171863223.5811,true,true,339621248714413852832.8832799347920208,336151275191251103123.9949834609434684,3469973523162749708.8882964738485524,true,true,2920286328625.1408,2901517239217.2341,18769089407.9067,true,true,679708692384976752159.6734904243737885,672746552335561544187.392571508433557,6962140049415207972.2809189159402315,true,true
27,0x88e6a0c2ddd26feeb64f039a2c41296fcb3f5640,24946728,198773,3268120739789266523,16,S27_P16,198450:199020,0xc36442b4a4522e871399cd717abdd847ab11fe88:198450:199020,0xc36442b4a4522e871399cd717abdd847ab11fe88,198450,199020,25639098570412922,0.0078452115487221,570,323,247,247,44980874684934.9508771929824561,0.0000137635290328,87.4119373509671974,159.0106756233355672,0.4771283398276252,0.959580534862446,1.4367088746900712,0.959580534862446,201658238351.98552,200065744825.09204,1592493526.89348,true,true,67749153799150779852.897093259499225,67219570046739943630.1477111131274252,529583752410836222.7493821463717998,true,true,1502942088305.4362,1496681699679.1847,6260388626.2515,true,true,339621248714413852832.8832799347920208,336962852477539889875.6283315751732092,2658396236873962957.2549483596188116,true,true,2920286328625.1408,2906858137644.6926,13428190980.4482,true,true,679708692384976752159.6734904243737885,674377833638379399309.3734794714692235,5330858746597352850.300010952904565,true,true
27,0x88e6a0c2ddd26feeb64f039a2c41296fcb3f5640,24946728,198773,3268120739789266523,17,S27_P17,198700:199000,0xc36442b4a4522e871399cd717abdd847ab11fe88:198700:199000,0xc36442b4a4522e871399cd717abdd847ab11fe88,198700,199000,26710709254092326,0.0081731096800954,300,73,227,73,89035697513641.0866666666666667,0.0000272436989337,87.4119373509671974,159.0106756233355672,0.2293760819419482,0.9656874213387344,1.1950635032806826,0.9656874213387344,201658238351.98552,199998886843.7614,1659351508.22412,true,true,67749153799150779852.897093259499225,67197435831486909163.122006399986092,551717967663870689.775086859513133,true,true,1502942088305.4362,1497106412241.6335,5835676063.8027,true,true,339621248714413852832.8832799347920208,336851749561071785380.0093268763275864,2769499153342067452.8739530584644344,true,true,2920286328625.1408,2913555984613.3301,6730344011.8107,true,true,679708692384976752159.6734904243737885,674196756322082230261.836683001142817,5511936062894521897.8368074232309715,true,true
27,0x88e6a0c2ddd26feeb64f039a2c41296fcb3f5640,24946728,198773,3268120739789266523,18,S27_P18,198720:198960,0xc36442b4a4522e871399cd717abdd847ab11fe88:198720:198960,0xc36442b4a4522e871399cd717abdd847ab11fe88,198720,198960,25243733090382931,0.0077242351492836,240,53,187,53,105182221209928.8791666666666667,0.000032184313122,87.4119373509671974,159.0106756233355672,0.1730333901598644,0.8286635653793831,1.0016969555392475,0.8286635653793831,201658238351.98552,200090406317.7548,1567832034.23072,true,true,67749153799150779852.897093259499225,67227736672699983004.4386396295571878,521417126450796848.4584536299420372,true,true,1502942088305.4362,1498123240857.3336,4818847448.1026,true,true,339621248714413852832.8832799347920208,337003843616432722540.3377153418089452,2617405097981130292.5455645929830756,true,true,2920286328625.1408,2915325018228.0149,4961310397.1259,true,true,679708692384976752159.6734904243737885,674720032303336026226.193736774235283,4988660081640725933.4797536501385055,true,true
27,0x88e6a0c2ddd26feeb64f039a2c41296fcb3f5640,24946728,198773,3268120739789266523,19,S27_P19,198620:198860,0xc36442b4a4522e871399cd717abdd847ab11fe88:198620:198860,0xc36442b4a4522e871399cd717abdd847ab11fe88,198620,198860,26917233201374611,0.0082363031676456,240,153,87,87,112155138339060.8791666666666667,0.0000343179298652,87.4119373509671974,159.0106756233355672,0.3541613615256299,0.5329426398418526,0.8871040013674825,0.5329426398418526,201658238351.98552,199985999080.59852,1672239271.387,true,true,67749153799150779852.897093259499225,67193169669308290221.1281790826158478,555984129842489631.7689141768833772,true,true,1502942088305.4362,1496369601121.8283,6572487183.6079,true,true,339621248714413852832.8832799347920208,337031160071361651791.6603031100677044,2590088643052201041.2229768247243164,true,true,2920286328625.1408,2909993393813.2508,10292934811.89,true,true,679708692384976752159.6734904243737885,676021058252022137509.039907411891295,3687634132954614650.6335830124824935,true,true
27,0x88e6a0c2ddd26feeb64f039a2c41296fcb3f5640,24946728,198773,3268120739789266523,20,S27_P20,198650:198890,0xc36442b4a4522e871399cd717abdd847ab11fe88:198650:198890,0xc36442b4a4522e871399cd717abdd847ab11fe88,198650,198890,23842358358841683,0.0072954337545005,240,123,117,117,99343159828507.0125,0.0000303976406438,87.4119373509671974,159.0106756233355672,0.2806370844109564,0.5854115704267741,0.8660486548377305,0.5854115704267741,201658238351.98552,200177790456.58668,1480447895.39884,true,true,67749153799150779852.897093259499225,67256683230447109829.578452476937679,492470568703670023.318640782561546,true,true,1502942088305.4362,1497120430253.8235,5821658051.6127,true,true,339621248714413852832.8832799347920208,337160031755287377666.67351306376156,2461216959126475166.2097668710304608,true,true,2920286328625.1408,2912027008597.0253,8259320028.1155,true,true,679708692384976752159.6734904243737885,675804812149640315161.5274163682748305,3903880235336436998.146074056098958,true,true
28,0x88e6a0c2ddd26feeb64f039a2c41296fcb3f5640,24936728,198516,3006853479951014813,1,S28_P1,195610:209470,0xc36442b4a4522e871399cd717abdd847ab11fe88:195610:209470,0xc36442b4a4522e871399cd717abdd847ab11fe88,195610,209470,350427488554237191,0.1165429213264978,13860,2906,10954,2906,25283368582556.7958874458874459,0.0000084085801823,154.9445686671740236,168.6926182099782849,18.5740165147920959,22.1242269847086303,40.6982434995007262,22.1242269847086303,147725884330.62396,130738974513.8952,16986909816.72876,true,true,61806431653683242872.1861939919224657,54627021251797655343.6029532217387812,7179410401885587528.5832407701836845,true,true,767879044823.69885,681218963831.0936,86660080992.60525,true,true,310235093538871709824.2163728271801474,274372317460553407182.2093972055974556,35862776078318302642.0069756215826918,true,true,1595551298784.308,1421293951708.4121,174257347075.8959,true,true,619463191673546829564.3346534939702061,547898368097939057440.4629265778344384,71564823575607772123.8717269161357677,true,true
28,0x88e6a0c2ddd26feeb64f039a2c41296fcb3f5640,24936728,198516,3006853479951014813,2,S28_P2,196880:200560,0xc36442b4a4522e871399cd717abdd847ab11fe88:196880:200560,0xc36442b4a4522e871399cd717abdd847ab11fe88,196880,200560,343166199083970065,0.1141280083556185,3680,1636,2044,1636,93251684533687.5176630434782609,0.0000310130457488,154.9445686671740236,168.6926182099782849,18.1425727437454902,21.6068206807018353,39.7493934244473255,21.6068206807018353,147725884330.62396,131093684907.07328,16632199423.55068,true,true,61806431653683242872.1861939919224657,54775870507449097089.357309127832408,7030561146234145782.8288848640900577,true,true,767879044823.69885,683020036291.84695,84859008531.8519,true,true,310235093538871709824.2163728271801474,275115181386514330666.4959440495452918,35119912152357379157.7204287776348556,true,true,1595551298784.308,1424901254574.2849,170650044210.0231,true,true,619463191673546829564.3346534939702061,549379914288299645496.7605772334728886,70083277385247184067.5740762604973175,true,true
28,0x88e6a0c2ddd26feeb64f039a2c41296fcb3f5640,24936728,198516,3006853479951014813,3,S28_P3,197690:199360,0xc36442b4a4522e871399cd717abdd847ab11fe88:197690:199360,0xc36442b4a4522e871399cd717abdd847ab11fe88,197690,199360,226199085911023198,0.0752278378109426,1670,826,844,826,135448554437738.4419161676646707,0.0000450466094676,154.9445686671740236,168.6926182099782849,11.4860520634477999,13.6432617058038165,25.1293137692516164,13.6432617058038165,147725884330.62396,136788793026.43572,10937091304.18824,true,true,61806431653683242872.1861939919224657,57173030771989161303.8765834042251762,4633400881694081568.3096105876972895,true,true,767879044823.69885,712002127043.277,55876917780.42185,true,true,310235093538871709824.2163728271801474,287083031345354972614.882330341757996,23152062193516737209.3340424854221514,true,true,1595551298784.308,1483041620748.8342,112509678035.4738,true,true,619463191673546829564.3346534939702061,573253112615306532243.3085771737118448,46210079058240297321.0260763202583613,true,true
28,0x88e6a0c2ddd26feeb64f039a2c41296fcb3f5640,24936728,198516,3006853479951014813,4,S28_P4,194710:212350,0xc36442b4a4522e871399cd717abdd847ab11fe88:194710:212350,0xc36442b4a4522e871399cd717abdd847ab11fe88,194710,212350,171327716065031450,0.0569790703828451,17640,3806,13834,3806,9712455559242.1456916099773243,0.0000032301060308,154.9445686671740236,168.6926182099782849,8.5417937190367039,10.1336679049369766,18.6754616239736805,10.1336679049369766,147725884330.62396,139449854892.8884,8276029437.73556,true,true,61806431653683242872.1861939919224657,58297262435379261099.364815435782502,3509169218303981772.8213785561399637,true,true,767879044823.69885,725578180138.89145,42300864684.8074,true,true,310235093538871709824.2163728271801474,292697961484362548177.2322097740563612,17537132054509161646.9841630531237862,true,true,1595551298784.308,1510331422459.7144,85219876324.5936,true,true,619463191673546829564.3346534939702061,584456679552331325774.7865304041812173,35006512121215503789.5481230897889888,true,true
28,0x88e6a0c2ddd26feeb64f039a2c41296fcb3f5640,24936728,198516,3006853479951014813,5,S28_P5,197610:199940,0xc36442b4a4522e871399cd717abdd847ab11fe88:197610:199940,0xc36442b4a4522e871399cd717abdd847ab11fe88,197610,199940,118114933958354994,0.039281905402414,2330,906,1424,906,50693104703156.6497854077253219,0.000016859186868,154.9445686671740236,168.6926182099782849,5.7869995112313977,6.8573888802125044,12.6443883914439021,6.8573888802125044,147725884330.62396,142025067644.97912,5700816685.64484,true,true,61806431653683242872.1861939919224657,59387343398595861229.9935188012562443,2419088255087381642.1926751906662214,true,true,767879044823.69885,738730918461.3583,29148126362.34055,true,true,310235093538871709824.2163728271801474,298143949282622893887.941826458290479,12091144256248815936.2745463688896684,true,true,1595551298784.308,1536800566030.6246,58750732753.6834,true,true,619463191673546829564.3346534939702061,595325274815699125306.4820463002175454,24137916857847704257.8526071937526607,true,true
28,0x88e6a0c2ddd26feeb64f039a2c41296fcb3f5640,24936728,198516,3006853479951014813,6,S28_P6,195610:200290,0xc36442b4a4522e871399cd717abdd847ab11fe88:195610:200290,0xc36442b4a4522e871399cd717abdd847ab11fe88,195610,200290,82346613047210432,0.0273863071800066,4680,2906,1774,1774,17595430138292.8273504273504274,0.0000058517750385,154.9445686671740236,168.6926182099782849,3.9882475223097725,4.7220989782285254,8.7103465005382979,4.7220989782285254,147725884330.62396,143753405738.13184,3972478592.49212,true,true,61806431653683242872.1861939919224657,60119981798647610433.4344260413446692,1686449855035632438.7517679505777965,true,true,767879044823.69885,747564402257.20305,20314642566.4958,true,true,310235093538871709824.2163728271801474,301805092007738663622.841374382241705,8430001531133046201.3749984449384424,true,true,1595551298784.308,1554593025725.1337,40958273059.1743,true,true,619463191673546829564.3346534939702061,602633005076824445273.0559280348255154,16830186596722384291.2787254591446907,true,true
28,0x88e6a0c2ddd26feeb64f039a2c41296fcb3f5640,24936728,198516,3006853479951014813,7,S28_P7,196950:206450,0xc36442b4a4522e871399cd717abdd847ab11fe88:196950:206450,0xc36442b4a4522e871399cd717abdd847ab11fe88,196950,206450,65989735192964238,0.0219464418978072,9500,1566,7934,1566,6946287915048.8671578947368421,0.0000023101517787,154.9445686671740236,168.6926182099782849,3.179364642273445,3.7629778580170439,6.9423425002904889,3.7629778580170439,147725884330.62396,144543134661.06848,3182749669.55548,true,true,61806431653683242872.1861939919224657,60454995616790800615.1148139751773779,1351436036892442257.0713800167450878,true,true,767879044823.69885,751601935902.12215,16277108921.5767,true,true,310235093538871709824.2163728271801474,303479451523840116183.7277642893701934,6755642015031593640.488608537809954,true,true,1595551298784.308,1562729381418.8979,32821917365.4101,true,true,619463191673546829564.3346534939702061,605975384875456970290.1399256456073397,13487806798089859274.1947278483628664,true,true
28,0x88e6a0c2ddd26feeb64f039a2c41296fcb3f5640,24936728,198516,3006853479951014813,8,S28_P8,196750:199130,0xc36442b4a4522e871399cd717abdd847ab11fe88:196750:199130,0xc36442b4a4522e871399cd717abdd847ab11fe88,196750,199130,56441995567576801,0.0187711160333946,2380,1766,614,614,23715124188057.4794117647058824,0.0000078870235434,154.9445686671740236,168.6926182099782849,2.711099265061804,3.1916463974259846,5.9027456624877886,3.1916463974259846,147725884330.62396,145003949221.55016,2721935109.0738,true,true,61806431653683242872.1861939919224657,60650541941689923872.6133853710863562,1155889711993318999.5728086208361095,true,true,767879044823.69885,753958170687.48865,13920874136.2102,true,true,310235093538871709824.2163728271801474,304456830387492194898.0312408859798922,5778263151379514926.1851319412002552,true,true,1595551298784.308,1567478590950.0429,28072707834.2651,true,true,619463191673546829564.3346534939702061,607926534975359223692.3313527890376909,11536656698187605872.0033007049325152,true,true
28,0x88e6a0c2ddd26feeb64f039a2c41296fcb3f5640,24936728,198516,3006853479951014813,9,S28_P9,196260:201360,0xc36442b4a4522e871399cd717abdd847ab11fe88:196260:201360,0xc36442b4a4522e871399cd717abdd847ab11fe88,196260,201360,53731970203287303,0.0178698332198623,5100,2256,2844,2256,10535680432017.1182352941176471,0.0000035038888666,154.9445686671740236,168.6926182099782849,2.5787048674961306,3.0512180414035748,5.6299229088997054,3.0512180414035748,147725884330.62396,145134725678.55668,2591158652.06728,true,true,61806431653683242872.1861939919224657,60706044956852348493.2342306430697015,1100386696830894378.9519633488527642,true,true,767879044823.69885,754626892336.3132,13252152487.38565,true,true,310235093538871709824.2163728271801474,304734253216147385995.653882645464809,5500840322724323828.5624901817153384,true,true,1595551298784.308,1568826587957.8649,26724710826.4431,true,true,619463191673546829564.3346534939702061,608480369230973586380.9213964667766072,10982822442573243183.4132570271935989,true,true
28,0x88e6a0c2ddd26feeb64f039a2c41296fcb3f5640,24936728,198516,3006853479951014813,10,S28_P10,197500:199360,0xc36442b4a4522e871399cd717abdd847ab11fe88:197500:199360,0xc36442b4a4522e871399cd717abdd847ab11fe88,197500,199360,41196674893167603,0.0137009252921226,1860,1016,844,844,22148749942563.2274193548387097,0.0000073660888667,154.9445686671740236,168.6926182099782849,1.9692665086603359,2.3294595396224689,4.2987260482828048,2.3294595396224689,147725884330.62396,145739518250.41768,1986366080.20628,true,true,61806431653683242872.1861939919224657,60962769342459791356.7749543115669313,843662311223451515.4112396803555344,true,true,767879044823.69885,757719670017.95835,10159374805.7405,true,true,310235093538871709824.2163728271801474,306017502716244844348.0201458529066096,4217590822626865476.1962269742735378,true,true,1595551298784.308,1575061673928.9153,20489624855.3927,true,true,619463191673546829564.3346534939702061,611042262736527607344.7751938884760757,8420928937019222219.5594596054941304,true,true
28,0x88e6a0c2ddd26feeb64f039a2c41296fcb3f5640,24936728,198516,3006853479951014813,11,S28_P11,193130:200340,0xc36442b4a4522e871399cd717abdd847ab11fe88:193130:200340,0xc36442b4a4522e871399cd717abdd847ab11fe88,193130,200340,37619268342446439,0.0125111744197989,7210,5386,1824,1824,5217651642502.9735090152565881,0.0000017352530402,154.9445686671740236,168.6926182099782849,1.7962270354055216,2.1246020920204654,3.920829127425987,2.1246020920204654,147725884330.62396,145912084505.79788,1813799824.82608,true,true,61806431653683242872.1861939919224657,61036034139355609007.2523265368024257,770397514327633864.93386745512004,true,true,767879044823.69885,758602182204.4061,9276862619.29275,true,true,310235093538871709824.2163728271801474,306383731844066726188.0436990843312036,3851361694804983636.1726737428489438,true,true,1595551298784.308,1576841047633.0138,18710251151.2942,true,true,619463191673546829564.3346534939702061,611773429147843543762.4364111494759072,7689762525703285801.8982423444942989,true,true
28,0x88e6a0c2ddd26feeb64f039a2c41296fcb3f5640,24936728,198516,3006853479951014813,12,S28_P12,194970:200900,0xc36442b4a4522e871399cd717abdd847ab11fe88:194970:200900,0xc36442b4a4522e871399cd717abdd847ab11fe88,194970,200900,36399741824870331,0.012105592130636,5930,3546,2384,2384,6138236395425.0136593591905565,0.0000020414151991,154.9445686671740236,168.6926182099782849,1.7373278750212322,2.0548800705016667,3.7922079455228989,2.0548800705016667,147725884330.62396,145970907859.01784,1754976471.60612,true,true,61806431653683242872.1861939919224657,61061009799123873011.2710081537343391,745421854559369860.9151858381881266,true,true,767879044823.69885,758903014585.23275,8976030238.4661,true,true,310235093538871709824.2163728271801474,306508579056673786289.9440651884629678,3726514482197923534.2723076387171796,true,true,1595551298784.308,1577447626283.5103,18103672500.7977,true,true,619463191673546829564.3346534939702061,612022685243247780743.5634408688202976,7440506430299048820.7712126251499085,true,true
28,0x88e6a0c2ddd26feeb64f039a2c41296fcb3f5640,24936728,198516,3006853479951014813,13,S28_P13,196260:200390,0xc36442b4a4522e871399cd717abdd847ab11fe88:196260:200390,0xc36442b4a4522e871399cd717abdd847ab11fe88,196260,200390,33467064267190909,0.0111302610820053,4130,2256,1874,1874,8103405391571.6486682808716707,0.0000026949784702,154.9445686671740236,168.6926182099782849,1.5958748126642343,1.8874499974087541,3.4833248100729884,1.8874499974087541,147725884330.62396,146112357491.47244,1613526839.15152,true,true,61806431653683242872.1861939919224657,61121069606275555241.2901874031863334,685362047407687630.8960065887361323,true,true,767879044823.69885,759626420381.0732,8252624442.62565,true,true,310235093538871709824.2163728271801474,306808808325286656720.0957705789534178,3426285213585053104.1206022482267296,true,true,1595551298784.308,1578906297974.7017,16645000809.6063,true,true,619463191673546829564.3346534939702061,612622095553836449523.8318336363645867,6841096119710380040.5028198576056194,true,true
28,0x88e6a0c2ddd26feeb64f039a2c41296fcb3f5640,24936728,198516,3006853479951014813,14,S28_P14,198430:199430,0xc36442b4a4522e871399cd717abdd847ab11fe88:198430:199430,0xc36442b4a4522e871399cd717abdd847ab11fe88,198430,199430,42088216245401454,0.0139974283835364,1000,86,914,86,42088216245401.454,0.0000139974283835,154.9445686671740236,168.6926182099782849,0.823830822278311,2.3805902714914386,3.2044210937697496,2.3805902714914386,147725884330.62396,145696510634.37512,2029373696.24884,true,true,61806431653683242872.1861939919224657,60944510905250951715.6869850066746966,861920748432291156.4992089852477691,true,true,767879044823.69885,758170060531.09045,9708984292.6084,true,true,310235093538871709824.2163728271801474,305926233571289951311.0440165111336864,4308859967581758513.172356316046461,true,true,1595551298784.308,1581691023074.1367,13860275710.1713,true,true,619463191673546829564.3346534939702061,610860047916242749181.1664580079313778,8603143757304080383.1681954860388283,true,true
28,0x88e6a0c2ddd26feeb64f039a2c41296fcb3f5640,24936728,198516,3006853479951014813,15,S28_P15,194710:204620,0xc36442b4a4522e871399cd717abdd847ab11fe88:194710:204620,0xc36442b4a4522e871399cd717abdd847ab11fe88,194710,204620,22425003622459202,0.0074579635396217,9910,3806,6104,3806,2262866157664.9043390514631685,0.0000007525694793,154.9445686671740236,168.6926182099782849,1.0656205003417928,1.2600095755834129,2.3256300759252057,1.2600095755834129,147725884330.62396,146644855613.01116,1081028717.6128,true,true,61806431653683242872.1861939919224657,61347202299429266368.8372931591312758,459229354253976503.3489008327911899,true,true,767879044823.69885,762349832983.9017,5529211839.79715,true,true,310235093538871709824.2163728271801474,307939243833296196709.6320054448105942,2295849705575513114.5843673823695532,true,true,1595551298784.308,1584398341230.2038,11152957554.1042,true,true,619463191673546829564.3346534939702061,614879080636010952932.6879988467841284,4584111037535876631.6466546471860777,true,true
28,0x88e6a0c2ddd26feeb64f039a2c41296fcb3f5640,24936728,198516,3006853479951014813,16,S28_P16,194160:201650,0xc36442b4a4522e871399cd717abdd847ab11fe88:194160:201650,0xc36442b4a4522e871399cd717abdd847ab11fe88,194160,201650,21264356024640672,0.0070719628230728,7490,4356,3134,3134,2839032847081.5316421895861148,0.0000009441872928,154.9445686671740236,168.6926182099782849,1.0100985461442594,1.1943290360625059,2.2044275822067653,1.1943290360625059,147725884330.62396,146700819804.7736,1025064525.85036,true,true,61806431653683242872.1861939919224657,61370971518851361040.0015784793606207,435460134831881832.184615512561845,true,true,767879044823.69885,762636063991.92065,5242980831.7782,true,true,310235093538871709824.2163728271801474,308058067137257651971.5462326805249788,2177026401614057852.6701401466551686,true,true,1595551298784.308,1584975606734.0031,10575692050.3049,true,true,619463191673546829564.3346534939702061,615116324565525077741.9224803243965687,4346867108021751822.4121731695736374,true,true
28,0x88e6a0c2ddd26feeb64f039a2c41296fcb3f5640,24936728,198516,3006853479951014813,17,S28_P17,198450:199020,0xc36442b4a4522e871399cd717abdd847ab11fe88:198450:199020,0xc36442b4a4522e871399cd717abdd847ab11fe88,198450,199020,25639098570412922,0.0085268865747428,570,66,504,66,44980874684934.9508771929824561,0.0000149594501311,154.9445686671740236,168.6926182099782849,0.4089049189544301,1.3892676858696767,1.7981726048241068,1.3892676858696767,147725884330.62396,146489872621.69152,1236011708.93244,true,true,61806431653683242872.1861939919224657,61281381199643409121.9908078245979522,525050454039833750.1953861673245135,true,true,767879044823.69885,762483669777.9927,5395375045.70615,true,true,310235093538871709824.2163728271801474,307610196702786735486.8929335373525234,2624896836084974337.323439289827624,true,true,1595551298784.308,1588569813433.3807,6981485350.9273,true,true,619463191673546829564.3346534939702061,614222107361308484222.1119935740392741,5241084312238345342.222659919930932,true,true
28,0x88e6a0c2ddd26feeb64f039a2c41296fcb3f5640,24936728,198516,3006853479951014813,18,S28_P18,198490:200310,0xc36442b4a4522e871399cd717abdd847ab11fe88:198490:200310,0xc36442b4a4522e871399cd717abdd847ab11fe88,198490,200310,27119503265075660,0.009019230050916,1820,26,1794,26,14900825969821.7912087912087912,0.0000049556209071,154.9445686671740236,168.6926182099782849,0.1961794627849992,1.5261934077653342,1.7223728705503334,1.5261934077653342,147725884330.62396,146590831002.99796,1135053327.626,true,true,61806431653683242872.1861939919224657,61251063822284360561.5229337791430284,555367831398882310.6632602127794373,true,true,767879044823.69885,764735137941.83775,3143906881.8611,true,true,310235093538871709824.2163728271801474,307458639265169110556.6519041207386554,2776454273702599267.564468706441492,true,true,1595551298784.308,1592174558758.3389,3376740025.9691,true,true,619463191673546829564.3346534939702061,613919511468666277730.7438833994564179,5543680204880551833.5907700945137882,true,true
28,0x88e6a0c2ddd26feeb64f039a2c41296fcb3f5640,24936728,198516,3006853479951014813,19,S28_P19,198370:198610,0xc36442b4a4522e871399cd717abdd847ab11fe88:198370:198610,0xc36442b4a4522e871399cd717abdd847ab11fe88,198370,198610,32776917571187103,0.010900736530641,240,146,94,94,136570489879946.2625,0.0000454197355443,154.9445686671740236,168.6926182099782849,0.9209798661817535,0.7600453138036781,1.6810251799854316,0.9209798661817535,147725884330.62396,146145644361.5946,1580239969.02936,true,true,61806431653683242872.1861939919224657,61135203411289606864.9109097719372839,671228242393636007.2752842199851818,true,true,767879044823.69885,759796654404.28025,8082390419.4186,true,true,310235093538871709824.2163728271801474,307088258550631063957.6673961136972604,3146834988240645866.548976713482887,true,true,1595551298784.308,1581289121543.1551,14262177241.1529,true,true,619463191673546829564.3346534939702061,614846129642486494994.7073971334179449,4617062031060334569.6272563605522612,true,true
28,0x88e6a0c2ddd26feeb64f039a2c41296fcb3f5640,24936728,198516,3006853479951014813,20,S28_P20,198360:198660,0xc36442b4a4522e871399cd717abdd847ab11fe88:198360:198660,0xc36442b4a4522e871399cd717abdd847ab11fe88,198360,198660,26481947792231565,0.0088071959504535,300,156,144,144,88273159307438.55,0.0000293573198348,154.9445686671740236,168.6926182099782849,0.7742127554918251,0.8319905830717219,1.606203338563547,0.8319905830717219,147725884330.62396,146449227626.36792,1276656704.25604,true,true,61806431653683242872.1861939919224657,61264120397985439398.6325070435269201,542311255697803473.5536869483955456,true,true,767879044823.69885,761349291987.15785,6529752836.541,true,true,310235093538871709824.2163728271801474,307523909311804483089.8947499822246862,2711184227067226734.3216228449554612,true,true,1595551298784.308,1583724296405.3709,11827002378.9371,true,true,619463191673546829564.3346534939702061,614822083710333363425.5292285423111105,4641107963213466138.8054249516590956,true,true
29,0x88e6a0c2ddd26feeb64f039a2c41296fcb3f5640,24926728,198844,3128380592067789792,1,S29_P1,195610:209470,0xc36442b4a4522e871399cd717abdd847ab11fe88:195610:209470,0xc36442b4a4522e871399cd717abdd847ab11fe88,195610,209470,350427488554237191,0.1120156190211538,13860,3234,10626,3234,25283368582556.7958874458874459,0.0000080819349943,170.4059896484161535,165.5206409280965765,24.0818840409999449,17.5020391195013907,41.5839231605013356,24.0818840409999449,151052364472.35764,134100967974.21476,16951396498.14288,true,true,65219513529790722811.7511390482015794,57906211941119956310.360303496481396,7313301588670766501.3908355517201834,true,true,758670118052.32025,673566059166.41395,85104058885.9063,true,true,328000975600709481160.0586578069164048,291482945022829034119.952833594013248,36518030577880447040.1058242129031568,true,true,1505493456842.9595,1335140546681.3565,170352910161.603,true,true,650246800315683757421.0820018054666304,577104550917826402108.8151612979648736,73142249397857355312.2668405075017568,true,true
29,0x88e6a0c2ddd26feeb64f039a2c41296fcb3f5640,24926728,198844,3128380592067789792,2,S29_P2,196880:200560,0xc36442b4a4522e871399cd717abdd847ab11fe88:196880:200560,0xc36442b4a4522e871399cd717abdd847ab11fe88,196880,200560,343166199083970065,0.109694517334013,3680,1964,1716,1716,93251684533687.5176630434782609,0.0000298082927538,170.4059896484161535,165.5206409280965765,23.5100122490157751,17.109150602479129,40.6191628514949041,23.5100122490157751,151052364472.35764,134452440235.45956,16599924236.89808,true,true,65219513529790722811.7511390482015794,58057989673892444125.9682935104576874,7161523855898278685.782845537743892,true,true,758670118052.32025,675332922271.48115,83337195780.8391,true,true,328000975600709481160.0586578069164048,292239054755723977759.7114884193944528,35761920844985503400.347169387521952,true,true,1505493456842.9595,1338659143122.1781,166834313720.7814,true,true,650246800315683757421.0820018054666304,578609469018413648622.6039555897522112,71637331297270108798.4780462157144192,true,true
29,0x88e6a0c2ddd26feeb64f039a2c41296fcb3f5640,24926728,198844,3128380592067789792,3,S29_P3,197690:199360,0xc36442b4a4522e871399cd717abdd847ab11fe88:197690:199360,0xc36442b4a4522e871399cd717abdd847ab11fe88,197690,199360,225902129912524135,0.0722105649438286,1670,1154,516,516,135270736474565.3502994011976048,0.0000432398592478,170.4059896484161535,165.5206409280965765,14.7433759954326436,10.8893345191895177,25.6327105146221613,14.7433759954326436,151052364472.35764,140127509685.9218,10924854786.43584,true,true,65219513529790722811.7511390482015794,60507570162429688861.1012447113627198,4711943367361033950.6498943368388596,true,true,758670118052.32025,703840643721.5568,54829474330.76345,true,true,328000975600709481160.0586578069164048,304454208928354339801.3772064526567088,23546766672355141358.681451354259696,true,true,1505493456842.9595,1395534476709.5978,109958980133.3617,true,true,650246800315683757421.0820018054666304,602984967687433844716.6482219843845152,47261832628249912704.4337798210821152,true,true
29,0x88e6a0c2ddd26feeb64f039a2c41296fcb3f5640,24926728,198844,3128380592067789792,4,S29_P4,194710:212350,0xc36442b4a4522e871399cd717abdd847ab11fe88:194710:212350,0xc36442b4a4522e871399cd717abdd847ab11fe88,194710,212350,171327716065031450,0.0547656242656165,17640,4134,13506,4134,9712455559242.1456916099773243,0.0000031046272259,170.4059896484161535,165.5206409280965765,10.9417247611531565,8.2053279869007353,19.1470527480538918,10.9417247611531565,151052364472.35764,142767924017.13144,8284440455.2262,true,true,65219513529790722811.7511390482015794,61646695775631878648.6154861655165564,3572817754158844163.135652882685023,true,true,758670118052.32025,717095368228.16215,41574749824.1581,true,true,328000975600709481160.0586578069164048,310141445314364638799.5676327588538864,17859530286344842360.4910250480625184,true,true,1505493456842.9595,1422045934244.4149,83447522598.5446,true,true,650246800315683757421.0820018054666304,614368994454830081644.8399978756794688,35877805860853675776.2420039297871616,true,true
29,0x88e6a0c2ddd26feeb64f039a2c41296fcb3f5640,24926728,198844,3128380592067789792,5,S29_P5,197610:199940,0xc36442b4a4522e871399cd717abdd847ab11fe88:197610:199940,0xc36442b4a4522e871399cd717abdd847ab11fe88,197610,199940,118114933958354994,0.0377559348941887,2330,1234,1096,1096,50693104703156.6497854077253219,0.0000162042639031,170.4059896484161535,165.5206409280965765,7.3892856563797483,5.5903286248423725,12.9796142812221208,7.3892856563797483,151052364472.35764,145341771157.04672,5710593315.31092,true,true,65219513529790722811.7511390482015794,62756891906879411949.5335494006308212,2462621622911310862.2175896475707582,true,true,758670118052.32025,730014720554.7564,28655397497.56385,true,true,328000975600709481160.0586578069164048,315687781295360094089.1149021667226272,12313194305349387070.9437556401937776,true,true,1505493456842.9595,1447929853720.1098,57563603122.8497,true,true,650246800315683757421.0820018054666304,625489597741721263829.7507869471159104,24757202573962493591.33121485835072,true,true
29,0x88e6a0c2ddd26feeb64f039a2c41296fcb3f5640,24926728,198844,3128380592067789792,6,S29_P6,195610:200290,0xc36442b4a4522e871399cd717abdd847ab11fe88:195610:200290,0xc36442b4a4522e871399cd717abdd847ab11fe88,195610,200290,82346613047210432,0.0263224408360049,4680,3234,1446,1446,17595430138292.8273504273504274,0.0000056244531701,170.4059896484161535,165.5206409280965765,5.0820737082690428,3.8670971991752532,8.949170907444296,5.0820737082690428,151052364472.35764,147071454519.39244,3980909952.9652,true,true,65219513529790722811.7511390482015794,63502871395614640001.2902623172427186,1716642134176082810.4608767309588608,true,true,758670118052.32025,738695650461.8745,19974467590.44575,true,true,328000975600709481160.0586578069164048,319416304541707536534.8190071046294864,8584671059001944625.2396507022869184,true,true,1505493456842.9595,1465346162686.0439,40147294156.9156,true,true,650246800315683757421.0820018054666304,632976624377383641595.9571930511656256,17270175938300115825.1248087543010048,true,true
29,0x88e6a0c2ddd26feeb64f039a2c41296fcb3f5640,24926728,198844,3128380592067789792,7,S29_P7,196950:206450,0xc36442b4a4522e871399cd717abdd847ab11fe88:196950:206450,0xc36442b4a4522e871399cd717abdd847ab11fe88,196950,206450,65989735192964238,0.0210938961072337,9500,1894,7606,1894,6946287915048.8671578947368421,0.0000022204101166,170.4059896484161535,165.5206409280965765,4.0475736551747058,3.0880122294832428,7.1355858846579486,4.0475736551747058,151052364472.35764,147862334959.84928,3190029512.50836,true,true,65219513529790722811.7511390482015794,63843938695681158842.136399172057795,1375574834109563969.6147398761437844,true,true,758670118052.32025,742664502318.88135,16005615733.4389,true,true,328000975600709481160.0586578069164048,321121444776509050146.3898758384526768,6879530824200431013.668781968463728,true,true,1505493456842.9595,1473315263858.8889,32178192984.0706,true,true,650246800315683757421.0820018054666304,636403500267012557481.734155230532784,13843300048671199939.3478465749338464,true,true
29,0x88e6a0c2ddd26feeb64f039a2c41296fcb3f5640,24926728,198844,3128380592067789792,8,S29_P8,196260:201360,0xc36442b4a4522e871399cd717abdd847ab11fe88:196260:201360,0xc36442b4a4522e871399cd717abdd847ab11fe88,196260,201360,53731970203287303,0.0171756500278541,5100,2584,2516,2516,10535680432017.1182352941176471,0.0000033677745153,170.4059896484161535,165.5206409280965765,3.2805745689375878,2.5077823685277495,5.7883569374653373,3.2805745689375878,151052364472.35764,148454973480.64944,2597390991.7082,true,true,65219513529790722811.7511390482015794,64099505971538033729.2626344459159758,1120007558252689082.4885046022856036,true,true,758670118052.32025,745638327907.1248,13031790145.19545,true,true,328000975600709481160.0586578069164048,322399296825972879794.1716964740553392,5601678774736601365.8869613328610656,true,true,1505493456842.9595,1479289102738.2807,26204354104.6788,true,true,650246800315683757421.0820018054666304,638972788175055108573.5954779629561184,11274012140628648847.486523842510512,true,true
29,0x88e6a0c2ddd26feeb64f039a2c41296fcb3f5640,24926728,198844,3128380592067789792,9,S29_P9,196750:199130,0xc36442b4a4522e871399cd717abdd847ab11fe88:196750:199130,0xc36442b4a4522e871399cd717abdd847ab11fe88,196750,199130,56441995567576801,0.0180419210215947,2380,2094,286,286,23715124188057.4794117647058824,0.0000075806390847,170.4059896484161535,165.5206409280965765,3.4495412910539513,2.2958388567868459,5.7453801478407972,3.4495412910539513,151052364472.35764,148323952862.21764,2728411610.14,true,true,65219513529790722811.7511390482015794,64043005618233300744.1838835126499228,1176507911557422067.5672555355516566,true,true,758670118052.32025,744980886995.34225,13689231056.978,true,true,328000975600709481160.0586578069164048,322116779025339017023.39953015262796,5884196575370464136.6591276542884448,true,true,1505493456842.9595,1477968235288.9862,27525221553.9733,true,true,650246800315683757421.0820018054666304,638404666170060220325.5022330843491488,11842134145623537095.5797687211174816,true,true
29,0x88e6a0c2ddd26feeb64f039a2c41296fcb3f5640,24926728,198844,3128380592067789792,10,S29_P10,198700:199000,0xc36442b4a4522e871399cd717abdd847ab11fe88:198700:199000,0xc36442b4a4522e871399cd717abdd847ab11fe88,198700,199000,75647777966759612,0.0241811300576948,300,144,156,144,252159259889198.7066666666666667,0.000080603766859,170.4059896484161535,165.5206409280965765,2.3956559368968626,2.308335485590113,4.7039914224869756,2.3956559368968626,151052364472.35764,147395361138.90052,3657003333.45712,true,true,65219513529790722811.7511390482015794,63642558172742032129.872143983915963,1576955357048690681.8789950642856164,true,true,758670118052.32025,740321137689.0936,18348980363.22665,true,true,328000975600709481160.0586578069164048,320114626103943197038.5887466112327312,7886349496766284121.4699111956836736,true,true,1505493456842.9595,1474249419795.5528,31244037047.4067,true,true,650246800315683757421.0820018054666304,636352739117178979266.2516129047263392,13894061198504778154.8303889007402912,true,true
29,0x88e6a0c2ddd26feeb64f039a2c41296fcb3f5640,24926728,198844,3128380592067789792,11,S29_P11,193130:200340,0xc36442b4a4522e871399cd717abdd847ab11fe88:193130:200340,0xc36442b4a4522e871399cd717abdd847ab11fe88,193130,200340,37619268342446439,0.012025157181269,7210,5714,1496,1496,5217651642502.9735090152565881,0.0000016678442692,170.4059896484161535,165.5206409280965765,2.2830309889739337,1.7497234650510309,4.0327544540249646,2.2830309889739337,151052364472.35764,149233933725.36716,1818430746.99048,true,true,65219513529790722811.7511390482015794,64435410447172098825.3605474845372978,784103082618623986.3905915636642816,true,true,758670118052.32025,749546829816.2891,9123288236.03115,true,true,328000975600709481160.0586578069164048,324079051211628774324.6295449068524176,3921924389080706835.4291129000639872,true,true,1505493456842.9595,1487143969735.819,18349487107.1405,true,true,650246800315683757421.0820018054666304,642351613534233435164.6915063191756096,7895186781450322256.3904954862910208,true,true
29,0x88e6a0c2ddd26feeb64f039a2c41296fcb3f5640,24926728,198844,3128380592067789792,12,S29_P12,194970:200900,0xc36442b4a4522e871399cd717abdd847ab11fe88:194970:200900,0xc36442b4a4522e871399cd717abdd847ab11fe88,194970,200900,35775879224234719,0.011435910104719,5930,3874,2056,2056,6033031909651.7232715008431703,0.0000019284839974,170.4059896484161535,165.5206409280965765,2.1696709729326543,1.6633305692252939,3.8330015421579482,2.1696709729326543,151052364472.35764,149323047272.73556,1729317199.62208,true,true,65219513529790722811.7511390482015794,64473837310543297627.77420837892231,745676219247425183.9769306692792694,true,true,758670118052.32025,749993944818.94065,8676173233.3796,true,true,328000975600709481160.0586578069164048,324271227016377942251.4259262713934608,3729748584331538908.632731535522944,true,true,1505493456842.9595,1488042778645.0183,17450678197.9412,true,true,650246800315683757421.0820018054666304,642738279305291242622.2025918276972128,7508521010392514798.8794099777694176,true,true
29,0x88e6a0c2ddd26feeb64f039a2c41296fcb3f5640,24926728,198844,3128380592067789792,13,S29_P13,196260:200390,0xc36442b4a4522e871399cd717abdd847ab11fe88:196260:200390,0xc36442b4a4522e871399cd717abdd847ab11fe88,196260,200390,33467064267190909,0.0106978877033213,4130,2584,1546,1546,8103405391571.6486682808716707,0.0000025902875795,170.4059896484161535,165.5206409280965765,2.0279092008146733,1.5552209009844357,3.583130101799109,2.0279092008146733,151052364472.35764,149434658899.9748,1617705572.38284,true,true,65219513529790722811.7511390482015794,64521965764660014070.4265657289398958,697547765130708741.3245733192616836,true,true,758670118052.32025,750553940166.4786,8116177885.84165,true,true,328000975600709481160.0586578069164048,324511924550428958302.4811726108054624,3489051050280522857.5774851961109424,true,true,1505493456842.9595,1489168572160.1789,16324884682.7806,true,true,650246800315683757421.0820018054666304,643222602885216072534.3927142864557856,7024197430467684886.6892875190108448,true,true
29,0x88e6a0c2ddd26feeb64f039a2c41296fcb3f5640,24926728,198844,3128380592067789792,14,S29_P14,194710:204620,0xc36442b4a4522e871399cd717abdd847ab11fe88:194710:204620,0xc36442b4a4522e871399cd717abdd847ab11fe88,194710,204620,22425003622459202,0.0071682466255286,9910,4134,5776,4134,2262866157664.9043390514631685,0.0000007233346746,170.4059896484161535,165.5206409280965765,1.3532834662115025,1.039649617081765,2.3929330832932675,1.3532834662115025,151052364472.35764,149968433310.92156,1083931161.43608,true,true,65219513529790722811.7511390482015794,64752131737472323414.9793971332480676,467381792318399396.7717419149535118,true,true,758670118052.32025,753232016045.47975,5438102006.8405,true,true,328000975600709481160.0586578069164048,325663085003869070981.9351256484116976,2337890596840410178.1235321585047072,true,true,1505493456842.9595,1494553520762.2372,10939936080.7223,true,true,650246800315683757421.0820018054666304,645539382932855217674.2359504660492512,4707417382828539746.8460513394173792,true,true
29,0x88e6a0c2ddd26feeb64f039a2c41296fcb3f5640,24926728,198844,3128380592067789792,15,S29_P15,194160:201650,0xc36442b4a4522e871399cd717abdd847ab11fe88:194160:201650,0xc36442b4a4522e871399cd717abdd847ab11fe88,194160,201650,21264356024640672,0.006797240744479,7490,4684,2806,2806,2839032847081.5316421895861148,0.0000009075087776,170.4059896484161535,165.5206409280965765,1.2826925523838273,0.9855978106906568,2.2682903630744841,1.2826925523838273,151052364472.35764,150024537001.8536,1027827470.50404,true,true,65219513529790722811.7511390482015794,64776323569637621701.735488080343295,443189960153101110.0156509678582844,true,true,758670118052.32025,753513499634.5209,5156618417.79935,true,true,328000975600709481160.0586578069164048,325784085945981639364.245258747697608,2216889654727841795.8133990592187968,true,true,1505493456842.9595,1495119613931.8009,10373842911.1586,true,true,650246800315683757421.0820018054666304,645782947950464666598.5081310808807072,4463852365219090822.5738707245859232,true,true
29,0x88e6a0c2ddd26feeb64f039a2c41296fcb3f5640,24926728,198844,3128380592067789792,16,S29_P16,198450:199020,0xc36442b4a4522e871399cd717abdd847ab11fe88:198450:199020,0xc36442b4a4522e871399cd717abdd847ab11fe88,198450,199020,25639098570412922,0.0081956455795124,570,394,176,176,44980874684934.9508771929824561,0.0000143783255781,170.4059896484161535,165.5206409280965765,1.3327145065504179,0.8351910821506184,2.1679055887010363,1.3327145065504179,151052364472.35764,149813066174.22768,1239298298.12996,true,true,65219513529790722811.7511390482015794,64685137418672502626.9813772984736012,534376111118220184.7697617497279782,true,true,758670118052.32025,752452512646.6803,6217605405.63995,true,true,328000975600709481160.0586578069164048,325328007052253831419.0500794659945216,2672968548455649741.0085783409218832,true,true,1505493456842.9595,1492985954022.3361,12507502820.6234,true,true,650246800315683757421.0820018054666304,645324074713402598814.5504359000822784,4922725602281158606.531565905384352,true,true
29,0x88e6a0c2ddd26feeb64f039a2c41296fcb3f5640,24926728,198844,3128380592067789792,17,S29_P17,198770:199010,0xc36442b4a4522e871399cd717abdd847ab11fe88:198770:199010,0xc36442b4a4522e871399cd717abdd847ab11fe88,198770,199010,33484524900219887,0.010703469068029,240,74,166,74,139518853750916.1958333333333333,0.0000445977877835,170.4059896484161535,165.5206409280965765,0.6436822946493938,1.0553027196711779,1.6989850143205717,1.0553027196711779,151052364472.35764,149433815006.71892,1618549465.63872,true,true,65219513529790722811.7511390482015794,64521601757472666601.3639145802160324,697911772318056210.387224467985547,true,true,758670118052.32025,751623805197.45185,7046312854.8684,true,true,328000975600709481160.0586578069164048,324510104477214483810.8143694055890608,3490871123494997349.244288401327344,true,true,1505493456842.9595,1496093624693.295,9399832149.6645,true,true,650246800315683757421.0820018054666304,643949454429481842964.524357335193872,6297345886201914456.5576444702727584,true,true
29,0x88e6a0c2ddd26feeb64f039a2c41296fcb3f5640,24926728,198844,3128380592067789792,18,S29_P18,198760:199000,0xc36442b4a4522e871399cd717abdd847ab11fe88:198760:199000,0xc36442b4a4522e871399cd717abdd847ab11fe88,198760,199000,27946815053733325,0.0089333168491693,240,84,156,84,116445062723888.8541666666666667,0.0000372221535382,170.4059896484161535,165.5206409280965765,0.5940566666524787,0.8479376945249999,1.4419943611774786,0.8479376945249999,151052364472.35764,149701511864.82812,1350852607.52952,true,true,65219513529790722811.7511390482015794,64637034751354063263.4926403642323748,582478778436659548.2584986839692046,true,true,758670118052.32025,752512990738.33425,6157127313.986,true,true,328000975600709481160.0586578069164048,325087421804568866500.6370165387908864,2913553796140614659.4216412681255184,true,true,1505493456842.9595,1496903586356.6115,8589870486.348,true,true,650246800315683757421.0820018054666304,645108758596384366194.0556142386082176,5138041719299391227.0263875668584128,true,true
29,0x88e6a0c2ddd26feeb64f039a2c41296fcb3f5640,24926728,198844,3128380592067789792,19,S29_P19,198780:199100,0xc36442b4a4522e871399cd717abdd847ab11fe88:198780:199100,0xc36442b4a4522e871399cd717abdd847ab11fe88,198780,199100,25287776316805506,0.0080833439450827,320,64,256,64,79024300990017.20625,0.0000252604498284,170.4059896484161535,165.5206409280965765,0.4318059859570782,0.9864460500479112,1.4182520360049894,0.9864460500479112,151052364472.35764,149830698227.91544,1221666244.4422,true,true,65219513529790722811.7511390482015794,64692460301083826171.3389002608359498,527053228706896640.4122387873656296,true,true,758670118052.32025,753648512701.3159,5021605351.00435,true,true,328000975600709481160.0586578069164048,325364633330095485906.8621782225638384,2636342270613995253.1964795843525664,true,true,1505493456842.9595,1499138000087.4104,6355456755.5491,true,true,650246800315683757421.0820018054666304,644952961000824724674.1838597322958496,5293839314859032746.8981420731707808,true,true
29,0x88e6a0c2ddd26feeb64f039a2c41296fcb3f5640,24926728,198844,3128380592067789792,20,S29_P20,198590:198910,0xc36442b4a4522e871399cd717abdd847ab11fe88:198590:198910,0xc36442b4a4522e871399cd717abdd847ab11fe88,198590,198910,22991045591167622,0.0073491843190253,320,254,66,66,71847017472398.81875,0.000022966200997,170.4059896484161535,165.5206409280965765,1.0055393646344933,0.3749762427352603,1.3805156073697536,1.0055393646344933,151052364472.35764,149941070467.3814,1111294004.97624,true,true,65219513529790722811.7511390482015794,64740337641314266674.003013766577412,479175888476456137.7481252816241674,true,true,758670118052.32025,753094737119.5874,5575380932.73285,true,true,328000975600709481160.0586578069164048,326010864075409611784.6308261796290208,1990111525299869375.427831627287384,true,true,1505493456842.9595,1494325868280.7437,11167588562.2158,true,true,650246800315683757421.0820018054666304,647694110971900009553.707979255669232,2552689343783747867.3740225497973984,true,true
30,0x88e6a0c2ddd26feeb64f039a2c41296fcb3f5640,24916728,198973,2963192608302010097,1,S30_P1,195610:209470,0xc36442b4a4522e871399cd717abdd847ab11fe88:195610:209470,0xc36442b4a4522e871399cd717abdd847ab11fe88,195610,209470,350427488554237191,0.1182601116013993,13860,3363,10497,3363,25283368582556.7958874458874459,0.0000085324755845,175.359441583816295,164.399665000108984,24.7835208238790905,16.1485636095418383,40.9320844334209288,24.7835208238790905,142422114221.83004,125573337350.23564,16848776871.5944,true,true,61896958873379433175.7711395625708775,54576889048598202873.428162627022765,7320069824781230302.3429769355481125,true,true,715873298041.76755,631495599165.07845,84377698876.6891,true,true,306860115382454114629.042920731364338,270212433825847633258.751027151356434,36647681556606481370.291893580007904,true,true,1433972020499.917,1264199757052.52,169772263447.397,true,true,607248264719762368650.1470580891869759,534157317397818862631.3891559646337072,73090947321943506018.7579021245532687,true,true
30,0x88e6a0c2ddd26feeb64f039a2c41296fcb3f5640,24916728,198973,2963192608302010097,2,S30_P2,196880:200560,0xc36442b4a4522e871399cd717abdd847ab11fe88:196880:200560,0xc36442b4a4522e871399cd717abdd847ab11fe88,196880,200560,343166199083970065,0.1158096163315599,3680,2093,1587,1587,93251684533687.5176630434782609,0.0000314700044379,175.359441583816295,164.399665000108984,24.1944821963883053,15.7818385336147781,39.9763207300030834,24.1944821963883053,142422114221.83004,125922643757.53576,16499470464.29428,true,true,61896958873379433175.7711395625708775,54728276883913082802.624086782258605,7168681989466350373.1470527803122725,true,true,715873298041.76755,633243072824.3276,82630225217.43995,true,true,306860115382454114629.042920731364338,270970019442696109712.7364166980136744,35890095939758004916.3065040333506636,true,true,1433972020499.917,1267723431857.2258,166248588642.6912,true,true,607248264719762368650.1470580891869759,535672950832592716209.7250044838822549,71575313887169652440.422053605304721,true,true
30,0x88e6a0c2ddd26feeb64f039a2c41296fcb3f5640,24916728,198973,2963192608302010097,3,S30_P3,197690:199360,0xc36442b4a4522e871399cd717abdd847ab11fe88:197690:199360,0xc36442b4a4522e871399cd717abdd847ab11fe88,197690,199360,225902129912524135,0.0762360601466174,1670,1283,387,387,135270736474565.3502994011976048,0.0000456503354171,175.359441583816295,164.399665000108984,15.1652373563981663,9.9020960165333012,25.0673333729314675,15.1652373563981663,142422114221.83004,131562622413.30672,10859491808.52332,true,true,61896958873379433175.7711395625708775,57175017336627455190.0734256342346425,4721941536751977985.697713928336235,true,true,715873298041.76755,661471036289.5449,54402261752.22265,true,true,306860115382454114629.042920731364338,283217559352526240543.9931463654029104,23642556029927874085.0497743659614276,true,true,1433972020499.917,1324595524466.3519,109376496033.5651,true,true,607248264719762368650.1470580891869759,560139283641576880821.4446851356312829,47108981078185487828.702372953555693,true,true
30,0x88e6a0c2ddd26feeb64f039a2c41296fcb3f5640,24916728,198973,2963192608302010097,4,S30_P4,194710:212350,0xc36442b4a4522e871399cd717abdd847ab11fe88:194710:212350,0xc36442b4a4522e871399cd717abdd847ab11fe88,194710,212350,171327716065031450,0.0578186229221215,17640,4263,13377,4263,9712455559242.1456916099773243,0.0000032776997121,175.359441583816295,164.399665000108984,11.2516890437955401,7.5225087941854818,18.7741978379810219,11.2516890437955401,142422114221.83004,134186771574.21324,8235342647.6168,true,true,61896958873379433175.7711395625708775,58314850795136689493.7324606264823125,3582108078242743682.038678936088565,true,true,715873298041.76755,674611979793.6965,41261318248.07105,true,true,306860115382454114629.042920731364338,288924634007446408294.6695798269954788,17935481375007706334.3733409043688592,true,true,1433972020499.917,1351042017821.3548,82930002678.5622,true,true,607248264719762368650.1470580891869759,571521197507881870099.0454478110350056,35727067211880498551.1016102781519703,true,true
30,0x88e6a0c2ddd26feeb64f039a2c41296fcb3f5640,24916728,198973,2963192608302010097,5,S30_P5,197610:199940,0xc36442b4a4522e871399cd717abdd847ab11fe88:197610:199940,0xc36442b4a4522e871399cd717abdd847ab11fe88,197610,199940,116927687556251703,0.0394600361882161,2330,1363,967,967,50183556891095.1515021459227468,0.000016935637849,175.359441583816295,164.399665000108984,7.5165185581406647,5.0626001766233859,12.5791187347640506,7.5165185581406647,142422114221.83004,136802105716.95484,5620008504.8752,true,true,61896958873379433175.7711395625708775,59451663346428204481.6222015382912025,2445295526951228694.148938024279675,true,true,715873298041.76755,687712414967.09235,28160883074.6752,true,true,306860115382454114629.042920731364338,294616796444704310343.403500174960708,12243318937749804285.63942055640363,true,true,1433972020499.917,1377390449813.7707,56581570686.1463,true,true,607248264719762368650.1470580891869759,582864988725821798845.5063127370651965,24383275993940569804.6407453521217794,true,true
30,0x88e6a0c2ddd26feeb64f039a2c41296fcb3f5640,24916728,198973,2963192608302010097,6,S30_P6,195610:200290,0xc36442b4a4522e871399cd717abdd847ab11fe88:195610:200290,0xc36442b4a4522e871399cd717abdd847ab11fe88,195610,200290,82346613047210432,0.0277898280444204,4680,3363,1317,1317,17595430138292.8273504273504274,0.0000059379974454,175.359441583816295,164.399665000108984,5.2233610719414323,3.534322536553649,8.7576836084950813,5.2233610719414323,142422114221.83004,138464405805.65156,3957708416.17848,true,true,61896958873379433175.7711395625708775,60174609113243844282.42733844195016,1722349760135588893.3438011206207175,true,true,715873298041.76755,696040649398.60905,19832648643.1585,true,true,306860115382454114629.042920731364338,298236653411167876738.0137920279306952,8623461971286237891.0291287034336428,true,true,1433972020499.917,1394131954361.4076,39840066138.5094,true,true,607248264719762368650.1470580891869759,590075767177656686276.2843873344414722,17172497542105682373.8626707547455037,true,true
30,0x88e6a0c2ddd26feeb64f039a2c41296fcb3f5640,24916728,198973,2963192608302010097,7,S30_P7,196950:206450,0xc36442b4a4522e871399cd717abdd847ab11fe88:196950:206450,0xc36442b4a4522e871399cd717abdd847ab11fe88,196950,206450,65989735192964238,0.0222698095993085,9500,2023,7477,2023,6946287915048.8671578947368421,0.0000023441904841,175.359441583816295,164.399665000108984,4.1597530143837257,2.8207190100447019,6.9804720244284276,4.1597530143837257,142422114221.83004,139250617209.35828,3171497012.47176,true,true,61896958873379433175.7711395625708775,60516636844675201993.6078583938112775,1380322028704231182.1632811687596,true,true,715873298041.76755,699980007836.06975,15893290205.6978,true,true,306860115382454114629.042920731364338,299949192795784710049.202064123161872,6910922586669404579.840856608202466,true,true,1433972020499.917,1402048545964.759,31923474535.158,true,true,607248264719762368650.1470580891869759,593486523978014226880.7942847289161223,13761740741748141769.3527733602708536,true,true
30,0x88e6a0c2ddd26feeb64f039a2c41296fcb3f5640,24916728,198973,2963192608302010097,8,S30_P8,196260:201360,0xc36442b4a4522e871399cd717abdd847ab11fe88:196260:201360,0xc36442b4a4522e871399cd717abdd847ab11fe88,196260,201360,53731970203287303,0.0181331345295428,5100,2713,2387,2387,10535680432017.1182352941176471,0.0000035555165744,175.359441583816295,164.399665000108984,3.3713382466371,2.2897701358331013,5.6611083824702013,3.3713382466371,142422114221.83004,139839777235.275,2582336986.55504,true,true,61896958873379433175.7711395625708775,60772981808209937629.81816985879661,1123977065169495545.9529697037742675,true,true,715873298041.76755,702932174315.5094,12941123726.25815,true,true,306860115382454114629.042920731364338,301232693872864417772.4256393456801016,5627421509589696856.6172813856842364,true,true,1433972020499.917,1407980255907.0217,25991764592.8953,true,true,607248264719762368650.1470580891869759,596042597886232133652.3146020440340124,11205666833530234997.8324560451529635,true,true
30,0x88e6a0c2ddd26feeb64f039a2c41296fcb3f5640,24916728,198973,2963192608302010097,9,S30_P9,198710:199110,0xc36442b4a4522e871399cd717abdd847ab11fe88:198710:199110,0xc36442b4a4522e871399cd717abdd847ab11fe88,198710,199110,57627767047803184,0.0194478640660573,400,263,137,137,144069417619507.96,0.0000486196601651,175.359441583816295,164.399665000108984,2.6587478948432527,1.6162950834829292,4.2750429783261819,2.6587478948432527,142422114221.83004,139652531364.35088,2769582857.47916,true,true,61896958873379433175.7711395625708775,60691506702503584267.0859203362320925,1205452170875848908.685219226338785,true,true,715873298041.76755,701993905715.36115,13879392326.4064,true,true,306860115382454114629.042920731364338,300840783210518071716.588650371976528,6019332171936042912.45427035938781,true,true,1433972020499.917,1406211610344.1641,27760410155.7529,true,true,607248264719762368650.1470580891869759,597089142767113864311.5879234680665635,10159121952648504338.5591346211204124,true,true
30,0x88e6a0c2ddd26feeb64f039a2c41296fcb3f5640,24916728,198973,2963192608302010097,10,S30_P10,193130:200340,0xc36442b4a4522e871399cd717abdd847ab11fe88:193130:200340,0xc36442b4a4522e871399cd717abdd847ab11fe88,193130,200340,37619268342446439,0.012695519095535,7210,5843,1367,1367,5217651642502.9735090152565881,0.0000017608209564,175.359441583816295,164.399665000108984,2.3460544084297678,1.5967542434719419,3.9428086519017097,2.3460544084297678,142422114221.83004,140614188225.9722,1807925995.85784,true,true,61896958873379433175.7711395625708775,61109981914041990007.053426201817065,786976959337443168.7177133607538125,true,true,715873298041.76755,706812808745.76875,9060489295.9988,true,true,306860115382454114629.042920731364338,302920004476829792100.9414384893915868,3940110905624322528.1014822419727512,true,true,1433972020499.917,1415776175597.4429,18195844902.4741,true,true,607248264719762368650.1470580891869759,599402650433164399377.7017485206975004,7845614286597969272.4453095684894755,true,true
30,0x88e6a0c2ddd26feeb64f039a2c41296fcb3f5640,24916728,198973,2963192608302010097,11,S30_P11,194970:200900,0xc36442b4a4522e871399cd717abdd847ab11fe88:194970:200900,0xc36442b4a4522e871399cd717abdd847ab11fe88,194970,200900,35775879224234719,0.0120734234838468,5930,4003,1927,1927,6033031909651.7232715008431703,0.0000020359904695,175.359441583816295,164.399665000108984,2.2295484551946873,1.5178213086714928,3.7473697638661801,2.2295484551946873,142422114221.83004,140702785047.48832,1719329174.34172,true,true,61896958873379433175.7711395625708775,61148540395122079171.471266874939845,748418478257354004.2998726876310325,true,true,715873298041.76755,707256780071.69405,8616517970.0735,true,true,306860115382454114629.042920731364338,303113054121221461372.7833202872926144,3747061261232653256.2596004440717236,true,true,1433972020499.917,1416667983675.4458,17304036824.4712,true,true,607248264719762368650.1470580891869759,599787070526756828970.4897861521845591,7461194193005539679.6572719370024168,true,true
30,0x88e6a0c2ddd26feeb64f039a2c41296fcb3f5640,24916728,198973,2963192608302010097,12,S30_P12,196260:200390,0xc36442b4a4522e871399cd717abdd847ab11fe88:196260:200390,0xc36442b4a4522e871399cd717abdd847ab11fe88,196260,200390,33467064267190909,0.0112942588252366,4130,2713,1417,1417,8103405391571.6486682808716707,0.0000027346873669,175.359441583816295,164.399665000108984,2.0838543518942903,1.4190604684215124,3.5029148203158027,2.0838543518942903,142422114221.83004,140813747180.101,1608367041.72904,true,true,61896958873379433175.7711395625708775,61196833717423376379.759096034768995,700125155956056796.0120435278018825,true,true,715873298041.76755,707812846213.47445,8060451828.2931,true,true,306860115382454114629.042920731364338,303354848708076112008.8778684714873604,3505266674378002620.1650522598769776,true,true,1433972020499.917,1417784930747.6535,16187089752.2635,true,true,607248264719762368650.1470580891869759,600268553605448172194.2208293867876031,6979711114314196455.9262287023993728,true,true
30,0x88e6a0c2ddd26feeb64f039a2c41296fcb3f5640,24916728,198973,2963192608302010097,13,S30_P13,194160:201650,0xc36442b4a4522e871399cd717abdd847ab11fe88:194160:201650,0xc36442b4a4522e871399cd717abdd847ab11fe88,194160,201650,28352474699520896,0.009568218623415,7490,4813,2677,2677,3785377129442.0421895861148198,0.0000012774657708,175.359441583816295,164.399665000108984,1.7620046495261255,1.2006813535275578,2.9626860030536833,1.7620046495261255,142422114221.83004,141059555277.44036,1362558944.38968,true,true,61896958873379433175.7711395625708775,61303818818705067123.5328489752993925,593140054674366052.238290587271485,true,true,715873298041.76755,709044673239.76465,6828624802.0029,true,true,306860115382454114629.042920731364338,303890495389109794474.0819972421343524,2969619993344320154.9609234892299856,true,true,1433972020499.917,1420259135074.1291,13712885425.7879,true,true,607248264719762368650.1470580891869759,601335169243056155806.2511061127424479,5913095476706212843.895951976444528,true,true
30,0x88e6a0c2ddd26feeb64f039a2c41296fcb3f5640,24916728,198973,2963192608302010097,14,S30_P14,194710:204620,0xc36442b4a4522e871399cd717abdd847ab11fe88:194710:204620,0xc36442b4a4522e871399cd717abdd847ab11fe88,194710,204620,22425003622459202,0.0075678521739123,9910,4263,5647,4263,2262866157664.9043390514631685,0.0000007636581407,175.359441583816295,164.399665000108984,1.3905431556409199,0.9482816100069757,2.3388247656478956,1.3905431556409199,142422114221.83004,141344426367.29812,1077687854.53192,true,true,61896958873379433175.7711395625708775,61427812710955886413.1420266748587575,469146162423546762.62911288771212,true,true,715873298041.76755,710472283635.9834,5401014405.78415,true,true,306860115382454114629.042920731364338,304511294970934349983.3130680005803924,2348820411519764645.7298527307839456,true,true,1433972020499.917,1423126386465.0451,10845634034.8719,true,true,607248264719762368650.1470580891869759,602571329498073521550.98663780697382,4676935221688847099.1604202822131559,true,true
30,0x88e6a0c2ddd26feeb64f039a2c41296fcb3f5640,24916728,198973,2963192608302010097,15,S30_P15,198870:201360,0xc36442b4a4522e871399cd717abdd847ab11fe88:198870:201360,0xc36442b4a4522e871399cd717abdd847ab11fe88,198870,201360,33049168110608779,0.0111532298028871,2490,103,2387,103,13272758277352.9232931726907631,0.0000044792087562,175.359441583816295,164.399665000108984,0.846930104294563,1.4011967769489358,2.2481268812434988,1.4011967769489358,142422114221.83004,140833832078.91936,1588282142.91068,true,true,61896958873379433175.7711395625708775,61205574976857302754.1443556779729075,691383896522130421.62678388459797,true,true,715873298041.76755,708257842581.5324,7615455460.23515,true,true,306860115382454114629.042920731364338,303398613928231364028.1807679159898424,3461501454222750600.8621528153744956,true,true,1433972020499.917,1422299818787.1701,11672201712.7469,true,true,607248264719762368650.1470580891869759,600355702460843902589.2777359541424208,6892562258918466060.8693221350445551,true,true
30,0x88e6a0c2ddd26feeb64f039a2c41296fcb3f5640,24916728,198973,2963192608302010097,16,S30_P16,196460:200310,0xc36442b4a4522e871399cd717abdd847ab11fe88:196460:200310,0xc36442b4a4522e871399cd717abdd847ab11fe88,196460,200310,20570226728894150,0.0069419134859011,3850,2513,1337,1337,5342916033479,0.0000018030944119,175.359441583816295,164.399665000108984,1.2746465860061442,0.8694536355092013,2.1441002215153455,1.2746465860061442,142422114221.83004,141433565078.11628,988549143.71376,true,true,61896958873379433175.7711395625708775,61466612782624476433.0505641413235575,430346090754956742.72057542124732,true,true,715873298041.76755,710919000940.9452,4954297100.82235,true,true,306860115382454114629.042920731364338,304705555284896465428.2278435191008832,2154560097557649200.8150772122634548,true,true,1433972020499.917,1424023542302.312,9948478197.605,true,true,607248264719762368650.1470580891869759,602958144339669759014.7606338717281233,4290120380092609635.3864242174588526,true,true
30,0x88e6a0c2ddd26feeb64f039a2c41296fcb3f5640,24916728,198973,2963192608302010097,17,S30_P17,198280:200360,0xc36442b4a4522e871399cd717abdd847ab11fe88:198280:200360,0xc36442b4a4522e871399cd717abdd847ab11fe88,198280,200360,20394751102035586,0.006882695051579,2080,693,1387,693,9805168799055.5701923076923077,0.0000033089880056,175.359441583816295,164.399665000108984,1.2596164474041611,0.8619996198130783,2.1216160672172394,1.2596164474041611,142422114221.83004,141441998452.66384,980115769.1662,true,true,61896958873379433175.7711395625708775,61470283283967943835.0371363171122975,426675589411489340.73400324545858,true,true,715873298041.76755,710961263460.08535,4912034581.6822,true,true,306860115382454114629.042920731364338,304723933908657878426.489626488250194,2136181473796236202.553294243114144,true,true,1433972020499.917,1424108418690.4097,9863601809.5073,true,true,607248264719762368650.1470580891869759,602994740152575344720.6129850729018792,4253524567187023929.5340730162850967,true,true
30,0x88e6a0c2ddd26feeb64f039a2c41296fcb3f5640,24916728,198973,2963192608302010097,18,S30_P18,198450:199020,0xc36442b4a4522e871399cd717abdd847ab11fe88:198450:199020,0xc36442b4a4522e871399cd717abdd847ab11fe88,198450,199020,25639098570412922,0.0086525251509401,570,523,47,47,44980874684934.9508771929824561,0.0000151798686859,175.359441583816295,164.399665000108984,1.5025365997023726,0.3146460267807842,1.8171826264831568,1.5025365997023726,142422114221.83004,141189959517.90428,1232154703.92576,true,true,61896958873379433175.7711395625708775,61384405146525187412.2415987799639075,512553726854245763.52954078260697,true,true,715873298041.76755,709698180035.00725,6175118006.7603,true,true,306860115382454114629.042920731364338,305019611112126012158.6679167074105772,1840504270328102470.3750040239537608,true,true,1433972020499.917,1421571681593.4468,12400338906.4702,true,true,607248264719762368650.1470580891869759,605085600934544747601.5188087923129718,2162663785217621048.6282492968740041,true,true
30,0x88e6a0c2ddd26feeb64f039a2c41296fcb3f5640,24916728,198973,2963192608302010097,19,S30_P19,198310:199020,0xc36442b4a4522e871399cd717abdd847ab11fe88:198310:199020,0xc36442b4a4522e871399cd717abdd847ab11fe88,198310,199020,21064578946580425,0.0071087444290876,710,663,47,47,29668421051521.7253521126760563,0.0000100123160973,175.359441583816295,164.399665000108984,1.2952908876869735,0.2584544089695176,1.5537452966564911,1.2952908876869735,142422114221.83004,141409806697.50304,1012307524.327,true,true,61896958873379433175.7711395625708775,61475832748597433408.97818692154331,421126124781999766.7929526410275675,true,true,715873298041.76755,710799937557.5313,5073360484.23625,true,true,306860115382454114629.042920731364338,305348306721112830890.276741648833324,1511808661341283738.766179082531014,true,true,1433972020499.917,1423784426024.3539,10187594475.5631,true,true,607248264719762368650.1470580891869759,605471733720989157109.1982948414890413,1776530998773211540.9487632476979346,true,true
30,0x88e6a0c2ddd26feeb64f039a2c41296fcb3f5640,24916728,198973,2963192608302010097,20,S30_P20,198660:199070,0xc36442b4a4522e871399cd717abdd847ab11fe88:198660:199070,0xc36442b4a4522e871399cd717abdd847ab11fe88,198660,199070,20365848368280257,0.0068729411349168,410,313,97,97,49672800898244.5292682926829268,0.0000167632710608,175.359441583816295,164.399665000108984,0.9988881737075238,0.448345497928818,1.4472336716363418,0.9988881737075238,142422114221.83004,141443386938.25556,978727283.57448,true,true,61896958873379433175.7711395625708775,61470888300023851166.771054160695685,426070573355582009.0000854018751925,true,true,715873298041.76755,710968224458.7713,4905073582.99625,true,true,306860115382454114629.042920731364338,304861677113095947119.580313084871314,1998438269358167509.462607646493024,true,true,1433972020499.917,1424122398601.5298,9849621898.3872,true,true,607248264719762368650.1470580891869759,604258261610567899922.1427095989259815,2990003109194468728.0043484902609944,true,true
