snapshot_index,pool_address,block_number,current_tick,active_liquidity,rank,position_label,range_key,position_key,owner,tick_lower,tick_upper,position_liquidity,active_liquidity_share,range_width,distance_to_lower_tick,distance_to_upper_tick,distance_to_nearest_edge,liquidity_density,normalized_liquidity_density,zero_for_one_base_auc_bps,one_for_zero_base_auc_bps,zero_for_one_lsis_bps,one_for_zero_lsis_bps,total_lsis_bps,max_directional_lsis_bps,zero_for_one_depth_10bps_base,zero_for_one_depth_10bps_counterfactual,zero_for_one_depth_10bps_delta,zero_for_one_depth_10bps_base_breached,zero_for_one_depth_10bps_counterfactual_breached,one_for_zero_depth_10bps_base,one_for_zero_depth_10bps_counterfactual,one_for_zero_depth_10bps_delta,one_for_zero_depth_10bps_base_breached,one_for_zero_depth_10bps_counterfactual_breached,zero_for_one_depth_50bps_base,zero_for_one_depth_50bps_counterfactual,zero_for_one_depth_50bps_delta,zero_for_one_depth_50bps_base_breached,zero_for_one_depth_50bps_counterfactual_breached,one_for_zero_depth_50bps_base,one_for_zero_depth_50bps_counterfactual,one_for_zero_depth_50bps_delta,one_for_zero_depth_50bps_base_breached,one_for_zero_depth_50bps_counterfactual_breached,zero_for_one_depth_100bps_base,zero_for_one_depth_100bps_counterfactual,zero_for_one_depth_100bps_delta,zero_for_one_depth_100bps_base_breached,zero_for_one_depth_100bps_counterfactual_breached,one_for_zero_depth_100bps_base,one_for_zero_depth_100bps_counterfactual,one_for_zero_depth_100bps_delta,one_for_zero_depth_100bps_base_breached,one_for_zero_depth_100bps_counterfactual_breached
1,0x3416cf6c708da44db2624d63ea0aaef7113527c6,25319064,2,39165150299631641,1,S1_P1,1:7,0xc36442b4a4522e871399cd717abdd847ab11fe88:1:7,0xc36442b4a4522e871399cd717abdd847ab11fe88,1,7,10248353052608157,0.2616702086983832,6,1,5,1,1708058842101359.5,0.0436117014497305,1.4211326928530654,375.2942639710675989,0.3739985646771695,913.0588769389559456,913.4328755036331151,913.0588769389559456,10000000000000,10000000000000,0,false,false,5031338075406.2420998405339392,5009461299423.6882334454565696,21876775982.5538663950773696,true,true,10000000000000,10000000000000,0,false,false,5164885189390.243201682946246,5048320787831.1091425580776192,116564401559.1340591248686268,true,true,10000000000000,10000000000000,0,false,false,5331819081870.2447040222447684,5096895148340.3852789488539312,234923933529.8594250733908372,true,true
1,0x3416cf6c708da44db2624d63ea0aaef7113527c6,25319064,2,39165150299631641,2,S1_P2,2:10,0xc36442b4a4522e871399cd717abdd847ab11fe88:2:10,0xc36442b4a4522e871399cd717abdd847ab11fe88,2,10,2299093725626119,0.0587025380481622,8,0,8,0,287386715703264.875,0.0073378172560203,1.4211326928530654,375.2942639710675989,0.1186709605008276,296.7156209240805703,296.8342918845813979,296.7156209240805703,10000000000000,10000000000000,0,false,false,5031338075406.2420998405339392,5017970033912.9439474771493188,13368041493.2981523633846204,true,true,10000000000000,10000000000000,0,false,false,5164885189390.243201682946246,5092489288013.2664059580218704,72395901376.9767957249243756,true,true,10000000000000,10000000000000,0,false,false,5331819081870.2447040222447684,5185638355638.6691039502631432,146180726231.5756000719816252,true,true
1,0x3416cf6c708da44db2624d63ea0aaef7113527c6,25319064,2,39165150299631641,3,S1_P3,-4:17,0xc36442b4a4522e871399cd717abdd847ab11fe88:-4:17,0xc36442b4a4522e871399cd717abdd847ab11fe88,-4,17,951847753995549,0.0243034367725764,21,6,15,6,45326083523597.5714285714285714,0.0011573065129798,1.4211326928530654,375.2942639710675989,0.0466178878454166,239.4940263911277137,239.5406442789731303,239.4940263911277137,10000000000000,10000000000000,0,false,false,5031338075406.2420998405339392,5019614880800.4021992444977044,11723194605.8399005960362348,true,true,10000000000000,10000000000000,0,false,false,5164885189390.243201682946246,5101074577898.8210256319072984,63810611491.4221760510389476,true,true,10000000000000,10000000000000,0,false,false,5331819081870.2447040222447684,5202899199271.844433579886152,128919882598.4002704423586164,true,true
1,0x3416cf6c708da44db2624d63ea0aaef7113527c6,25319064,2,39165150299631641,4,S1_P4,-11:9,0xc36442b4a4522e871399cd717abdd847ab11fe88:-11:9,0xc36442b4a4522e871399cd717abdd847ab11fe88,-11,9,1922566437079320,0.0490887031549934,20,13,7,7,96128321853966,0.0024544351577497,1.4211326928530654,375.2942639710675989,0.0977624719499698,207.0884110308510688,207.1861735028010386,207.0884110308510688,10000000000000,10000000000000,0,false,false,5031338075406.2420998405339392,5020548637859.3959781738335308,10789437546.8461216667004084,true,true,10000000000000,10000000000000,0,false,false,5164885189390.243201682946246,5106551279958.4181124595477752,58333909431.8250892233984708,true,true,10000000000000,10000000000000,0,false,false,5331819081870.2447040222447684,5214054582582.195405207841164,117764499288.0492988144036044,true,true
1,0x3416cf6c708da44db2624d63ea0aaef7113527c6,25319064,2,39165150299631641,5,S1_P5,0:4,0xc36442b4a4522e871399cd717abdd847ab11fe88:0:4,0xc36442b4a4522e871399cd717abdd847ab11fe88,0,4,9964441787911092,0.2544211297972425,4,2,2,2,2491110446977773,0.0636052824493106,1.4211326928530654,375.2942639710675989,0.7565905821195067,192.3848055140099977,193.1413960961295044,192.3848055140099977,10000000000000,10000000000000,0,false,false,5031338075406.2420998405339392,5020651507718.4063779008991436,10686567687.8357219396347956,true,true,10000000000000,10000000000000,0,false,false,5164885189390.243201682946246,5108906157897.7876232092482252,55979031492.4555784736980208,true,true,10000000000000,10000000000000,0,false,false,5331819081870.2447040222447684,5219224470622.0146799898171328,112594611248.2300240324276356,true,true
1,0x3416cf6c708da44db2624d63ea0aaef7113527c6,25319064,2,39165150299631641,6,S1_P6,1:5,0xc36442b4a4522e871399cd717abdd847ab11fe88:1:5,0xc36442b4a4522e871399cd717abdd847ab11fe88,1,5,4656575017975385,0.1188958801983503,4,1,3,1,1164143754493846.25,0.0297239700495876,1.4211326928530654,375.2942639710675989,0.1576769031628724,170.5451582253169451,170.7028351284798175,170.5451582253169451,10000000000000,10000000000000,0,false,false,5031338075406.2420998405339392,5021598698094.2763936644963064,9739377311.9657061760376328,true,true,10000000000000,10000000000000,0,false,false,5164885189390.243201682946246,5113380427012.9744415884483656,51504762377.2687600944978804,true,true,10000000000000,10000000000000,0,false,false,5331819081870.2447040222447684,5228107588161.3475016385209952,103711493708.8972023837237732,true,true
1,0x3416cf6c708da44db2624d63ea0aaef7113527c6,25319064,2,39165150299631641,7,S1_P7,-6:4,0xc36442b4a4522e871399cd717abdd847ab11fe88:-6:4,0xc36442b4a4522e871399cd717abdd847ab11fe88,-6,4,4519117558021424,0.1153861921490935,10,8,2,2,451911755802142.4,0.0115386192149094,1.4211326928530654,375.2942639710675989,0.2560422061828823,84.1276136869775222,84.3836558931604045,84.1276136869775222,10000000000000,10000000000000,0,false,false,5031338075406.2420998405339392,5025571917674.398294375035774,5766157731.8438054654981652,true,true,10000000000000,10000000000000,0,false,false,5164885189390.243201682946246,5134641203282.782466180027388,30243986107.460735502918858,true,true,10000000000000,10000000000000,0,false,false,5331819081870.2447040222447684,5270977810293.2633061176826,60841271576.9813979045621684,true,true
1,0x3416cf6c708da44db2624d63ea0aaef7113527c6,25319064,2,39165150299631641,8,S1_P8,-3:17,0xc36442b4a4522e871399cd717abdd847ab11fe88:-3:17,0xc36442b4a4522e871399cd717abdd847ab11fe88,-3,17,314188254217667,0.0080221383503952,20,5,15,5,15709412710883.35,0.0004011069175198,1.4211326928530654,375.2942639710675989,0.0149406090064837,74.8165684427037716,74.8315090517102553,74.8165684427037716,10000000000000,10000000000000,0,false,false,5031338075406.2420998405339392,5026333089943.05592586435442,5004985463.1861739761795192,true,true,10000000000000,10000000000000,0,false,false,5164885189390.243201682946246,5137645313555.6090016968952732,27239875834.6341999860509728,true,true,10000000000000,10000000000000,0,false,false,5331819081870.2447040222447684,5276785593071.3002214512882008,55033488798.9444825709565676,true,true
1,0x3416cf6c708da44db2624d63ea0aaef7113527c6,25319064,2,39165150299631641,9,S1_P9,-27:19,0xc36442b4a4522e871399cd717abdd847ab11fe88:-27:19,0xc36442b4a4522e871399cd717abdd847ab11fe88,-27,19,140920299016803,0.0035981043846046,46,29,17,17,3063484761234.8478260869565217,0.0000782196605349,1.4211326928530654,375.2942639710675989,0.0066957619239841,37.8255435617668202,37.8322393236908043,37.8255435617668202,10000000000000,10000000000000,0,false,false,5031338075406.2420998405339392,5028582581084.2704164286682548,2755494321.9716834118656844,true,true,10000000000000,10000000000000,0,false,false,5164885189390.243201682946246,5149879715084.394592131629772,15005474305.848609551316474,true,true,10000000000000,10000000000000,0,false,false,5331819081870.2447040222447684,5301501132584.5496867240485296,30317949285.6950172981962388,true,true
1,0x3416cf6c708da44db2624d63ea0aaef7113527c6,25319064,2,39165150299631641,10,S1_P10,-3:7,0xc36442b4a4522e871399cd717abdd847ab11fe88:-3:7,0xc36442b4a4522e871399cd717abdd847ab11fe88,-3,7,452489269028227,0.0115533648043343,10,5,5,5,45248926902822.7,0.0011553364804334,1.4211326928530654,375.2942639710675989,0.0216173305532638,30.8556500155042469,30.8772673460575107,30.8556500155042469,10000000000000,10000000000000,0,false,false,5031338075406.2420998405339392,5029017272009.5684359829350372,2320803396.673663857598902,true,true,10000000000000,10000000000000,0,false,false,5164885189390.243201682946246,5152402351195.9869500240940672,12482838194.2562516588521788,true,true,10000000000000,10000000000000,0,false,false,5331819081870.2447040222447684,5306633700179.0102176118259936,25185381691.2344864104187748,true,true
1,0x3416cf6c708da44db2624d63ea0aaef7113527c6,25319064,2,39165150299631641,11,S1_P11,-11:10,0xc36442b4a4522e871399cd717abdd847ab11fe88:-11:10,0xc36442b4a4522e871399cd717abdd847ab11fe88,-11,10,200410811646949,0.0051170698979504,21,13,8,8,9543371983188.0476190476190476,0.0002436699951405,1.4211326928530654,375.2942639710675989,0.0095433144169061,23.6071865632778552,23.6167298776947613,23.6071865632778552,10000000000000,10000000000000,0,false,false,5031338075406.2420998405339392,5029545455272.1118202557546024,1792620134.1302795847793368,true,true,10000000000000,10000000000000,0,false,false,5164885189390.243201682946246,5155175104070.3585876890556892,9710085319.8846139938905568,true,true,10000000000000,10000000000000,0,false,false,5331819081870.2447040222447684,5312212165068.1664217992663532,19606916802.0782822229784152,true,true
1,0x3416cf6c708da44db2624d63ea0aaef7113527c6,25319064,2,39165150299631641,12,S1_P12,-2:10,0xc36442b4a4522e871399cd717abdd847ab11fe88:-2:10,0xc36442b4a4522e871399cd717abdd847ab11fe88,-2,10,193121364745361,0.0049309491542326,12,4,8,4,16093447062113.4166666666666667,0.0004109124295194,1.4211326928530654,375.2942639710675989,0.0091937276212411,22.7415904258799082,22.7507841535011493,22.7415904258799082,10000000000000,10000000000000,0,false,false,5031338075406.2420998405339392,5029607423787.0186206195576316,1730651619.2234792209763076,true,true,10000000000000,10000000000000,0,false,false,5164885189390.243201682946246,5155510763167.3688470412947032,9374426222.8743546416515428,true,true,10000000000000,10000000000000,0,false,false,5331819081870.2447040222447684,5312889937392.806254959616626,18929144477.4384490626281424,true,true
1,0x3416cf6c708da44db2624d63ea0aaef7113527c6,25319064,2,39165150299631641,13,S1_P13,2:7,0x8c209c15835cccb2984701b52651d2c8d83aa442:2:7,0x8c209c15835cccb2984701b52651d2c8d83aa442,2,7,326288380073583,0.0083310896952348,5,0,5,0,65257676014716.6,0.001666217939047,1.4211326928530654,375.2942639710675989,0.0156099075317837,22.182033751877846,22.1976436594096297,22.182033751877846,10000000000000,10000000000000,0,false,false,5031338075406.2420998405339392,5029633304225.2850184975499212,1704771180.957081342984018,true,true,10000000000000,10000000000000,0,false,false,5164885189390.243201682946246,5155715274288.12520890656964,9169915102.117992776376606,true,true,10000000000000,10000000000000,0,false,false,5331819081870.2447040222447684,5313317736866.6758220266937052,18501345003.5688819955510632,true,true
1,0x3416cf6c708da44db2624d63ea0aaef7113527c6,25319064,2,39165150299631641,14,S1_P14,-5:7,0xc36442b4a4522e871399cd717abdd847ab11fe88:-5:7,0xc36442b4a4522e871399cd717abdd847ab11fe88,-5,7,205711759589762,0.0052524184898046,12,7,5,5,17142646632480.1666666666666667,0.0004377015408171,1.4211326928530654,375.2942639710675989,0.0097976535320826,13.9442194523864602,13.9540171059185428,13.9442194523864602,10000000000000,10000000000000,0,false,false,5031338075406.2420998405339392,5030243761514.2619436495412272,1094313891.980156190992712,true,true,10000000000000,10000000000000,0,false,false,5164885189390.243201682946246,5158998596785.1966890899291648,5886592605.0465125930170812,true,true,10000000000000,10000000000000,0,false,false,5331819081870.2447040222447684,5319942140873.8656210355466424,11876940996.379082986698126,true,true
1,0x3416cf6c708da44db2624d63ea0aaef7113527c6,25319064,2,39165150299631641,15,S1_P15,-15:10,0xc36442b4a4522e871399cd717abdd847ab11fe88:-15:10,0xc36442b4a4522e871399cd717abdd847ab11fe88,-15,10,108476788212912,0.0027697273566682,25,17,8,8,4339071528516.48,0.0001107890942667,1.4211326928530654,375.2942639710675989,0.0051480783495396,12.7288782420337738,12.7340263203833134,12.7288782420337738,10000000000000,10000000000000,0,false,false,5031338075406.2420998405339392,5030344365040.5994298665213932,993710365.642669974012546,true,true,10000000000000,10000000000000,0,false,false,5164885189390.243201682946246,5159502517219.346134706122038,5382672170.897066976824208,true,true,10000000000000,10000000000000,0,false,false,5331819081870.2447040222447684,5320950207442.7800159007553996,10868874427.4646881214893688,true,true
1,0x3416cf6c708da44db2624d63ea0aaef7113527c6,25319064,2,39165150299631641,16,S1_P16,-10:6,0xc36442b4a4522e871399cd717abdd847ab11fe88:-10:6,0xc36442b4a4522e871399cd717abdd847ab11fe88,-10,6,226489100298215,0.0057829243234219,16,12,4,4,14155568768638.4375,0.0003614327702139,1.4211326928530654,375.2942639710675989,0.0107955103542561,11.5974294725754987,11.6082249829297548,11.5974294725754987,10000000000000,10000000000000,0,false,false,5031338075406.2420998405339392,5030416560018.488276199389352,921515387.7538236411445872,true,true,10000000000000,10000000000000,0,false,false,5164885189390.243201682946246,5159954159739.6119301645882372,4931029650.6312715183580088,true,true,10000000000000,10000000000000,0,false,false,5331819081870.2447040222447684,5321876159391.0168727299362604,9942922479.227831292308508,true,true
1,0x3416cf6c708da44db2624d63ea0aaef7113527c6,25319064,2,39165150299631641,17,S1_P17,-12:8,0xc36442b4a4522e871399cd717abdd847ab11fe88:-12:8,0xc36442b4a4522e871399cd717abdd847ab11fe88,-12,8,97811871902207,0.0024974210785328,20,14,6,6,4890593595110.35,0.0001248710539266,1.4211326928530654,375.2942639710675989,0.004640124430778,8.2309834074834038,8.2356235319141818,8.2309834074834038,10000000000000,10000000000000,0,false,false,5031338075406.2420998405339392,5030685043586.3957641825672728,653031819.8463356579666664,true,true,10000000000000,10000000000000,0,false,false,5164885189390.243201682946246,5161360965451.4269257134198988,3524223938.8162759695263472,true,true,10000000000000,10000000000000,0,false,false,5331819081870.2447040222447684,5324705867782.716252735835098,7113214087.5284512864096704,true,true
1,0x3416cf6c708da44db2624d63ea0aaef7113527c6,25319064,2,39165150299631641,18,S1_P18,0:3,0xc36442b4a4522e871399cd717abdd847ab11fe88:0:3,0xc36442b4a4522e871399cd717abdd847ab11fe88,0,3,1058146550335168,0.027017553673096,3,2,1,1,352715516778389.3333333333333333,0.0090058512243653,1.4211326928530654,375.2942639710675989,0.0520338911258847,1.7028900653379327,1.7549239564638174,1.7028900653379327,10000000000000,10000000000000,0,false,false,5031338075406.2420998405339392,5031194363855.7886623945392184,143711550.4534374459947208,true,true,10000000000000,10000000000000,0,false,false,5164885189390.243201682946246,5164137801125.4804753458094036,747388264.7627263371368424,true,true,10000000000000,10000000000000,0,false,false,5331819081870.2447040222447684,5330317097712.5948664260477184,1501984157.64983759619705,true,true
1,0x3416cf6c708da44db2624d63ea0aaef7113527c6,25319064,2,39165150299631641,19,S1_P19,-1:3,0xc36442b4a4522e871399cd717abdd847ab11fe88:-1:3,0xc36442b4a4522e871399cd717abdd847ab11fe88,-1,3,358158047879252,0.0091448148453198,4,3,1,1,89539511969813,0.00228620371133,1.4211326928530654,375.2942639710675989,0.0155835206019382,0.5761572370161524,0.5917407576180906,0.5761572370161524,10000000000000,10000000000000,0,false,false,5031338075406.2420998405339392,5031289306836.6590734269935724,48768569.5830264135403668,true,true,10000000000000,10000000000000,0,false,false,5164885189390.243201682946246,5164631559421.7422876123646964,253629968.5009140705815496,true,true,10000000000000,10000000000000,0,false,false,5331819081870.2447040222447684,5331309375153.0970555617774348,509706717.1476484604673336,true,true
1,0x3416cf6c708da44db2624d63ea0aaef7113527c6,25319064,2,39165150299631641,20,S1_P20,-2:3,0xc36442b4a4522e871399cd717abdd847ab11fe88:-2:3,0xc36442b4a4522e871399cd717abdd847ab11fe88,-2,3,261936879912813,0.0066880090567475,5,4,1,1,52387375982562.6,0.0013376018113495,1.4211326928530654,375.2942639710675989,0.0125014708690677,0.421346096728184,0.4338475675972517,0.421346096728184,10000000000000,10000000000000,0,false,false,5031338075406.2420998405339392,5031302396132.6485259717307036,35679273.5935738688032356,true,true,10000000000000,10000000000000,0,false,false,5164885189390.243201682946246,5164699632357.5863385118127968,185557032.6568631711334492,true,true,10000000000000,10000000000000,0,false,false,5331819081870.2447040222447684,5331446177638.75897929576483,372904231.4857247264799384,true,true
2,0x3416cf6c708da44db2624d63ea0aaef7113527c6,25309064,2,39169524235745394,1,S2_P1,1:7,0xc36442b4a4522e871399cd717abdd847ab11fe88:1:7,0xc36442b4a4522e871399cd717abdd847ab11fe88,1,7,10248353052608157,0.2616409888189476,6,1,5,1,1708058842101359.5,0.0436068314698246,1.41568159714178,399.8078440862513986,0.3774884662808886,919.3973804386608172,919.7748689049417058,919.3973804386608172,10000000000000,10000000000000,0,false,false,5029208939923.649671380296595,5009175285658.2861248199218138,20033654265.3635465603747812,true,true,10000000000000,10000000000000,0,false,false,5154576116819.207412143153638,5047128036318.8402468096070841,107448080500.3671653335465539,true,true,10000000000000,10000000000000,0,false,false,5311285087938.6548381702873372,5094568974644.5320240392452879,216716113294.1228141310420493,true,true
2,0x3416cf6c708da44db2624d63ea0aaef7113527c6,25309064,2,39169524235745394,2,S2_P2,2:10,0xc36442b4a4522e871399cd717abdd847ab11fe88:2:10,0xc36442b4a4522e871399cd717abdd847ab11fe88,2,10,2299093725626119,0.0586959829225602,8,0,8,0,287386715703264.875,0.00733699786532,1.41568159714178,399.8078440862513986,0.1175813612795643,300.2490032567057167,300.366584617985281,300.2490032567057167,10000000000000,10000000000000,0,false,false,5029208939923.649671380296595,5017142933411.731054918305485,12066006511.91861646199111,true,true,10000000000000,10000000000000,0,false,false,5154576116819.207412143153638,5088681373116.2426879094099173,65894743702.9647242337437207,true,true,10000000000000,10000000000000,0,false,false,5311285087938.6548381702873372,5178104422746.8828543321964463,133180665191.7719838380908909,true,true
2,0x3416cf6c708da44db2624d63ea0aaef7113527c6,25309064,2,39169524235745394,3,S2_P3,-4:17,0xc36442b4a4522e871399cd717abdd847ab11fe88:-4:17,0xc36442b4a4522e871399cd717abdd847ab11fe88,-4,17,951847753995549,0.0243007228851381,21,6,15,6,45326083523597.5714285714285714,0.0011571772802447,1.41568159714178,399.8078440862513986,0.0461915513694757,243.072505713674321,243.1186972650437967,243.072505713674321,10000000000000,10000000000000,0,false,false,5029208939923.649671380296595,5018642463760.3651683010709077,10566476163.2845030792256873,true,true,10000000000000,10000000000000,0,false,false,5154576116819.207412143153638,5096547778970.2692837367054575,58028337848.9381284064481805,true,true,10000000000000,10000000000000,0,false,false,5311285087938.6548381702873372,5193929422982.6496781048110402,117355664956.005160065476297,true,true
2,0x3416cf6c708da44db2624d63ea0aaef7113527c6,25309064,2,39169524235745394,4,S2_P4,-11:9,0xc36442b4a4522e871399cd717abdd847ab11fe88:-11:9,0xc36442b4a4522e871399cd717abdd847ab11fe88,-11,9,1922566437079320,0.0490832215757377,20,13,7,7,96128321853966,0.0024541610787869,1.41568159714178,399.8078440862513986,0.0968658814930414,209.3340342537631823,209.4309001352562237,209.3340342537631823,10000000000000,10000000000000,0,false,false,5029208939923.649671380296595,5019517737345.1700984031663317,9691202578.4795729771302633,true,true,10000000000000,10000000000000,0,false,false,5154576116819.207412143153638,5101748043099.7725732546696197,52828073719.4348388884840183,true,true,10000000000000,10000000000000,0,false,false,5311285087938.6548381702873372,5204535925293.0256668190487297,106749162645.6291713512386075,true,true
2,0x3416cf6c708da44db2624d63ea0aaef7113527c6,25309064,2,39169524235745394,5,S2_P5,0:4,0xc36442b4a4522e871399cd717abdd847ab11fe88:0:4,0xc36442b4a4522e871399cd717abdd847ab11fe88,0,4,9964441787911092,0.2543927193993774,4,2,2,2,2491110446977773,0.0635981798498444,1.41568159714178,399.8078440862513986,0.7494544986298772,188.2666338837996512,189.0160883824295284,188.2666338837996512,10000000000000,10000000000000,0,false,false,5029208939923.649671380296595,5019799054971.3263404824393242,9409884952.3233308978572708,true,true,10000000000000,10000000000000,0,false,false,5154576116819.207412143153638,5104999433314.6518592745045997,49576683504.5555528686490383,true,true,10000000000000,10000000000000,0,false,false,5311285087938.6548381702873372,5211499906243.8093829484921827,99785181694.8454552217951545,true,true
2,0x3416cf6c708da44db2624d63ea0aaef7113527c6,25309064,2,39169524235745394,6,S2_P6,1:5,0xc36442b4a4522e871399cd717abdd847ab11fe88:1:5,0xc36442b4a4522e871399cd717abdd847ab11fe88,1,5,4656575017975385,0.1188826034737966,4,1,3,1,1164143754493846.25,0.0297206508684492,1.41568159714178,399.8078440862513986,0.158816710093499,170.1045764892774121,170.2633931993709111,170.1045764892774121,10000000000000,10000000000000,0,false,false,5029208939923.649671380296595,5020541618701.3780216407120104,8667321222.2716497395845846,true,true,10000000000000,10000000000000,0,false,false,5154576116819.207412143153638,5108452865846.4991721156726599,46123250972.7082400274809781,true,true,10000000000000,10000000000000,0,false,false,5311285087938.6548381702873372,5218341924777.9007352461546695,92943163160.7541029241326677,true,true
2,0x3416cf6c708da44db2624d63ea0aaef7113527c6,25309064,2,39169524235745394,7,S2_P7,-6:4,0xc36442b4a4522e871399cd717abdd847ab11fe88:-6:4,0xc36442b4a4522e871399cd717abdd847ab11fe88,-6,4,4519117558021424,0.1153733073402347,10,8,2,2,451911755802142.4,0.0115373307340235,1.41568159714178,399.8078440862513986,0.2536735563821347,82.4189878634150977,82.6726614197972324,82.4189878634150977,10000000000000,10000000000000,0,false,false,5029208939923.649671380296595,5024192227933.0111951663804853,5016711990.6384762139161097,true,true,10000000000000,10000000000000,0,false,false,5154576116819.207412143153638,5128111258414.5343711754351086,26464858404.6730409677185294,true,true,10000000000000,10000000000000,0,false,false,5311285087938.6548381702873372,5258010046516.4377160028473991,53275041422.2171221674399381,true,true
2,0x3416cf6c708da44db2624d63ea0aaef7113527c6,25309064,2,39169524235745394,8,S2_P8,-3:17,0xc36442b4a4522e871399cd717abdd847ab11fe88:-3:17,0xc36442b4a4522e871399cd717abdd847ab11fe88,-3,17,314188254217667,0.0080212425437362,20,5,15,5,15709412710883.35,0.0004010621271868,1.41568159714178,399.8078440862513986,0.0148168175253392,75.9158358366182632,75.9306526541436024,75.9158358366182632,10000000000000,10000000000000,0,false,false,5029208939923.649671380296595,5024746658678.1670399810093011,4462281245.4826313992872939,true,true,10000000000000,10000000000000,0,false,false,5154576116819.207412143153638,5130073218742.1967132733837999,24502898077.0106988697698381,true,true,10000000000000,10000000000000,0,false,false,5311285087938.6548381702873372,5261731418822.2338048888519234,49553669116.4210332814354138,true,true
2,0x3416cf6c708da44db2624d63ea0aaef7113527c6,25309064,2,39169524235745394,9,S2_P9,-27:19,0xc36442b4a4522e871399cd717abdd847ab11fe88:-27:19,0xc36442b4a4522e871399cd717abdd847ab11fe88,-27,19,140920299016803,0.003597702595739,46,29,17,17,3063484761234.8478260869565217,0.0000782109259943,1.41568159714178,399.8078440862513986,0.0066346616152704,38.393271220893894,38.3999058825091644,38.393271220893894,10000000000000,10000000000000,0,false,false,5029208939923.649671380296595,5026760454759.8160496025471865,2448485163.8336217777494085,true,true,10000000000000,10000000000000,0,false,false,5154576116819.207412143153638,5141122776066.9687358250256168,13453340752.2386763181280212,true,true,10000000000000,10000000000000,0,false,false,5311285087938.6548381702873372,5284075677700.9092184927800615,27209410237.7456196775072757,true,true
2,0x3416cf6c708da44db2624d63ea0aaef7113527c6,25309064,2,39169524235745394,10,S2_P10,-3:7,0xc36442b4a4522e871399cd717abdd847ab11fe88:-3:7,0xc36442b4a4522e871399cd717abdd847ab11fe88,-3,7,452489269028227,0.0115520746768554,10,5,5,5,45248926902822.7,0.0011552074676855,1.41568159714178,399.8078440862513986,0.0214388567921351,31.0887064917813295,31.1101453485734646,31.0887064917813295,10000000000000,10000000000000,0,false,false,5029208939923.649671380296595,5027159105577.733848993984694,2049834345.915822386311901,true,true,10000000000000,10000000000000,0,false,false,5154576116819.207412143153638,5143466152131.3457639122539025,11109964687.8616482308997355,true,true,10000000000000,10000000000000,0,false,false,5311285087938.6548381702873372,5288849960323.3600323761844245,22435127615.2948057941029127,true,true
2,0x3416cf6c708da44db2624d63ea0aaef7113527c6,25309064,2,39169524235745394,11,S2_P11,-11:10,0xc36442b4a4522e871399cd717abdd847ab11fe88:-11:10,0xc36442b4a4522e871399cd717abdd847ab11fe88,-11,10,200410811646949,0.0051164984910401,21,13,8,8,9543371983188.0476190476190476,0.0002436427852876,1.41568159714178,399.8078440862513986,0.0094562180615753,23.8851500803894255,23.8946062984510008,23.8851500803894255,10000000000000,10000000000000,0,false,false,5029208939923.649671380296595,5027622257001.292382718816757,1586682922.357288661479838,true,true,10000000000000,10000000000000,0,false,false,5154576116819.207412143153638,5145909015552.6596033743940712,8667101266.5478087687595668,true,true,10000000000000,10000000000000,0,false,false,5311285087938.6548381702873372,5293767463741.8688792674281094,17517624196.7859589028592278,true,true
2,0x3416cf6c708da44db2624d63ea0aaef7113527c6,25309064,2,39169524235745394,12,S2_P12,-2:10,0xc36442b4a4522e871399cd717abdd847ab11fe88:-2:10,0xc36442b4a4522e871399cd717abdd847ab11fe88,-2,10,193121364745361,0.0049303985308334,12,4,8,4,16093447062113.4166666666666667,0.0004108665442361,1.41568159714178,399.8078440862513986,0.0091098235385926,23.0093606076263439,23.0184704311649365,23.0093606076263439,10000000000000,10000000000000,0,false,false,5029208939923.649671380296595,5027677264805.5019375239751125,1531675118.1477338563214825,true,true,10000000000000,10000000000000,0,false,false,5154576116819.207412143153638,5146209484699.898710065925738,8366632119.3087020772279,true,true,10000000000000,10000000000000,0,false,false,5311285087938.6548381702873372,5294374759567.8943006330204267,16910328370.7605375372669105,true,true
2,0x3416cf6c708da44db2624d63ea0aaef7113527c6,25309064,2,39169524235745394,13,S2_P13,2:7,0x8c209c15835cccb2984701b52651d2c8d83aa442:2:7,0x8c209c15835cccb2984701b52651d2c8d83aa442,2,7,326288380073583,0.0083301593889624,5,0,5,0,65257676014716.6,0.0016660318777925,1.41568159714178,399.8078440862513986,0.0154673933204969,22.3498444877097007,22.3653118810301976,22.3498444877097007,10000000000000,10000000000000,0,false,false,5029208939923.649671380296595,5027704857830.2940641845977226,1504082093.3556071956988724,true,true,10000000000000,10000000000000,0,false,false,5154576116819.207412143153638,5146423590324.6438375074622146,8152526494.5635746356914234,true,true,10000000000000,10000000000000,0,false,false,5311285087938.6548381702873372,5294822005942.5810541610428296,16463081996.0737840092445076,true,true
2,0x3416cf6c708da44db2624d63ea0aaef7113527c6,25309064,2,39169524235745394,14,S2_P14,-5:7,0xc36442b4a4522e871399cd717abdd847ab11fe88:-5:7,0xc36442b4a4522e871399cd717abdd847ab11fe88,-5,7,205711759589762,0.0052518319689478,12,7,5,5,17142646632480.1666666666666667,0.000437652664079,1.41568159714178,399.8078440862513986,0.0097082328652803,14.0498747243883502,14.0595829572536305,14.0498747243883502,10000000000000,10000000000000,0,false,false,5029208939923.649671380296595,5028244494992.9109268360529532,964444930.7387445442436418,true,true,10000000000000,10000000000000,0,false,false,5154576116819.207412143153638,5149348263993.1091915420472489,5227852826.0982206011063891,true,true,10000000000000,10000000000000,0,false,false,5311285087938.6548381702873372,5300727975243.3578976820085026,10557112695.2969404882788346,true,true
2,0x3416cf6c708da44db2624d63ea0aaef7113527c6,25309064,2,39169524235745394,15,S2_P15,-15:10,0xc36442b4a4522e871399cd717abdd847ab11fe88:-15:10,0xc36442b4a4522e871399cd717abdd847ab11fe88,-15,10,108476788212912,0.002769418070029,25,17,8,8,4339071528516.48,0.0001107767228012,1.41568159714178,399.8078440862513986,0.0051011041626425,12.8787491820918493,12.8838502862544918,12.8787491820918493,10000000000000,10000000000000,0,false,false,5029208939923.649671380296595,5028330557413.6073906606536293,878382510.0422807196429657,true,true,10000000000000,10000000000000,0,false,false,5154576116819.207412143153638,5149777997339.714637340978459,4798119479.492774802175179,true,true,10000000000000,10000000000000,0,false,false,5311285087938.6548381702873372,5301587297247.3490708017280893,9697790691.3057673685592479,true,true
2,0x3416cf6c708da44db2624d63ea0aaef7113527c6,25309064,2,39169524235745394,16,S2_P16,-10:6,0xc36442b4a4522e871399cd717abdd847ab11fe88:-10:6,0xc36442b4a4522e871399cd717abdd847ab11fe88,-10,6,226489100298215,0.005782278562667,16,12,4,4,14155568768638.4375,0.0003613924101667,1.41568159714178,399.8078440862513986,0.0106969768816525,11.6482048180273336,11.6589017949089861,11.6482048180273336,10000000000000,10000000000000,0,false,false,5029208939923.649671380296595,5028398960709.6363330932828146,809979214.0133382870137804,true,true,10000000000000,10000000000000,0,false,false,5154576116819.207412143153638,5150211261749.6548532312358668,4364855069.5525589119177712,true,true,10000000000000,10000000000000,0,false,false,5311285087938.6548381702873372,5302476638049.6782534772395775,8808449888.9765846930477597,true,true
2,0x3416cf6c708da44db2624d63ea0aaef7113527c6,25309064,2,39169524235745394,17,S2_P17,-12:8,0xc36442b4a4522e871399cd717abdd847ab11fe88:-12:8,0xc36442b4a4522e871399cd717abdd847ab11fe88,-12,8,97811871902207,0.0024971421994691,20,14,6,6,4890593595110.35,0.0001248571099735,1.41568159714178,399.8078440862513986,0.0045977899667253,8.3094191516249395,8.3140169415916648,8.3094191516249395,10000000000000,10000000000000,0,false,false,5029208939923.649671380296595,5028633010598.9371427265301241,575929324.7125286537664709,true,true,10000000000000,10000000000000,0,false,false,5154576116819.207412143153638,5151442997268.3408561812896097,3133119550.8665559618640283,true,true,10000000000000,10000000000000,0,false,false,5311285087938.6548381702873372,5304955480605.0959981468637576,6329607333.5588400234235796,true,true
2,0x3416cf6c708da44db2624d63ea0aaef7113527c6,25309064,2,39169524235745394,18,S2_P18,0:3,0xc36442b4a4522e871399cd717abdd847ab11fe88:0:3,0xc36442b4a4522e871399cd717abdd847ab11fe88,0,3,1058146550335168,0.0270145367088611,3,2,1,1,352715516778389.3333333333333333,0.0090048455696204,1.41568159714178,399.8078440862513986,0.0515578857194622,1.0254799751861781,1.0770378609056403,1.0254799751861781,10000000000000,10000000000000,0,false,false,5029208939923.649671380296595,5029133019876.0348483826025358,75920047.6148229976940592,true,true,10000000000000,10000000000000,0,false,false,5154576116819.207412143153638,5154179226147.8986627506856607,396890671.3087493924679773,true,true,10000000000000,10000000000000,0,false,false,5311285087938.6548381702873372,5310486983987.72880582113316,798103950.9260323491541772,true,true
2,0x3416cf6c708da44db2624d63ea0aaef7113527c6,25309064,2,39169524235745394,19,S2_P19,-1:3,0xc36442b4a4522e871399cd717abdd847ab11fe88:-1:3,0xc36442b4a4522e871399cd717abdd847ab11fe88,-1,3,358158047879252,0.0091437936729495,4,3,1,1,89539511969813,0.0022859484182374,1.41568159714178,399.8078440862513986,0.0154907525336834,0.3470180981301626,0.362508850663846,0.3470180981301626,10000000000000,10000000000000,0,false,false,5029208939923.649671380296595,5029183205552.404193412285434,25734371.245477968011161,true,true,10000000000000,10000000000000,0,false,false,5154576116819.207412143153638,5154441582960.8847566094865732,134533858.3226555336670648,true,true,10000000000000,10000000000000,0,false,false,5311285087938.6548381702873372,5311014554721.4854606059879972,270533217.16937756429934,true,true
2,0x3416cf6c708da44db2624d63ea0aaef7113527c6,25309064,2,39169524235745394,20,S2_P20,-2:3,0xc36442b4a4522e871399cd717abdd847ab11fe88:-2:3,0xc36442b4a4522e871399cd717abdd847ab11fe88,-2,3,261936879912813,0.0066872622280608,5,4,1,1,52387375982562.6,0.0013374524456122,1.41568159714178,399.8078440862513986,0.0123873578253976,0.2537813935650819,0.2661687513904795,0.2537813935650819,10000000000000,10000000000000,0,false,false,5029208939923.649671380296595,5029190115484.7948042006124932,18824438.8548671796841018,true,true,10000000000000,10000000000000,0,false,false,5154576116819.207412143153638,5154477706536.976153715600521,98410282.231258427553117,true,true,10000000000000,10000000000000,0,false,false,5311285087938.6548381702873372,5311087195352.2030906828979512,197892586.451747487389386,true,true
5,0x3416cf6c708da44db2624d63ea0aaef7113527c6,25279064,1,46151779648635439,1,S5_P1,1:7,0xc36442b4a4522e871399cd717abdd847ab11fe88:1:7,0xc36442b4a4522e871399cd717abdd847ab11fe88,1,7,10248353052608157,0.222057591941878,6,0,6,0,1708058842101359.5,0.0370095986569797,1.1400880307748941,95.2053632420766669,0.3993351377157713,952.7600910785975884,953.1594262163133597,952.7600910785975884,10000000000000,10000000000000,0,false,false,5122599987952.4183858960639659,5011716734811.1975026673885784,110883253141.2208832286753875,true,true,10000000000000,10000000000000,0,false,false,5651213868499.0119640648416402,5059471348662.5260570046009176,591742519836.4859070602407226,true,true,10000000000000,10000000000000,0,false,false,6311981219182.2540617998431971,5119164615976.6867499261163416,1192816603205.5673118737268555,true,true
5,0x3416cf6c708da44db2624d63ea0aaef7113527c6,25279064,1,46151779648635439,2,S5_P2,0:4,0xc36442b4a4522e871399cd717abdd847ab11fe88:0:4,0xc36442b4a4522e871399cd717abdd847ab11fe88,0,4,10714404289770999,0.2321558208879988,4,1,3,1,2678601072442749.75,0.0580389552219997,1.1400880307748941,95.2053632420766669,0.2750419916431209,335.046482857733935,335.3215248493770559,335.046482857733935,10000000000000,10000000000000,0,false,false,5122599987952.4183858960639659,5027159027739.020884380903194,95440960213.3975015151607719,true,true,10000000000000,10000000000000,0,false,false,5651213868499.0119640648416402,5143595824356.2112431609121682,507618044142.800720903929472,true,true,10000000000000,10000000000000,0,false,false,6311981219182.2540617998431971,5289141820127.699441683982314,1022839399054.5546201158608831,true,true
5,0x3416cf6c708da44db2624d63ea0aaef7113527c6,25279064,1,46151779648635439,3,S5_P3,1:5,0xc36442b4a4522e871399cd717abdd847ab11fe88:1:5,0xc36442b4a4522e871399cd717abdd847ab11fe88,1,5,4656575017975385,0.1008969763122247,4,0,4,0,1164143754493846.25,0.0252242440780562,1.1400880307748941,95.2053632420766669,0.1504607569873239,205.4505692974390328,205.6010300544263567,205.4505692974390328,10000000000000,10000000000000,0,false,false,5122599987952.4183858960639659,5039006334009.8055495599454728,83593653942.6128363361184931,true,true,10000000000000,10000000000000,0,false,false,5651213868499.0119640648416402,5205705184649.5260109647858218,445508683849.4859531000558184,true,true,10000000000000,10000000000000,0,false,false,6311981219182.2540617998431971,5414078747949.1758375766594739,897902471233.0782242231837232,true,true
5,0x3416cf6c708da44db2624d63ea0aaef7113527c6,25279064,1,46151779648635439,4,S5_P4,-11:9,0xc36442b4a4522e871399cd717abdd847ab11fe88:-11:9,0xc36442b4a4522e871399cd717abdd847ab11fe88,-11,9,1922566437079320,0.0416574713199855,20,12,8,8,96128321853966,0.0020828735659993,1.1400880307748941,95.2053632420766669,0.0573256759271999,194.162785333000973,194.2201110089281729,194.162785333000973,10000000000000,10000000000000,0,false,false,5122599987952.4183858960639659,5040688753756.97871962096442,81911234195.4396662750995459,true,true,10000000000000,10000000000000,0,false,false,5651213868499.0119640648416402,5213884472421.8872592513842528,437329396077.1247048134573874,true,true,10000000000000,10000000000000,0,false,false,6311981219182.2540617998431971,5430379120753.0234338855268999,881602098429.2306279143162972,true,true
5,0x3416cf6c708da44db2624d63ea0aaef7113527c6,25279064,1,46151779648635439,5,S5_P5,1:3,0xc36442b4a4522e871399cd717abdd847ab11fe88:1:3,0xc36442b4a4522e871399cd717abdd847ab11fe88,1,3,9027213237921137,0.195598377931414,2,0,2,0,4513606618960568.5,0.097799188965707,1.1400880307748941,95.2053632420766669,0.3366513003492576,135.6115174015759839,135.9481687019252415,135.6115174015759839,10000000000000,10000000000000,0,false,false,5122599987952.4183858960639659,5050295612838.7462048820476118,72304375113.6721810140163541,true,true,10000000000000,10000000000000,0,false,false,5651213868499.0119640648416402,5267612303071.1863693844580241,383601565427.8255946803836161,true,true,10000000000000,10000000000000,0,false,false,6311981219182.2540617998431971,5539258165861.7361999403826474,772723053320.5178618594605497,true,true
5,0x3416cf6c708da44db2624d63ea0aaef7113527c6,25279064,1,46151779648635439,6,S5_P6,-6:4,0xc36442b4a4522e871399cd717abdd847ab11fe88:-6:4,0xc36442b4a4522e871399cd717abdd847ab11fe88,-6,4,4519117558021424,0.097918597991812,10,7,3,3,451911755802142.4,0.0097918597991812,1.1400880307748941,95.2053632420766669,0.1454073592438375,130.5755339539856301,130.7209413132294676,130.5755339539856301,10000000000000,10000000000000,0,false,false,5122599987952.4183858960639659,5051673170300.8522711899611765,70926817651.5661147061027894,true,true,10000000000000,10000000000000,0,false,false,5651213868499.0119640648416402,5273813187405.5961987454375002,377400681093.41576531940414,true,true,10000000000000,10000000000000,0,false,false,6311981219182.2540617998431971,5551488208786.5259831657534408,760493010395.7280786340897563,true,true
5,0x3416cf6c708da44db2624d63ea0aaef7113527c6,25279064,1,46151779648635439,7,S5_P7,-27:19,0xc36442b4a4522e871399cd717abdd847ab11fe88:-27:19,0xc36442b4a4522e871399cd717abdd847ab11fe88,-27,19,140920299016803,0.0030534098595907,46,28,18,18,3063484761234.8478260869565217,0.0000663784752085,1.1400880307748941,95.2053632420766669,0.0040008112093207,31.9407522718639667,31.9447530830732874,31.9407522718639667,10000000000000,10000000000000,0,false,false,5122599987952.4183858960639659,5091878603435.8668994469752786,30721384516.5514864490886873,true,true,10000000000000,10000000000000,0,false,false,5651213868499.0119640648416402,5487072792773.5089817915948109,164141075725.5029822732468293,true,true,10000000000000,10000000000000,0,false,false,6311981219182.2540617998431971,5981065529445.5617097463986903,330915689736.6923520534445068,true,true
5,0x3416cf6c708da44db2624d63ea0aaef7113527c6,25279064,1,46151779648635439,8,S5_P8,-3:7,0xc36442b4a4522e871399cd717abdd847ab11fe88:-3:7,0xc36442b4a4522e871399cd717abdd847ab11fe88,-3,7,452489269028227,0.0098043731460225,10,4,6,4,45248926902822.7,0.0009804373146023,1.1400880307748941,95.2053632420766669,0.0129548074529869,30.4825051982025318,30.4954600056555187,30.4825051982025318,10000000000000,10000000000000,0,false,false,5122599987952.4183858960639659,5092895145281.9915245903240861,29704842670.4268613057398798,true,true,10000000000000,10000000000000,0,false,false,5651213868499.0119640648416402,5492707420862.387897437604571,158506447636.6240666272370692,true,true,10000000000000,10000000000000,0,false,false,6311981219182.2540617998431971,5992472765337.882738376557857,319508453844.3713234232853401,true,true
5,0x3416cf6c708da44db2624d63ea0aaef7113527c6,25279064,1,46151779648635439,9,S5_P9,-11:10,0xc36442b4a4522e871399cd717abdd847ab11fe88:-11:10,0xc36442b4a4522e871399cd717abdd847ab11fe88,-11,10,200410811646949,0.0043424286814663,21,12,9,9,9543371983188.0476190476190476,0.0002067823181651,1.1400880307748941,95.2053632420766669,0.0056988848184525,21.3687538101452641,21.3744526949637166,21.3687538101452641,10000000000000,10000000000000,0,false,false,5122599987952.4183858960639659,5100157758130.7978033652154597,22442229821.6205825308485062,true,true,10000000000000,10000000000000,0,false,false,5651213868499.0119640648416402,5531380109997.8411571965697655,119833758501.1708068682718747,true,true,10000000000000,10000000000000,0,false,false,6311981219182.2540617998431971,6070408049831.6445993415858636,241573169350.6094624582573335,true,true
5,0x3416cf6c708da44db2624d63ea0aaef7113527c6,25279064,1,46151779648635439,10,S5_P10,-10:10,0xc36442b4a4522e871399cd717abdd847ab11fe88:-10:10,0xc36442b4a4522e871399cd717abdd847ab11fe88,-10,10,189595466650207,0.0041080857139994,20,11,9,9,9479773332510.35,0.0002054042857,1.1400880307748941,95.2053632420766669,0.00538977482348,20.202468478759878,20.207858253583358,20.202468478759878,10000000000000,10000000000000,0,false,false,5122599987952.4183858960639659,5101167100410.0415673902819446,21432887542.3768185057820213,true,true,10000000000000,10000000000000,0,false,false,5651213868499.0119640648416402,5536769703584.9020063026452037,114444164914.1099577621964365,true,true,10000000000000,10000000000000,0,false,false,6311981219182.2540617998431971,6081272957553.4776799671287416,230708261628.7763818327144555,true,true
5,0x3416cf6c708da44db2624d63ea0aaef7113527c6,25279064,1,46151779648635439,11,S5_P11,0:3,0xc36442b4a4522e871399cd717abdd847ab11fe88:0:3,0xc36442b4a4522e871399cd717abdd847ab11fe88,0,3,1058146550335168,0.0229275351544641,3,1,2,1,352715516778389.3333333333333333,0.0076425117181547,1.1400880307748941,95.2053632420766669,0.0237287990136126,15.0077542212411236,15.0314830202547362,15.0077542212411236,10000000000000,10000000000000,0,false,false,5122599987952.4183858960639659,5105802021828.7543811935425009,16797966123.664004702521465,true,true,10000000000000,10000000000000,0,false,false,5651213868499.0119640648416402,5562082393231.9092455094154687,89131475267.1027185554261715,true,true,10000000000000,10000000000000,0,false,false,6311981219182.2540617998431971,6132432857485.8525758561977504,179548361696.4014859436454467,true,true
5,0x3416cf6c708da44db2624d63ea0aaef7113527c6,25279064,1,46151779648635439,12,S5_P12,-5:7,0xc36442b4a4522e871399cd717abdd847ab11fe88:-5:7,0xc36442b4a4522e871399cd717abdd847ab11fe88,-5,7,205711759589762,0.0044572876962903,12,6,6,6,17142646632480.1666666666666667,0.0003714406413575,1.1400880307748941,95.2053632420766669,0.005850457241198,13.7302132300573643,13.7360636872985623,13.7302132300573643,10000000000000,10000000000000,0,false,false,5122599987952.4183858960639659,5107151236785.5594391927875563,15448751166.8589467032764096,true,true,10000000000000,10000000000000,0,false,false,5651213868499.0119640648416402,5568779187692.9778375565342538,82434680806.0341265083073864,true,true,10000000000000,10000000000000,0,false,false,6311981219182.2540617998431971,6145814126327.2504604391292336,166167092855.0036013607139635,true,true
5,0x3416cf6c708da44db2624d63ea0aaef7113527c6,25279064,1,46151779648635439,13,S5_P13,0:5,0x8c209c15835cccb2984701b52651d2c8d83aa442:0:5,0x8c209c15835cccb2984701b52651d2c8d83aa442,0,5,326274646150141,0.0070696005361905,5,1,4,1,65254929230028.2,0.0014139201072381,1.1400880307748941,95.2053632420766669,0.0072382441642332,13.1972302999227843,13.2044685440870175,13.1972302999227843,10000000000000,10000000000000,0,false,false,5122599987952.4183858960639659,5107656993755.2942776260657703,14942994197.1241082699981956,true,true,10000000000000,10000000000000,0,false,false,5651213868499.0119640648416402,5571573003932.1123918269723787,79640864566.8995722378692615,true,true,10000000000000,10000000000000,0,false,false,6311981219182.2540617998431971,6151468016653.1350345781056392,160513202529.1190272217375579,true,true
5,0x3416cf6c708da44db2624d63ea0aaef7113527c6,25279064,1,46151779648635439,14,S5_P14,-10:6,0xc36442b4a4522e871399cd717abdd847ab11fe88:-10:6,0xc36442b4a4522e871399cd717abdd847ab11fe88,-10,6,226489100298215,0.0049074835688359,16,11,5,5,14155568768638.4375,0.0003067177230522,1.1400880307748941,95.2053632420766669,0.0064449664177481,12.1293149766645137,12.1357599430822618,12.1293149766645137,10000000000000,10000000000000,0,false,false,5122599987952.4183858960639659,5108740658757.6801211944928645,13859329194.7382647015711014,true,true,10000000000000,10000000000000,0,false,false,5651213868499.0119640648416402,5577293656933.2321764824144186,73920211565.7797875824272216,true,true,10000000000000,10000000000000,0,false,false,6311981219182.2540617998431971,6162984904652.6726206644047533,148996314529.5814411354384438,true,true
5,0x3416cf6c708da44db2624d63ea0aaef7113527c6,25279064,1,46151779648635439,15,S5_P15,-15:10,0xc36442b4a4522e871399cd717abdd847ab11fe88:-15:10,0xc36442b4a4522e871399cd717abdd847ab11fe88,-15,10,108476788212912,0.0023504356503427,25,16,9,9,4339071528516.48,0.0000940174260137,1.1400880307748941,95.2053632420766669,0.0030770423455111,11.5017431461042742,11.5048201884497853,11.5017431461042742,10000000000000,10000000000000,0,false,false,5122599987952.4183858960639659,5109397194103.8181528558966516,13202793848.6002330401673143,true,true,10000000000000,10000000000000,0,false,false,5651213868499.0119640648416402,5580715799428.914588924092107,70498069070.0973751407495332,true,true,10000000000000,10000000000000,0,false,false,6311981219182.2540617998431971,6169864056085.2858841535132104,142117163096.9681776463299867,true,true
5,0x3416cf6c708da44db2624d63ea0aaef7113527c6,25279064,1,46151779648635439,16,S5_P16,-1:3,0xc36442b4a4522e871399cd717abdd847ab11fe88:-1:3,0xc36442b4a4522e871399cd717abdd847ab11fe88,-1,3,358158047879252,0.007760438505427,4,2,2,2,89539511969813,0.0019401096263568,1.1400880307748941,95.2053632420766669,0.0102279749622279,5.0502403596768943,5.0604683346391222,5.0502403596768943,10000000000000,10000000000000,0,false,false,5122599987952.4183858960639659,5116382932718.0010504622184777,6217055234.4173354338454882,true,true,10000000000000,10000000000000,0,false,false,5651213868499.0119640648416402,5618225365300.7848551444545638,32988503198.2271089203870764,true,true,10000000000000,10000000000000,0,false,false,6311981219182.2540617998431971,6245528406029.2639858771023513,66452813152.9900759227408458,true,true
5,0x3416cf6c708da44db2624d63ea0aaef7113527c6,25279064,1,46151779648635439,17,S5_P17,-2:3,0xc36442b4a4522e871399cd717abdd847ab11fe88:-2:3,0xc36442b4a4522e871399cd717abdd847ab11fe88,-2,3,261936879912813,0.0056755531835825,5,3,2,2,52387375982562.6,0.0011351106367165,1.1400880307748941,95.2053632420766669,0.0072562307559669,3.6904332232258235,3.6976894539817904,3.6904332232258235,10000000000000,10000000000000,0,false,false,5122599987952.4183858960639659,5117994109254.5986522448708092,4605878697.8197336511931567,true,true,10000000000000,10000000000000,0,false,false,5651213868499.0119640648416402,5626774453371.5411530679481057,24439415127.4708109968935345,true,true,10000000000000,10000000000000,0,false,false,6311981219182.2540617998431971,6262749883517.7186539766474062,49231335664.5354078231957909,true,true
5,0x3416cf6c708da44db2624d63ea0aaef7113527c6,25279064,1,46151779648635439,18,S5_P18,-5:2,0xc36442b4a4522e871399cd717abdd847ab11fe88:-5:2,0xc36442b4a4522e871399cd717abdd847ab11fe88,-5,2,439209229176261,0.0095166260655616,7,6,1,1,62744175596608.7142857142857143,0.0013595180093659,1.1400880307748941,95.2053632420766669,0.0125700787314148,0.4456287822257125,0.4581988609571273,0.4456287822257125,10000000000000,10000000000000,0,false,false,5122599987952.4183858960639659,5122022898602.4846877360443192,577089349.9336981600196467,true,true,10000000000000,10000000000000,0,false,false,5651213868499.0119640648416402,5648161417499.7689997928595259,3052450999.2429642719821143,true,true,10000000000000,10000000000000,0,false,false,6311981219182.2540617998431971,6305834566121.3750149840258544,6146653060.8790468158173427,true,true
5,0x3416cf6c708da44db2624d63ea0aaef7113527c6,25279064,1,46151779648635439,19,S5_P19,-3:2,0xc36442b4a4522e871399cd717abdd847ab11fe88:-3:2,0xc36442b4a4522e871399cd717abdd847ab11fe88,-3,2,139078763300769,0.0030135081325056,5,4,1,1,27815752660153.8,0.0006027016265011,1.1400880307748941,95.2053632420766669,0.0039483347983922,0.1410849523206029,0.1450332871189951,0.1410849523206029,10000000000000,10000000000000,0,false,false,5122599987952.4183858960639659,5122416696230.5938653327073055,183291721.8245205633566604,true,true,10000000000000,10000000000000,0,false,false,5651213868499.0119640648416402,5650244367291.8130327180817633,969501207.1989313467598769,true,true,10000000000000,10000000000000,0,false,false,6311981219182.2540617998431971,6310028956118.3367419017409075,1952263063.9173198981022896,true,true
5,0x3416cf6c708da44db2624d63ea0aaef7113527c6,25279064,1,46151779648635439,20,S5_P20,-2:2,0xc36442b4a4522e871399cd717abdd847ab11fe88:-2:2,0xc36442b4a4522e871399cd717abdd847ab11fe88,-2,2,137623130535267,0.0029819680104001,4,3,1,1,34405782633816.75,0.0007454920026,1.1400880307748941,95.2053632420766669,0.0038020733360642,0.1396081974985657,0.1434102708346299,0.1396081974985657,10000000000000,10000000000000,0,false,false,5122599987952.4183858960639659,5122418611953.1663773417467561,181375999.2520085543172098,true,true,10000000000000,10000000000000,0,false,false,5651213868499.0119640648416402,5650254500275.3704555203959414,959368223.6415085444456988,true,true,10000000000000,10000000000000,0,false,false,6311981219182.2540617998431971,6310049360678.1259283157958151,1931858504.128133484047382,true,true
6,0x3416cf6c708da44db2624d63ea0aaef7113527c6,25269064,1,46644275332376188,1,S6_P1,1:7,0xc36442b4a4522e871399cd717abdd847ab11fe88:1:7,0xc36442b4a4522e871399cd717abdd847ab11fe88,1,7,10248353052608157,0.2197129868473846,6,0,6,0,1708058842101359.5,0.0366188311412308,1.1800520051337966,1.1817978077000471,0.4220774776671309,892.5107351229460835,892.9328126006132144,892.5107351229460835,10000000000000,10000000000000,0,false,false,10001180180528,5012679732193.7152790584530088,4988500448334.2847209415469912,false,true,10000000000000,10000000000000,0,false,false,10001180180528,5068698291937.9154126818428048,4932481888590.0845873181571952,false,true,10000000000000,10000000000000,0,false,false,10001180180528,5138721491618.1657047258323064,4862458688909.8342952741676936,false,true
6,0x3416cf6c708da44db2624d63ea0aaef7113527c6,25269064,1,46644275332376188,2,S6_P2,0:4,0xc36442b4a4522e871399cd717abdd847ab11fe88:0:4,0xc36442b4a4522e871399cd717abdd847ab11fe88,0,4,9964441787911092,0.213626253530724,4,1,3,1,2491110446977773,0.053406563382681,1.1800520051337966,1.1817978077000471,0.188829204794123,295.6355926550308397,295.8244218598249627,295.6355926550308397,10000000000000,10000000000000,0,false,false,10001180180528,5037119400503.8234109722827928,4964060780024.1765890277172072,false,true,10000000000000,10000000000000,0,false,false,10001180180528,5206172754735.3347727618640104,4795007425792.6652272381359896,false,true,10000000000000,10000000000000,0,false,false,10001180180528,5417489447524.724725087354072,4583690733003.275274912645928,false,true
6,0x3416cf6c708da44db2624d63ea0aaef7113527c6,25269064,1,46644275332376188,3,S6_P3,1:5,0xc36442b4a4522e871399cd717abdd847ab11fe88:1:5,0xc36442b4a4522e871399cd717abdd847ab11fe88,1,5,4656575017975385,0.0998316510395696,4,0,4,0,1164143754493846.25,0.0249579127598924,1.1800520051337966,1.1817978077000471,0.1604733830758573,144.5859415933207819,144.7464149763966392,144.5859415933207819,10000000000000,10000000000000,0,false,false,10001180180528,5076657945223.2115621513275032,4924522235304.7884378486724968,false,true,10000000000000,10000000000000,0,false,false,10001180180528,5421814185161.913071389255044,4579365995366.086928610744956,false,true,10000000000000,10000000000000,0,false,false,10001180180528,5853259485085.2902079661689832,4147920695442.7097920338310168,false,true
6,0x3416cf6c708da44db2624d63ea0aaef7113527c6,25269064,1,46644275332376188,4,S6_P4,-11:9,0xc36442b4a4522e871399cd717abdd847ab11fe88:-11:9,0xc36442b4a4522e871399cd717abdd847ab11fe88,-11,9,1922566437079320,0.0412176290312061,20,12,8,8,96128321853966,0.0020608814515603,1.1800520051337966,1.1817978077000471,0.0613179564934039,107.3642965453394059,107.4256145018328098,107.3642965453394059,10000000000000,10000000000000,0,false,false,10001180180528,5103746496042.2595224271866344,4897433684485.7404775728133656,false,true,10000000000000,10000000000000,0,false,false,10001180180528,5568003376887.0959722237634408,4433176803640.9040277762365592,false,true,10000000000000,10000000000000,0,false,false,10001180180528,6148324477943.1415344694844488,3852855702584.8584655305155512,false,true
6,0x3416cf6c708da44db2624d63ea0aaef7113527c6,25269064,1,46644275332376188,5,S6_P5,-6:4,0xc36442b4a4522e871399cd717abdd847ab11fe88:-6:4,0xc36442b4a4522e871399cd717abdd847ab11fe88,-6,4,4519117558021424,0.0968847200609132,10,7,3,3,451911755802142.4,0.0096884720060913,1.1800520051337966,1.1817978077000471,0.1551089448696461,77.636456467204413,77.7915654120740591,77.636456467204413,10000000000000,10000000000000,0,false,false,10001180180528,5142064857602.4031839851722232,4859115322925.5968160148277768,false,true,10000000000000,10000000000000,0,false,false,10001180180528,5783721866913.9035599047306592,4217458313614.0964400952693408,false,true,10000000000000,10000000000000,0,false,false,10001180180528,6585793128553.2786547599219344,3415387051974.7213452400780656,false,true
6,0x3416cf6c708da44db2624d63ea0aaef7113527c6,25269064,1,46644275332376188,6,S6_P6,1:2,0xc36442b4a4522e871399cd717abdd847ab11fe88:1:2,0xc36442b4a4522e871399cd717abdd847ab11fe88,1,2,10136655865378882,0.2173183267002745,1,0,1,0,10136655865378882,0.2173183267002745,1.1800520051337966,1.1817978077000471,0.4159072310700977,24.4361035094313407,24.8520107405014384,24.4361035094313407,10000000000000,10000000000000,0,false,false,10001180180528,5445159831389.6373469028164888,4556020349138.3626530971835112,false,true,10000000000000,10000000000000,0,false,false,10001180180528,7469909796562.2637086260861568,2531270383965.7362913739138432,false,true,10000000000000,10000000000000,0,false,false,10001180180528,10000847253028.0467857949254984,332927499.9532142050745016,false,true
6,0x3416cf6c708da44db2624d63ea0aaef7113527c6,25269064,1,46644275332376188,7,S6_P7,-3:7,0xc36442b4a4522e871399cd717abdd847ab11fe88:-3:7,0xc36442b4a4522e871399cd717abdd847ab11fe88,-3,7,452489269028227,0.0097008532301959,10,4,6,4,45248926902822.7,0.0009700853230196,1.1800520051337966,1.1817978077000471,0.0138722162633719,0.072122065437521,0.0859942817008929,0.072122065437521,10000000000000,10000000000000,0,false,false,10001180180528,10001180180528,0,false,false,10000000000000,10000000000000,0,false,false,10001180180528,10001180180528,0,false,false,10000000000000,10000000000000,0,false,false,10001180180528,10001180180528,0,false,false
6,0x3416cf6c708da44db2624d63ea0aaef7113527c6,25269064,1,46644275332376188,8,S6_P8,0:3,0xc36442b4a4522e871399cd717abdd847ab11fe88:0:3,0xc36442b4a4522e871399cd717abdd847ab11fe88,0,3,1058146550335168,0.0226854537410017,3,1,2,1,352715516778389.3333333333333333,0.0075618179136672,1.1800520051337966,1.1817978077000471,0.0187140766295575,0.0595151480687344,0.0782292246982919,0.0595151480687344,10000000000000,10000000000000,0,false,false,10001180180528,10001180180528,0,false,false,10000000000000,10000000000000,0,false,false,10001180180528,10001180180528,0,false,false,10000000000000,10000000000000,0,false,false,10001180180528,10001180180528,0,false,false
6,0x3416cf6c708da44db2624d63ea0aaef7113527c6,25269064,1,46644275332376188,9,S6_P9,-27:19,0xc36442b4a4522e871399cd717abdd847ab11fe88:-27:19,0xc36442b4a4522e871399cd717abdd847ab11fe88,-27,19,140920299016803,0.0030211702939458,46,28,18,18,3063484761234.8478260869565217,0.0000656776150858,1.1800520051337966,1.1817978077000471,0.0042850458925424,0.0449367743449675,0.0492218202375099,0.0449367743449675,10000000000000,10000000000000,0,false,false,10001180180528,10001180180528,0,false,false,10000000000000,10000000000000,0,false,false,10001180180528,10001180180528,0,false,false,10000000000000,10000000000000,0,false,false,10001180180528,10001180180528,0,false,false
6,0x3416cf6c708da44db2624d63ea0aaef7113527c6,25269064,1,46644275332376188,10,S6_P10,-11:10,0xc36442b4a4522e871399cd717abdd847ab11fe88:-11:10,0xc36442b4a4522e871399cd717abdd847ab11fe88,-11,10,200410811646949,0.0042965789524838,21,12,9,9,9543371983188.0476190476190476,0.0002045989977373,1.1800520051337966,1.1817978077000471,0.0061035154986366,0.0370220250836825,0.0431255405823191,0.0370220250836825,10000000000000,10000000000000,0,false,false,10001180180528,10001180180528,0,false,false,10000000000000,10000000000000,0,false,false,10001180180528,10001180180528,0,false,false,10000000000000,10000000000000,0,false,false,10001180180528,10001180180528,0,false,false
6,0x3416cf6c708da44db2624d63ea0aaef7113527c6,25269064,1,46644275332376188,11,S6_P11,-10:10,0xc36442b4a4522e871399cd717abdd847ab11fe88:-10:10,0xc36442b4a4522e871399cd717abdd847ab11fe88,-10,10,189280610976063,0.0040579601596829,20,11,9,9,9464030548803.15,0.0002028980079841,1.1800520051337966,1.1817978077000471,0.0057628638825181,0.0343195426276355,0.0400824065101536,0.0343195426276355,10000000000000,10000000000000,0,false,false,10001180180528,10001180180528,0,false,false,10000000000000,10000000000000,0,false,false,10001180180528,10001180180528,0,false,false,10000000000000,10000000000000,0,false,false,10001180180528,10001180180528,0,false,false
6,0x3416cf6c708da44db2624d63ea0aaef7113527c6,25269064,1,46644275332376188,12,S6_P12,0:5,0x8c209c15835cccb2984701b52651d2c8d83aa442:0:5,0x8c209c15835cccb2984701b52651d2c8d83aa442,0,5,326274646150141,0.0069949558402437,5,1,4,1,65254929230028.2,0.0013989911680487,1.1800520051337966,1.1817978077000471,0.0057380690288975,0.029642108278551,0.0353801773074485,0.029642108278551,10000000000000,10000000000000,0,false,false,10001180180528,10001180180528,0,false,false,10000000000000,10000000000000,0,false,false,10001180180528,10001180180528,0,false,false,10000000000000,10000000000000,0,false,false,10001180180528,10001180180528,0,false,false
6,0x3416cf6c708da44db2624d63ea0aaef7113527c6,25269064,1,46644275332376188,13,S6_P13,-5:7,0xc36442b4a4522e871399cd717abdd847ab11fe88:-5:7,0xc36442b4a4522e871399cd717abdd847ab11fe88,-5,7,205711759589762,0.0044102252232221,12,6,6,6,17142646632480.1666666666666667,0.0003675187686018,1.1800520051337966,1.1817978077000471,0.0062658234259501,0.025521972501686,0.0317877959276361,0.025521972501686,10000000000000,10000000000000,0,false,false,10001180180528,10001180180528,0,false,false,10000000000000,10000000000000,0,false,false,10001180180528,10001180180528,0,false,false,10000000000000,10000000000000,0,false,false,10001180180528,10001180180528,0,false,false
6,0x3416cf6c708da44db2624d63ea0aaef7113527c6,25269064,1,46644275332376188,14,S6_P14,-10:6,0xc36442b4a4522e871399cd717abdd847ab11fe88:-10:6,0xc36442b4a4522e871399cd717abdd847ab11fe88,-10,6,226489100298215,0.0048556676823534,16,11,5,5,14155568768638.4375,0.0003034792301471,1.1800520051337966,1.1817978077000471,0.0069024468128965,0.023990435435401,0.0308928822482975,0.023990435435401,10000000000000,10000000000000,0,false,false,10001180180528,10001180180528,0,false,false,10000000000000,10000000000000,0,false,false,10001180180528,10001180180528,0,false,false,10000000000000,10000000000000,0,false,false,10001180180528,10001180180528,0,false,false
6,0x3416cf6c708da44db2624d63ea0aaef7113527c6,25269064,1,46644275332376188,15,S6_P15,-1:3,0xc36442b4a4522e871399cd717abdd847ab11fe88:-1:3,0xc36442b4a4522e871399cd717abdd847ab11fe88,-1,3,358158047879252,0.0076784995656402,4,2,2,2,89539511969813,0.0019196248914101,1.1800520051337966,1.1817978077000471,0.0109529890280244,0.017139272921798,0.0280922619498224,0.017139272921798,10000000000000,10000000000000,0,false,false,10001180180528,10001180180528,0,false,false,10000000000000,10000000000000,0,false,false,10001180180528,10001180180528,0,false,false,10000000000000,10000000000000,0,false,false,10001180180528,10001180180528,0,false,false
6,0x3416cf6c708da44db2624d63ea0aaef7113527c6,25269064,1,46644275332376188,16,S6_P16,-5:2,0xc36442b4a4522e871399cd717abdd847ab11fe88:-5:2,0xc36442b4a4522e871399cd717abdd847ab11fe88,-5,2,439209229176261,0.0094161443402552,7,6,1,1,62744175596608.7142857142857143,0.0013451634771793,1.1800520051337966,1.1817978077000471,0.013460365079442,0.0105556571170868,0.0240160221965288,0.013460365079442,10000000000000,10000000000000,0,false,false,10001180180528,10001180180528,0,false,false,10000000000000,10000000000000,0,false,false,10001180180528,10001180180528,0,false,false,10000000000000,10000000000000,0,false,false,10001180180528,10001180180528,0,false,false
6,0x3416cf6c708da44db2624d63ea0aaef7113527c6,25269064,1,46644275332376188,17,S6_P17,-15:10,0xc36442b4a4522e871399cd717abdd847ab11fe88:-15:10,0xc36442b4a4522e871399cd717abdd847ab11fe88,-15,10,108476788212912,0.0023256184695749,25,16,9,9,4339071528516.48,0.000093024738783,1.1800520051337966,1.1817978077000471,0.0032957221064445,0.0171617861107105,0.020457508217155,0.0171617861107105,10000000000000,10000000000000,0,false,false,10001180180528,10001180180528,0,false,false,10000000000000,10000000000000,0,false,false,10001180180528,10001180180528,0,false,false,10000000000000,10000000000000,0,false,false,10001180180528,10001180180528,0,false,false
6,0x3416cf6c708da44db2624d63ea0aaef7113527c6,25269064,1,46644275332376188,18,S6_P18,-2:3,0xc36442b4a4522e871399cd717abdd847ab11fe88:-2:3,0xc36442b4a4522e871399cd717abdd847ab11fe88,-2,3,261936879912813,0.0056156275994495,5,3,2,2,52387375982562.6,0.0011231255198899,1.1800520051337966,1.1817978077000471,0.0074335752992898,0.012349390796327,0.0197829660956168,0.012349390796327,10000000000000,10000000000000,0,false,false,10001180180528,10001180180528,0,false,false,10000000000000,10000000000000,0,false,false,10001180180528,10001180180528,0,false,false,10000000000000,10000000000000,0,false,false,10001180180528,10001180180528,0,false,false
6,0x3416cf6c708da44db2624d63ea0aaef7113527c6,25269064,1,46644275332376188,19,S6_P19,-3:2,0xc36442b4a4522e871399cd717abdd847ab11fe88:-3:2,0xc36442b4a4522e871399cd717abdd847ab11fe88,-3,2,139078763300769,0.0029816898710448,5,4,1,1,27815752660153.8,0.000596337974209,1.1800520051337966,1.1817978077000471,0.0042288492039884,0.0032821073960705,0.0075109566000589,0.0042288492039884,10000000000000,10000000000000,0,false,false,10001180180528,10001180180528,0,false,false,10000000000000,10000000000000,0,false,false,10001180180528,10001180180528,0,false,false,10000000000000,10000000000000,0,false,false,10001180180528,10001180180528,0,false,false
6,0x3416cf6c708da44db2624d63ea0aaef7113527c6,25269064,1,46644275332376188,20,S6_P20,-2:2,0xc36442b4a4522e871399cd717abdd847ab11fe88:-2:2,0xc36442b4a4522e871399cd717abdd847ab11fe88,-2,2,137623130535267,0.0029504827667403,4,3,1,1,34405782633816.75,0.0007376206916851,1.1800520051337966,1.1817978077000471,0.0038959382987574,0.0032474665132435,0.0071434048120009,0.0038959382987574,10000000000000,10000000000000,0,false,false,10001180180528,10001180180528,0,false,false,10000000000000,10000000000000,0,false,false,10001180180528,10001180180528,0,false,false,10000000000000,10000000000000,0,false,false,10001180180528,10001180180528,0,false,false
7,0x3416cf6c708da44db2624d63ea0aaef7113527c6,25259064,1,56615000117129627,1,S7_P1,1:7,0xc36442b4a4522e871399cd717abdd847ab11fe88:1:7,0xc36442b4a4522e871399cd717abdd847ab11fe88,1,7,10248353052608157,0.1810183349184058,6,0,6,0,1708058842101359.5,0.030169722486401,0.9595978346145119,127.7316475502712154,0.2979777432114668,1065.6593839022961476,1065.9573616455076144,1065.6593839022961476,10000000000000,10000000000000,0,false,false,5089128700777.7830728106761975,5009803794025.9818423648125067,79324906751.8012304458636908,true,true,10000000000000,10000000000000,0,false,false,5482998515717.6582325562380297,5051744879560.1628287673892977,431253636157.495403788848732,true,true,10000000000000,10000000000000,0,false,false,5975335784392.5029323596238551,5104171236477.8898118920438216,871164547914.6131204675800335,true,true
7,0x3416cf6c708da44db2624d63ea0aaef7113527c6,25259064,1,56615000117129627,2,S7_P2,0:4,0xc36442b4a4522e871399cd717abdd847ab11fe88:0:4,0xc36442b4a4522e871399cd717abdd847ab11fe88,0,4,9964441787911092,0.1760035638487302,4,1,3,1,2491110446977773,0.0440008909621826,0.9595978346145119,127.7316475502712154,0.1812046428544966,371.0546137522989687,371.2358183951534653,371.0546137522989687,10000000000000,10000000000000,0,false,false,5089128700777.7830728106761975,5022531679720.0488333630262644,66597021057.7342394476499331,true,true,10000000000000,10000000000000,0,false,false,5482998515717.6582325562380297,5122992558605.6170636201399638,360005957112.0411689360980659,true,true,10000000000000,10000000000000,0,false,false,5975335784392.5029323596238551,5248568657212.5776014820099331,726767127179.925330877613922,true,true
7,0x3416cf6c708da44db2624d63ea0aaef7113527c6,25259064,1,56615000117129627,3,S7_P3,1:5,0xc36442b4a4522e871399cd717abdd847ab11fe88:1:5,0xc36442b4a4522e871399cd717abdd847ab11fe88,1,5,4656575017975385,0.0822498455946567,4,0,4,0,1164143754493846.25,0.0205624613986642,0.9595978346145119,127.7316475502712154,0.1132974421337874,234.4849488018291367,234.5982462439629241,234.4849488018291367,10000000000000,10000000000000,0,false,false,5089128700777.7830728106761975,5031418533163.384708646431917,57710167614.3983641642442805,true,true,10000000000000,10000000000000,0,false,false,5482998515717.6582325562380297,5169806500937.3084530164762375,313192014780.3497795397617922,true,true,10000000000000,10000000000000,0,false,false,5975335784392.5029323596238551,5342791460654.7125083778370255,632544323737.7904239817868296,true,true
7,0x3416cf6c708da44db2624d63ea0aaef7113527c6,25259064,1,56615000117129627,4,S7_P4,-11:9,0xc36442b4a4522e871399cd717abdd847ab11fe88:-11:9,0xc36442b4a4522e871399cd717abdd847ab11fe88,-11,9,1922566437079320,0.0339586051947675,20,12,8,8,96128321853966,0.0016979302597384,0.9595978346145119,127.7316475502712154,0.0433241672925853,209.3291047039278988,209.3724288712204841,209.3291047039278988,10000000000000,10000000000000,0,false,false,5089128700777.7830728106761975,5033982911679.2655136341409032,55145789098.5175591765352943,true,true,10000000000000,10000000000000,0,false,false,5482998515717.6582325562380297,5182701107054.9704182515495814,300297408662.6878143046884483,true,true,10000000000000,10000000000000,0,false,false,5975335784392.5029323596238551,5368598851274.6017990637882742,606736933117.9011332958355809,true,true
7,0x3416cf6c708da44db2624d63ea0aaef7113527c6,25259064,1,56615000117129627,5,S7_P5,-6:4,0xc36442b4a4522e871399cd717abdd847ab11fe88:-6:4,0xc36442b4a4522e871399cd717abdd847ab11fe88,-6,4,4519117558021424,0.0798219120139877,10,7,3,3,451911755802142.4,0.0079821912013988,0.9595978346145119,127.7316475502712154,0.1095138267712559,155.5413697159099512,155.6508835426812071,155.5413697159099512,10000000000000,10000000000000,0,false,false,5089128700777.7830728106761975,5039993058358.8003394035898278,49135642418.9827334070863697,true,true,10000000000000,10000000000000,0,false,false,5482998515717.6582325562380297,5217062304075.815293970331252,265936211641.8429385859067777,true,true,10000000000000,10000000000000,0,false,false,5975335784392.5029323596238551,5438398861222.0842372192358773,536936923170.4186951403879778,true,true
7,0x3416cf6c708da44db2624d63ea0aaef7113527c6,25259064,1,56615000117129627,6,S7_P6,1:2,0xc36442b4a4522e871399cd717abdd847ab11fe88:1:2,0xc36442b4a4522e871399cd717abdd847ab11fe88,1,2,10136655865378882,0.1790454092450298,1,0,1,0,10136655865378882,0.1790454092450298,0.9595978346145119,127.7316475502712154,0.2935897447073309,53.546255582301003,53.8398453270083339,53.546255582301003,10000000000000,10000000000000,0,false,false,5089128700777.7830728106761975,5062413577552.018338070951443,26715123225.7647347397247545,true,true,10000000000000,10000000000000,0,false,false,5482998515717.6582325562380297,5339546219265.5757992002194984,143452296452.0824333560185313,true,true,10000000000000,10000000000000,0,false,false,5975335784392.5029323596238551,5685962021407.5233757332381028,289373762984.9795566263857523,true,true
7,0x3416cf6c708da44db2624d63ea0aaef7113527c6,25259064,1,56615000117129627,7,S7_P7,0:2,0xc36442b4a4522e871399cd717abdd847ab11fe88:0:2,0xc36442b4a4522e871399cd717abdd847ab11fe88,0,2,10004812961183437,0.1767166464803441,2,1,1,1,5002406480591718.5,0.0883583232401721,0.9595978346145119,127.7316475502712154,0.1820307053751063,52.8331407580054132,53.0151714633805195,52.8331407580054132,10000000000000,10000000000000,0,false,false,5089128700777.7830728106761975,5062664883753.2242284362185548,26463817024.5588443744576427,true,true,10000000000000,10000000000000,0,false,false,5482998515717.6582325562380297,5340895719327.3215612683650384,142102796390.3366712878729913,true,true,10000000000000,10000000000000,0,false,false,5975335784392.5029323596238551,5688684263794.943727389503833,286651520597.5592049701200221,true,true
7,0x3416cf6c708da44db2624d63ea0aaef7113527c6,25259064,1,56615000117129627,8,S7_P8,-27:19,0xc36442b4a4522e871399cd717abdd847ab11fe88:-27:19,0xc36442b4a4522e871399cd717abdd847ab11fe88,-27,19,140920299016803,0.0024890982729887,46,28,18,18,3063484761234.8478260869565217,0.0000541108320215,0.9595978346145119,127.7316475502712154,0.0030299886080378,33.6210303214639704,33.6240603100720082,33.6210303214639704,10000000000000,10000000000000,0,false,false,5089128700777.7830728106761975,5070613315188.3015638018947368,18515385589.4815090087814607,true,true,10000000000000,10000000000000,0,false,false,5482998515717.6582325562380297,5382025960455.781774181632362,100972555261.8764583746056677,true,true,10000000000000,10000000000000,0,false,false,5975335784392.5029323596238551,5771291767040.1320371563043935,204044017352.3708952033194616,true,true
7,0x3416cf6c708da44db2624d63ea0aaef7113527c6,25259064,1,56615000117129627,9,S7_P9,-3:7,0xc36442b4a4522e871399cd717abdd847ab11fe88:-3:7,0xc36442b4a4522e871399cd717abdd847ab11fe88,-3,7,452489269028227,0.0079923919118976,10,4,6,4,45248926902822.7,0.0007992391911898,0.9595978346145119,127.7316475502712154,0.0098077780960288,33.4328016687973513,33.4426094468933801,33.4328016687973513,10000000000000,10000000000000,0,false,false,5089128700777.7830728106761975,5070640191196.8927606331806096,18488509580.8903121774955879,true,true,10000000000000,10000000000000,0,false,false,5482998515717.6582325562380297,5382428782192.3682383064981763,100569733525.2899942497398534,true,true,10000000000000,10000000000000,0,false,false,5975335784392.5029323596238551,5772164520936.7127104183840572,203171263455.7902219412397979,true,true
7,0x3416cf6c708da44db2624d63ea0aaef7113527c6,25259064,1,56615000117129627,10,S7_P10,-11:10,0xc36442b4a4522e871399cd717abdd847ab11fe88:-11:10,0xc36442b4a4522e871399cd717abdd847ab11fe88,-11,10,200410811646949,0.0035398889204685,21,12,9,9,9543371983188.0476190476190476,0.0001685661390699,0.9595978346145119,127.7316475502712154,0.0043157253271525,22.9481175474591344,22.9524332727862869,22.9481175474591344,10000000000000,10000000000000,0,false,false,5089128700777.7830728106761975,5075571823831.3819748057981508,13556876946.4010980048780467,true,true,10000000000000,10000000000000,0,false,false,5482998515717.6582325562380297,5409157660113.2881248285507456,73840855604.3701077276872841,true,true,10000000000000,10000000000000,0,false,false,5975335784392.5029323596238551,5826139955465.6708123569914891,149195828926.832120002632366,true,true
7,0x3416cf6c708da44db2624d63ea0aaef7113527c6,25259064,1,56615000117129627,11,S7_P11,-10:10,0xc36442b4a4522e871399cd717abdd847ab11fe88:-10:10,0xc36442b4a4522e871399cd717abdd847ab11fe88,-10,10,189280610976063,0.0033432943669428,20,11,9,9,9464030548803.15,0.0001671647183471,0.9595978346145119,127.7316475502712154,0.004074876134927,21.6605048787914509,21.6645797549263779,21.6605048787914509,10000000000000,10000000000000,0,false,false,5089128700777.7830728106761975,5076221639620.7889585353347644,12907061156.9941142753414331,true,true,10000000000000,10000000000000,0,false,false,5482998515717.6582325562380297,5412697098742.1832554168781204,70301416975.4749771393599093,true,true,10000000000000,10000000000000,0,false,false,5975335784392.5029323596238551,5833291422643.9266265997630055,142044361748.5763057598608496,true,true
7,0x3416cf6c708da44db2624d63ea0aaef7113527c6,25259064,1,56615000117129627,12,S7_P12,0:3,0xc36442b4a4522e871399cd717abdd847ab11fe88:0:3,0xc36442b4a4522e871399cd717abdd847ab11fe88,0,3,1058146550335168,0.0186902154578467,3,1,2,1,352715516778389.3333333333333333,0.0062300718192822,0.9595978346145119,127.7316475502712154,0.0171289389012602,19.9481493950032811,19.9652783339045413,19.9481493950032811,10000000000000,10000000000000,0,false,false,5089128700777.7830728106761975,5076960232382.9196881694735177,12168468394.8633846412026798,true,true,10000000000000,10000000000000,0,false,false,5482998515717.6582325562380297,5417387189637.6086847463201239,65611326080.0495478099179058,true,true,10000000000000,10000000000000,0,false,false,5975335784392.5029323596238551,5842920886205.9696804269005366,132414898186.5332519327233185,true,true
7,0x3416cf6c708da44db2624d63ea0aaef7113527c6,25259064,1,56615000117129627,13,S7_P13,-5:7,0xc36442b4a4522e871399cd717abdd847ab11fe88:-5:7,0xc36442b4a4522e871399cd717abdd847ab11fe88,-5,7,205711759589762,0.0036335204303483,12,6,6,6,17142646632480.1666666666666667,0.0003027933691957,0.9595978346145119,127.7316475502712154,0.004430485773952,15.0689245321944789,15.0733550179684309,15.0689245321944789,10000000000000,10000000000000,0,false,false,5089128700777.7830728106761975,5079718210170.6943707877380525,9410490607.088702022938145,true,true,10000000000000,10000000000000,0,false,false,5482998515717.6582325562380297,5431809932479.0841670703019661,51188583238.5740654859360636,true,true,10000000000000,10000000000000,0,false,false,5975335784392.5029323596238551,5871924585364.5719125044625482,103411199027.9310198551613069,true,true
7,0x3416cf6c708da44db2624d63ea0aaef7113527c6,25259064,1,56615000117129627,14,S7_P14,0:5,0x8c209c15835cccb2984701b52651d2c8d83aa442:0:5,0x8c209c15835cccb2984701b52651d2c8d83aa442,0,5,326274646150141,0.0057630423999844,5,1,4,1,65254929230028.2,0.0011526084799969,0.9595978346145119,127.7316475502712154,0.0052287709641449,15.0188744686235869,15.0241032395877318,15.0188744686235869,10000000000000,10000000000000,0,false,false,5089128700777.7830728106761975,5079722134170.0331674887359428,9406566607.7499053219402547,true,true,10000000000000,10000000000000,0,false,false,5482998515717.6582325562380297,5431943148831.9709875433556931,51055366885.6872450128823366,true,true,10000000000000,10000000000000,0,false,false,5975335784392.5029323596238551,5872219417159.3923874699579233,103116367233.1105448896659318,true,true
7,0x3416cf6c708da44db2624d63ea0aaef7113527c6,25259064,1,56615000117129627,15,S7_P15,-10:6,0xc36442b4a4522e871399cd717abdd847ab11fe88:-10:6,0xc36442b4a4522e871399cd717abdd847ab11fe88,-10,6,226489100298215,0.0040005139950479,16,11,5,5,14155568768638.4375,0.0002500321246905,0.9595978346145119,127.7316475502712154,0.0048805864654146,13.4982671704872284,13.503147756952643,13.4982671704872284,10000000000000,10000000000000,0,false,false,5089128700777.7830728106761975,5080596430557.9303084277857285,8532270219.852764382890469,true,true,10000000000000,10000000000000,0,false,false,5482998515717.6582325562380297,5436626214118.7240685762123405,46372301598.9341639800256892,true,true,10000000000000,10000000000000,0,false,false,5975335784392.5029323596238551,5881663443569.7167688427012956,93672340822.7861635169225595,true,true
7,0x3416cf6c708da44db2624d63ea0aaef7113527c6,25259064,1,56615000117129627,16,S7_P16,-1:3,0xc36442b4a4522e871399cd717abdd847ab11fe88:-1:3,0xc36442b4a4522e871399cd717abdd847ab11fe88,-1,3,358158047879252,0.0063262041356225,4,2,2,2,89539511969813,0.0015815510339056,0.9595978346145119,127.7316475502712154,0.0077441903218105,6.7090154736985398,6.7167596640203503,6.7090154736985398,10000000000000,10000000000000,0,false,false,5089128700777.7830728106761975,5084631230929.1393833677386322,4497469848.6436894429375653,true,true,10000000000000,10000000000000,0,false,false,5482998515717.6582325562380297,5458748193664.87230372313404,24250322052.7859288331039897,true,true,10000000000000,10000000000000,0,false,false,5975335784392.5029323596238551,5926394397084.5382041269004547,48941387307.9647282327234004,true,true
7,0x3416cf6c708da44db2624d63ea0aaef7113527c6,25259064,1,56615000117129627,17,S7_P17,-2:3,0xc36442b4a4522e871399cd717abdd847ab11fe88:-2:3,0xc36442b4a4522e871399cd717abdd847ab11fe88,-2,3,261936879912813,0.0046266339198251,5,3,2,2,52387375982562.6,0.000925326783965,0.9595978346145119,127.7316475502712154,0.0055015974276282,4.9022353501633508,4.907736947590979,4.9022353501633508,10000000000000,10000000000000,0,false,false,5089128700777.7830728106761975,5085797443491.1052407000107618,3331257286.6778321106654357,true,true,10000000000000,10000000000000,0,false,false,5482998515717.6582325562380297,5465036368242.682469889542061,17962147474.9757626666959687,true,true,10000000000000,10000000000000,0,false,false,5975335784392.5029323596238551,5939085024182.154006376456185,36250760210.3489259831676701,true,true
7,0x3416cf6c708da44db2624d63ea0aaef7113527c6,25259064,1,56615000117129627,18,S7_P18,-5:2,0xc36442b4a4522e871399cd717abdd847ab11fe88:-5:2,0xc36442b4a4522e871399cd717abdd847ab11fe88,-5,2,439209229176261,0.0077578243975552,7,6,1,1,62744175596608.7142857142857143,0.0011082606282222,0.9595978346145119,127.7316475502712154,0.0095166558147558,2.2652232483183457,2.2747399041331015,2.2652232483183457,10000000000000,10000000000000,0,false,false,5089128700777.7830728106761975,5087550488998.9318007978799534,1578211778.8512720127962441,true,true,10000000000000,10000000000000,0,false,false,5482998515717.6582325562380297,5474524323308.4041607363585432,8474192409.2540718198794865,true,true,10000000000000,10000000000000,0,false,false,5975335784392.5029323596238551,5958241616195.2443606189789354,17094168197.2585717406449197,true,true
7,0x3416cf6c708da44db2624d63ea0aaef7113527c6,25259064,1,56615000117129627,19,S7_P19,-3:2,0xc36442b4a4522e871399cd717abdd847ab11fe88:-3:2,0xc36442b4a4522e871399cd717abdd847ab11fe88,-3,2,139078763300769,0.0024565709266631,5,4,1,1,27815752660153.8,0.0004913141853326,0.9595978346145119,127.7316475502712154,0.0029902535178593,0.7167446319371454,0.7197348854550047,0.7167446319371454,10000000000000,10000000000000,0,false,false,5089128700777.7830728106761975,5088623284712.590368554060082,505416065.1927042566161155,true,true,10000000000000,10000000000000,0,false,false,5482998515717.6582325562380297,5480284693702.1292088236400911,2713822015.5290237325979386,true,true,10000000000000,10000000000000,0,false,false,5975335784392.5029323596238551,5969861454939.052884180854025,5474329453.4500481787698301,true,true
7,0x3416cf6c708da44db2624d63ea0aaef7113527c6,25259064,1,56615000117129627,20,S7_P20,-2:2,0xc36442b4a4522e871399cd717abdd847ab11fe88:-2:2,0xc36442b4a4522e871399cd717abdd847ab11fe88,-2,2,137623130535267,0.0024308598472232,4,3,1,1,34405782633816.75,0.0006077149618058,0.9595978346145119,127.7316475502712154,0.0028831072494543,0.7092403395805209,0.7121234468299752,0.7092403395805209,10000000000000,10000000000000,0,false,false,5089128700777.7830728106761975,5088628547038.5463960618475247,500153739.2366767488286728,true,true,10000000000000,10000000000000,0,false,false,5482998515717.6582325562380297,5480312949663.9023599330593615,2685566053.7558726231786682,true,true,10000000000000,10000000000000,0,false,false,5975335784392.5029323596238551,5969918452945.5973147720741575,5417331446.9056175875496976,true,true
8,0x3416cf6c708da44db2624d63ea0aaef7113527c6,25249064,7,18758138934213104,1,S8_P1,5:11,0xc36442b4a4522e871399cd717abdd847ab11fe88:5:11,0xc36442b4a4522e871399cd717abdd847ab11fe88,5,11,2559728915927786,0.1364596415937126,6,2,4,2,426621485987964.3333333333333333,0.0227432735989521,2.4267350087431342,12586.5304213408872546,0.2768735099316905,4356.4143466805053183,4356.6912201904370088,4356.4143466805053183,10000000000000,10000000000000,0,false,false,1004304144386.7135745378109686,1003203450028.1543982413440486,1100694358.55917629646692,true,true,10000000000000,10000000000000,0,false,false,1019372661688.9035660005110174,1013728145821.529911225641916,5644515867.3736547748691014,true,true,10000000000000,10000000000000,0,false,false,1038208308316.6414556309428222,1026884015563.2494025315284362,11324292753.392053099414386,true,true
8,0x3416cf6c708da44db2624d63ea0aaef7113527c6,25249064,7,18758138934213104,2,S8_P2,7:8,0xc36442b4a4522e871399cd717abdd847ab11fe88:7:8,0xc36442b4a4522e871399cd717abdd847ab11fe88,7,8,10135094036950349,0.5403038154528687,1,0,1,0,10135094036950349,0.5403038154528687,2.4267350087431342,12586.5304213408872546,1.6047244537668783,2036.0954185817772501,2037.7001430355441284,2036.0954185817772501,10000000000000,10000000000000,0,false,false,1004304144386.7135745378109686,1003625640720.4255920770496892,678503666.2879824607612794,true,true,10000000000000,10000000000000,0,false,false,1019372661688.9035660005110174,1016164476284.6308917512511382,3208185404.2726742492598792,true,true,10000000000000,10000000000000,0,false,false,1038208308316.6414556309428222,1031838020739.8868158154036478,6370287576.7546398155391744,true,true
8,0x3416cf6c708da44db2624d63ea0aaef7113527c6,25249064,7,18758138934213104,3,S8_P3,-11:9,0xc36442b4a4522e871399cd717abdd847ab11fe88:-11:9,0xc36442b4a4522e871399cd717abdd847ab11fe88,-11,9,1922566437079320,0.1024923871084427,20,18,2,2,96128321853966,0.0051246193554221,2.4267350087431342,12586.5304213408872546,0.2022269480825137,1194.0749758551109002,1194.2772028031934139,1194.0749758551109002,10000000000000,10000000000000,0,false,false,1004304144386.7135745378109686,1003900756374.0104583830439082,403388012.7031161547670604,true,true,10000000000000,10000000000000,0,false,false,1019372661688.9035660005110174,1017374969803.6333133216095414,1997691885.270252678901476,true,true,10000000000000,10000000000000,0,false,false,1038208308316.6414556309428222,1034217736590.6620821458449548,3990571725.9793734850978674,true,true
8,0x3416cf6c708da44db2624d63ea0aaef7113527c6,25249064,7,18758138934213104,4,S8_P4,-41:59,0xc36442b4a4522e871399cd717abdd847ab11fe88:-41:59,0xc36442b4a4522e871399cd717abdd847ab11fe88,-41,59,41923930379628,0.0022349728044269,100,48,52,48,419239303796.28,0.0000223497280443,2.4267350087431342,12586.5304213408872546,0.0040798682657008,909.4538289343168773,909.4579088025825781,909.4538289343168773,10000000000000,10000000000000,0,false,false,1004304144386.7135745378109686,1004010186956.5811425679828284,293957430.1324319698281402,true,true,10000000000000,10000000000000,0,false,false,1019372661688.9035660005110174,1017832920439.5332989952322226,1539741249.3702670052787948,true,true,10000000000000,10000000000000,0,false,false,1038208308316.6414556309428222,1035111337293.2233944537797794,3096971023.4180611771630428,true,true
8,0x3416cf6c708da44db2624d63ea0aaef7113527c6,25249064,7,18758138934213104,5,S8_P5,7:10,0xc36442b4a4522e871399cd717abdd847ab11fe88:7:10,0xc36442b4a4522e871399cd717abdd847ab11fe88,7,10,825297080311842,0.0439967463300198,3,0,3,0,275099026770614,0.0146655821100066,2.4267350087431342,12586.5304213408872546,0.0828924847729175,851.5180495102499645,851.600941995022882,851.5180495102499645,10000000000000,10000000000000,0,false,false,1004304144386.7135745378109686,1004016594457.6775838662636128,287549929.0359906715473558,true,true,10000000000000,10000000000000,0,false,false,1019372661688.9035660005110174,1017912560915.6226492005197366,1460100773.2809167999912808,true,true,10000000000000,10000000000000,0,false,false,1038208308316.6414556309428222,1035282518988.0542810948824492,2925789328.587174536060373,true,true
8,0x3416cf6c708da44db2624d63ea0aaef7113527c6,25249064,7,18758138934213104,6,S8_P6,-27:19,0xc36442b4a4522e871399cd717abdd847ab11fe88:-27:19,0xc36442b4a4522e871399cd717abdd847ab11fe88,-27,19,140920299016803,0.0075124882863394,46,34,12,12,3063484761234.8478260869565217,0.0001633149627465,2.4267350087431342,12586.5304213408872546,0.0137678310076418,673.1953330276332773,673.2091008586409191,673.1953330276332773,10000000000000,10000000000000,0,false,false,1004304144386.7135745378109686,1004080305400.3086079803755296,223838986.404966557435439,true,true,10000000000000,10000000000000,0,false,false,1019372661688.9035660005110174,1018206439292.5989790672537012,1166222396.3045869332573162,true,true,10000000000000,10000000000000,0,false,false,1038208308316.6414556309428222,1035864106657.9621430768797876,2344201658.6793125540630346,true,true
8,0x3416cf6c708da44db2624d63ea0aaef7113527c6,25249064,7,18758138934213104,7,S8_P7,-30:31,0xc36442b4a4522e871399cd717abdd847ab11fe88:-30:31,0xc36442b4a4522e871399cd717abdd847ab11fe88,-30,31,65477517391230,0.0034906190651891,61,37,24,24,1073401924446.3934426229508197,0.0000572232633638,2.4267350087431342,12586.5304213408872546,0.0063779611126059,639.3206030916321944,639.3269810527448003,639.3206030916321944,10000000000000,10000000000000,0,false,false,1004304144386.7135745378109686,1004091818513.923556726553091,212325872.7900178112578776,true,true,10000000000000,10000000000000,0,false,false,1019372661688.9035660005110174,1018262543953.632501027912073,1110117735.2710649725989444,true,true,10000000000000,10000000000000,0,false,false,1038208308316.6414556309428222,1035975950753.2688815556391724,2232357563.3725740753036498,true,true
8,0x3416cf6c708da44db2624d63ea0aaef7113527c6,25249064,7,18758138934213104,8,S8_P8,6:10,0x8c209c15835cccb2984701b52651d2c8d83aa442:6:10,0x8c209c15835cccb2984701b52651d2c8d83aa442,6,10,407718513605175,0.0217355524999089,4,1,3,1,101929628401293.75,0.0054338881249772,2.4267350087431342,12586.5304213408872546,0.0199096586026666,411.6135778724869175,411.6334875310895841,411.6135778724869175,10000000000000,10000000000000,0,false,false,1004304144386.7135745378109686,1004159368145.0816541702146278,144776241.6319203675963408,true,true,10000000000000,10000000000000,0,false,false,1019372661688.9035660005110174,1018637353986.9943448170686838,735307701.9092211834423336,true,true,10000000000000,10000000000000,0,false,false,1038208308316.6414556309428222,1036734836289.3852081256362538,1473472027.2562475053065684,true,true
8,0x3416cf6c708da44db2624d63ea0aaef7113527c6,25249064,7,18758138934213104,9,S8_P9,6:8,0xc36442b4a4522e871399cd717abdd847ab11fe88:6:8,0xc36442b4a4522e871399cd717abdd847ab11fe88,6,8,1635975868067357,0.0872141886679114,2,1,1,1,817987934033678.5,0.0436070943339557,2.4267350087431342,12586.5304213408872546,0.0812254332023627,302.2953618653421863,302.376587298544549,302.2953618653421863,10000000000000,10000000000000,0,false,false,1004304144386.7135745378109686,1004187115498.8841104650285434,117028887.8294640727824252,true,true,10000000000000,10000000000000,0,false,false,1019372661688.9035660005110174,1018817421786.5350838500522978,555239902.3684821504587196,true,true,10000000000000,10000000000000,0,false,false,1038208308316.6414556309428222,1037105304646.0992008833887346,1103003670.5422547475540876,true,true
8,0x3416cf6c708da44db2624d63ea0aaef7113527c6,25249064,7,18758138934213104,10,S8_P10,-11:10,0xc36442b4a4522e871399cd717abdd847ab11fe88:-11:10,0xc36442b4a4522e871399cd717abdd847ab11fe88,-11,10,200410811646949,0.0106839389744266,21,18,3,3,9543371983188.0476190476190476,0.0005087589987822,2.4267350087431342,12586.5304213408872546,0.0196265151805659,200.1852651596183425,200.2048916747989084,200.1852651596183425,10000000000000,10000000000000,0,false,false,1004304144386.7135745378109686,1004232297345.4591286011742392,71847041.2544459366367294,true,true,10000000000000,10000000000000,0,false,false,1019372661688.9035660005110174,1019007715098.533325953784802,364946590.3702400467262154,true,true,10000000000000,10000000000000,0,false,false,1038208308316.6414556309428222,1037476987289.8762727955763774,731321026.7651828353664448,true,true
8,0x3416cf6c708da44db2624d63ea0aaef7113527c6,25249064,7,18758138934213104,11,S8_P11,-10:10,0xc36442b4a4522e871399cd717abdd847ab11fe88:-10:10,0xc36442b4a4522e871399cd717abdd847ab11fe88,-10,10,189280610976063,0.0100905858326293,20,17,3,3,9464030548803.15,0.0005045292916315,2.4267350087431342,12586.5304213408872546,0.0185282842947025,188.9602780224629679,188.9788063067576704,188.9602780224629679,10000000000000,10000000000000,0,false,false,1004304144386.7135745378109686,1004236252493.0061233989126396,67891893.707451138898329,true,true,10000000000000,10000000000000,0,false,false,1019372661688.9035660005110174,1019027803197.3644527812608974,344858491.53911321925012,true,true,10000000000000,10000000000000,0,false,false,1038208308316.6414556309428222,1037517241577.8124645847104056,691066738.8289910462324166,true,true
8,0x3416cf6c708da44db2624d63ea0aaef7113527c6,25249064,7,18758138934213104,12,S8_P12,-11:15,0xc36442b4a4522e871399cd717abdd847ab11fe88:-11:15,0xc36442b4a4522e871399cd717abdd847ab11fe88,-11,15,42435274499165,0.0022622326579407,26,18,8,8,1632125942275.5769230769230769,0.0000870089483823,2.4267350087431342,12586.5304213408872546,0.0041297122144553,128.3706850456953319,128.3748147579097872,128.3706850456953319,10000000000000,10000000000000,0,false,false,1004304144386.7135745378109686,1004258970726.1318781683298686,45173660.5816963694811,true,true,10000000000000,10000000000000,0,false,false,1019372661688.9035660005110174,1019138209048.0347867633503788,234452640.8687792371606386,true,true,10000000000000,10000000000000,0,false,false,1038208308316.6414556309428222,1037737256950.4133224316118306,471051366.2281331993309916,true,true
8,0x3416cf6c708da44db2624d63ea0aaef7113527c6,25249064,7,18758138934213104,13,S8_P13,-15:10,0xc36442b4a4522e871399cd717abdd847ab11fe88:-15:10,0xc36442b4a4522e871399cd717abdd847ab11fe88,-15,10,108476788212912,0.0057829184757268,25,22,3,3,4339071528516.48,0.0002313167390291,2.4267350087431342,12586.5304213408872546,0.0105844488340017,107.8488003979129281,107.8593848467469298,107.8488003979129281,10000000000000,10000000000000,0,false,false,1004304144386.7135745378109686,1004265089174.1545488712620702,39055212.5590256665488984,true,true,10000000000000,10000000000000,0,false,false,1019372661688.9035660005110174,1019174271339.1645523923336204,198390349.739013608177397,true,true,10000000000000,10000000000000,0,false,false,1038208308316.6414556309428222,1037810749045.4269567181588722,397559271.21449891278395,true,true
8,0x3416cf6c708da44db2624d63ea0aaef7113527c6,25249064,7,18758138934213104,14,S8_P14,-12:10,0xc36442b4a4522e871399cd717abdd847ab11fe88:-12:10,0xc36442b4a4522e871399cd717abdd847ab11fe88,-12,10,83022268032348,0.0044259331015468,22,19,3,3,3773739456015.8181818181818182,0.000201178777343,2.4267350087431342,12586.5304213408872546,0.0080925741271156,82.4350728901349816,82.4431654642620972,82.4350728901349816,10000000000000,10000000000000,0,false,false,1004304144386.7135745378109686,1004274218179.6137177571138348,29926207.0998567806971338,true,true,10000000000000,10000000000000,0,false,false,1019372661688.9035660005110174,1019220642272.69175032728321,152019416.2118156732278074,true,true,10000000000000,10000000000000,0,false,false,1038208308316.6414556309428222,1037903672389.0400916441084166,304635927.6013639868344056,true,true
8,0x3416cf6c708da44db2624d63ea0aaef7113527c6,25249064,7,18758138934213104,15,S8_P15,0:13,0xc36442b4a4522e871399cd717abdd847ab11fe88:0:13,0xc36442b4a4522e871399cd717abdd847ab11fe88,0,13,21707897877153,0.001157252217466,13,7,6,6,1669838298242.5384615384615385,0.0000890194013435,2.4267350087431342,12586.5304213408872546,0.0021080763703824,47.8479391507450146,47.850047227115397,47.8479391507450146,10000000000000,10000000000000,0,false,false,1004304144386.7135745378109686,1004287090419.503766873869542,17053967.2098076639414266,true,true,10000000000000,10000000000000,0,false,false,1019372661688.9035660005110174,1019284497489.0400891572741646,88164199.8634768432368528,true,true,10000000000000,10000000000000,0,false,false,1038208308316.6414556309428222,1038031256325.9605920870441288,177051990.6808635438986934,true,true
8,0x3416cf6c708da44db2624d63ea0aaef7113527c6,25249064,7,18758138934213104,16,S8_P16,-3:13,0xc36442b4a4522e871399cd717abdd847ab11fe88:-3:13,0xc36442b4a4522e871399cd717abdd847ab11fe88,-3,13,20566706601080,0.0010964150907086,16,10,6,6,1285419162567.5,0.0000685259431693,2.4267350087431342,12586.5304213408872546,0.0019997761142314,45.3267332916030555,45.3287330677172869,45.3267332916030555,10000000000000,10000000000000,0,false,false,1004304144386.7135745378109686,1004287984998.0833600633151802,16159388.6302144744957884,true,true,10000000000000,10000000000000,0,false,false,1019372661688.9035660005110174,1019289122260.4361248287367362,83539428.4674411717742812,true,true,10000000000000,10000000000000,0,false,false,1038208308316.6414556309428222,1038040543838.3770807855136812,167764478.264374845429141,true,true
8,0x3416cf6c708da44db2624d63ea0aaef7113527c6,25249064,7,18758138934213104,17,S8_P17,-13:11,0xc36442b4a4522e871399cd717abdd847ab11fe88:-13:11,0xc36442b4a4522e871399cd717abdd847ab11fe88,-13,11,29446326802810,0.0015697893541615,24,20,4,4,1226930283450.4166666666666667,0.0000654078897567,2.4267350087431342,12586.5304213408872546,0.0028641787229958,41.0790907555360426,41.0819549342590384,41.0790907555360426,10000000000000,10000000000000,0,false,false,1004304144386.7135745378109686,1004289340784.3918149534157452,14803602.3217595843952234,true,true,10000000000000,10000000000000,0,false,false,1019372661688.9035660005110174,1019296767463.3461615918634054,75894225.557404408647612,true,true,10000000000000,10000000000000,0,false,false,1038208308316.6414556309428222,1038056050812.0387946633804228,152257504.6026609675623994,true,true
8,0x3416cf6c708da44db2624d63ea0aaef7113527c6,25249064,7,18758138934213104,18,S8_P18,-12:8,0xc36442b4a4522e871399cd717abdd847ab11fe88:-12:8,0xc36442b4a4522e871399cd717abdd847ab11fe88,-12,8,97811871902207,0.0052143697327994,20,19,1,1,4890593595110.35,0.00026071848664,2.4267350087431342,12586.5304213408872546,0.0095397911040305,17.8150117496735924,17.8245515407776229,17.8150117496735924,10000000000000,10000000000000,0,false,false,1004304144386.7135745378109686,1004297060685.4541896991537128,7083701.2593848386572558,true,true,10000000000000,10000000000000,0,false,false,1019372661688.9035660005110174,1019339026612.5994685222141092,33635076.3040974782969082,true,true,10000000000000,10000000000000,0,false,false,1038208308316.6414556309428222,1038141484021.5312672020679766,66824295.1101884288748456,true,true
8,0x3416cf6c708da44db2624d63ea0aaef7113527c6,25249064,7,18758138934213104,19,S8_P19,-9:8,0xc36442b4a4522e871399cd717abdd847ab11fe88:-9:8,0xc36442b4a4522e871399cd717abdd847ab11fe88,-9,8,44709233925034,0.002383457872971,17,16,1,1,2629954936766.7058823529411765,0.0001402034042924,2.4267350087431342,12586.5304213408872546,0.004351400444065,8.1391163020943956,8.1434677025384606,8.1391163020943956,10000000000000,10000000000000,0,false,false,1004304144386.7135745378109686,1004300905085.7191808215856988,3239300.9943937162252698,true,true,10000000000000,10000000000000,0,false,false,1019372661688.9035660005110174,1019357280284.8315549124822806,15381404.0720110880287368,true,true,10000000000000,10000000000000,0,false,false,1038208308316.6414556309428222,1038177749283.72172229956045,30559032.9197333313823722,true,true
8,0x3416cf6c708da44db2624d63ea0aaef7113527c6,25249064,7,18758138934213104,20,S8_P20,-16:8,0xc36442b4a4522e871399cd717abdd847ab11fe88:-16:8,0xc36442b4a4522e871399cd717abdd847ab11fe88,-16,8,30597908364530,0.0016311803890482,24,23,1,1,1274912848522.0833333333333333,0.0000679658495437,2.4267350087431342,12586.5304213408872546,0.0029763274082806,5.5694816563775482,5.5724579837858288,5.5694816563775482,10000000000000,10000000000000,0,false,false,1004304144386.7135745378109686,1004301927237.1404747687616156,2217149.573099769049353,true,true,10000000000000,10000000000000,0,false,false,1019372661688.9035660005110174,1019362133756.7894425044557448,10527932.1141234960552726,true,true,10000000000000,10000000000000,0,false,false,1038208308316.6414556309428222,1038187391906.3508523251017782,20916410.290603305841044,true,true
12,0x3416cf6c708da44db2624d63ea0aaef7113527c6,25209064,9,23383340545465517,1,S12_P1,9:11,0xc36442b4a4522e871399cd717abdd847ab11fe88:9:11,0xc36442b4a4522e871399cd717abdd847ab11fe88,9,11,7990893563444687,0.3417344732206911,2,0,2,0,3995446781722343.5,0.1708672366103456,2.5931685587564808,27566.7257846638017155,1.5983211947114839,21708.3457728403154758,21709.9440940350269597,21708.3457728403154758,10000000000000,10000000000000,0,false,false,1002362133619.7641691676365944,502549623089.50210391783331,499812510530.2620652498032844,true,true,10000000000000,10000000000000,0,false,false,1008427580834.0905781956410712,512002207063.959457828747275,496425373770.1311203668937962,true,true,10000000000000,10000000000000,0,false,false,1016009389851.9989898684258476,523817937032.03117524162593,492191452819.9678146267999176,true,true
12,0x3416cf6c708da44db2624d63ea0aaef7113527c6,25209064,9,23383340545465517,2,S12_P2,5:11,0xc36442b4a4522e871399cd717abdd847ab11fe88:5:11,0xc36442b4a4522e871399cd717abdd847ab11fe88,5,11,2559728915927786,0.1094680595764649,6,4,2,2,426621485987964.3333333333333333,0.0182446765960775,2.5931685587564808,27566.7257846638017155,0.3851890629504675,4798.5013861607898689,4798.8865752237403364,4798.5013861607898689,10000000000000,10000000000000,0,false,false,1002362133619.7641691676365944,1001827818111.8448632157922704,534315507.919305951844324,true,true,10000000000000,10000000000000,0,false,false,1008427580834.0905781956410712,1006919088476.6458355652646992,1508492357.444742630376372,true,true,10000000000000,10000000000000,0,false,false,1016009389851.9989898684258476,1013283176432.6466506143260548,2726213419.3523392540997928,true,true
12,0x3416cf6c708da44db2624d63ea0aaef7113527c6,25209064,9,23383340545465517,3,S12_P3,9:10,0xc36442b4a4522e871399cd717abdd847ab11fe88:9:10,0xc36442b4a4522e871399cd717abdd847ab11fe88,9,10,10104062717905184,0.4321051860943178,1,0,1,0,10104062717905184,0.4321051860943178,2.5931685587564808,27566.7257846638017155,2.3032942625157893,4438.4461638911085944,4440.7494581536243837,4438.4461638911085944,10000000000000,10000000000000,0,false,false,1002362133619.7641691676365944,1001870651361.9792841841411752,491482257.7848849834954192,true,true,10000000000000,10000000000000,0,false,false,1008427580834.0905781956410712,1007024017299.1281166531241692,1403563534.962461542516902,true,true,10000000000000,10000000000000,0,false,false,1016009389851.9989898684258476,1013465724720.5638569485185264,2543665131.4351329199073212,true,true
12,0x3416cf6c708da44db2624d63ea0aaef7113527c6,25209064,9,23383340545465517,4,S12_P4,-41:59,0xc36442b4a4522e871399cd717abdd847ab11fe88:-41:59,0xc36442b4a4522e871399cd717abdd847ab11fe88,-41,59,41923930379628,0.0017928973962515,100,50,50,50,419239303796.28,0.0000179289739625,2.5931685587564808,27566.7257846638017155,0.0057083893558894,2805.3851319330855445,2805.3908403224414339,2805.3851319330855445,10000000000000,10000000000000,0,false,false,1002362133619.7641691676365944,1002215815092.3880705972096736,146318527.3760985704269208,true,true,10000000000000,10000000000000,0,false,false,1008427580834.0905781956410712,1007670704810.8960831271156412,756876023.19449506852543,true,true,10000000000000,10000000000000,0,false,false,1016009389851.9989898684258476,1014489316959.0309986925533056,1520072892.967991175872542,true,true
12,0x3416cf6c708da44db2624d63ea0aaef7113527c6,25209064,9,23383340545465517,5,S12_P5,-30:31,0xc36442b4a4522e871399cd717abdd847ab11fe88:-30:31,0xc36442b4a4522e871399cd717abdd847ab11fe88,-30,31,65477517391230,0.0028001780696782,61,39,22,22,1073401924446.3934426229508197,0.0000459045585193,2.5931685587564808,27566.7257846638017155,0.0089227974070316,1846.211295459883375,1846.2202182572904066,1846.211295459883375,10000000000000,10000000000000,0,false,false,1002362133619.7641691676365944,1002255687637.0088608076899148,106445982.7553083599466796,true,true,10000000000000,10000000000000,0,false,false,1008427580834.0905781956410712,1007905023562.9674085618485048,522557271.1231696337925664,true,true,10000000000000,10000000000000,0,false,false,1016009389851.9989898684258476,1014966693470.4158935453811276,1042696381.58309632304472,true,true
12,0x3416cf6c708da44db2624d63ea0aaef7113527c6,25209064,9,23383340545465517,6,S12_P6,-27:19,0xc36442b4a4522e871399cd717abdd847ab11fe88:-27:19,0xc36442b4a4522e871399cd717abdd847ab11fe88,-27,19,140920299016803,0.0060265255403865,46,36,10,10,3063484761234.8478260869565217,0.000131011424791,2.5931685587564808,27566.7257846638017155,0.0192543354239182,1730.9500721367222042,1730.9693264721461224,1730.9500721367222042,10000000000000,10000000000000,0,false,false,1002362133619.7641691676365944,1002237485995.0077872939664884,124647624.756381873670106,true,true,10000000000000,10000000000000,0,false,false,1008427580834.0905781956410712,1007911165348.6467109817917892,516415485.443867213849282,true,true,10000000000000,10000000000000,0,false,false,1016009389851.9989898684258476,1015003264540.6949652037942348,1006125311.3040246646316128,true,true
12,0x3416cf6c708da44db2624d63ea0aaef7113527c6,25209064,9,23383340545465517,7,S12_P7,7:10,0xc36442b4a4522e871399cd717abdd847ab11fe88:7:10,0xc36442b4a4522e871399cd717abdd847ab11fe88,7,10,825297080311842,0.0352942334610904,3,2,1,1,275099026770614,0.0117647444870301,2.5931685587564808,27566.7257846638017155,0.1155322887382445,324.2741922329652254,324.3897245217034699,324.2741922329652254,10000000000000,10000000000000,0,false,false,1002362133619.7641691676365944,1002332215113.2331728339501672,29918506.5309963336864272,true,true,10000000000000,10000000000000,0,false,false,1008427580834.0905781956410712,1008320214185.1693727964493192,107366648.921205399191752,true,true,10000000000000,10000000000000,0,false,false,1016009389851.9989898684258476,1015805213025.0896227495732592,204176826.9093671188525884,true,true
12,0x3416cf6c708da44db2624d63ea0aaef7113527c6,25209064,9,23383340545465517,8,S12_P8,8:10,0x8c209c15835cccb2984701b52651d2c8d83aa442:8:10,0x8c209c15835cccb2984701b52651d2c8d83aa442,8,10,813235734186041,0.0347784240923499,2,1,1,1,406617867093020.5,0.017389212046175,2.5931685587564808,27566.7257846638017155,0.0495796656676831,319.4912499145039877,319.5408295801716708,319.4912499145039877,10000000000000,10000000000000,0,false,false,1002362133619.7641691676365944,1002332660874.0697691463372204,29472745.694400021299374,true,true,10000000000000,10000000000000,0,false,false,1008427580834.0905781956410712,1008321787893.2590712489978984,105792940.8315069466431728,true,true,10000000000000,10000000000000,0,false,false,1016009389851.9989898684258476,1015808196667.2459991681581312,201193184.7529907002677164,true,true
12,0x3416cf6c708da44db2624d63ea0aaef7113527c6,25209064,9,23383340545465517,9,S12_P9,-30:27,0xc36442b4a4522e871399cd717abdd847ab11fe88:-30:27,0xc36442b4a4522e871399cd717abdd847ab11fe88,-30,27,14211454915761,0.000607759823201,57,39,18,18,249323770451.9473684210526316,0.0000106624530386,2.5931685587564808,27566.7257846638017155,0.0019331712956838,311.8057974501960715,311.8077306214917553,311.8057974501960715,10000000000000,10000000000000,0,false,false,1002362133619.7641691676365944,1002342959939.9933362906387456,19173679.7708328769978488,true,true,10000000000000,10000000000000,0,false,false,1008427580834.0905781956410712,1008333882444.8407148935824376,93698389.2498633020586336,true,true,10000000000000,10000000000000,0,false,false,1016009389851.9989898684258476,1015822535575.8997379533724624,186854276.0992519150533852,true,true
12,0x3416cf6c708da44db2624d63ea0aaef7113527c6,25209064,9,23383340545465517,10,S12_P10,-11:15,0xc36442b4a4522e871399cd717abdd847ab11fe88:-11:15,0xc36442b4a4522e871399cd717abdd847ab11fe88,-11,15,42435274499165,0.0018147652777265,26,20,6,6,1632125942275.5769230769230769,0.0000697986645279,2.5931685587564808,27566.7257846638017155,0.0057781193356609,285.474636416868745,285.4804145362044059,285.474636416868745,10000000000000,10000000000000,0,false,false,1002362133619.7641691676365944,1002340043994.0025076302920148,22089625.7616615373445796,true,true,10000000000000,10000000000000,0,false,false,1008427580834.0905781956410712,1008337197426.7682523104316952,90383407.322325885209376,true,true,10000000000000,10000000000000,0,false,false,1016009389851.9989898684258476,1015833639217.7255332575510908,175750634.2734566108747568,true,true
12,0x3416cf6c708da44db2624d63ea0aaef7113527c6,25209064,9,23383340545465517,11,S12_P11,0:13,0xc36442b4a4522e871399cd717abdd847ab11fe88:0:13,0xc36442b4a4522e871399cd717abdd847ab11fe88,0,13,21714052762992,0.0009286120911925,13,9,4,4,1670311750999.3846153846153846,0.0000714316993225,2.5931685587564808,27566.7257846638017155,0.0029545155386452,90.550397920313652,90.5533524358522972,90.550397920313652,10000000000000,10000000000000,0,false,false,1002362133619.7641691676365944,1002354656304.194105168013792,7477315.5700639996228024,true,true,10000000000000,10000000000000,0,false,false,1008427580834.0905781956410712,1008398274240.1032070980379048,29306593.9873710976031664,true,true,10000000000000,10000000000000,0,false,false,1016009389851.9989898684258476,1015952796659.9893843166784556,56593192.009605551747392,true,true
12,0x3416cf6c708da44db2624d63ea0aaef7113527c6,25209064,9,23383340545465517,12,S12_P12,-3:13,0xc36442b4a4522e871399cd717abdd847ab11fe88:-3:13,0xc36442b4a4522e871399cd717abdd847ab11fe88,-3,13,20566706601080,0.0008795452711768,16,12,4,4,1285419162567.5,0.0000549715794486,2.5931685587564808,27566.7257846638017155,0.0027982915522012,85.7539416181200076,85.7567399096722088,85.7539416181200076,10000000000000,10000000000000,0,false,false,1002362133619.7641691676365944,1002355053886.9674120449643628,7079732.7967571226722316,true,true,10000000000000,10000000000000,0,false,false,1008427580834.0905781956410712,1008399824174.107489099508424,27756659.9830890961326472,true,true,10000000000000,10000000000000,0,false,false,1016009389851.9989898684258476,1015955787033.033085902412476,53602818.9659039660133716,true,true
12,0x3416cf6c708da44db2624d63ea0aaef7113527c6,25209064,9,23383340545465517,13,S12_P13,-10:10,0xc36442b4a4522e871399cd717abdd847ab11fe88:-10:10,0xc36442b4a4522e871399cd717abdd847ab11fe88,-10,10,204285553865842,0.0087363716689084,20,19,1,1,10214277693292.1,0.0004368185834454,2.5931685587564808,27566.7257846638017155,0.0279741989018383,79.7046285794059114,79.7326027783077497,79.7046285794059114,10000000000000,10000000000000,0,false,false,1002362133619.7641691676365944,1002354838728.2722725097536508,7294891.4918966578829436,true,true,10000000000000,10000000000000,0,false,false,1008427580834.0905781956410712,1008401064358.331110901448818,26516475.7594672941922532,true,true,10000000000000,10000000000000,0,false,false,1016009389851.9989898684258476,1015958846395.9048590849573672,50543456.0941307834684804,true,true
12,0x3416cf6c708da44db2624d63ea0aaef7113527c6,25209064,9,23383340545465517,14,S12_P14,-11:10,0xc36442b4a4522e871399cd717abdd847ab11fe88:-11:10,0xc36442b4a4522e871399cd717abdd847ab11fe88,-11,10,200410811646949,0.0085706664219887,21,20,1,1,9543371983188.0476190476190476,0.0004081269724757,2.5931685587564808,27566.7257846638017155,0.0274398697711739,78.1894271425591876,78.2168670123303615,78.1894271425591876,10000000000000,10000000000000,0,false,false,1002362133619.7641691676365944,1002354977768.3154100847467524,7155851.448759082889842,true,true,10000000000000,10000000000000,0,false,false,1008427580834.0905781956410712,1008401567667.4393280490504268,26013166.6512501465906444,true,true,10000000000000,10000000000000,0,false,false,1016009389851.9989898684258476,1015959805041.3440253105404296,49584810.654964557885418,true,true
12,0x3416cf6c708da44db2624d63ea0aaef7113527c6,25209064,9,23383340545465517,15,S12_P15,-13:11,0xc36442b4a4522e871399cd717abdd847ab11fe88:-13:11,0xc36442b4a4522e871399cd717abdd847ab11fe88,-13,11,29446326802810,0.0012592865739416,24,22,2,2,1226930283450.4166666666666667,0.0000524702739142,2.5931685587564808,27566.7257846638017155,0.0040076867632966,48.5365525112859627,48.5405601980492593,48.5365525112859627,10000000000000,10000000000000,0,false,false,1002362133619.7641691676365944,1002357841705.9240508614392516,4291913.8401183061973428,true,true,10000000000000,10000000000000,0,false,false,1008427580834.0905781956410712,1008411569011.49457673173853,16011822.5960014639025412,true,true,10000000000000,10000000000000,0,false,false,1016009389851.9989898684258476,1015978728143.4581344573918084,30661708.5408554110340392,true,true
12,0x3416cf6c708da44db2624d63ea0aaef7113527c6,25209064,9,23383340545465517,16,S12_P16,-15:10,0xc36442b4a4522e871399cd717abdd847ab11fe88:-15:10,0xc36442b4a4522e871399cd717abdd847ab11fe88,-15,10,108476788212912,0.0046390629261031,25,24,1,1,4339071528516.48,0.0001855625170441,2.5931685587564808,27566.7257846638017155,0.0148046681468386,42.2778708599095725,42.2926755280564111,42.2778708599095725,10000000000000,10000000000000,0,false,false,1002362133619.7641691676365944,1002358269037.0092665059135028,3864582.7549026617230916,true,true,10000000000000,10000000000000,0,false,false,1008427580834.0905781956410712,1008413505301.0248752059891264,14075533.0657029896519448,true,true,10000000000000,10000000000000,0,false,false,1016009389851.9989898684258476,1015982550631.0446863719180412,26839220.9543034965078064,true,true
12,0x3416cf6c708da44db2624d63ea0aaef7113527c6,25209064,9,23383340545465517,17,S12_P17,-12:10,0xc36442b4a4522e871399cd717abdd847ab11fe88:-12:10,0xc36442b4a4522e871399cd717abdd847ab11fe88,-12,10,83022268032348,0.0035504879155706,22,21,1,1,3773739456015.8181818181818182,0.0001613858143441,2.5931685587564808,27566.7257846638017155,0.0113206070185634,32.3479084800696576,32.359229087088221,32.3479084800696576,10000000000000,10000000000000,0,false,false,1002362133619.7641691676365944,1002359177719.6486098438434748,2955900.1155593237931196,true,true,10000000000000,10000000000000,0,false,false,1008427580834.0905781956410712,1008416809174.3472281698456576,10771659.7433500257954136,true,true,10000000000000,10000000000000,0,false,false,1016009389851.9989898684258476,1015988848492.7206011742931812,20541359.2783886941326664,true,true
12,0x3416cf6c708da44db2624d63ea0aaef7113527c6,25209064,9,23383340545465517,18,S12_P18,-9:11,0xc36442b4a4522e871399cd717abdd847ab11fe88:-9:11,0xc36442b4a4522e871399cd717abdd847ab11fe88,-9,11,9427538260794,0.0004031732866595,20,18,2,2,471376913039.7,0.000020158664333,2.5931685587564808,27566.7257846638017155,0.0012822077114268,15.5246403624524025,15.5259225701638293,15.5246403624524025,10000000000000,10000000000000,0,false,false,1002362133619.7641691676365944,1002360762528.5207163197581252,1371091.2434528478784692,true,true,10000000000000,10000000000000,0,false,false,1008427580834.0905781956410712,1008422456137.6958341227219912,5124696.39474407291908,true,true,10000000000000,10000000000000,0,false,false,1016009389851.9989898684258476,1015999573149.1644310855924384,9816702.8345587828334092,true,true
12,0x3416cf6c708da44db2624d63ea0aaef7113527c6,25209064,9,23383340545465517,19,S12_P19,-16:10,0xc36442b4a4522e871399cd717abdd847ab11fe88:-16:10,0xc36442b4a4522e871399cd717abdd847ab11fe88,-16,10,29607985039906,0.0012661999675512,26,25,1,1,1138768655381,0.000048699998752,2.5931685587564808,27566.7257846638017155,0.0040297115162961,11.5291942288474946,11.5332239403637907,11.5291942288474946,10000000000000,10000000000000,0,false,false,1002362133619.7641691676365944,1002361080848.128931908538198,1052771.6352372590983964,true,true,10000000000000,10000000000000,0,false,false,1008427580834.0905781956410712,1008423740114.6723326176573644,3840719.4182455779837068,true,true,10000000000000,10000000000000,0,false,false,1016009389851.9989898684258476,1016002064197.8519838918355028,7325654.1470059765903448,true,true
12,0x3416cf6c708da44db2624d63ea0aaef7113527c6,25209064,9,23383340545465517,20,S12_P20,-8:10,0xc36442b4a4522e871399cd717abdd847ab11fe88:-8:10,0xc36442b4a4522e871399cd717abdd847ab11fe88,-8,10,11111704995202,0.0004751975011268,18,17,1,1,617316944177.8888888888888889,0.0000263998611737,2.5931685587564808,27566.7257846638017155,0.0015113531531893,4.3259379654068005,4.3274493185599898,4.3259379654068005,10000000000000,10000000000000,0,false,false,1002362133619.7641691676365944,1002361738701.293663617496826,394918.4705055501397684,true,true,10000000000000,10000000000000,0,false,false,1008427580834.0905781956410712,1008426139532.231509988782786,1441301.8590682068582852,true,true,10000000000000,10000000000000,0,false,false,1016009389851.9989898684258476,1016006640570.9042183406694164,2749281.0947715277564312,true,true
13,0x3416cf6c708da44db2624d63ea0aaef7113527c6,25199064,9,14289418853734451,1,S13_P1,9:10,0xc36442b4a4522e871399cd717abdd847ab11fe88:9:10,0xc36442b4a4522e871399cd717abdd847ab11fe88,9,10,10104062717905184,0.7071010249842701,1,0,1,0,10104062717905184,0.7071010249842701,2.5846906139310295,15499.2532792053917119,1.4447534712922885,4946.8581051911516118,4948.3028586624439003,4946.8581051911516118,10000000000000,10000000000000,0,false,false,1003640931708.9618493217469716,1002781039593.330909935726416,859892115.6309393860205556,true,true,10000000000000,10000000000000,0,false,false,1015335944887.4905313757886144,1011253044402.6124750768207292,4082900484.8780562989678852,true,true,10000000000000,10000000000000,0,false,false,1029954711360.6518844058371144,1021843050414.2137308556935956,8111660946.4381535501435188,true,true
13,0x3416cf6c708da44db2624d63ea0aaef7113527c6,25199064,9,14289418853734451,2,S13_P2,5:11,0xc36442b4a4522e871399cd717abdd847ab11fe88:5:11,0xc36442b4a4522e871399cd717abdd847ab11fe88,5,11,2559728915927786,0.1791345709807377,6,4,2,2,426621485987964.3333333333333333,0.029855761830123,2.5846906139310295,15499.2532792053917119,0.2623525479294901,2673.9732101305344387,2674.2355626784639288,2673.9732101305344387,10000000000000,10000000000000,0,false,false,1003640931708.9618493217469716,1003137494763.9353738020749032,503436945.0264755196720684,true,true,10000000000000,10000000000000,0,false,false,1015335944887.4905313757886144,1012837725291.9264254116990824,2498219595.564105964089532,true,true,10000000000000,10000000000000,0,false,false,1029954711360.6518844058371144,1024963013451.9152399237293064,4991697908.736644482107808,true,true
13,0x3416cf6c708da44db2624d63ea0aaef7113527c6,25199064,9,14289418853734451,3,S13_P3,-41:59,0xc36442b4a4522e871399cd717abdd847ab11fe88:-41:59,0xc36442b4a4522e871399cd717abdd847ab11fe88,-41,59,41923730222734,0.0029339002972663,100,50,50,50,419237302227.34,0.0000293390029727,2.5846906139310295,15499.2532792053917119,0.0039488976024954,1166.5298699853388078,1166.5338188829413032,1166.5298699853388078,10000000000000,10000000000000,0,false,false,1003640931708.9618493217469716,1003416737482.5697511148279756,224194226.392098206918996,true,true,10000000000000,10000000000000,0,false,false,1015335944887.4905313757886144,1014148896261.357182665257828,1187048626.1333487105307864,true,true,10000000000000,10000000000000,0,false,false,1029954711360.6518844058371144,1027564094734.8411718257972756,2390616625.8107125800398388,true,true
13,0x3416cf6c708da44db2624d63ea0aaef7113527c6,25199064,9,14289418853734451,4,S13_P4,9:12,0x8c209c15835cccb2984701b52651d2c8d83aa442:9:12,0x8c209c15835cccb2984701b52651d2c8d83aa442,9,12,542105267295298,0.0379375307592458,3,0,3,0,180701755765099.3333333333333333,0.0126458435864153,2.5846906139310295,15499.2532792053917119,0.0518822672469397,823.7866309865674222,823.8385132538143619,823.7866309865674222,10000000000000,10000000000000,0,false,false,1003640931708.9618493217469716,1003470993196.1422789518171616,169938512.81957036992981,true,true,10000000000000,10000000000000,0,false,false,1015335944887.4905313757886144,1014469226165.242915966869446,866718722.2476154089191684,true,true,10000000000000,10000000000000,0,false,false,1029954711360.6518844058371144,1028217017376.619212698181248,1737693984.0326717076558664,true,true
13,0x3416cf6c708da44db2624d63ea0aaef7113527c6,25199064,9,14289418853734451,5,S13_P5,-30:31,0xc36442b4a4522e871399cd717abdd847ab11fe88:-30:31,0xc36442b4a4522e871399cd717abdd847ab11fe88,-30,31,65477517391230,0.0045822379525335,61,39,22,22,1073401924446.3934426229508197,0.0000751186549596,2.5846906139310295,15499.2532792053917119,0.0061720637117732,784.2744939847976928,784.280666048509466,784.2744939847976928,10000000000000,10000000000000,0,false,false,1003640931708.9618493217469716,1003485483681.7909465016377672,155448027.1709028201092044,true,true,10000000000000,10000000000000,0,false,false,1015335944887.4905313757886144,1014515212938.5457266932021424,820731948.944804682586472,true,true,10000000000000,10000000000000,0,false,false,1029954711360.6518844058371144,1028302374509.48940211765619,1652336851.1624822881809244,true,true
13,0x3416cf6c708da44db2624d63ea0aaef7113527c6,25199064,9,14289418853734451,6,S13_P6,-203:198,0xc36442b4a4522e871399cd717abdd847ab11fe88:-203:198,0xc36442b4a4522e871399cd717abdd847ab11fe88,-203,198,7514479160056,0.0005258771708614,401,212,189,189,18739349526.3241895261845387,0.0000013114143912,2.5846906139310295,15499.2532792053917119,0.0007070393625353,777.4874460328773345,777.4881530722398698,777.4874460328773345,10000000000000,10000000000000,0,false,false,1003640931708.9618493217469716,1003487585482.2960126697571888,153346226.6658366519897828,true,true,10000000000000,10000000000000,0,false,false,1015335944887.4905313757886144,1014522746683.6003552976009044,813198203.89017607818771,true,true,10000000000000,10000000000000,0,false,false,1029954711360.6518844058371144,1028316698185.231484229900574,1638013175.4204001759365404,true,true
13,0x3416cf6c708da44db2624d63ea0aaef7113527c6,25199064,9,14289418853734451,7,S13_P7,-27:19,0xc36442b4a4522e871399cd717abdd847ab11fe88:-27:19,0xc36442b4a4522e871399cd717abdd847ab11fe88,-27,19,140920299016803,0.009861863555072,46,36,10,10,3063484761234.8478260869565217,0.0002143883381537,2.5846906139310295,15499.2532792053917119,0.0133151522252923,756.1286988218378123,756.1420139740631046,756.1286988218378123,10000000000000,10000000000000,0,false,false,1003640931708.9618493217469716,1003489615441.1875085943793644,151316267.7743407273676072,true,true,10000000000000,10000000000000,0,false,false,1015335944887.4905313757886144,1014541912155.1098421975111712,794032732.3806891782774432,true,true,10000000000000,10000000000000,0,false,false,1029954711360.6518844058371144,1028357283047.5130594789237976,1597428313.1388249269133168,true,true
13,0x3416cf6c708da44db2624d63ea0aaef7113527c6,25199064,9,14289418853734451,8,S13_P8,-30:27,0xc36442b4a4522e871399cd717abdd847ab11fe88:-30:27,0xc36442b4a4522e871399cd717abdd847ab11fe88,-30,27,14211454915761,0.0009945439392062,57,39,18,18,249323770451.9473684210526316,0.0000174481392843,2.5846906139310295,15499.2532792053917119,0.0013374426428325,135.0607095413254243,135.0620469839682568,135.0607095413254243,10000000000000,10000000000000,0,false,false,1003640931708.9618493217469716,1003612795479.9726420666620532,28136228.9892072550849184,true,true,10000000000000,10000000000000,0,false,false,1015335944887.4905313757886144,1015187579167.8648676714838836,148365719.6256637043047308,true,true,10000000000000,10000000000000,0,false,false,1029954711360.6518844058371144,1029656058777.7297493075140144,298652582.9221350983231,true,true
13,0x3416cf6c708da44db2624d63ea0aaef7113527c6,25199064,9,14289418853734451,9,S13_P9,-11:15,0xc36442b4a4522e871399cd717abdd847ab11fe88:-11:15,0xc36442b4a4522e871399cd717abdd847ab11fe88,-11,15,42435274499165,0.002969699113276,26,20,6,6,1632125942275.5769230769230769,0.0001142191966645,2.5846906139310295,15499.2532792053917119,0.0039971449031574,130.7174327159595106,130.721429860862668,130.7174327159595106,10000000000000,10000000000000,0,false,false,1003640931708.9618493217469716,1003613255668.9051548463702324,27676040.0566944753767392,true,true,10000000000000,10000000000000,0,false,false,1015335944887.4905313757886144,1015191868777.7462724675678964,144076109.744258908220718,true,true,10000000000000,10000000000000,0,false,false,1029954711360.6518844058371144,1029665135163.7980698640621336,289576196.8538145417749808,true,true
13,0x3416cf6c708da44db2624d63ea0aaef7113527c6,25199064,9,14289418853734451,10,S13_P10,-10:10,0xc36442b4a4522e871399cd717abdd847ab11fe88:-10:10,0xc36442b4a4522e871399cd717abdd847ab11fe88,-10,10,204285553865842,0.0142962814623111,20,19,1,1,10214277693292.1,0.0007148140731156,2.5846906139310295,15499.2532792053917119,0.019341129244604,82.284973708252624,82.304314837497228,82.284973708252624,10000000000000,10000000000000,0,false,false,1003640931708.9618493217469716,1003621449390.9164156191673868,19482318.0454337025795848,true,true,10000000000000,10000000000000,0,false,false,1015335944887.4905313757886144,1015242926406.6526032677416832,93018480.8379281080469312,true,true,10000000000000,10000000000000,0,false,false,1029954711360.6518844058371144,1029769772676.3227377359602644,184938684.32914666987685,true,true
13,0x3416cf6c708da44db2624d63ea0aaef7113527c6,25199064,9,14289418853734451,11,S13_P11,-11:10,0xc36442b4a4522e871399cd717abdd847ab11fe88:-11:10,0xc36442b4a4522e871399cd717abdd847ab11fe88,-11,10,200410811646949,0.0140251198245598,21,20,1,1,9543371983188.0476190476190476,0.0006678628487886,2.5846906139310295,15499.2532792053917119,0.0189719508801056,80.7186500061591186,80.7376219570392242,80.7186500061591186,10000000000000,10000000000000,0,false,false,1003640931708.9618493217469716,1003621818034.6677411692233116,19113674.29410815252366,true,true,10000000000000,10000000000000,0,false,false,1015335944887.4905313757886144,1015244686203.7545038678205984,91258683.736027507968016,true,true,10000000000000,10000000000000,0,false,false,1029954711360.6518844058371144,1029773271415.113657888562232,181439945.5382265172748824,true,true
13,0x3416cf6c708da44db2624d63ea0aaef7113527c6,25199064,9,14289418853734451,12,S13_P12,-8:21,0xc36442b4a4522e871399cd717abdd847ab11fe88:-8:21,0xc36442b4a4522e871399cd717abdd847ab11fe88,-8,21,8307667538880,0.0005813859628524,29,17,12,12,286471294444.1379310344827586,0.0000200477918225,2.5846906139310295,15499.2532792053917119,0.0007816916820668,52.0867899308975398,52.0875716225796066,52.0867899308975398,10000000000000,10000000000000,0,false,false,1003640931708.9618493217469716,1003629968886.4782172489724256,10962822.483632072774546,true,true,10000000000000,10000000000000,0,false,false,1015335944887.4905313757886144,1015278320514.6581303953130636,57624372.8324009804755508,true,true,10000000000000,10000000000000,0,false,false,1029954711360.6518844058371144,1029838760049.8827215507409932,115951310.7691628550961212,true,true
13,0x3416cf6c708da44db2624d63ea0aaef7113527c6,25199064,9,14289418853734451,13,S13_P13,-15:10,0xc36442b4a4522e871399cd717abdd847ab11fe88:-15:10,0xc36442b4a4522e871399cd717abdd847ab11fe88,-15,10,108476788212912,0.0075914065731625,25,24,1,1,4339071528516.48,0.0003036562629265,2.5846906139310295,15499.2532792053917119,0.0102391577142069,43.6189460895555807,43.6291852472697876,43.6189460895555807,10000000000000,10000000000000,0,false,false,1003640931708.9618493217469716,1003630574640.0501552368348216,10357068.91169408491215,true,true,10000000000000,10000000000000,0,false,false,1015335944887.4905313757886144,1015286491085.1529934438815864,49453802.337537931907028,true,true,10000000000000,10000000000000,0,false,false,1029954711360.6518844058371144,1029856386641.5319415726871996,98324719.1199428331499148,true,true
13,0x3416cf6c708da44db2624d63ea0aaef7113527c6,25199064,9,14289418853734451,14,S13_P14,0:13,0xc36442b4a4522e871399cd717abdd847ab11fe88:0:13,0xc36442b4a4522e871399cd717abdd847ab11fe88,0,13,21714052762992,0.0015195896337882,13,9,4,4,1670311750999.3846153846153846,0.0001168915102914,2.5846906139310295,15499.2532792053917119,0.0020440005526903,43.4722092336580513,43.4742532342107416,43.4722092336580513,10000000000000,10000000000000,0,false,false,1003640931708.9618493217469716,1003631550466.823628135038918,9381242.1382211867080536,true,true,10000000000000,10000000000000,0,false,false,1015335944887.4905313757886144,1015287594512.8505382803819404,48350374.639993095406674,true,true,10000000000000,10000000000000,0,false,false,1029954711360.6518844058371144,1029857649570.3841759620607184,97061790.267708443776396,true,true
13,0x3416cf6c708da44db2624d63ea0aaef7113527c6,25199064,9,14289418853734451,15,S13_P15,-3:13,0xc36442b4a4522e871399cd717abdd847ab11fe88:-3:13,0xc36442b4a4522e871399cd717abdd847ab11fe88,-3,13,20566706601080,0.0014392962241222,16,12,4,4,1285419162567.5,0.0000899560140076,2.5846906139310295,15499.2532792053917119,0.0019359286012951,41.1709817973122102,41.1729177259135053,41.1709817973122102,10000000000000,10000000000000,0,false,false,1003640931708.9618493217469716,1003632045495.294284518970346,8886213.6675648027766256,true,true,10000000000000,10000000000000,0,false,false,1015335944887.4905313757886144,1015290145886.1197118275930044,45799001.37081954819561,true,true,10000000000000,10000000000000,0,false,false,1029954711360.6518844058371144,1029862771374.6512957783727488,91939986.0005886274643656,true,true
13,0x3416cf6c708da44db2624d63ea0aaef7113527c6,25199064,9,14289418853734451,16,S13_P16,-12:10,0xc36442b4a4522e871399cd717abdd847ab11fe88:-12:10,0xc36442b4a4522e871399cd717abdd847ab11fe88,-12,10,83022268032348,0.0058100521009398,22,21,1,1,3773739456015.8181818181818182,0.0002640932773154,2.5846906139310295,15499.2532792053917119,0.0078302061094736,33.368397550419237,33.3762277565287106,33.368397550419237,10000000000000,10000000000000,0,false,false,1003640931708.9618493217469716,1003633002555.225804279862414,7929153.7360450418845576,true,true,10000000000000,10000000000000,0,false,false,1015335944887.4905313757886144,1015298083307.5014029756206056,37861579.9891284001680088,true,true,10000000000000,10000000000000,0,false,false,1029954711360.6518844058371144,1029879434247.8464018078147916,75277112.8054825980223228,true,true
13,0x3416cf6c708da44db2624d63ea0aaef7113527c6,25199064,9,14289418853734451,17,S13_P17,-13:11,0xc36442b4a4522e871399cd717abdd847ab11fe88:-13:11,0xc36442b4a4522e871399cd717abdd847ab11fe88,-13,11,29446326802810,0.0020607084937618,24,22,2,2,1226930283450.4166666666666667,0.0000858628539067,2.5846906139310295,15499.2532792053917119,0.0027725355841002,27.5257732145165695,27.5285457501006697,27.5257732145165695,10000000000000,10000000000000,0,false,false,1003640931708.9618493217469716,1003634744475.3156774544522876,6187233.646171867294684,true,true,10000000000000,10000000000000,0,false,false,1015335944887.4905313757886144,1015305053835.0921304574079,30891052.3984009183807144,true,true,10000000000000,10000000000000,0,false,false,1029954711360.6518844058371144,1029892940534.8123964336045476,61770825.8394879722325668,true,true
13,0x3416cf6c708da44db2624d63ea0aaef7113527c6,25199064,9,14289418853734451,18,S13_P18,-16:10,0xc36442b4a4522e871399cd717abdd847ab11fe88:-16:10,0xc36442b4a4522e871399cd717abdd847ab11fe88,-16,10,29607985039906,0.002072021636637,26,25,1,1,1138768655381,0.0000796931398707,2.5846906139310295,15499.2532792053917119,0.0027877667200152,11.8887247003944889,11.8915124671145041,11.8887247003944889,10000000000000,10000000000000,0,false,false,1003640931708.9618493217469716,1003638102154.3162749625246364,2829554.6455743592223352,true,true,10000000000000,10000000000000,0,false,false,1015335944887.4905313757886144,1015322433203.776396329242864,13511683.7141350465457504,true,true,10000000000000,10000000000000,0,false,false,1029954711360.6518844058371144,1029927847015.6018483151385164,26864345.050036090698598,true,true
13,0x3416cf6c708da44db2624d63ea0aaef7113527c6,25199064,9,14289418853734451,19,S13_P19,-9:11,0xc36442b4a4522e871399cd717abdd847ab11fe88:-9:11,0xc36442b4a4522e871399cd717abdd847ab11fe88,-9,11,9427538260794,0.000659756590334,20,18,2,2,471376913039.7,0.0000329878295167,2.5846906139310295,15499.2532792053917119,0.0008870924369445,8.8053275519385198,8.8062146443754643,8.8053275519385198,10000000000000,10000000000000,0,false,false,1003640931708.9618493217469716,1003638949701.315925022559072,1982007.6459242991878996,true,true,10000000000000,10000000000000,0,false,false,1015335944887.4905313757886144,1015326048911.085177044819992,9895976.4053543309686224,true,true,10000000000000,10000000000000,0,false,false,1029954711360.6518844058371144,1029934922923.296742072646142,19788437.3551423331909724,true,true
13,0x3416cf6c708da44db2624d63ea0aaef7113527c6,25199064,9,14289418853734451,20,S13_P20,-8:10,0xc36442b4a4522e871399cd717abdd847ab11fe88:-8:10,0xc36442b4a4522e871399cd717abdd847ab11fe88,-8,10,11111704995202,0.0007776176980282,18,17,1,1,617316944177.8888888888888889,0.0000432009832238,2.5846906139310295,15499.2532792053917119,0.0010456256625668,4.4602965566939595,4.4613421823565263,4.4602965566939595,10000000000000,10000000000000,0,false,false,1003640931708.9618493217469716,1003639869559.4066073225978884,1062149.5552419991490832,true,true,10000000000000,10000000000000,0,false,false,1015335944887.4905313757886144,1015330872832.1166578408355152,5072055.3738735349530992,true,true,10000000000000,10000000000000,0,false,false,1029954711360.6518844058371144,1029944626923.004321081131838,10084437.6475633247052764,true,true
15,0x3416cf6c708da44db2624d63ea0aaef7113527c6,25179064,8,11560710325463872,1,S15_P1,7:9,0xc36442b4a4522e871399cd717abdd847ab11fe88:7:9,0xc36442b4a4522e871399cd717abdd847ab11fe88,7,9,7980166592542864,0.6902834140706368,2,1,1,1,3990083296271432,0.3451417070353184,2.9849650802458834,44620.566714780764106,0.6560055116277099,21481.8732116348954741,21482.529217146523184,21481.8732116348954741,10000000000000,10000000000000,0,false,false,504151316774.500158471164651,470104855082.0329224541309569,34046461692.4672360170336941,true,true,10000000000000,10000000000000,0,false,false,520334371115.048579656860185,503970582847.6264207509323543,16363788267.4221589059278307,true,true,10000000000000,10000000000000,0,false,false,540563189040.7341561806827154,508502748168.9294153457359524,32060440871.804740834946763,true,true
15,0x3416cf6c708da44db2624d63ea0aaef7113527c6,25179064,8,11560710325463872,2,S15_P2,-41:59,0xc36442b4a4522e871399cd717abdd847ab11fe88:-41:59,0xc36442b4a4522e871399cd717abdd847ab11fe88,-41,59,41923730222734,0.0036263974308215,100,49,51,49,419237302227.34,0.0000362639743082,2.9849650802458834,44620.566714780764106,0.0051915894831845,6947.5329971982567556,6947.5381887877399401,6947.5329971982567556,10000000000000,10000000000000,0,false,false,504151316774.500158471164651,502190301617.2665254263730585,1961015157.2336330447915925,true,true,10000000000000,10000000000000,0,false,false,520334371115.048579656860185,509917946941.5433017825860552,10416424173.5052778742741298,true,true,10000000000000,10000000000000,0,false,false,540563189040.7341561806827154,519577503596.8892847382780793,20985685443.8448714424046361,true,true
15,0x3416cf6c708da44db2624d63ea0aaef7113527c6,25179064,8,11560710325463872,3,S15_P3,-27:19,0xc36442b4a4522e871399cd717abdd847ab11fe88:-27:19,0xc36442b4a4522e871399cd717abdd847ab11fe88,-27,19,140920299016803,0.0121895882735171,46,35,11,11,3063484761234.8478260869565217,0.0002649910494243,2.9849650802458834,44620.566714780764106,0.0176070420536764,4739.1809611863799082,4739.1985682284335846,4739.1809611863799082,10000000000000,10000000000000,0,false,false,504151316774.500158471164651,502502948443.2211474538709713,1648368331.2790110172936797,true,true,10000000000000,10000000000000,0,false,false,520334371115.048579656860185,511799981494.2561873364414172,8534389620.7923923204187678,true,true,10000000000000,10000000000000,0,false,false,540563189040.7341561806827154,523421272808.0500497417833657,17141916232.6841064388993497,true,true
15,0x3416cf6c708da44db2624d63ea0aaef7113527c6,25179064,8,11560710325463872,4,S15_P4,-30:31,0xc36442b4a4522e871399cd717abdd847ab11fe88:-30:31,0xc36442b4a4522e871399cd717abdd847ab11fe88,-30,31,65477517391230,0.0056637970806178,61,38,23,23,1073401924446.3934426229508197,0.0000928491324691,2.9849650802458834,44620.566714780764106,0.0081253495652434,4673.5528979039655901,4673.5610232535308335,4673.5528979039655901,10000000000000,10000000000000,0,false,false,504151316774.500158471164651,502554946367.692370167151045,1596370406.807788304013606,true,true,10000000000000,10000000000000,0,false,false,520334371115.048579656860185,511907599641.0276019676564759,8426771474.0209776892037091,true,true,10000000000000,10000000000000,0,false,false,540563189040.7341561806827154,523598416232.6966292078624863,16964772808.0375269728202291,true,true
15,0x3416cf6c708da44db2624d63ea0aaef7113527c6,25179064,8,11560710325463872,5,S15_P5,-11:9,0xc36442b4a4522e871399cd717abdd847ab11fe88:-11:9,0xc36442b4a4522e871399cd717abdd847ab11fe88,-11,9,1922566437079320,0.1663017568085443,20,19,1,1,96128321853966,0.0083150878404272,2.9849650802458834,44620.566714780764106,0.2836134295408751,3964.1726300138915802,3964.4562434434324553,3964.1726300138915802,10000000000000,10000000000000,0,false,false,504151316774.500158471164651,502529881081.474031388409118,1621435693.026127082755533,true,true,10000000000000,10000000000000,0,false,false,520334371115.048579656860185,512537021758.5265134992591846,7797349356.5220661576010004,true,true,10000000000000,10000000000000,0,false,false,540563189040.7341561806827154,525045947604.8420410752670985,15517241435.8921151054156169,true,true
15,0x3416cf6c708da44db2624d63ea0aaef7113527c6,25179064,8,11560710325463872,6,S15_P6,6:9,0x8c209c15835cccb2984701b52651d2c8d83aa442:6:9,0x8c209c15835cccb2984701b52651d2c8d83aa442,6,9,541321084775164,0.0468242062585755,3,2,1,1,180440361591721.3333333333333333,0.0156080687528585,2.9849650802458834,44620.566714780764106,0.0703601978027701,1059.1816812559480202,1059.2520414537507903,1059.1816812559480202,10000000000000,10000000000000,0,false,false,504151316774.500158471164651,503569427695.8529413054567728,581889078.6472171657078782,true,true,10000000000000,10000000000000,0,false,false,520334371115.048579656860185,517491258307.3042172041058687,2843112807.7443624527543163,true,true,10000000000000,10000000000000,0,false,false,540563189040.7341561806827154,534893546571.6183245878430168,5669642469.1158315928396986,true,true
15,0x3416cf6c708da44db2624d63ea0aaef7113527c6,25179064,8,11560710325463872,7,S15_P7,-10:10,0xc36442b4a4522e871399cd717abdd847ab11fe88:-10:10,0xc36442b4a4522e871399cd717abdd847ab11fe88,-10,10,204510919579342,0.0176901690139992,20,18,2,2,10225545978967.1,0.0008845084507,2.9849650802458834,44620.566714780764106,0.0257032643477343,1003.157826162885131,1003.1835294272328653,1003.157826162885131,10000000000000,10000000000000,0,false,false,504151316774.500158471164651,503602426546.2574265011504505,548890228.2427319700142005,true,true,10000000000000,10000000000000,0,false,false,520334371115.048579656860185,517628432721.574065963342329,2705938393.474513693517856,true,true,10000000000000,10000000000000,0,false,false,540563189040.7341561806827154,535160940440.7198527806563989,5402248600.0143034000263165,true,true
15,0x3416cf6c708da44db2624d63ea0aaef7113527c6,25179064,8,11560710325463872,8,S15_P8,-11:10,0xc36442b4a4522e871399cd717abdd847ab11fe88:-11:10,0xc36442b4a4522e871399cd717abdd847ab11fe88,-11,10,200410811646949,0.0173355101896741,21,19,2,2,9543371983188.0476190476190476,0.0008255004852226,2.9849650802458834,44620.566714780764106,0.0251782915662373,982.6717659588631974,982.6969442504294347,982.6717659588631974,10000000000000,10000000000000,0,false,false,504151316774.500158471164651,503612316169.3428576013364732,539000605.1573008698281778,true,true,10000000000000,10000000000000,0,false,false,520334371115.048579656860185,517676849290.0709172957331214,2657521824.9776623611270636,true,true,10000000000000,10000000000000,0,false,false,540563189040.7341561806827154,535257515690.9810169345804881,5305673349.7531392461022273,true,true
15,0x3416cf6c708da44db2624d63ea0aaef7113527c6,25179064,8,11560710325463872,9,S15_P9,-11:15,0xc36442b4a4522e871399cd717abdd847ab11fe88:-11:15,0xc36442b4a4522e871399cd717abdd847ab11fe88,-11,15,42435274499165,0.0036706459468754,26,19,7,7,1632125942275.5769230769230769,0.0001411786902644,2.9849650802458834,44620.566714780764106,0.005255173164122,831.4232300697951857,831.4284852429593077,831.4232300697951857,10000000000000,10000000000000,0,false,false,504151316774.500158471164651,503710767222.5543827751082419,440549551.9457756960564091,true,true,10000000000000,10000000000000,0,false,false,520334371115.048579656860185,518065482630.8448019386049115,2268888484.2037777182552735,true,true,10000000000000,10000000000000,0,false,false,540563189040.7341561806827154,536008876891.2078258929757485,4554312149.5263302877069669,true,true
15,0x3416cf6c708da44db2624d63ea0aaef7113527c6,25179064,8,11560710325463872,10,S15_P10,-30:27,0xc36442b4a4522e871399cd717abdd847ab11fe88:-30:27,0xc36442b4a4522e871399cd717abdd847ab11fe88,-30,27,14211454915761,0.0012292890761616,57,38,19,19,249323770451.9473684210526316,0.0000215664750204,2.9849650802458834,44620.566714780764106,0.0017555698990704,778.9521819239499912,778.9539374938490616,778.9521819239499912,10000000000000,10000000000000,0,false,false,504151316774.500158471164651,503747510181.9396529997243381,403806592.5605054714403129,true,true,10000000000000,10000000000000,0,false,false,520334371115.048579656860185,518205637561.2305048224583717,2128733553.8180748344018133,true,true,10000000000000,10000000000000,0,false,false,540563189040.7341561806827154,536278296785.3440696008759137,4284892255.3900865798068017,true,true
15,0x3416cf6c708da44db2624d63ea0aaef7113527c6,25179064,8,11560710325463872,11,S15_P11,-15:10,0xc36442b4a4522e871399cd717abdd847ab11fe88:-15:10,0xc36442b4a4522e871399cd717abdd847ab11fe88,-15,10,108476788212912,0.0093832286389858,25,23,2,2,4339071528516.48,0.0003753291455594,2.9849650802458834,44620.566714780764106,0.0135134408204856,527.3865430162335593,527.4000564570540449,527.3865430162335593,10000000000000,10000000000000,0,false,false,504151316774.500158471164651,503845346534.0097727147494371,305970240.4903857564152139,true,true,10000000000000,10000000000000,0,false,false,520334371115.048579656860185,518821428884.1207309174772031,1512942230.9278487393829819,true,true,10000000000000,10000000000000,0,false,false,540563189040.7341561806827154,537541531821.7593786291837977,3021657218.9747775514989177,true,true
15,0x3416cf6c708da44db2624d63ea0aaef7113527c6,25179064,8,11560710325463872,12,S15_P12,-12:10,0xc36442b4a4522e871399cd717abdd847ab11fe88:-12:10,0xc36442b4a4522e871399cd717abdd847ab11fe88,-12,10,83022268032348,0.007181415820919,22,20,2,2,3773739456015.8181818181818182,0.00032642799186,2.9849650802458834,44620.566714780764106,0.0103187411624978,402.6878264650559342,402.698145206218432,402.6878264650559342,10000000000000,10000000000000,0,false,false,504151316774.500158471164651,503913937679.8602683745162764,237379094.6398900966483746,true,true,10000000000000,10000000000000,0,false,false,520334371115.048579656860185,519159637189.393685153665892,1174733925.654894503194293,true,true,10000000000000,10000000000000,0,false,false,540563189040.7341561806827154,538216761576.3105562110091373,2346427464.4235999696735781,true,true
15,0x3416cf6c708da44db2624d63ea0aaef7113527c6,25179064,8,11560710325463872,13,S15_P13,-8:21,0xc36442b4a4522e871399cd717abdd847ab11fe88:-8:21,0xc36442b4a4522e871399cd717abdd847ab11fe88,-8,21,8307667538880,0.000718612205046,29,16,13,13,286471294444.1379310344827586,0.0000247797312085,2.9849650802458834,44620.566714780764106,0.0010257285871395,306.275911239783205,306.2769369683703445,306.275911239783205,10000000000000,10000000000000,0,false,false,504151316774.500158471164651,503980976064.3106280666546402,170340710.1895304045100108,true,true,10000000000000,10000000000000,0,false,false,520334371115.048579656860185,519441213988.7817504466122452,893157126.2668292102479398,true,true,10000000000000,10000000000000,0,false,false,540563189040.7341561806827154,538766511394.3706784424108079,1796677646.3634777382719075,true,true
15,0x3416cf6c708da44db2624d63ea0aaef7113527c6,25179064,8,11560710325463872,14,S15_P14,0:13,0xc36442b4a4522e871399cd717abdd847ab11fe88:0:13,0xc36442b4a4522e871399cd717abdd847ab11fe88,0,13,21714052762992,0.0018782628533788,13,8,5,5,1670311750999.3846153846153846,0.0001444817579522,2.9849650802458834,44620.566714780764106,0.0026841439455577,294.7575767994650515,294.7602609434106092,294.7575767994650515,10000000000000,10000000000000,0,false,false,504151316774.500158471164651,503980946116.417136583911378,170370658.083021887253273,true,true,10000000000000,10000000000000,0,false,false,520334371115.048579656860185,519467408480.6127839341407806,866962634.4357957227194044,true,true,10000000000000,10000000000000,0,false,false,540563189040.7341561806827154,538825486435.8574181844822032,1737702604.8767379962005122,true,true
15,0x3416cf6c708da44db2624d63ea0aaef7113527c6,25179064,8,11560710325463872,15,S15_P15,-3:13,0xc36442b4a4522e871399cd717abdd847ab11fe88:-3:13,0xc36442b4a4522e871399cd717abdd847ab11fe88,-3,13,20566706601080,0.0017790175535996,16,11,5,5,1285419162567.5,0.0001111885971,2.9849650802458834,44620.566714780764106,0.0025420585827661,279.1004189344655942,279.1029609930483603,279.1004189344655942,10000000000000,10000000000000,0,false,false,504151316774.500158471164651,503989668029.856525367037192,161648744.643633104127459,true,true,10000000000000,10000000000000,0,false,false,520334371115.048579656860185,519511692976.6313552058924404,822678138.4172244509677446,true,true,10000000000000,10000000000000,0,false,false,540563189040.7341561806827154,538914224160.0998925044615009,1648964880.6342636762212145,true,true
15,0x3416cf6c708da44db2624d63ea0aaef7113527c6,25179064,8,11560710325463872,16,S15_P16,-13:11,0xc36442b4a4522e871399cd717abdd847ab11fe88:-13:11,0xc36442b4a4522e871399cd717abdd847ab11fe88,-13,11,29446326802810,0.0025471035925838,24,21,3,3,1226930283450.4166666666666667,0.0001061293163577,2.9849650802458834,44620.566714780764106,0.0036424408755113,227.9798836518385483,227.9835260927140596,227.9798836518385483,10000000000000,10000000000000,0,false,false,504151316774.500158471164651,504015350636.3550238766755496,135966138.1451345944891014,true,true,10000000000000,10000000000000,0,false,false,520334371115.048579656860185,519654665806.1742763189336385,679705308.8743033379265465,true,true,10000000000000,10000000000000,0,false,false,540563189040.7341561806827154,539203809768.4483794030335843,1359379272.2857767776491311,true,true
15,0x3416cf6c708da44db2624d63ea0aaef7113527c6,25179064,8,11560710325463872,17,S15_P17,-16:10,0xc36442b4a4522e871399cd717abdd847ab11fe88:-16:10,0xc36442b4a4522e871399cd717abdd847ab11fe88,-16,10,39477313386541,0.0034147826798832,26,24,2,2,1518358207174.6538461538461538,0.0001313377953801,2.9849650802458834,44620.566714780764106,0.0048875815685921,190.7147060968260822,190.7195936783946743,190.7147060968260822,10000000000000,10000000000000,0,false,false,504151316774.500158471164651,504035734652.9577641625231959,115582121.5423943086414551,true,true,10000000000000,10000000000000,0,false,false,520334371115.048579656860185,519761575992.6992583223755524,572795122.3493213344846326,true,true,10000000000000,10000000000000,0,false,false,540563189040.7341561806827154,539418877667.3761635534683327,1144311373.3579926272143827,true,true
15,0x3416cf6c708da44db2624d63ea0aaef7113527c6,25179064,8,11560710325463872,18,S15_P18,-2:10,0xc36442b4a4522e871399cd717abdd847ab11fe88:-2:10,0xc36442b4a4522e871399cd717abdd847ab11fe88,-2,10,16708987061859,0.0014453252950258,12,10,2,2,1392415588488.25,0.0001204437745855,2.9849650802458834,44620.566714780764106,0.0020645456672712,80.5528065240853789,80.5548710697526501,80.5528065240853789,10000000000000,10000000000000,0,false,false,504151316774.500158471164651,504101774406.8272248963790826,49542367.6729335747855684,true,true,10000000000000,10000000000000,0,false,false,520334371115.048579656860185,520088669567.3008799841999845,245701547.7476996726602005,true,true,10000000000000,10000000000000,0,false,false,540563189040.7341561806827154,540072288517.8929113126987772,490900522.8412448679839382,true,true
15,0x3416cf6c708da44db2624d63ea0aaef7113527c6,25179064,8,11560710325463872,19,S15_P19,-9:11,0xc36442b4a4522e871399cd717abdd847ab11fe88:-9:11,0xc36442b4a4522e871399cd717abdd847ab11fe88,-9,11,9427538260794,0.0008154808826953,20,17,3,3,471376913039.7,0.0000407740441348,2.9849650802458834,44620.566714780764106,0.0011641122664812,72.7759048363439308,72.777068948610412,72.7759048363439308,10000000000000,10000000000000,0,false,false,504151316774.500158471164651,504107008923.9949245583012508,44307850.5052339128634002,true,true,10000000000000,10000000000000,0,false,false,520334371115.048579656860185,520112629863.9906637531998416,221741251.0579159036603434,true,true,10000000000000,10000000000000,0,false,false,540563189040.7341561806827154,540119656038.9853377468230801,443533001.7488184338596353,true,true
15,0x3416cf6c708da44db2624d63ea0aaef7113527c6,25179064,8,11560710325463872,20,S15_P20,-3:9,0xc36442b4a4522e871399cd717abdd847ab11fe88:-3:9,0xc36442b4a4522e871399cd717abdd847ab11fe88,-3,9,8958322819491,0.0007748938055959,12,11,1,1,746526901624.25,0.0000645744837997,2.9849650802458834,44620.566714780764106,0.0011061273761387,17.1888118326924148,17.1899179600685535,17.1888118326924148,10000000000000,10000000000000,0,false,false,504151316774.500158471164651,504140535290.329121389729763,10781484.171037081434888,true,true,10000000000000,10000000000000,0,false,false,520334371115.048579656860185,520281352925.2744907950684208,53018189.7740888617917642,true,true,10000000000000,10000000000000,0,false,false,540563189040.7341561806827154,540457374968.9562275725932995,105814071.7779286080894159,true,true
16,0x3416cf6c708da44db2624d63ea0aaef7113527c6,25169064,9,12009642161845981,1,S16_P1,9:10,0xc36442b4a4522e871399cd717abdd847ab11fe88:9:10,0xc36442b4a4522e871399cd717abdd847ab11fe88,9,10,10085984328897960,0.8398238842569861,1,0,1,0,10085984328897960,0.8398238842569861,2.6779613362882441,57934.3533052544809206,1.5649024887606772,27134.6350927007246689,27136.1999951894853461,27134.6350927007246689,10000000000000,10000000000000,0,false,false,501225099026.9685522326656719,105736795828.2399941356983738,395488303198.7285580969672981,true,true,10000000000000,10000000000000,0,false,false,506403887602.4060160303129784,131259380629.1661170044019056,375144506973.2398990259110728,true,true,10000000000000,10000000000000,0,false,false,512877373321.7028833133009705,163162611630.3237805998623494,349714761691.3791027134386211,true,true
16,0x3416cf6c708da44db2624d63ea0aaef7113527c6,25169064,9,12009642161845981,2,S16_P2,-41:59,0xc36442b4a4522e871399cd717abdd847ab11fe88:-41:59,0xc36442b4a4522e871399cd717abdd847ab11fe88,-41,59,41923730222734,0.0034908392488099,100,50,50,50,419237302227.34,0.0000349083924881,2.6779613362882441,57934.3533052544809206,0.0043918675962849,10880.3653966940825051,10880.36978856167879,10880.3653966940825051,10000000000000,10000000000000,0,false,false,501225099026.9685522326656719,500661328472.9598090675681364,563770554.0087431650975355,true,true,10000000000000,10000000000000,0,false,false,506403887602.4060160303129784,503954821047.2005120187299798,2449066555.2055040115829986,true,true,10000000000000,10000000000000,0,false,false,512877373321.7028833133009705,508071686765.0013156358245661,4805686556.7015676774764044,true,true
16,0x3416cf6c708da44db2624d63ea0aaef7113527c6,25169064,9,12009642161845981,3,S16_P3,-203:198,0xc36442b4a4522e871399cd717abdd847ab11fe88:-203:198,0xc36442b4a4522e871399cd717abdd847ab11fe88,-203,198,7514479160056,0.0006257038352008,401,212,189,189,18739349526.3241895261845387,0.0000015603586913,2.6779613362882441,57934.3533052544809206,0.0007863345191547,7044.2031313542098809,7044.2039176887290356,7044.2031313542098809,10000000000000,10000000000000,0,false,false,501225099026.9685522326656719,501003873730.2352737740177742,221225296.7332784586478977,true,true,10000000000000,10000000000000,0,false,false,506403887602.4060160303129784,504783237160.9286657823860237,1620650441.4773502479269547,true,true,10000000000000,10000000000000,0,false,false,512877373321.7028833133009705,509507441449.2953682569174766,3369931872.4075150563834939,true,true
16,0x3416cf6c708da44db2624d63ea0aaef7113527c6,25169064,9,12009642161845981,4,S16_P4,-30:31,0xc36442b4a4522e871399cd717abdd847ab11fe88:-30:31,0xc36442b4a4522e871399cd717abdd847ab11fe88,-30,31,65477517391230,0.0054520789636221,61,39,22,22,1073401924446.3934426229508197,0.0000893783436659,2.6779613362882441,57934.3533052544809206,0.0068645601088352,7004.3080441969339763,7004.3149087570428115,7004.3080441969339763,10000000000000,10000000000000,0,false,false,501225099026.9685522326656719,500723285198.9182157480543733,501813828.0503364846112986,true,true,10000000000000,10000000000000,0,false,false,506403887602.4060160303129784,504510277398.7237024627605025,1893610203.6823135675524759,true,true,10000000000000,10000000000000,0,false,false,512877373321.7028833133009705,509244017648.480560856143164,3633355673.2223224571578065,true,true
16,0x3416cf6c708da44db2624d63ea0aaef7113527c6,25169064,9,12009642161845981,5,S16_P5,-27:19,0xc36442b4a4522e871399cd717abdd847ab11fe88:-27:19,0xc36442b4a4522e871399cd717abdd847ab11fe88,-27,19,140920299016803,0.0117339298804838,46,36,10,10,3063484761234.8478260869565217,0.0002550854321844,2.6779613362882441,57934.3533052544809206,0.0148100414789345,6596.1096531176997012,6596.1244631591786357,6596.1096531176997012,10000000000000,10000000000000,0,false,false,501225099026.9685522326656719,500674942775.7962306666860239,550156251.172321565979648,true,true,10000000000000,10000000000000,0,false,false,506403887602.4060160303129784,504522951872.2122457814508557,1880935730.1937702488621227,true,true,10000000000000,10000000000000,0,false,false,512877373321.7028833133009705,509332963242.7321896030491775,3544410078.970693710251793,true,true
16,0x3416cf6c708da44db2624d63ea0aaef7113527c6,25169064,9,12009642161845981,6,S16_P6,8:10,0x8c209c15835cccb2984701b52651d2c8d83aa442:8:10,0x8c209c15835cccb2984701b52651d2c8d83aa442,8,10,811598435011526,0.0675789023581346,2,1,1,1,405799217505763,0.0337894511790673,2.6779613362882441,57934.3533052544809206,0.0485006949592114,1589.9162915654918553,1589.9647922604510667,1589.9162915654918553,10000000000000,10000000000000,0,false,false,501225099026.9685522326656719,501066961162.7222401091530749,158137864.246312123512597,true,true,10000000000000,10000000000000,0,false,false,506403887602.4060160303129784,505848460193.10245791842255,555427409.3035581118904284,true,true,10000000000000,10000000000000,0,false,false,512877373321.7028833133009705,511825333981.0777426919856802,1052039340.6251406213152903,true,true
16,0x3416cf6c708da44db2624d63ea0aaef7113527c6,25169064,9,12009642161845981,7,S16_P7,-30:27,0xc36442b4a4522e871399cd717abdd847ab11fe88:-30:27,0xc36442b4a4522e871399cd717abdd847ab11fe88,-30,27,14211454915761,0.0011833370823412,57,39,18,18,249323770451.9473684210526316,0.0000207602996902,2.6779613362882441,57934.3533052544809206,0.0014874372183106,1138.453859649896943,1138.4553470871152536,1138.453859649896943,10000000000000,10000000000000,0,false,false,501225099026.9685522326656719,501136823421.6124962176311386,88275605.3560560150345333,true,true,10000000000000,10000000000000,0,false,false,506403887602.4060160303129784,506024638566.194085160084903,379249036.2119308702280754,true,true,10000000000000,10000000000000,0,false,false,512877373321.7028833133009705,512134407496.9210713381521085,742965824.781811975148862,true,true
16,0x3416cf6c708da44db2624d63ea0aaef7113527c6,25169064,9,12009642161845981,8,S16_P8,-11:15,0xc36442b4a4522e871399cd717abdd847ab11fe88:-11:15,0xc36442b4a4522e871399cd717abdd847ab11fe88,-11,15,42435274499165,0.0035334337132858,26,20,6,6,1632125942275.5769230769230769,0.0001359012966648,2.6779613362882441,57934.3533052544809206,0.0044455313026214,1057.1567601389895682,1057.1612056702921896,1057.1567601389895682,10000000000000,10000000000000,0,false,false,501225099026.9685522326656719,501126251358.0842620519897352,98847668.8842901806759367,true,true,10000000000000,10000000000000,0,false,false,506403887602.4060160303129784,506033930316.5172197890034567,369957285.8887962413095217,true,true,10000000000000,10000000000000,0,false,false,512877373321.7028833133009705,512168529014.5584294722468949,708844307.1444538410540756,true,true
16,0x3416cf6c708da44db2624d63ea0aaef7113527c6,25169064,9,12009642161845981,9,S16_P9,-8:21,0xc36442b4a4522e871399cd717abdd847ab11fe88:-8:21,0xc36442b4a4522e871399cd717abdd847ab11fe88,-8,21,8307667538880,0.0006917497979476,29,17,12,12,286471294444.1379310344827586,0.0000238534413085,2.6779613362882441,57934.3533052544809206,0.0008693553867827,431.866297412654594,431.8671667680413767,431.866297412654594,10000000000000,10000000000000,0,false,false,501225099026.9685522326656719,501188094194.3301504696749687,37004832.6384017629907032,true,true,10000000000000,10000000000000,0,false,false,506403887602.4060160303129784,506252603301.8174274039153989,151284300.5885886263975795,true,true,10000000000000,10000000000000,0,false,false,512877373321.7028833133009705,512583239686.176498547763364,294133635.5263847655376065,true,true
16,0x3416cf6c708da44db2624d63ea0aaef7113527c6,25169064,9,12009642161845981,10,S16_P10,-10:10,0xc36442b4a4522e871399cd717abdd847ab11fe88:-10:10,0xc36442b4a4522e871399cd717abdd847ab11fe88,-10,10,204510919579342,0.0170288936858637,20,19,1,1,10225545978967.1,0.0008514446842932,2.6779613362882441,57934.3533052544809206,0.0215376036830622,393.6415100186008992,393.6630476222839614,393.6415100186008992,10000000000000,10000000000000,0,false,false,501225099026.9685522326656719,501185347379.8412619735600067,39751647.1272902591056652,true,true,10000000000000,10000000000000,0,false,false,506403887602.4060160303129784,506259829285.8923946616149966,144058316.5136213686979818,true,true,10000000000000,10000000000000,0,false,false,512877373321.7028833133009705,512602931668.4563730815651656,274441653.2465102317358049,true,true
16,0x3416cf6c708da44db2624d63ea0aaef7113527c6,25169064,9,12009642161845981,11,S16_P11,-11:10,0xc36442b4a4522e871399cd717abdd847ab11fe88:-11:10,0xc36442b4a4522e871399cd717abdd847ab11fe88,-11,10,200410811646949,0.0166874923454126,21,20,1,1,9543371983188.0476190476190476,0.0007946424926387,2.6779613362882441,57934.3533052544809206,0.0211029958296581,385.7041637612026996,385.7252667570323577,385.7041637612026996,10000000000000,10000000000000,0,false,false,501225099026.9685522326656719,501186145141.3553738000909453,38953885.6131784325747266,true,true,10000000000000,10000000000000,0,false,false,506403887602.4060160303129784,506262689309.3418452988243449,141198293.0641707314886335,true,true,10000000000000,10000000000000,0,false,false,512877373321.7028833133009705,512608369519.3249346722410944,269003802.3779486410598761,true,true
16,0x3416cf6c708da44db2624d63ea0aaef7113527c6,25169064,9,12009642161845981,12,S16_P12,0:13,0xc36442b4a4522e871399cd717abdd847ab11fe88:0:13,0xc36442b4a4522e871399cd717abdd847ab11fe88,0,13,21714052762992,0.0018080516030674,13,9,4,4,1670311750999.3846153846153846,0.0001390808925436,2.6779613362882441,57934.3533052544809206,0.0022732482864983,337.8526007209817165,337.8548739692682148,337.8526007209817165,10000000000000,10000000000000,0,false,false,501225099026.9685522326656719,501192371704.7572410727050722,32727322.2113111599605997,true,true,10000000000000,10000000000000,0,false,false,506403887602.4060160303129784,506281369765.9655516611958826,122517836.4404643691170958,true,true,10000000000000,10000000000000,0,false,false,512877373321.7028833133009705,512642617342.4759398968093956,234755979.2269434164915749,true,true
16,0x3416cf6c708da44db2624d63ea0aaef7113527c6,25169064,9,12009642161845981,13,S16_P13,-3:13,0xc36442b4a4522e871399cd717abdd847ab11fe88:-3:13,0xc36442b4a4522e871399cd717abdd847ab11fe88,-3,13,20566706601080,0.0017125161869035,16,12,4,4,1285419162567.5,0.0001070322616815,2.6779613362882441,57934.3533052544809206,0.0021530535143734,319.9155159724311187,319.9176690259454921,319.9155159724311187,10000000000000,10000000000000,0,false,false,501225099026.9685522326656719,501194103783.6193230085338917,30995243.3492292241317802,true,true,10000000000000,10000000000000,0,false,false,506403887602.4060160303129784,506287791669.3200023060531202,116095933.0860137242598582,true,true,10000000000000,10000000000000,0,false,false,512877373321.7028833133009705,512654901526.4458389159758695,222471795.257044397325101,true,true
16,0x3416cf6c708da44db2624d63ea0aaef7113527c6,25169064,9,12009642161845981,14,S16_P14,-15:10,0xc36442b4a4522e871399cd717abdd847ab11fe88:-15:10,0xc36442b4a4522e871399cd717abdd847ab11fe88,-15,10,108476788212912,0.0090324746358836,25,24,1,1,4339071528516.48,0.0003612989854353,2.6779613362882441,57934.3533052544809206,0.0113883916290406,208.2204471088990731,208.2318355005281137,208.2204471088990731,10000000000000,10000000000000,0,false,false,501225099026.9685522326656719,501204024721.3810041264374059,21074305.587548106228266,true,true,10000000000000,10000000000000,0,false,false,506403887602.4060160303129784,506327118018.946153713180351,76769583.4598623171326274,true,true,10000000000000,10000000000000,0,false,false,512877373321.7028833133009705,512730984640.9025531606801734,146388680.8003301526207971,true,true
16,0x3416cf6c708da44db2624d63ea0aaef7113527c6,25169064,9,12009642161845981,15,S16_P15,-13:11,0xc36442b4a4522e871399cd717abdd847ab11fe88:-13:11,0xc36442b4a4522e871399cd717abdd847ab11fe88,-13,11,29446326802810,0.0024518904398634,24,22,2,2,1226930283450.4166666666666667,0.000102162101661,2.6779613362882441,57934.3533052544809206,0.0030835137728656,190.0625653414152204,190.065648855188086,190.0625653414152204,10000000000000,10000000000000,0,false,false,501225099026.9685522326656719,501206126047.7840976737780904,18972979.1844545588875815,true,true,10000000000000,10000000000000,0,false,false,506403887602.4060160303129784,506334026528.4744355675737664,69861073.931580462739212,true,true,10000000000000,10000000000000,0,false,false,512877373321.7028833133009705,512743902129.3373579348183614,133471192.3655253784826091,true,true
16,0x3416cf6c708da44db2624d63ea0aaef7113527c6,25169064,9,12009642161845981,16,S16_P16,-12:10,0xc36442b4a4522e871399cd717abdd847ab11fe88:-12:10,0xc36442b4a4522e871399cd717abdd847ab11fe88,-12,10,83022268032348,0.0069129676732672,22,21,1,1,3773739456015.8181818181818182,0.0003142258033303,2.6779613362882441,57934.3533052544809206,0.0087088688286014,159.2444124329907652,159.2531213018193666,159.2444124329907652,10000000000000,10000000000000,0,false,false,501225099026.9685522326656719,501208972242.8505661588062738,16126784.1179860738593981,true,true,10000000000000,10000000000000,0,false,false,506403887602.4060160303129784,506345059212.9710806942493761,58828389.4349353360636023,true,true,10000000000000,10000000000000,0,false,false,512877373321.7028833133009705,512765167925.621686327624395,112205396.0811969856765755,true,true
16,0x3416cf6c708da44db2624d63ea0aaef7113527c6,25169064,9,12009642161845981,17,S16_P17,-16:10,0xc36442b4a4522e871399cd717abdd847ab11fe88:-16:10,0xc36442b4a4522e871399cd717abdd847ab11fe88,-16,10,39477313386541,0.0032871348583523,26,25,1,1,1518358207174.6538461538461538,0.0001264282637828,2.6779613362882441,57934.3533052544809206,0.0041352593182677,75.6267656489051093,75.630900908223377,75.6267656489051093,10000000000000,10000000000000,0,false,false,501225099026.9685522326656719,501217432679.7643905263337901,7666347.2041617063318818,true,true,10000000000000,10000000000000,0,false,false,506403887602.4060160303129784,506375854861.47240106018757,28032740.9336149701254084,true,true,10000000000000,10000000000000,0,false,false,512877373321.7028833133009705,512823882588.6074767873862265,53490733.095406525914744,true,true
16,0x3416cf6c708da44db2624d63ea0aaef7113527c6,25169064,9,12009642161845981,18,S16_P18,-9:11,0xc36442b4a4522e871399cd717abdd847ab11fe88:-9:11,0xc36442b4a4522e871399cd717abdd847ab11fe88,-9,11,9427538260794,0.0007849974323752,20,18,2,2,471376913039.7,0.0000392498716188,2.6779613362882441,57934.3533052544809206,0.000986580606454,60.7331870096710478,60.7341735902775018,60.7331870096710478,10000000000000,10000000000000,0,false,false,501225099026.9685522326656719,501219027668.4056565593086096,6071358.5628956733570623,true,true,10000000000000,10000000000000,0,false,false,506403887602.4060160303129784,506381447347.6294686186611616,22440254.7765474116518168,true,true,10000000000000,10000000000000,0,false,false,512877373321.7028833133009705,512834471946.6591836449467063,42901375.0436996683542642,true,true
16,0x3416cf6c708da44db2624d63ea0aaef7113527c6,25169064,9,12009642161845981,19,S16_P19,-2:10,0xc36442b4a4522e871399cd717abdd847ab11fe88:-2:10,0xc36442b4a4522e871399cd717abdd847ab11fe88,-2,10,16708987061859,0.0013912976620521,12,11,1,1,1392415588488.25,0.0001159414718377,2.6779613362882441,57934.3533052544809206,0.0017489823603158,31.988590320557245,31.9903393029175608,31.988590320557245,10000000000000,10000000000000,0,false,false,501225099026.9685522326656719,501221854661.4696905315746627,3244365.4988617010910092,true,true,10000000000000,10000000000000,0,false,false,506403887602.4060160303129784,506392009341.4061793801244776,11878260.9998366501885008,true,true,10000000000000,10000000000000,0,false,false,512877373321.7028833133009705,512854702691.3268279767406052,22670630.3760553365603653,true,true
16,0x3416cf6c708da44db2624d63ea0aaef7113527c6,25169064,9,12009642161845981,20,S16_P20,2:10,0xc36442b4a4522e871399cd717abdd847ab11fe88:2:10,0xc36442b4a4522e871399cd717abdd847ab11fe88,2,10,12756848059458,0.0010622171658025,8,7,1,1,1594606007432.25,0.0001327771457253,2.6779613362882441,57934.3533052544809206,0.0013351295991623,24.4196404719740821,24.4209756015732444,24.4196404719740821,10000000000000,10000000000000,0,false,false,501225099026.9685522326656719,501222622105.5349701317897649,2476921.433582100875907,true,true,10000000000000,10000000000000,0,false,false,506403887602.4060160303129784,506394817121.186080157585165,9070481.2199358727278134,true,true,10000000000000,10000000000000,0,false,false,512877373321.7028833133009705,512860060890.7499051299479835,17312430.952978183352987,true,true
17,0x3416cf6c708da44db2624d63ea0aaef7113527c6,25159064,8,13935263825937103,1,S17_P1,-41:59,0xc36442b4a4522e871399cd717abdd847ab11fe88:-41:59,0xc36442b4a4522e871399cd717abdd847ab11fe88,-41,59,41923730222734,0.0030084633306119,100,49,51,49,419237302227.34,0.0000300846333061,2.3593564958672503,70877.1727552199863648,0.0031672064851585,16268.6876682797906465,16268.690835486275805,16268.6876682797906465,10000000000000,10000000000000,0,false,false,335322745696.1982312842425904,104958488089.5396488835212984,230364257606.658582400721292,true,true,10000000000000,10000000000000,0,false,false,503002768871.4078367562281236,124928624449.27311324839819,378074144422.1347235078299336,true,true,10000000000000,10000000000000,0,false,false,506856961357.5673345463588736,149891294898.9399336955461372,356965666458.6274008508127364,true,true
17,0x3416cf6c708da44db2624d63ea0aaef7113527c6,25159064,8,13935263825937103,2,S17_P2,-30:31,0xc36442b4a4522e871399cd717abdd847ab11fe88:-30:31,0xc36442b4a4522e871399cd717abdd847ab11fe88,-30,31,65477517391230,0.0046986923397431,61,38,23,23,1073401924446.3934426229508197,0.0000770277432745,2.3593564958672503,70877.1727552199863648,0.0049494956510245,10529.9566665462022202,10529.9616160418532447,10529.9566665462022202,10000000000000,10000000000000,0,false,false,335322745696.1982312842425904,111335692490.7830801337181616,223987053205.4151511505244288,true,true,10000000000000,10000000000000,0,false,false,503002768871.4078367562281236,157476193124.72151227834633,345526575746.6863244778817936,true,true,10000000000000,10000000000000,0,false,false,506856961357.5673345463588736,215151818917.1445424501833732,291705142440.4227920961755004,true,true
17,0x3416cf6c708da44db2624d63ea0aaef7113527c6,25159064,8,13935263825937103,3,S17_P3,-27:19,0xc36442b4a4522e871399cd717abdd847ab11fe88:-27:19,0xc36442b4a4522e871399cd717abdd847ab11fe88,-27,19,140920299016803,0.0101124959510644,46,35,11,11,3063484761234.8478260869565217,0.0002198368685014,2.3593564958672503,70877.1727552199863648,0.0106721759311497,10309.8831057856779589,10309.8937779616091086,10309.8831057856779589,10000000000000,10000000000000,0,false,false,335322745696.1982312842425904,111829563325.7242491460978824,223493182370.473982138144708,true,true,10000000000000,10000000000000,0,false,false,503002768871.4078367562281236,160047149043.0063099190851044,342955619828.4015268371430192,true,true,10000000000000,10000000000000,0,false,false,506856961357.5673345463588736,220319131189.60885585847463,286537830167.9584786878842436,true,true
17,0x3416cf6c708da44db2624d63ea0aaef7113527c6,25159064,8,13935263825937103,4,S17_P4,8:10,0x8c209c15835cccb2984701b52651d2c8d83aa442:8:10,0x8c209c15835cccb2984701b52651d2c8d83aa442,8,10,811598435011526,0.0582406221474568,2,0,2,0,405799217505763,0.0291203110737284,2.3593564958672503,70877.1727552199863648,0.0625176055558982,5926.6274303708014437,5926.6899479763573419,5926.6274303708014437,10000000000000,10000000000000,0,false,false,335322745696.1982312842425904,145646823120.9377521919104392,189675922575.2604790923321512,true,true,10000000000000,10000000000000,0,false,false,503002768871.4078367562281236,335951922296.100452280604572,167050846575.3073844756235516,true,true,10000000000000,10000000000000,0,false,false,506856961357.5673345463588736,501457541952.8837276425073736,5399419404.6836069038515,true,true
17,0x3416cf6c708da44db2624d63ea0aaef7113527c6,25159064,8,13935263825937103,5,S17_P5,8:9,0xc36442b4a4522e871399cd717abdd847ab11fe88:8:9,0xc36442b4a4522e871399cd717abdd847ab11fe88,8,9,10084531916961294,0.7236699672805183,1,0,1,0,10084531916961294,0.7236699672805183,2.3593564958672503,70877.1727552199863648,1.041767452421145,3766.3022890550390618,3767.3440565074602068,3766.3022890550390618,10000000000000,10000000000000,0,false,false,335322745696.1982312842425904,240751095016.4656503272575888,94571650679.7325809569850016,true,true,10000000000000,10000000000000,0,false,false,503002768871.4078367562281236,501992961042.2294411326586196,1009807829.178395623569504,true,true,10000000000000,10000000000000,0,false,false,506856961357.5673345463588736,505441976527.8954553279339008,1414984829.6718792184249728,true,true
17,0x3416cf6c708da44db2624d63ea0aaef7113527c6,25159064,8,13935263825937103,6,S17_P6,-11:15,0xc36442b4a4522e871399cd717abdd847ab11fe88:-11:15,0xc36442b4a4522e871399cd717abdd847ab11fe88,-11,15,42435274499165,0.0030451719486058,26,19,7,7,1632125942275.5769230769230769,0.0001171219980233,2.3593564958672503,70877.1727552199863648,0.0032058939389845,1689.4380436521161884,1689.4412495460551729,1689.4380436521161884,10000000000000,10000000000000,0,false,false,335322745696.1982312842425904,293639224203.6100691094365,41683521492.5881621748060904,true,true,10000000000000,10000000000000,0,false,false,503002768871.4078367562281236,502613041876.3291830938883648,389726995.0786536623397588,true,true,10000000000000,10000000000000,0,false,false,506856961357.5673345463588736,506273750706.6131845321849716,583210650.954150014173902,true,true
17,0x3416cf6c708da44db2624d63ea0aaef7113527c6,25159064,8,13935263825937103,7,S17_P7,-30:27,0xc36442b4a4522e871399cd717abdd847ab11fe88:-30:27,0xc36442b4a4522e871399cd717abdd847ab11fe88,-30,27,14211454915761,0.0010198195809763,57,38,19,19,249323770451.9473684210526316,0.0000178915715961,2.3593564958672503,70877.1727552199863648,0.0010729017358667,1686.437725255471265,1686.4387981572071317,1686.437725255471265,10000000000000,10000000000000,0,false,false,335322745696.1982312842425904,295213365319.4637855564694684,40109380376.734445727773122,true,true,10000000000000,10000000000000,0,false,false,503002768871.4078367562281236,502624831096.0700138066696964,377937775.3378229495584272,true,true,10000000000000,10000000000000,0,false,false,506856961357.5673345463588736,506285787175.3795347041282892,571174182.1877998422305844,true,true
17,0x3416cf6c708da44db2624d63ea0aaef7113527c6,25159064,8,13935263825937103,8,S17_P8,-10:10,0xc36442b4a4522e871399cd717abdd847ab11fe88:-10:10,0xc36442b4a4522e871399cd717abdd847ab11fe88,-10,10,204510919579342,0.0146757838340093,20,18,2,2,10225545978967.1,0.0007337891917005,2.3593564958672503,70877.1727552199863648,0.0155125155314684,1414.4645184297631296,1414.480030945294598,1414.4645184297631296,10000000000000,10000000000000,0,false,false,335322745696.1982312842425904,299069949405.673349279208866,36252796290.5248820050337244,true,true,10000000000000,10000000000000,0,false,false,503002768871.4078367562281236,502673225847.2152978029375708,329543024.1925389532905528,true,true,10000000000000,10000000000000,0,false,false,506856961357.5673345463588736,506364109188.4308503519623692,492852169.1364841943965044,true,true
17,0x3416cf6c708da44db2624d63ea0aaef7113527c6,25159064,8,13935263825937103,9,S17_P9,-11:10,0xc36442b4a4522e871399cd717abdd847ab11fe88:-11:10,0xc36442b4a4522e871399cd717abdd847ab11fe88,-11,10,200410811646949,0.0143815584800004,21,19,2,2,9543371983188.0476190476190476,0.0006848361180953,2.3593564958672503,70877.1727552199863648,0.015199961126974,1385.6155233991531559,1385.6307233602801299,1385.6155233991531559,10000000000000,10000000000000,0,false,false,335322745696.1982312842425904,299747633843.8450339850026556,35575111852.3531972992399348,true,true,10000000000000,10000000000000,0,false,false,503002768871.4078367562281236,502680013287.1055780176774656,322755584.302258738550658,true,true,10000000000000,10000000000000,0,false,false,506856961357.5673345463588736,506374087967.3646303630486516,482873390.202704183310222,true,true
17,0x3416cf6c708da44db2624d63ea0aaef7113527c6,25159064,8,13935263825937103,10,S17_P10,-15:10,0xc36442b4a4522e871399cd717abdd847ab11fe88:-15:10,0xc36442b4a4522e871399cd717abdd847ab11fe88,-15,10,108476788212912,0.0077843368857509,25,23,2,2,4339071528516.48,0.00031137347543,2.3593564958672503,70877.1727552199863648,0.0082085678776487,744.0813461701189394,744.0895547379965881,744.0813461701189394,10000000000000,10000000000000,0,false,false,335322745696.1982312842425904,315472747956.9740466972558216,19849997739.2241845869867688,true,true,10000000000000,10000000000000,0,false,false,503002768871.4078367562281236,502830243755.8177452920879436,172525115.59009146414018,true,true,10000000000000,10000000000000,0,false,false,506856961357.5673345463588736,506596752711.6479549095993956,260208645.919379636759478,true,true
17,0x3416cf6c708da44db2624d63ea0aaef7113527c6,25159064,8,13935263825937103,11,S17_P11,-11:9,0xc36442b4a4522e871399cd717abdd847ab11fe88:-11:9,0xc36442b4a4522e871399cd717abdd847ab11fe88,-11,9,1922566437079320,0.1379641218920398,20,19,1,1,96128321853966,0.006898206094602,2.3593564958672503,70877.1727552199863648,0.152598796778599,691.6516601138741517,691.8042589106527507,691.6516601138741517,10000000000000,10000000000000,0,false,false,335322745696.1982312842425904,316502734878.5893936794140552,18820010817.6088376048285352,true,true,10000000000000,10000000000000,0,false,false,503002768871.4078367562281236,502842060206.1094445075282616,160708665.298392248699862,true,true,10000000000000,10000000000000,0,false,false,506856961357.5673345463588736,506614618708.2985598915072868,242342649.2687746548515868,true,true
17,0x3416cf6c708da44db2624d63ea0aaef7113527c6,25159064,8,13935263825937103,12,S17_P12,-8:21,0xc36442b4a4522e871399cd717abdd847ab11fe88:-8:21,0xc36442b4a4522e871399cd717abdd847ab11fe88,-8,21,8307667538880,0.000596161482312,29,16,13,13,286471294444.1379310344827586,0.0000205572924935,2.3593564958672503,70877.1727552199863648,0.000627103024165,649.9861358032430939,649.9867629062672589,649.9861358032430939,10000000000000,10000000000000,0,false,false,335322745696.1982312842425904,318662496145.6028746691569804,16660249550.59535661508561,true,true,10000000000000,10000000000000,0,false,false,503002768871.4078367562281236,502856249964.8615027479792944,146518906.5463340082488292,true,true,10000000000000,10000000000000,0,false,false,506856961357.5673345463588736,506633594476.4305544230789068,223366881.1367801232799668,true,true
17,0x3416cf6c708da44db2624d63ea0aaef7113527c6,25159064,8,13935263825937103,13,S17_P13,0:13,0xc36442b4a4522e871399cd717abdd847ab11fe88:0:13,0xc36442b4a4522e871399cd717abdd847ab11fe88,0,13,21714052762992,0.0015582089463263,13,8,5,5,1670311750999.3846153846153846,0.0001198622266405,2.3593564958672503,70877.1727552199863648,0.0016396119058538,571.0576960460143455,571.0593356579201993,571.0576960460143455,10000000000000,10000000000000,0,false,false,335322745696.1982312842425904,320170884793.853114982312192,15151860902.3451163019303984,true,true,10000000000000,10000000000000,0,false,false,503002768871.4078367562281236,502871486998.2587823780058284,131281873.1490543782222952,true,true,10000000000000,10000000000000,0,false,false,506856961357.5673345463588736,506658017600.4272681185177176,198943757.140066427841156,true,true
17,0x3416cf6c708da44db2624d63ea0aaef7113527c6,25159064,8,13935263825937103,14,S17_P14,-12:10,0xc36442b4a4522e871399cd717abdd847ab11fe88:-12:10,0xc36442b4a4522e871399cd717abdd847ab11fe88,-12,10,83022268032348,0.0059577105298733,22,20,2,2,3773739456015.8181818181818182,0.0002708050240852,2.3593564958672503,70877.1727552199863648,0.0062784412519538,568.2390508416100155,568.2453292828619693,568.2390508416100155,10000000000000,10000000000000,0,false,false,335322745696.1982312842425904,320001361378.0615139734436832,15321384318.1367173107989072,true,true,10000000000000,10000000000000,0,false,false,503002768871.4078367562281236,502871156788.1181867025436268,131612083.2896500536844968,true,true,10000000000000,10000000000000,0,false,false,506856961357.5673345463588736,506658022734.0889476327158064,198938623.4783869136430672,true,true
17,0x3416cf6c708da44db2624d63ea0aaef7113527c6,25159064,8,13935263825937103,15,S17_P15,-3:13,0xc36442b4a4522e871399cd717abdd847ab11fe88:-3:13,0xc36442b4a4522e871399cd717abdd847ab11fe88,-3,13,20566706601080,0.0014758749355574,16,11,5,5,1285419162567.5,0.0000922421834723,2.3593564958672503,70877.1727552199863648,0.0015529328918748,540.6796556691197186,540.6812086020115934,540.6796556691197186,10000000000000,10000000000000,0,false,false,335322745696.1982312842425904,320950461988.774801322562844,14372283707.4234299616797464,true,true,10000000000000,10000000000000,0,false,false,503002768871.4078367562281236,502878491896.2169169943550008,124276975.1909197618731228,true,true,10000000000000,10000000000000,0,false,false,506856961357.5673345463588736,506668561571.3108164127907336,188399786.25651813356814,true,true
17,0x3416cf6c708da44db2624d63ea0aaef7113527c6,25159064,8,13935263825937103,16,S17_P16,-13:11,0xc36442b4a4522e871399cd717abdd847ab11fe88:-13:11,0xc36442b4a4522e871399cd717abdd847ab11fe88,-13,11,29446326802810,0.0021130799653755,24,21,3,3,1226930283450.4166666666666667,0.0000880449985573,2.3593564958672503,70877.1727552199863648,0.0022238951600411,391.638281633147513,391.6405055283075541,391.638281633147513,10000000000000,10000000000000,0,false,false,335322745696.1982312842425904,324722743154.1407133202502804,10600002542.05751796399231,true,true,10000000000000,10000000000000,0,false,false,503002768871.4078367562281236,502912373714.8426324501888644,90395156.5652043060392592,true,true,10000000000000,10000000000000,0,false,false,506856961357.5673345463588736,506719907159.3739221938829136,137054198.19341235247596,true,true
17,0x3416cf6c708da44db2624d63ea0aaef7113527c6,25159064,8,13935263825937103,17,S17_P17,-16:10,0xc36442b4a4522e871399cd717abdd847ab11fe88:-16:10,0xc36442b4a4522e871399cd717abdd847ab11fe88,-16,10,39477313386541,0.0028329074985336,26,24,2,2,1518358207174.6538461538461538,0.0001089579807128,2.3593564958672503,70877.1727552199863648,0.0029822065591548,269.1960068157539217,269.1989890223130765,269.1960068157539217,10000000000000,10000000000000,0,false,false,335322745696.1982312842425904,327930773941.7030804971257516,7391971754.4951507871168388,true,true,10000000000000,10000000000000,0,false,false,503002768871.4078367562281236,502940523047.4413386199343,62245823.9664981362938236,true,true,10000000000000,10000000000000,0,false,false,506856961357.5673345463588736,506762522544.455909369611542,94438813.1114251767473316,true,true
17,0x3416cf6c708da44db2624d63ea0aaef7113527c6,25159064,8,13935263825937103,18,S17_P18,-9:11,0xc36442b4a4522e871399cd717abdd847ab11fe88:-9:11,0xc36442b4a4522e871399cd717abdd847ab11fe88,-9,11,9427538260794,0.000676523844726,20,17,3,3,471376913039.7,0.0000338261922363,2.3593564958672503,70877.1727552199863648,0.0007116522806965,124.9708880755796369,124.9715997278603334,124.9708880755796369,10000000000000,10000000000000,0,false,false,335322745696.1982312842425904,331885617855.2820521917228892,3437127840.9161790925197012,true,true,10000000000000,10000000000000,0,false,false,503002768871.4078367562281236,502973970769.3103838550682604,28798102.0974529011598632,true,true,10000000000000,10000000000000,0,false,false,506856961357.5673345463588736,506813149874.9591280529842852,43811482.6082064933745884,true,true
17,0x3416cf6c708da44db2624d63ea0aaef7113527c6,25159064,8,13935263825937103,19,S17_P19,-2:10,0xc36442b4a4522e871399cd717abdd847ab11fe88:-2:10,0xc36442b4a4522e871399cd717abdd847ab11fe88,-2,10,16708987061859,0.0011990434677497,12,10,2,2,1392415588488.25,0.0000999202889791,2.3593564958672503,70877.1727552199863648,0.0012615305775374,113.7179041023317055,113.7191656329092429,113.7179041023317055,10000000000000,10000000000000,0,false,false,335322745696.1982312842425904,332170945253.0528068081644444,3151800443.145424476078146,true,true,10000000000000,10000000000000,0,false,false,503002768871.4078367562281236,502976499067.1405350595334528,26269804.2673016966946708,true,true,10000000000000,10000000000000,0,false,false,506856961357.5673345463588736,506817025725.9402134763298164,39935631.6271210700290572,true,true
17,0x3416cf6c708da44db2624d63ea0aaef7113527c6,25159064,8,13935263825937103,20,S17_P20,-3:9,0xc36442b4a4522e871399cd717abdd847ab11fe88:-3:9,0xc36442b4a4522e871399cd717abdd847ab11fe88,-3,9,8958322819491,0.0006428527605496,12,11,1,1,746526901624.25,0.0000535710633791,2.3593564958672503,70877.1727552199863648,0.0006762257351825,3.1952902527336499,3.1959664784688324,3.1952902527336499,10000000000000,10000000000000,0,false,false,335322745696.1982312842425904,335232174235.6859249122963132,90571460.5123063719462772,true,true,10000000000000,10000000000000,0,false,false,503002768871.4078367562281236,503002029375.6868779879293604,739495.7209587682987632,true,true,10000000000000,10000000000000,0,false,false,506856961357.5673345463588736,506855836551.6281879819677872,1124805.9391465643910864,true,true
18,0x3416cf6c708da44db2624d63ea0aaef7113527c6,25149064,7,14138315209254582,1,S18_P1,-11:9,0xc36442b4a4522e871399cd717abdd847ab11fe88:-11:9,0xc36442b4a4522e871399cd717abdd847ab11fe88,-11,9,1922569591418609,0.1359829345267493,20,18,2,2,96128479570930.45,0.0067991467263375,2.072522038447929,50814.2846790997090241,0.1294039258386693,9094.8648687191738995,9094.9942726450125688,9094.8648687191738995,10000000000000,10000000000000,0,false,false,501861823410.0476143147565356,500761659434.3985016773257148,1100163975.6491126374308208,true,true,10000000000000,10000000000000,0,false,false,510069003572.741701937523256,505456655177.8122778913542024,4612348394.9294240461690536,true,true,10000000000000,10000000000000,0,false,false,520327978776.109374015142782,511325399857.0795356883864872,9002578919.0298383267562948,true,true
18,0x3416cf6c708da44db2624d63ea0aaef7113527c6,25149064,7,14138315209254582,2,S18_P2,-41:59,0xc36442b4a4522e871399cd717abdd847ab11fe88:-41:59,0xc36442b4a4522e871399cd717abdd847ab11fe88,-41,59,41923730222734,0.0029652564398403,100,48,52,48,419237302227.34,0.0000296525643984,2.072522038447929,50814.2846790997090241,0.0026459910781843,8881.3380744478764473,8881.3407204389546316,8881.3380744478764473,10000000000000,10000000000000,0,false,false,501861823410.0476143147565356,501199459832.1220583113450364,662363577.9255560034114992,true,true,10000000000000,10000000000000,0,false,false,510069003572.741701937523256,505938758343.0123264005523856,4130245229.7293755369708704,true,true,10000000000000,10000000000000,0,false,false,520327978776.109374015142782,511862881481.6252240612226976,8465097294.4841499539200844,true,true
18,0x3416cf6c708da44db2624d63ea0aaef7113527c6,25149064,7,14138315209254582,3,S18_P3,-27:19,0xc36442b4a4522e871399cd717abdd847ab11fe88:-27:19,0xc36442b4a4522e871399cd717abdd847ab11fe88,-27,19,140920299016803,0.0099672625013029,46,34,12,12,3063484761234.8478260869565217,0.0002166796195935,2.072522038447929,50814.2846790997090241,0.0089227289521229,6259.6229765069846173,6259.6318992359367402,6259.6229765069846173,10000000000000,10000000000000,0,false,false,501861823410.0476143147565356,501135272068.5931085256315136,726551341.454505789125022,true,true,10000000000000,10000000000000,0,false,false,510069003572.741701937523256,506557398363.0980245065849324,3511605209.6436774309383236,true,true,10000000000000,10000000000000,0,false,false,520327978776.109374015142782,513335056231.2292070122733812,6992922544.8801670028694008,true,true
18,0x3416cf6c708da44db2624d63ea0aaef7113527c6,25149064,7,14138315209254582,4,S18_P4,-30:31,0xc36442b4a4522e871399cd717abdd847ab11fe88:-30:31,0xc36442b4a4522e871399cd717abdd847ab11fe88,-30,31,65477517391230,0.0046312107505122,61,37,24,24,1073401924446.3934426229508197,0.0000759214877133,2.072522038447929,50814.2846790997090241,0.0041357264762084,6018.4325093444380031,6018.4366450709142115,6018.4325093444380031,10000000000000,10000000000000,0,false,false,501861823410.0476143147565356,501279398989.5551924403171948,582424420.4924218744393408,true,true,10000000000000,10000000000000,0,false,false,510069003572.741701937523256,506772585185.8470455952301056,3296418386.8946563422931504,true,true,10000000000000,10000000000000,0,false,false,520327978776.109374015142782,513639067931.2119245880323696,6688910844.8974494271104124,true,true
18,0x3416cf6c708da44db2624d63ea0aaef7113527c6,25149064,7,14138315209254582,5,S18_P5,7:8,0xc36442b4a4522e871399cd717abdd847ab11fe88:7:8,0xc36442b4a4522e871399cd717abdd847ab11fe88,7,8,10084390421596693,0.7132667699327928,1,0,1,0,10084390421596693,0.7132667699327928,2.072522038447929,50814.2846790997090241,0.8994810943128266,5440.2394767452093124,5441.138957839522139,5440.2394767452093124,10000000000000,10000000000000,0,false,false,501861823410.0476143147565356,501104264685.7186973577555672,757558724.3289169570009684,true,true,10000000000000,10000000000000,0,false,false,510069003572.741701937523256,506781347965.192553800774732,3287655607.549148136748524,true,true,10000000000000,10000000000000,0,false,false,520327978776.109374015142782,513877702064.5348243152197876,6450276711.5745496999229944,true,true
18,0x3416cf6c708da44db2624d63ea0aaef7113527c6,25149064,7,14138315209254582,6,S18_P6,-10:20,0xc36442b4a4522e871399cd717abdd847ab11fe88:-10:20,0xc36442b4a4522e871399cd717abdd847ab11fe88,-10,20,66811143499223,0.0047255378388714,30,17,13,13,2227038116640.7666666666666667,0.0001575179279624,2.072522038447929,50814.2846790997090241,0.0042201446732327,3078.1192777606178727,3078.1234979052911054,3078.1192777606178727,10000000000000,10000000000000,0,false,false,501861823410.0476143147565356,501465113326.8386464356283512,396710083.2089678791281844,true,true,10000000000000,10000000000000,0,false,false,510069003572.741701937523256,508022848432.8968846154581984,2046155139.8448173220650576,true,true,10000000000000,10000000000000,0,false,false,520327978776.109374015142782,516220017315.4696573205810572,4107961460.6397166945617248,true,true
18,0x3416cf6c708da44db2624d63ea0aaef7113527c6,25149064,7,14138315209254582,7,S18_P7,-10:10,0xc36442b4a4522e871399cd717abdd847ab11fe88:-10:10,0xc36442b4a4522e871399cd717abdd847ab11fe88,-10,10,204510919579342,0.014465013444139,20,17,3,3,10225545978967.1,0.000723250672207,2.072522038447929,50814.2846790997090241,0.0129760073790023,1620.8212785790153068,1620.8342545863943091,1620.8212785790153068,10000000000000,10000000000000,0,false,false,501861823410.0476143147565356,501599974267.2301933383037732,261849142.8174209764527624,true,true,10000000000000,10000000000000,0,false,false,510069003572.741701937523256,508849852111.7243582167491208,1219151461.0173437207741352,true,true,10000000000000,10000000000000,0,false,false,520327978776.109374015142782,517912199417.3420768246380304,2415779358.7672971905047516,true,true
18,0x3416cf6c708da44db2624d63ea0aaef7113527c6,25149064,7,14138315209254582,8,S18_P8,-11:10,0xc36442b4a4522e871399cd717abdd847ab11fe88:-11:10,0xc36442b4a4522e871399cd717abdd847ab11fe88,-11,10,200410811646949,0.0141750136901577,21,18,3,3,9543371983188.0476190476190476,0.0006750006519123,2.072522038447929,50814.2846790997090241,0.0127141568391727,1587.4613405487934329,1587.4740547056326056,1587.4613405487934329,10000000000000,10000000000000,0,false,false,501861823410.0476143147565356,501604917850.3866694612495644,256905559.6609448535069712,true,true,10000000000000,10000000000000,0,false,false,510069003572.741701937523256,508872291659.0139682726142828,1196711913.7277336649089732,true,true,10000000000000,10000000000000,0,false,false,520327978776.109374015142782,517956508919.7980917868201808,2371469856.3112822283226012,true,true
18,0x3416cf6c708da44db2624d63ea0aaef7113527c6,25149064,7,14138315209254582,9,S18_P9,-11:15,0xc36442b4a4522e871399cd717abdd847ab11fe88:-11:15,0xc36442b4a4522e871399cd717abdd847ab11fe88,-11,15,42435274499165,0.0030014378567107,26,18,8,8,1632125942275.5769230769230769,0.0001154399175658,2.072522038447929,50814.2846790997090241,0.0026783208340458,1113.7857972563194746,1113.7884755771535204,1113.7857972563194746,10000000000000,10000000000000,0,false,false,501861823410.0476143147565356,501691121359.8330921466905988,170702050.2145221680659368,true,true,10000000000000,10000000000000,0,false,false,510069003572.741701937523256,509215925620.3981090771140488,853077952.3435928604092072,true,true,10000000000000,10000000000000,0,false,false,520327978776.109374015142782,518621930946.104342710646686,1706047830.005031304496096,true,true
18,0x3416cf6c708da44db2624d63ea0aaef7113527c6,25149064,7,14138315209254582,10,S18_P10,-30:27,0xc36442b4a4522e871399cd717abdd847ab11fe88:-30:27,0xc36442b4a4522e871399cd717abdd847ab11fe88,-30,27,14211454915761,0.001005173155742,57,37,20,20,249323770451.9473684210526316,0.0000176346167674,2.072522038447929,50814.2846790997090241,0.0008961436472966,997.956236559517014,997.9571327031643106,997.956236559517014,10000000000000,10000000000000,0,false,false,501861823410.0476143147565356,501732811911.1887520486932684,129011498.8588622660632672,true,true,10000000000000,10000000000000,0,false,false,510069003572.741701937523256,509323014220.037219422782696,745989352.70448251474056,true,true,10000000000000,10000000000000,0,false,false,520327978776.109374015142782,518810767106.0978161502267056,1517211670.0115578649160764,true,true
18,0x3416cf6c708da44db2624d63ea0aaef7113527c6,25149064,7,14138315209254582,11,S18_P11,-15:10,0xc36442b4a4522e871399cd717abdd847ab11fe88:-15:10,0xc36442b4a4522e871399cd717abdd847ab11fe88,-15,10,108476788212912,0.0076725399460542,25,22,3,3,4339071528516.48,0.0003069015978422,2.072522038447929,50814.2846790997090241,0.0068612367152991,848.879130281952946,848.8859915186682451,848.879130281952946,10000000000000,10000000000000,0,false,false,501861823410.0476143147565356,501718768695.362499948798482,143054714.6851143659580536,true,true,10000000000000,10000000000000,0,false,false,510069003572.741701937523256,509395790047.5050432258278464,673213525.2366587116954096,true,true,10000000000000,10000000000000,0,false,false,520327978776.109374015142782,518992066737.6832098122823268,1335912038.4261642028604552,true,true
18,0x3416cf6c708da44db2624d63ea0aaef7113527c6,25149064,7,14138315209254582,12,S18_P12,-12:10,0xc36442b4a4522e871399cd717abdd847ab11fe88:-12:10,0xc36442b4a4522e871399cd717abdd847ab11fe88,-12,10,83022268032348,0.0058721471974259,22,19,3,3,3773739456015.8181818181818182,0.0002669157817012,2.072522038447929,50814.2846790997090241,0.0052468810192541,647.5220357261968081,647.5272826072160622,647.5220357261968081,10000000000000,10000000000000,0,false,false,501861823410.0476143147565356,501751375412.634887593783612,110447997.4127267209729236,true,true,10000000000000,10000000000000,0,false,false,510069003572.741701937523256,509548012061.1836430951646208,520991511.5580588423586352,true,true,10000000000000,10000000000000,0,false,false,520327978776.109374015142782,519293807871.869612491555332,1034170904.23976152358745,true,true
18,0x3416cf6c708da44db2624d63ea0aaef7113527c6,25149064,7,14138315209254582,13,S18_P13,0:13,0xc36442b4a4522e871399cd717abdd847ab11fe88:0:13,0xc36442b4a4522e871399cd717abdd847ab11fe88,0,13,21714052762992,0.0015358302910646,13,7,6,6,1670311750999.3846153846153846,0.0001181407916204,2.072522038447929,50814.2846790997090241,0.0013695744379623,405.4461397338657573,405.4475093083037196,405.4461397338657573,10000000000000,10000000000000,0,false,false,501861823410.0476143147565356,501794911435.8458680894970908,66911974.2017462252594448,true,true,10000000000000,10000000000000,0,false,false,510069003572.741701937523256,509740203086.5985363325274972,328800486.1431656049957588,true,true,10000000000000,10000000000000,0,false,false,520327978776.109374015142782,519671817650.0393716363155052,656161126.0700023788272768,true,true
18,0x3416cf6c708da44db2624d63ea0aaef7113527c6,25149064,7,14138315209254582,14,S18_P14,6:8,0x8c209c15835cccb2984701b52651d2c8d83aa442:6:8,0x8c209c15835cccb2984701b52651d2c8d83aa442,6,8,811558591954785,0.0574013650101364,2,1,1,1,405779295977392.5,0.0287006825050682,2.072522038447929,50814.2846790997090241,0.0384665469402904,403.9406011882445324,403.9790677351848228,403.9406011882445324,10000000000000,10000000000000,0,false,false,501861823410.0476143147565356,501789654657.2288037483609872,72168752.8188105663955484,true,true,10000000000000,10000000000000,0,false,false,510069003572.741701937523256,509735972339.9637025753341924,333031232.7779993621890636,true,true,10000000000000,10000000000000,0,false,false,520327978776.109374015142782,519668869443.3823886582118244,659109332.7269853569309576,true,true
18,0x3416cf6c708da44db2624d63ea0aaef7113527c6,25149064,7,14138315209254582,15,S18_P15,-3:13,0xc36442b4a4522e871399cd717abdd847ab11fe88:-3:13,0xc36442b4a4522e871399cd717abdd847ab11fe88,-3,13,20566706601080,0.0014546787433072,16,10,6,6,1285419162567.5,0.0000909174214567,2.072522038447929,50814.2846790997090241,0.0012971594003825,383.8848034176150837,383.8861005770154662,383.8848034176150837,10000000000000,10000000000000,0,false,false,501861823410.0476143147565356,501798384658.6814561908150676,63438751.366158123941468,true,true,10000000000000,10000000000000,0,false,false,510069003572.741701937523256,509757192371.998059546601832,311811200.743642390921424,true,true,10000000000000,10000000000000,0,false,false,520327978776.109374015142782,519705702013.643751192174162,622276762.46562282296862,true,true
18,0x3416cf6c708da44db2624d63ea0aaef7113527c6,25149064,7,14138315209254582,16,S18_P16,-13:11,0xc36442b4a4522e871399cd717abdd847ab11fe88:-13:11,0xc36442b4a4522e871399cd717abdd847ab11fe88,-13,11,29446326802810,0.0020827323741895,24,20,4,4,1226930283450.4166666666666667,0.0000867805155912,2.072522038447929,50814.2846790997090241,0.0018577382137825,335.381329386072842,335.3831871242866245,335.381329386072842,10000000000000,10000000000000,0,false,false,501861823410.0476143147565356,501804393676.6089204479937156,57429733.43869386676282,true,true,10000000000000,10000000000000,0,false,false,510069003572.741701937523256,509793799111.7719897574527196,275204460.9697121800705364,true,true,10000000000000,10000000000000,0,false,false,520327978776.109374015142782,519780555905.7258514139409248,547422870.3835226012018572,true,true
18,0x3416cf6c708da44db2624d63ea0aaef7113527c6,25149064,7,14138315209254582,17,S18_P17,-16:10,0xc36442b4a4522e871399cd717abdd847ab11fe88:-16:10,0xc36442b4a4522e871399cd717abdd847ab11fe88,-16,10,39477313386541,0.002792221902133,26,23,3,3,1518358207174.6538461538461538,0.000107393150082,2.072522038447929,50814.2846790997090241,0.002491391410913,306.1536194633858798,306.1561108547967928,306.1536194633858798,10000000000000,10000000000000,0,false,false,501861823410.0476143147565356,501808459571.6883604597425108,53363838.3592538550140248,true,true,10000000000000,10000000000000,0,false,false,510069003572.741701937523256,509816407295.1594917833189352,252596277.5822101542043208,true,true,10000000000000,10000000000000,0,false,false,520327978776.109374015142782,519826341949.4984184476216908,501636826.6109555675210912,true,true
18,0x3416cf6c708da44db2624d63ea0aaef7113527c6,25149064,7,14138315209254582,18,S18_P18,-9:11,0xc36442b4a4522e871399cd717abdd847ab11fe88:-9:11,0xc36442b4a4522e871399cd717abdd847ab11fe88,-9,11,9427538260794,0.0006668077575907,20,16,4,4,471376913039.7,0.0000333403878795,2.072522038447929,50814.2846790997090241,0.000594391999889,106.9663726464329271,106.9669670384328161,106.9663726464329271,10000000000000,10000000000000,0,false,false,501861823410.0476143147565356,501843236707.4046209754687988,18586702.6429933392877368,true,true,10000000000000,10000000000000,0,false,false,510069003572.741701937523256,509979714617.1423209315629908,89288955.5993810059602652,true,true,10000000000000,10000000000000,0,false,false,520327978776.109374015142782,520150312004.3143958373518304,177666771.7949781777909516,true,true
18,0x3416cf6c708da44db2624d63ea0aaef7113527c6,25149064,7,14138315209254582,19,S18_P19,-12:8,0xc36442b4a4522e871399cd717abdd847ab11fe88:-12:8,0xc36442b4a4522e871399cd717abdd847ab11fe88,-12,8,97815631577635,0.0069184786256291,20,19,1,1,4890781578881.75,0.0003459239312815,2.072522038447929,50814.2846790997090241,0.0061847706085283,48.3976293676738214,48.4038141382823497,48.3976293676738214,10000000000000,10000000000000,0,false,false,501861823410.0476143147565356,501852972729.2514004321343996,8850680.796213882622136,true,true,10000000000000,10000000000000,0,false,false,510069003572.741701937523256,510028021921.6186194771241104,40981651.1230824603991456,true,true,10000000000000,10000000000000,0,false,false,520327978776.109374015142782,520246833412.0776057538645736,81145364.0317682612782084,true,true
18,0x3416cf6c708da44db2624d63ea0aaef7113527c6,25149064,7,14138315209254582,20,S18_P20,-9:8,0xc36442b4a4522e871399cd717abdd847ab11fe88:-9:8,0xc36442b4a4522e871399cd717abdd847ab11fe88,-9,8,44709233925034,0.0031622745188032,17,16,1,1,2629954936766.7058823529411765,0.0001860161481649,2.072522038447929,50814.2846790997090241,0.0028220488647921,22.1116699288781454,22.1144919777429375,22.1116699288781454,10000000000000,10000000000000,0,false,false,501861823410.0476143147565356,501857772686.763295199751306,4050723.2843191150052296,true,true,10000000000000,10000000000000,0,false,false,510069003572.741701937523256,510050242542.83709078531634,18761029.904611152206916,true,true,10000000000000,10000000000000,0,false,false,520327978776.109374015142782,520290829862.929397816433758,37148913.179976198709024,true,true
19,0x3416cf6c708da44db2624d63ea0aaef7113527c6,25139064,6,24337098765172620,1,S19_P1,1:7,0xc36442b4a4522e871399cd717abdd847ab11fe88:1:7,0xc36442b4a4522e871399cd717abdd847ab11fe88,1,7,10248353052608157,0.4211000313346292,6,5,1,1,1708058842101359.5,0.0701833385557715,1.2252524659470707,16024.3964976542087442,0.2909851029959572,7214.8220813740691403,7215.1130664770650975,7214.8220813740691403,10000000000000,10000000000000,0,false,false,1003297693297.9177321286999771,1002259883333.0141641235251711,1037809964.903568005174806,true,true,10000000000000,10000000000000,0,false,false,1014534182239.8642127125954483,1009588051695.8000361530896745,4946130544.0641765595057738,true,true,10000000000000,10000000000000,0,false,false,1028579793417.2981139256806999,1018748262149.2829765524572382,9831531268.0151373732234617,true,true
19,0x3416cf6c708da44db2624d63ea0aaef7113527c6,25139064,6,24337098765172620,2,S19_P2,6:7,0xc36442b4a4522e871399cd717abdd847ab11fe88:6:7,0xc36442b4a4522e871399cd717abdd847ab11fe88,6,7,10081414065212970,0.4142405864597092,1,0,1,0,10081414065212970,0.4142405864597092,1.2252524659470707,16024.3964976542087442,0.2852727706303778,7061.2434301894248906,7061.5287029600552684,7061.2434301894248906,10000000000000,10000000000000,0,false,false,1003297693297.9177321286999771,1002275972494.3388030544719983,1021720803.5789290742279788,true,true,10000000000000,10000000000000,0,false,false,1014534182239.8642127125954483,1009658804625.4141335071422289,4875377614.4500792054532194,true,true,10000000000000,10000000000000,0,false,false,1028579793417.2981139256806999,1018887344789.2588969353919516,9692448628.0392169902887483,true,true
19,0x3416cf6c708da44db2624d63ea0aaef7113527c6,25139064,6,24337098765172620,3,S19_P3,-11:9,0xc36442b4a4522e871399cd717abdd847ab11fe88:-11:9,0xc36442b4a4522e871399cd717abdd847ab11fe88,-11,9,1922569591418609,0.0789974848674191,20,17,3,3,96128479570930.45,0.003949874243371,1.2252524659470707,16024.3964976542087442,0.0456792839412059,3681.9225600514063696,3681.9682393353475755,3681.9225600514063696,10000000000000,10000000000000,0,false,false,1003297693297.9177321286999771,1002713603145.9387746798446171,584090151.97895744885536,true,true,10000000000000,10000000000000,0,false,false,1014534182239.8642127125954483,1011546066561.5739770327807532,2988115678.2902356798146951,true,true,10000000000000,10000000000000,0,false,false,1028579793417.2981139256806999,1022586645831.1180800343529124,5993147586.1800338913277875,true,true
19,0x3416cf6c708da44db2624d63ea0aaef7113527c6,25139064,6,24337098765172620,4,S19_P4,-41:59,0xc36442b4a4522e871399cd717abdd847ab11fe88:-41:59,0xc36442b4a4522e871399cd717abdd847ab11fe88,-41,59,41923730222734,0.0017226264571325,100,47,53,47,419237302227.34,0.0000172262645713,1.2252524659470707,16024.3964976542087442,0.00095892733946,1306.515447861600737,1306.516406788940197,1306.515447861600737,10000000000000,10000000000000,0,false,false,1003297693297.9177321286999771,1003060270074.9181202951162184,237423222.9996118335837587,true,true,10000000000000,10000000000000,0,false,false,1014534182239.8642127125954483,1013307120839.0998507451014568,1227061400.7643619674939915,true,true,10000000000000,10000000000000,0,false,false,1028579793417.2981139256806999,1026115684294.3274140491909611,2464109122.9706998764897388,true,true
19,0x3416cf6c708da44db2624d63ea0aaef7113527c6,25139064,6,24337098765172620,5,S19_P5,-27:19,0xc36442b4a4522e871399cd717abdd847ab11fe88:-27:19,0xc36442b4a4522e871399cd717abdd847ab11fe88,-27,19,140920299016803,0.0057903491445934,46,33,13,13,3063484761234.8478260869565217,0.0001258771553172,1.2252524659470707,16024.3964976542087442,0.0032295571339589,1065.1797774060220111,1065.18300696315597,1065.1797774060220111,10000000000000,10000000000000,0,false,false,1003297693297.9177321286999771,1003100453183.2728821711698696,197240114.6448499575301075,true,true,10000000000000,10000000000000,0,false,false,1014534182239.8642127125954483,1013516767483.0170902900229525,1017414756.8471224225724958,true,true,10000000000000,10000000000000,0,false,false,1028579793417.2981139256806999,1026537160357.6974504989912952,2042633059.6006634266894047,true,true
19,0x3416cf6c708da44db2624d63ea0aaef7113527c6,25139064,6,24337098765172620,6,S19_P6,-30:31,0xc36442b4a4522e871399cd717abdd847ab11fe88:-30:31,0xc36442b4a4522e871399cd717abdd847ab11fe88,-30,31,65477517391230,0.0026904405501666,61,36,25,25,1073401924446.3934426229508197,0.0000441055827896,1.2252524659470707,16024.3964976542087442,0.0014983662334427,948.2332295156885556,948.2347278819219983,948.2332295156885556,10000000000000,10000000000000,0,false,false,1003297693297.9177321286999771,1003120958228.1320926881291422,176735069.7856394405708349,true,true,10000000000000,10000000000000,0,false,false,1014534182239.8642127125954483,1013621422033.2571725784915674,912760206.6070401341038809,true,true,10000000000000,10000000000000,0,false,false,1028579793417.2981139256806999,1026747001789.6635224414445989,1832791627.634591484236101,true,true
19,0x3416cf6c708da44db2624d63ea0aaef7113527c6,25139064,6,24337098765172620,7,S19_P7,-10:20,0xc36442b4a4522e871399cd717abdd847ab11fe88:-10:20,0xc36442b4a4522e871399cd717abdd847ab11fe88,-10,20,66811143499223,0.0027452386228893,30,16,14,14,2227038116640.7666666666666667,0.0000915079540963,1.2252524659470707,16024.3964976542087442,0.0015289239338592,531.9117379375379758,531.913266861471835,531.9117379375379758,10000000000000,10000000000000,0,false,false,1003297693297.9177321286999771,1003195481160.9324849820428096,102212136.9852471466571675,true,true,10000000000000,10000000000000,0,false,false,1014534182239.8642127125954483,1014006874166.5611439830812664,527308073.3030687295141819,true,true,10000000000000,10000000000000,0,false,false,1028579793417.2981139256806999,1027521115423.5969677343793374,1058677993.7011461913013625,true,true
19,0x3416cf6c708da44db2624d63ea0aaef7113527c6,25139064,6,24337098765172620,8,S19_P8,-10:10,0xc36442b4a4522e871399cd717abdd847ab11fe88:-10:10,0xc36442b4a4522e871399cd717abdd847ab11fe88,-10,10,204510919579342,0.0084032579870204,20,16,4,4,10225545978967.1,0.000420162899351,1.2252524659470707,16024.3964976542087442,0.004692777879964,460.6962748542250085,460.7009676321049725,460.6962748542250085,10000000000000,10000000000000,0,false,false,1003297693297.9177321286999771,1003208035917.00036096218425,89657380.9173711665157271,true,true,10000000000000,10000000000000,0,false,false,1014534182239.8642127125954483,1014074471536.9772986753091548,459710702.8869140372862935,true,true,10000000000000,10000000000000,0,false,false,1028579793417.2981139256806999,1027657516061.9484708167152858,922277355.3496431089654141,true,true
19,0x3416cf6c708da44db2624d63ea0aaef7113527c6,25139064,6,24337098765172620,9,S19_P9,-11:10,0xc36442b4a4522e871399cd717abdd847ab11fe88:-11:10,0xc36442b4a4522e871399cd717abdd847ab11fe88,-11,10,200410811646949,0.008234786470676,21,17,4,4,9543371983188.0476190476190476,0.0003921326890798,1.2252524659470707,16024.3964976542087442,0.0045983269294455,451.2789809610674765,451.283579287996922,451.2789809610674765,10000000000000,10000000000000,0,false,false,1003297693297.9177321286999771,1003209809277.0893259745624551,87884020.828406154137522,true,true,10000000000000,10000000000000,0,false,false,1014534182239.8642127125954483,1014083565180.3382457339957342,450617059.5259669785997141,true,true,10000000000000,10000000000000,0,false,false,1028579793417.2981139256806999,1027675760059.399295372885344,904033357.8988185527953559,true,true
19,0x3416cf6c708da44db2624d63ea0aaef7113527c6,25139064,6,24337098765172620,10,S19_P10,4:7,0x8c209c15835cccb2984701b52651d2c8d83aa442:4:7,0x8c209c15835cccb2984701b52651d2c8d83aa442,4,7,540882948945183,0.0222246272723028,3,2,1,1,180294316315061,0.0074082090907676,1.2252524659470707,16024.3964976542087442,0.0124943393587474,293.6051522066257211,293.6176465459844685,293.6051522066257211,10000000000000,10000000000000,0,false,false,1003297693297.9177321286999771,1003237906892.5974288253753469,59786405.3203033033246302,true,true,10000000000000,10000000000000,0,false,false,1014534182239.8642127125954483,1014235714474.9595165860556714,298467764.9046961265397769,true,true,10000000000000,10000000000000,0,false,false,1028579793417.2981139256806999,1027982973952.9118261057001098,596819464.3862878199805901,true,true
19,0x3416cf6c708da44db2624d63ea0aaef7113527c6,25139064,6,24337098765172620,11,S19_P11,-15:10,0xc36442b4a4522e871399cd717abdd847ab11fe88:-15:10,0xc36442b4a4522e871399cd717abdd847ab11fe88,-15,10,108476788212912,0.0044572604672233,25,21,4,4,4339071528516.48,0.0001782904186889,1.2252524659470707,16024.3964976542087442,0.0024844409421215,242.0873779444471232,242.0898623853892447,242.0873779444471232,10000000000000,10000000000000,0,false,false,1003297693297.9177321286999771,1003249829496.2819865660506334,47863801.6357455626493437,true,true,10000000000000,10000000000000,0,false,false,1014534182239.8642127125954483,1014288775866.0627404739372795,245406373.8014722386581688,true,true,10000000000000,10000000000000,0,false,false,1028579793417.2981139256806999,1028087458828.2883826775896199,492334589.00973124809108,true,true
19,0x3416cf6c708da44db2624d63ea0aaef7113527c6,25139064,6,24337098765172620,12,S19_P12,-11:15,0xc36442b4a4522e871399cd717abdd847ab11fe88:-11:15,0xc36442b4a4522e871399cd717abdd847ab11fe88,-11,15,42435274499165,0.0017436455720799,26,17,9,9,1632125942275.5769230769230769,0.0000670632912338,1.2252524659470707,16024.3964976542087442,0.0009706366380705,213.9507171552556638,213.9516877918937343,213.9507171552556638,10000000000000,10000000000000,0,false,false,1003297693297.9177321286999771,1003255556868.4655939456599803,42136429.4521381830399968,true,true,10000000000000,10000000000000,0,false,false,1014534182239.8642127125954483,1014317104435.8788286908473077,217077803.9853840217481406,true,true,10000000000000,10000000000000,0,false,false,1028579793417.2981139256806999,1028144038895.1455722431354451,435754522.1525416825452548,true,true
19,0x3416cf6c708da44db2624d63ea0aaef7113527c6,25139064,6,24337098765172620,13,S19_P13,-12:10,0xc36442b4a4522e871399cd717abdd847ab11fe88:-12:10,0xc36442b4a4522e871399cd717abdd847ab11fe88,-12,10,83022268032348,0.0034113461441491,22,18,4,4,3773739456015.8181818181818182,0.0001550611883704,1.2252524659470707,16024.3964976542087442,0.0019005099698033,184.8244272702504878,184.8263277802202911,184.8244272702504878,10000000000000,10000000000000,0,false,false,1003297693297.9177321286999771,1003260998010.3559761116761636,36695287.5617560170238135,true,true,10000000000000,10000000000000,0,false,false,1014534182239.8642127125954483,1014346041136.587135428579191,188141103.2770772840162573,true,true,10000000000000,10000000000000,0,false,false,1028579793417.2981139256806999,1028202345044.3762846955119534,377448372.9218292301687465,true,true
19,0x3416cf6c708da44db2624d63ea0aaef7113527c6,25139064,6,24337098765172620,14,S19_P14,-5:7,0xc36442b4a4522e871399cd717abdd847ab11fe88:-5:7,0xc36442b4a4522e871399cd717abdd847ab11fe88,-5,7,205711759589762,0.0084525999411295,12,11,1,1,17142646632480.1666666666666667,0.0007043833284275,1.2252524659470707,16024.3964976542087442,0.0047204484350392,110.7898618438901976,110.7945822923252368,110.7898618438901976,10000000000000,10000000000000,0,false,false,1003297693297.9177321286999771,1003274836975.6327100332382839,22856322.2850220954616932,true,true,10000000000000,10000000000000,0,false,false,1014534182239.8642127125954483,1014420054230.7627545395790949,114128009.1014581730163534,true,true,10000000000000,10000000000000,0,false,false,1028579793417.2981139256806999,1028351575799.6759105349170431,228217617.6222033907636568,true,true
19,0x3416cf6c708da44db2624d63ea0aaef7113527c6,25139064,6,24337098765172620,15,S19_P15,-12:8,0xc36442b4a4522e871399cd717abdd847ab11fe88:-12:8,0xc36442b4a4522e871399cd717abdd847ab11fe88,-12,8,97815631577635,0.0040191985298434,20,18,2,2,4890781578881.75,0.0002009599264922,1.2252524659470707,16024.3964976542087442,0.0022398028300216,107.4617517836084669,107.4639915864384885,107.4617517836084669,10000000000000,10000000000000,0,false,false,1003297693297.9177321286999771,1003276002618.930230639797434,21690678.9875014889025431,true,true,10000000000000,10000000000000,0,false,false,1014534182239.8642127125954483,1014423938354.7266584090314439,110243885.1375543035640044,true,true,10000000000000,10000000000000,0,false,false,1028579793417.2981139256806999,1028358858024.4724933017799235,220935392.8256206239007764,true,true
19,0x3416cf6c708da44db2624d63ea0aaef7113527c6,25139064,6,24337098765172620,16,S19_P16,-16:10,0xc36442b4a4522e871399cd717abdd847ab11fe88:-16:10,0xc36442b4a4522e871399cd717abdd847ab11fe88,-16,10,39477313386541,0.0016221043341055,26,22,4,4,1518358207174.6538461538461538,0.0000623886282348,1.2252524659470707,16024.3964976542087442,0.0009029220136378,87.5159210888166939,87.5168240108303317,87.5159210888166939,10000000000000,10000000000000,0,false,false,1003297693297.9177321286999771,1003280193170.8197669863836266,17500127.0979651423163505,true,true,10000000000000,10000000000000,0,false,false,1014534182239.8642127125954483,1014444458858.7790924001173804,89723381.0851203124780679,true,true,10000000000000,10000000000000,0,false,false,1028579793417.2981139256806999,1028399790968.7284492880885508,180002448.5696646375921491,true,true
19,0x3416cf6c708da44db2624d63ea0aaef7113527c6,25139064,6,24337098765172620,17,S19_P17,0:13,0xc36442b4a4522e871399cd717abdd847ab11fe88:0:13,0xc36442b4a4522e871399cd717abdd847ab11fe88,0,13,21707897877153,0.0008919673658151,13,6,7,6,1669838298242.5384615384615385,0.0000686128742935,1.2252524659470707,16024.3964976542087442,0.0004963293695972,84.5512634937731575,84.5517598231427547,84.5512634937731575,10000000000000,10000000000000,0,false,false,1003297693297.9177321286999771,1003280859918.7280562261942294,16833379.1896759025057477,true,true,10000000000000,10000000000000,0,false,false,1014534182239.8642127125954483,1014447556753.5415946614586869,86625486.3226180511367614,true,true,10000000000000,10000000000000,0,false,false,1028579793417.2981139256806999,1028405927797.0580174035293134,173865620.2400965221513865,true,true
19,0x3416cf6c708da44db2624d63ea0aaef7113527c6,25139064,6,24337098765172620,18,S19_P18,-13:11,0xc36442b4a4522e871399cd717abdd847ab11fe88:-13:11,0xc36442b4a4522e871399cd717abdd847ab11fe88,-13,11,29446326802810,0.001209935789263,24,19,5,5,1226930283450.4166666666666667,0.0000504139912193,1.2252524659470707,16024.3964976542087442,0.0006733612030369,81.735014946739007,81.7356883079420439,81.735014946739007,10000000000000,10000000000000,0,false,false,1003297693297.9177321286999771,1003281377296.426631047617377,16316001.4911010810826001,true,true,10000000000000,10000000000000,0,false,false,1014534182239.8642127125954483,1014450384959.313716359912382,83797280.5504963526830663,true,true,10000000000000,10000000000000,0,false,false,1028579793417.2981139256806999,1028411644537.9219726378692038,168148879.3761412878114961,true,true
19,0x3416cf6c708da44db2624d63ea0aaef7113527c6,25139064,6,24337098765172620,19,S19_P19,-9:8,0xc36442b4a4522e871399cd717abdd847ab11fe88:-9:8,0xc36442b4a4522e871399cd717abdd847ab11fe88,-9,8,44709233925034,0.0018370815008161,17,15,2,2,2629954936766.7058823529411765,0.0001080636176951,1.2252524659470707,16024.3964976542087442,0.001022693553609,48.9940570398359104,48.9950797333895194,48.9940570398359104,10000000000000,10000000000000,0,false,false,1003297693297.9177321286999771,1003287761416.3878961010120962,9931881.5298360276878809,true,true,10000000000000,10000000000000,0,false,false,1014534182239.8642127125954483,1014483703282.8565425104107209,50478957.0076702021847274,true,true,10000000000000,10000000000000,0,false,false,1028579793417.2981139256806999,1028478630615.9422504617570127,101162801.3558634639236872,true,true
19,0x3416cf6c708da44db2624d63ea0aaef7113527c6,25139064,6,24337098765172620,20,S19_P20,-14:7,0xc36442b4a4522e871399cd717abdd847ab11fe88:-14:7,0xc36442b4a4522e871399cd717abdd847ab11fe88,-14,7,20592749032970,0.0008461464216285,21,20,1,1,980607096808.0952380952380952,0.0000402926867442,1.2252524659470707,16024.3964976542087442,0.0004708232737502,11.0427714338479768,11.043242257121727,11.0427714338479768,10000000000000,10000000000000,0,false,false,1003297693297.9177321286999771,1003295398681.4864285427366616,2294616.4313035859633155,true,true,10000000000000,10000000000000,0,false,false,1014534182239.8642127125954483,1014522723282.8432072879153594,11458957.0210054246800889,true,true,10000000000000,10000000000000,0,false,false,1028579793417.2981139256806999,1028556879034.5397810818006661,22914382.7583328438800338,true,true
20,0x3416cf6c708da44db2624d63ea0aaef7113527c6,25129064,4,75195020464042784,1,S20_P1,-5:6,0xc36442b4a4522e871399cd717abdd847ab11fe88:-5:6,0xc36442b4a4522e871399cd717abdd847ab11fe88,-5,6,19844469946718307,0.2639067031866513,11,9,2,2,1804042722428937,0.0239915184715138,0.6712441768540228,3759.6948399936974774,0.2595166581618104,4511.6200389653498138,4511.8795556235116242,4511.6200389653498138,10000000000000,10000000000000,0,false,false,1029913728238.2761017530695952,1006922020250.6688900578836464,22991707987.6072116951859488,true,true,10000000000000,10000000000000,0,false,false,1149283496115.4050555734016448,1033232309401.8325074840867296,116051186713.5725480893149152,true,true,10000000000000,10000000000000,0,false,false,1298495705961.8161478019960304,1066120170840.7865290327372016,232375535121.0296187692588288,true,true
20,0x3416cf6c708da44db2624d63ea0aaef7113527c6,25129064,4,75195020464042784,2,S20_P2,1:7,0xc36442b4a4522e871399cd717abdd847ab11fe88:1:7,0xc36442b4a4522e871399cd717abdd847ab11fe88,1,7,10248353052608157,0.136290315360826,6,3,3,3,1708058842101359.5,0.0227150525601377,0.6712441768540228,3759.6948399936974774,0.1117474140785678,3943.4314502750312421,3943.5431976891098099,3943.4314502750312421,10000000000000,10000000000000,0,false,false,1029913728238.2761017530695952,1007650476435.5010417403722336,22263251802.7750600126973616,true,true,10000000000000,10000000000000,0,false,false,1149283496115.4050555734016448,1036828882557.0911555736165344,112454613558.3138999997851104,true,true,10000000000000,10000000000000,0,false,false,1298495705961.8161478019960304,1073301890209.079198052454616,225193815752.7369497495414144,true,true
20,0x3416cf6c708da44db2624d63ea0aaef7113527c6,25129064,4,75195020464042784,3,S20_P3,-3:5,0xc36442b4a4522e871399cd717abdd847ab11fe88:-3:5,0xc36442b4a4522e871399cd717abdd847ab11fe88,-3,5,35858681241314501,0.4768757428354132,8,7,1,1,4482335155164312.625,0.0596094678544267,0.6712441768540228,3759.6948399936974774,0.7886987972955072,1591.3029948927850756,1592.0916936900805828,1591.3029948927850756,10000000000000,10000000000000,0,false,false,1029913728238.2761017530695952,1013412503076.5007380173882112,16501225161.775363735681384,true,true,10000000000000,10000000000000,0,false,false,1149283496115.4050555734016448,1066572227518.1485902585407872,82711268597.2564653148608576,true,true,10000000000000,10000000000000,0,false,false,1298495705961.8161478019960304,1133021883070.2080053726988016,165473822891.6081424292972288,true,true
20,0x3416cf6c708da44db2624d63ea0aaef7113527c6,25129064,4,75195020464042784,4,S20_P4,-11:9,0xc36442b4a4522e871399cd717abdd847ab11fe88:-11:9,0xc36442b4a4522e871399cd717abdd847ab11fe88,-11,9,1922569591418609,0.0255677780197953,20,15,5,5,96128479570930.45,0.0012783889009898,0.6712441768540228,3759.6948399936974774,0.0184001584490226,1109.980327875320897,1109.9987280337699196,1109.980327875320897,10000000000000,10000000000000,0,false,false,1029913728238.2761017530695952,1016222844141.663960420794384,13690884096.6121413322752112,true,true,10000000000000,10000000000000,0,false,false,1149283496115.4050555734016448,1080113470290.1586352268204528,69170025825.246420346581192,true,true,10000000000000,10000000000000,0,false,false,1298495705961.8161478019960304,1159976752975.7770787811737152,138518952986.0390690208223152,true,true
20,0x3416cf6c708da44db2624d63ea0aaef7113527c6,25129064,4,75195020464042784,5,S20_P5,-41:59,0xc36442b4a4522e871399cd717abdd847ab11fe88:-41:59,0xc36442b4a4522e871399cd717abdd847ab11fe88,-41,59,41923730222734,0.0005575333308511,100,45,55,45,419237302227.34,0.0000055753333085,0.6712441768540228,3759.6948399936974774,0.0003904567994575,282.3402969983471133,282.3406874551465708,282.3402969983471133,10000000000000,10000000000000,0,false,false,1029913728238.2761017530695952,1024593773901.86652624948488,5319954336.4095755035847152,true,true,10000000000000,10000000000000,0,false,false,1149283496115.4050555734016448,1122397611588.5767956436091296,26885884526.8282599297925152,true,true,10000000000000,10000000000000,0,false,false,1298495705961.8161478019960304,1244652408696.9646323862644416,53843297264.8515154157315888,true,true
20,0x3416cf6c708da44db2624d63ea0aaef7113527c6,25129064,4,75195020464042784,6,S20_P6,-27:19,0xc36442b4a4522e871399cd717abdd847ab11fe88:-27:19,0xc36442b4a4522e871399cd717abdd847ab11fe88,-27,19,140920299016803,0.0018740642418495,46,31,15,15,3063484761234.8478260869565217,0.0000407405269967,0.6712441768540228,3759.6948399936974774,0.0013143237684938,249.6610047055200884,249.6623190292885822,249.6610047055200884,10000000000000,10000000000000,0,false,false,1029913728238.2761017530695952,1025108940509.37602681903248,4804787728.9000749340371152,true,true,10000000000000,10000000000000,0,false,false,1149283496115.4050555734016448,1125003014865.9012926035374096,24280481249.5037629698642352,true,true,10000000000000,10000000000000,0,false,false,1298495705961.8161478019960304,1249870607811.5583750682719536,48625098150.2577727337240768,true,true
20,0x3416cf6c708da44db2624d63ea0aaef7113527c6,25129064,4,75195020464042784,7,S20_P7,-30:31,0xc36442b4a4522e871399cd717abdd847ab11fe88:-30:31,0xc36442b4a4522e871399cd717abdd847ab11fe88,-30,31,65477517391230,0.0008707693273724,61,34,27,27,1073401924446.3934426229508197,0.0000142749070061,0.6712441768540228,3759.6948399936974774,0.0006100315108834,212.4086054390461794,212.4092154705570628,212.4086054390461794,10000000000000,10000000000000,0,false,false,1029913728238.2761017530695952,1025724549148.4245298439872032,4189179089.851571909082392,true,true,10000000000000,10000000000000,0,false,false,1149283496115.4050555734016448,1128112925881.9323378559431136,21170570233.4727177174585312,true,true,10000000000000,10000000000000,0,false,false,1298495705961.8161478019960304,1256098396798.8170978708880016,42397309162.9990499311080288,true,true
20,0x3416cf6c708da44db2624d63ea0aaef7113527c6,25129064,4,75195020464042784,8,S20_P8,1:5,0xc36442b4a4522e871399cd717abdd847ab11fe88:1:5,0xc36442b4a4522e871399cd717abdd847ab11fe88,1,5,4656993399237856,0.061932204692527,4,3,1,1,1164248349809464,0.0154830511731318,0.6712441768540228,3759.6948399936974774,0.0464342582661869,182.5977842675330988,182.6442185257992857,182.5977842675330988,10000000000000,10000000000000,0,false,false,1029913728238.2761017530695952,1026216908543.9649203513658448,3696819694.3111814017037504,true,true,10000000000000,10000000000000,0,false,false,1149283496115.4050555734016448,1130693046429.2518590490820992,18590449686.1531965243195456,true,true,10000000000000,10000000000000,0,false,false,1298495705961.8161478019960304,1261288218785.8604323744067408,37207487175.9557154275892896,true,true
20,0x3416cf6c708da44db2624d63ea0aaef7113527c6,25129064,4,75195020464042784,9,S20_P9,-10:10,0xc36442b4a4522e871399cd717abdd847ab11fe88:-10:10,0xc36442b4a4522e871399cd717abdd847ab11fe88,-10,10,204510919579342,0.0027197401944606,20,14,6,6,10225545978967.1,0.000135987009723,0.6712441768540228,3759.6948399936974774,0.0019091536263367,133.1392391905715157,133.1411483441978524,133.1392391905715157,10000000000000,10000000000000,0,false,false,1029913728238.2761017530695952,1027140565213.959210091712376,2773163024.3168916613572192,true,true,10000000000000,10000000000000,0,false,false,1149283496115.4050555734016448,1135272129061.1638233041769488,14011367054.241232269224696,true,true,10000000000000,10000000000000,0,false,false,1298495705961.8161478019960304,1270436583870.1697899133990176,28059122091.6463578885970128,true,true
20,0x3416cf6c708da44db2624d63ea0aaef7113527c6,25129064,4,75195020464042784,10,S20_P10,-11:10,0xc36442b4a4522e871399cd717abdd847ab11fe88:-11:10,0xc36442b4a4522e871399cd717abdd847ab11fe88,-11,10,200410811646949,0.0026652138720114,21,15,6,6,9543371983188.0476190476190476,0.0001269149462863,0.6712441768540228,3759.6948399936974774,0.0018707679581582,130.4363574630526605,130.4382282310108187,130.4363574630526605,10000000000000,10000000000000,0,false,false,1029913728238.2761017530695952,1027191684063.9320293375013296,2722044174.3440724155682656,true,true,10000000000000,10000000000000,0,false,false,1149283496115.4050555734016448,1135530407165.5526888842704128,13753088949.852366689131232,true,true,10000000000000,10000000000000,0,false,false,1298495705961.8161478019960304,1270953811042.5786133645524432,27541894919.2375344374435872,true,true
20,0x3416cf6c708da44db2624d63ea0aaef7113527c6,25129064,4,75195020464042784,11,S20_P11,-15:10,0xc36442b4a4522e871399cd717abdd847ab11fe88:-15:10,0xc36442b4a4522e871399cd717abdd847ab11fe88,-15,10,108476788212912,0.0014426060069335,25,19,6,6,4339071528516.48,0.0000577042402773,0.6712441768540228,3759.6948399936974774,0.0010112644426208,70.1950205833993197,70.1960318478419405,70.1950205833993197,10000000000000,10000000000000,0,false,false,1029913728238.2761017530695952,1028383851238.41885297766276,1529876999.8572487754068352,true,true,10000000000000,10000000000000,0,false,false,1149283496115.4050555734016448,1141553825024.2734401970167248,7729671091.13161537638492,true,true,10000000000000,10000000000000,0,false,false,1298495705961.8161478019960304,1283016292256.5912740339264752,15479413705.2248737680695552,true,true
20,0x3416cf6c708da44db2624d63ea0aaef7113527c6,25129064,4,75195020464042784,12,S20_P12,-5:7,0xc36442b4a4522e871399cd717abdd847ab11fe88:-5:7,0xc36442b4a4522e871399cd717abdd847ab11fe88,-5,7,205711759589762,0.0027357098690881,12,9,3,3,17142646632480.1666666666666667,0.000227975822424,0.6712441768540228,3759.6948399936974774,0.0019203945876617,57.9695006122353667,57.9714210068230284,57.9695006122353667,10000000000000,10000000000000,0,false,false,1029913728238.2761017530695952,1028638240711.3434216869119648,1275487526.9326800661576304,true,true,10000000000000,10000000000000,0,false,false,1149283496115.4050555734016448,1142841508027.5900418201593776,6441988087.8150137532422672,true,true,10000000000000,10000000000000,0,false,false,1298495705961.8161478019960304,1285595592172.8988172208220256,12900113788.9173305811740048,true,true
20,0x3416cf6c708da44db2624d63ea0aaef7113527c6,25129064,4,75195020464042784,13,S20_P13,-12:10,0xc36442b4a4522e871399cd717abdd847ab11fe88:-12:10,0xc36442b4a4522e871399cd717abdd847ab11fe88,-12,10,83022268032348,0.0011040926316663,22,16,6,6,3773739456015.8181818181818182,0.0000501860287121,0.6712441768540228,3759.6948399936974774,0.0007736833607304,53.6378218508390238,53.6385955341997542,53.6378218508390238,10000000000000,10000000000000,0,false,false,1029913728238.2761017530695952,1028730281443.894261981210112,1183446794.3818397718594832,true,true,10000000000000,10000000000000,0,false,false,1149283496115.4050555734016448,1143304158557.1596917117100816,5979337558.2453638616915632,true,true,10000000000000,10000000000000,0,false,false,1298495705961.8161478019960304,1286521504948.74157892165572,11974201013.0745688803403104,true,true
20,0x3416cf6c708da44db2624d63ea0aaef7113527c6,25129064,4,75195020464042784,14,S20_P14,-11:15,0xc36442b4a4522e871399cd717abdd847ab11fe88:-11:15,0xc36442b4a4522e871399cd717abdd847ab11fe88,-11,15,42435274499165,0.0005643362318048,26,15,11,11,1632125942275.5769230769230769,0.0000217052396848,0.6712441768540228,3759.6948399936974774,0.0003952216451695,53.179574978953748,53.1799702005989175,53.179574978953748,10000000000000,10000000000000,0,false,false,1029913728238.2761017530695952,1028740194143.0418314676677872,1173534095.234270285401808,true,true,10000000000000,10000000000000,0,false,false,1149283496115.4050555734016448,1143353421841.8288669071186272,5930074273.5761886662830176,true,true,10000000000000,10000000000000,0,false,false,1298495705961.8161478019960304,1286619956465.3121609723287952,11875749496.5039868296672352,true,true
20,0x3416cf6c708da44db2624d63ea0aaef7113527c6,25129064,4,75195020464042784,15,S20_P15,-12:8,0xc36442b4a4522e871399cd717abdd847ab11fe88:-12:8,0xc36442b4a4522e871399cd717abdd847ab11fe88,-12,8,97815631577635,0.0013008259187111,20,16,4,4,4890781578881.75,0.0000650412959356,0.6712441768540228,3759.6948399936974774,0.0009117368351684,39.3800416537450076,39.380953390580176,39.3800416537450076,10000000000000,10000000000000,0,false,false,1029913728238.2761017530695952,1029035339654.2145231735937504,878388584.0615785794758448,true,true,10000000000000,10000000000000,0,false,false,1149283496115.4050555734016448,1144846224470.588747031455168,4437271644.8163085419464768,true,true,10000000000000,10000000000000,0,false,false,1298495705961.8161478019960304,1289609830491.0567269474232928,8885875470.7594208545727376,true,true
20,0x3416cf6c708da44db2624d63ea0aaef7113527c6,25129064,4,75195020464042784,16,S20_P16,-10:6,0xc36442b4a4522e871399cd717abdd847ab11fe88:-10:6,0xc36442b4a4522e871399cd717abdd847ab11fe88,-10,6,233493116884524,0.003105167276285,16,14,2,2,14593319805282.75,0.0001940729547678,0.6712441768540228,3759.6948399936974774,0.0021806163341686,37.3487572131186041,37.3509378294527727,37.3487572131186041,10000000000000,10000000000000,0,false,false,1029913728238.2761017530695952,1029078652584.5105444571213648,835075653.7655572959482304,true,true,10000000000000,10000000000000,0,false,false,1149283496115.4050555734016448,1145067961157.275450418916352,4215534958.1296051544852928,true,true,10000000000000,10000000000000,0,false,false,1298495705961.8161478019960304,1290054596873.2318830116221152,8441109088.5842647903739152,true,true
20,0x3416cf6c708da44db2624d63ea0aaef7113527c6,25129064,4,75195020464042784,17,S20_P17,3:5,0x8c209c15835cccb2984701b52651d2c8d83aa442:3:5,0x8c209c15835cccb2984701b52651d2c8d83aa442,3,5,811274562409539,0.0107889399777141,2,1,1,1,405637281204769.5,0.0053944699888571,0.6712441768540228,3759.6948399936974774,0.0069773971517771,31.352059277408442,31.3590366745602191,31.352059277408442,10000000000000,10000000000000,0,false,false,1029913728238.2761017530695952,1029206362265.704803302311736,707365972.5712984507578592,true,true,10000000000000,10000000000000,0,false,false,1149283496115.4050555734016448,1145725656101.2824668020596016,3557840014.1225887713420432,true,true,10000000000000,10000000000000,0,false,false,1298495705961.8161478019960304,1291374773395.754145989461728,7120932566.0620018125343024,true,true
20,0x3416cf6c708da44db2624d63ea0aaef7113527c6,25129064,4,75195020464042784,18,S20_P18,-16:10,0xc36442b4a4522e871399cd717abdd847ab11fe88:-16:10,0xc36442b4a4522e871399cd717abdd847ab11fe88,-16,10,39477313386541,0.000524999037741,26,20,6,6,1518358207174.6538461538461538,0.0000201922706823,0.6712441768540228,3759.6948399936974774,0.000367657293376,25.4354906469258974,25.4358583042192734,25.4354906469258974,10000000000000,10000000000000,0,false,false,1029913728238.2761017530695952,1029340478390.1573811707073152,573249848.11872058236228,true,true,10000000000000,10000000000000,0,false,false,1149283496115.4050555734016448,1146387166339.6689301313514144,2896329775.7361254420502304,true,true,10000000000000,10000000000000,0,false,false,1298495705961.8161478019960304,1292695526276.5585664257978912,5800179685.2575813761981392,true,true
20,0x3416cf6c708da44db2624d63ea0aaef7113527c6,25129064,4,75195020464042784,19,S20_P19,-9:8,0xc36442b4a4522e871399cd717abdd847ab11fe88:-9:8,0xc36442b4a4522e871399cd717abdd847ab11fe88,-9,8,44709233925034,0.0005945770564211,17,13,4,4,2629954936766.7058823529411765,0.0000349751209659,0.6712441768540228,3759.6948399936974774,0.0004164151427285,17.9624096639886304,17.9628260791313589,17.9624096639886304,10000000000000,10000000000000,0,false,false,1029913728238.2761017530695952,1029506498904.498776436850992,407229333.7773253162186032,true,true,10000000000000,10000000000000,0,false,false,1149283496115.4050555734016448,1147226335879.5882438680961632,2057160235.8168117053054816,true,true,10000000000000,10000000000000,0,false,false,1298495705961.8161478019960304,1294376132098.4500781571526272,4119573863.3660696448434032,true,true
20,0x3416cf6c708da44db2624d63ea0aaef7113527c6,25129064,4,75195020464042784,20,S20_P20,-5:5,0xc36442b4a4522e871399cd717abdd847ab11fe88:-5:5,0xc36442b4a4522e871399cd717abdd847ab11fe88,-5,5,85217598541880,0.0011332877897497,10,9,1,1,8521759854188,0.000113328778975,0.6712441768540228,3759.6948399936974774,0.0007941667195994,3.2843197736359683,3.2851139403555677,3.2843197736359683,10000000000000,10000000000000,0,false,false,1029913728238.2761017530695952,1029838020164.4426167951796352,75708073.83348495788996,true,true,10000000000000,10000000000000,0,false,false,1149283496115.4050555734016448,1148902694513.8740130527440576,380801601.5310425206575872,true,true,10000000000000,10000000000000,0,false,false,1298495705961.8161478019960304,1297733537450.6632583746995856,762168511.1528894272964448,true,true
21,0x3416cf6c708da44db2624d63ea0aaef7113527c6,25119064,2,91253094236103646,1,S21_P1,-3:5,0xc36442b4a4522e871399cd717abdd847ab11fe88:-3:5,0xc36442b4a4522e871399cd717abdd847ab11fe88,-3,5,35858681241314501,0.3929585242176617,8,5,3,3,4482335155164312.625,0.0491198155272077,0.5536001866779962,0.5649424547050975,0.4695602661545738,350.6766503674625321,351.1462106336171059,350.6766503674625321,10000000000000,10000000000000,0,false,false,10002662884502,5033592576776.1342294615977766,4969070307725.8657705384022234,false,true,10000000000000,10000000000000,0,false,false,10002662884502,5176272729979.0985239435907334,4826390154522.9014760564092666,false,true,10000000000000,10000000000000,0,false,false,10002662884502,5354622921482.8028917797934792,4648039963019.1971082202065208,false,true
21,0x3416cf6c708da44db2624d63ea0aaef7113527c6,25119064,2,91253094236103646,2,S21_P2,-5:6,0xc36442b4a4522e871399cd717abdd847ab11fe88:-5:6,0xc36442b4a4522e871399cd717abdd847ab11fe88,-5,6,19844469946718307,0.2174662690930099,11,7,4,4,1804042722428937,0.0197696608266373,0.5536001866779962,0.5649424547050975,0.1758218161445391,93.8753250111659953,94.0511468273105344,93.8753250111659953,10000000000000,10000000000000,0,false,false,10002662884502,5124971891937.2212276065399641,4877690992564.7787723934600359,false,true,10000000000000,10000000000000,0,false,false,10002662884502,5657564366145.9342249304321892,4345098518356.0657750695678108,false,true,10000000000000,10000000000000,0,false,false,10002662884502,6323304958906.8258466851556394,3679357925595.1741533148443606,false,true
21,0x3416cf6c708da44db2624d63ea0aaef7113527c6,25119064,2,91253094236103646,3,S21_P3,1:7,0xc36442b4a4522e871399cd717abdd847ab11fe88:1:7,0xc36442b4a4522e871399cd717abdd847ab11fe88,1,7,10248353052608157,0.1123069101206813,6,1,5,1,1708058842101359.5,0.0187178183534469,0.5536001866779962,0.5649424547050975,0.0703473602695279,0.0991224989191396,0.1694698591886675,0.0991224989191396,10000000000000,10000000000000,0,false,false,10002662884502,10002662884502,0,false,false,10000000000000,10000000000000,0,false,false,10002662884502,10002662884502,0,false,false,10000000000000,10000000000000,0,false,false,10002662884502,10002662884502,0,false,false
21,0x3416cf6c708da44db2624d63ea0aaef7113527c6,25119064,2,91253094236103646,4,S21_P4,0:4,0xc36442b4a4522e871399cd717abdd847ab11fe88:0:4,0xc36442b4a4522e871399cd717abdd847ab11fe88,0,4,9964441787911092,0.1091956592959971,4,2,2,2,2491110446977773,0.0272989148239993,0.5536001866779962,0.5649424547050975,0.0750057589556416,0.0686122261084081,0.1436179850640497,0.0750057589556416,10000000000000,10000000000000,0,false,false,10002662884502,10002662884502,0,false,false,10000000000000,10000000000000,0,false,false,10002662884502,10002662884502,0,false,false,10000000000000,10000000000000,0,false,false,10002662884502,10002662884502,0,false,false
21,0x3416cf6c708da44db2624d63ea0aaef7113527c6,25119064,2,91253094236103646,5,S21_P5,1:5,0xc36442b4a4522e871399cd717abdd847ab11fe88:1:5,0xc36442b4a4522e871399cd717abdd847ab11fe88,1,5,4656575017975385,0.051029228728696,4,1,3,1,1164143754493846.25,0.012757307182174,0.5536001866779962,0.5649424547050975,0.0302783727624509,0.0355908186256376,0.0658691913880885,0.0355908186256376,10000000000000,10000000000000,0,false,false,10002662884502,10002662884502,0,false,false,10000000000000,10000000000000,0,false,false,10002662884502,10002662884502,0,false,false,10000000000000,10000000000000,0,false,false,10002662884502,10002662884502,0,false,false
21,0x3416cf6c708da44db2624d63ea0aaef7113527c6,25119064,2,91253094236103646,6,S21_P6,-6:4,0xc36442b4a4522e871399cd717abdd847ab11fe88:-6:4,0xc36442b4a4522e871399cd717abdd847ab11fe88,-6,4,4519117558021424,0.0495228966847841,10,8,2,2,451911755802142.4,0.0049522896684784,0.5536001866779962,0.5649424547050975,0.0314300785278948,0.0292930010575726,0.0607230795854674,0.0314300785278948,10000000000000,10000000000000,0,false,false,10002662884502,10002662884502,0,false,false,10000000000000,10000000000000,0,false,false,10002662884502,10002662884502,0,false,false,10000000000000,10000000000000,0,false,false,10002662884502,10002662884502,0,false,false
21,0x3416cf6c708da44db2624d63ea0aaef7113527c6,25119064,2,91253094236103646,7,S21_P7,-11:9,0xc36442b4a4522e871399cd717abdd847ab11fe88:-11:9,0xc36442b4a4522e871399cd717abdd847ab11fe88,-11,9,1922569591418609,0.0210685413739971,20,13,7,7,96128479570930.45,0.0010534270686999,0.5536001866779962,0.5649424547050975,0.012904716588215,0.0140836539420713,0.0269883705302863,0.0140836539420713,10000000000000,10000000000000,0,false,false,10002662884502,10002662884502,0,false,false,10000000000000,10000000000000,0,false,false,10002662884502,10002662884502,0,false,false,10000000000000,10000000000000,0,false,false,10002662884502,10002662884502,0,false,false
21,0x3416cf6c708da44db2624d63ea0aaef7113527c6,25119064,2,91253094236103646,8,S21_P8,0:3,0xc36442b4a4522e871399cd717abdd847ab11fe88:0:3,0xc36442b4a4522e871399cd717abdd847ab11fe88,0,3,1058146550335168,0.0115957333742281,3,2,1,1,352715516778389.3333333333333333,0.003865244458076,0.5536001866779962,0.5649424547050975,0.0070210405192136,0.0028895503819969,0.0099105909012105,0.0070210405192136,10000000000000,10000000000000,0,false,false,10002662884502,10002662884502,0,false,false,10000000000000,10000000000000,0,false,false,10002662884502,10002662884502,0,false,false,10000000000000,10000000000000,0,false,false,10002662884502,10002662884502,0,false,false
21,0x3416cf6c708da44db2624d63ea0aaef7113527c6,25119064,2,91253094236103646,9,S21_P9,0:3,0x8c209c15835cccb2984701b52651d2c8d83aa442:0:3,0x8c209c15835cccb2984701b52651d2c8d83aa442,0,3,540884908836770,0.0059273048586968,3,2,1,1,180294969612256.6666666666666667,0.0019757682862323,0.5536001866779962,0.5649424547050975,0.0035644394197747,0.0014747011744269,0.0050391405942016,0.0035644394197747,10000000000000,10000000000000,0,false,false,10002662884502,10002662884502,0,false,false,10000000000000,10000000000000,0,false,false,10002662884502,10002662884502,0,false,false,10000000000000,10000000000000,0,false,false,10002662884502,10002662884502,0,false,false
21,0x3416cf6c708da44db2624d63ea0aaef7113527c6,25119064,2,91253094236103646,10,S21_P10,-1:3,0xc36442b4a4522e871399cd717abdd847ab11fe88:-1:3,0xc36442b4a4522e871399cd717abdd847ab11fe88,-1,3,358158047879252,0.003924886612092,4,3,1,1,89539511969813,0.000981221653023,0.5536001866779962,0.5649424547050975,0.0023545992202146,0.000975960943838,0.0033305601640526,0.0023545992202146,10000000000000,10000000000000,0,false,false,10002662884502,10002662884502,0,false,false,10000000000000,10000000000000,0,false,false,10002662884502,10002662884502,0,false,false,10000000000000,10000000000000,0,false,false,10002662884502,10002662884502,0,false,false
21,0x3416cf6c708da44db2624d63ea0aaef7113527c6,25119064,2,91253094236103646,11,S21_P11,-10:6,0xc36442b4a4522e871399cd717abdd847ab11fe88:-10:6,0xc36442b4a4522e871399cd717abdd847ab11fe88,-10,6,233493116884524,0.0025587419126895,16,12,4,4,14593319805282.75,0.0001599213695431,0.5536001866779962,0.5649424547050975,0.001532520500518,0.00164765189645,0.003180172396968,0.00164765189645,10000000000000,10000000000000,0,false,false,10002662884502,10002662884502,0,false,false,10000000000000,10000000000000,0,false,false,10002662884502,10002662884502,0,false,false,10000000000000,10000000000000,0,false,false,10002662884502,10002662884502,0,false,false
21,0x3416cf6c708da44db2624d63ea0aaef7113527c6,25119064,2,91253094236103646,12,S21_P12,-5:7,0xc36442b4a4522e871399cd717abdd847ab11fe88:-5:7,0xc36442b4a4522e871399cd717abdd847ab11fe88,-5,7,205711759589762,0.0022542990055495,12,7,5,5,17142646632480.1666666666666667,0.0001878582504625,0.5536001866779962,0.5649424547050975,0.0013496865488005,0.0014507420828705,0.002800428631671,0.0014507420828705,10000000000000,10000000000000,0,false,false,10002662884502,10002662884502,0,false,false,10000000000000,10000000000000,0,false,false,10002662884502,10002662884502,0,false,false,10000000000000,10000000000000,0,false,false,10002662884502,10002662884502,0,false,false
21,0x3416cf6c708da44db2624d63ea0aaef7113527c6,25119064,2,91253094236103646,13,S21_P13,-10:10,0xc36442b4a4522e871399cd717abdd847ab11fe88:-10:10,0xc36442b4a4522e871399cd717abdd847ab11fe88,-10,10,204510919579342,0.0022411395612537,20,12,8,8,10225545978967.1,0.0001120569780627,0.5536001866779962,0.5649424547050975,0.001341787411858,0.0014422359977805,0.0027840234096385,0.0014422359977805,10000000000000,10000000000000,0,false,false,10002662884502,10002662884502,0,false,false,10000000000000,10000000000000,0,false,false,10002662884502,10002662884502,0,false,false,10000000000000,10000000000000,0,false,false,10002662884502,10002662884502,0,false,false
21,0x3416cf6c708da44db2624d63ea0aaef7113527c6,25119064,2,91253094236103646,14,S21_P14,-11:10,0xc36442b4a4522e871399cd717abdd847ab11fe88:-11:10,0xc36442b4a4522e871399cd717abdd847ab11fe88,-11,10,200410811646949,0.0021962083951742,21,13,8,8,9543371983188.0476190476190476,0.0001045813521512,0.5536001866779962,0.5649424547050975,0.001314815896289,0.0014131952762135,0.0027280111725025,0.0014131952762135,10000000000000,10000000000000,0,false,false,10002662884502,10002662884502,0,false,false,10000000000000,10000000000000,0,false,false,10002662884502,10002662884502,0,false,false,10000000000000,10000000000000,0,false,false,10002662884502,10002662884502,0,false,false
21,0x3416cf6c708da44db2624d63ea0aaef7113527c6,25119064,2,91253094236103646,15,S21_P15,-2:3,0xc36442b4a4522e871399cd717abdd847ab11fe88:-2:3,0xc36442b4a4522e871399cd717abdd847ab11fe88,-2,3,261936879912813,0.0028704438145965,5,4,1,1,52387375982562.6,0.0005740887629193,0.5536001866779962,0.5649424547050975,0.0017198513043818,0.0007135574834715,0.0024334087878533,0.0017198513043818,10000000000000,10000000000000,0,false,false,10002662884502,10002662884502,0,false,false,10000000000000,10000000000000,0,false,false,10002662884502,10002662884502,0,false,false,10000000000000,10000000000000,0,false,false,10002662884502,10002662884502,0,false,false
21,0x3416cf6c708da44db2624d63ea0aaef7113527c6,25119064,2,91253094236103646,16,S21_P16,-27:19,0xc36442b4a4522e871399cd717abdd847ab11fe88:-27:19,0xc36442b4a4522e871399cd717abdd847ab11fe88,-27,19,140920299016803,0.0015442796783657,46,29,17,17,3063484761234.8478260869565217,0.0000335712973558,0.5536001866779962,0.5649424547050975,0.0009238014070642,0.000992425370943,0.0019162267780072,0.000992425370943,10000000000000,10000000000000,0,false,false,10002662884502,10002662884502,0,false,false,10000000000000,10000000000000,0,false,false,10002662884502,10002662884502,0,false,false,10000000000000,10000000000000,0,false,false,10002662884502,10002662884502,0,false,false
21,0x3416cf6c708da44db2624d63ea0aaef7113527c6,25119064,2,91253094236103646,17,S21_P17,-9:11,0xc36442b4a4522e871399cd717abdd847ab11fe88:-9:11,0xc36442b4a4522e871399cd717abdd847ab11fe88,-9,11,109492192978921,0.0011998737565614,20,11,9,9,5474609648946.05,0.0000599936878281,0.5536001866779962,0.5649424547050975,0.0007174812602852,0.000770574531369,0.0014880557916542,0.000770574531369,10000000000000,10000000000000,0,false,false,10002662884502,10002662884502,0,false,false,10000000000000,10000000000000,0,false,false,10002662884502,10002662884502,0,false,false,10000000000000,10000000000000,0,false,false,10002662884502,10002662884502,0,false,false
21,0x3416cf6c708da44db2624d63ea0aaef7113527c6,25119064,2,91253094236103646,18,S21_P18,-15:10,0xc36442b4a4522e871399cd717abdd847ab11fe88:-15:10,0xc36442b4a4522e871399cd717abdd847ab11fe88,-15,10,108476788212912,0.0011887464104203,25,17,8,8,4339071528516.48,0.0000475498564168,0.5536001866779962,0.5649424547050975,0.0007108168184027,0.0007634117174915,0.0014742285358942,0.0007634117174915,10000000000000,10000000000000,0,false,false,10002662884502,10002662884502,0,false,false,10000000000000,10000000000000,0,false,false,10002662884502,10002662884502,0,false,false,10000000000000,10000000000000,0,false,false,10002662884502,10002662884502,0,false,false
21,0x3416cf6c708da44db2624d63ea0aaef7113527c6,25119064,2,91253094236103646,19,S21_P19,-12:8,0xc36442b4a4522e871399cd717abdd847ab11fe88:-12:8,0xc36442b4a4522e871399cd717abdd847ab11fe88,-12,8,97815631577635,0.0010719157788179,20,14,6,6,4890781578881.75,0.0000535957889409,0.5536001866779962,0.5649424547050975,0.0006408697977177,0.000688225754432,0.0013290955521497,0.000688225754432,10000000000000,10000000000000,0,false,false,10002662884502,10002662884502,0,false,false,10000000000000,10000000000000,0,false,false,10002662884502,10002662884502,0,false,false,10000000000000,10000000000000,0,false,false,10002662884502,10002662884502,0,false,false
21,0x3416cf6c708da44db2624d63ea0aaef7113527c6,25119064,2,91253094236103646,20,S21_P20,-5:5,0xc36442b4a4522e871399cd717abdd847ab11fe88:-5:5,0xc36442b4a4522e871399cd717abdd847ab11fe88,-5,5,85217598541880,0.0009338598242093,10,7,3,3,8521759854188,0.0000933859824209,0.5536001866779962,0.5649424547050975,0.0005582351864258,0.000597801825607,0.0011560370120328,0.000597801825607,10000000000000,10000000000000,0,false,false,10002662884502,10002662884502,0,false,false,10000000000000,10000000000000,0,false,false,10002662884502,10002662884502,0,false,false,10000000000000,10000000000000,0,false,false,10002662884502,10002662884502,0,false,false
22,0x3416cf6c708da44db2624d63ea0aaef7113527c6,25109064,2,92027073690828591,1,S22_P1,-3:5,0xc36442b4a4522e871399cd717abdd847ab11fe88:-3:5,0xc36442b4a4522e871399cd717abdd847ab11fe88,-3,5,35858681241314501,0.3896536073914972,8,5,3,3,4482335155164312.625,0.0487067009239372,0.5472103497844731,0.5639074413506246,0.4428736823750439,383.4410844235905088,383.8839581059655527,383.4410844235905088,10000000000000,10000000000000,0,false,false,10002734393749,5030879074247.1989355372525,4971855319501.8010644627475,false,true,10000000000000,10000000000000,0,false,false,10002734393749,5161363188595.4655240388528125,4841371205153.5344759611471875,false,true,10000000000000,10000000000000,0,false,false,10002734393749,5324468331530.7983845633134375,4678266062218.2016154366865625,false,true
22,0x3416cf6c708da44db2624d63ea0aaef7113527c6,25109064,2,92027073690828591,2,S22_P2,-5:6,0xc36442b4a4522e871399cd717abdd847ab11fe88:-5:6,0xc36442b4a4522e871399cd717abdd847ab11fe88,-5,6,19844469946718307,0.2156373027071055,11,7,4,4,1804042722428937,0.0196033911551914,0.5472103497844731,0.5639074413506246,0.1695881835186106,135.8008732035011864,135.970461387019797,135.8008732035011864,10000000000000,10000000000000,0,false,false,10002734393749,5086875125159.852604463413125,4915859268589.147395536586875,false,true,10000000000000,10000000000000,0,false,false,10002734393749,5455075830724.22906828262375,4547658563024.77093171737625,false,true,10000000000000,10000000000000,0,false,false,10002734393749,5915326712679.699898124996875,4087407681069.300101875003125,false,true
22,0x3416cf6c708da44db2624d63ea0aaef7113527c6,25109064,2,92027073690828591,3,S22_P3,1:7,0xc36442b4a4522e871399cd717abdd847ab11fe88:1:7,0xc36442b4a4522e871399cd717abdd847ab11fe88,1,7,10248353052608157,0.1113623702415902,6,1,5,1,1708058842101359.5,0.018560395040265,0.5472103497844731,0.5639074413506246,0.069397372410294,0.111687332834053,0.181084705244347,0.111687332834053,10000000000000,10000000000000,0,false,false,10002734393749,10002734393749,0,false,false,10000000000000,10000000000000,0,false,false,10002734393749,10002734393749,0,false,false,10000000000000,10000000000000,0,false,false,10002734393749,10002734393749,0,false,false
22,0x3416cf6c708da44db2624d63ea0aaef7113527c6,25109064,2,92027073690828591,4,S22_P4,0:4,0xc36442b4a4522e871399cd717abdd847ab11fe88:0:4,0xc36442b4a4522e871399cd717abdd847ab11fe88,0,4,9964441787911092,0.108277286110252,4,2,2,2,2491110446977773,0.027069321527563,0.5472103497844731,0.5639074413506246,0.0725308807223518,0.0679205871324242,0.140451467854776,0.0725308807223518,10000000000000,10000000000000,0,false,false,10002734393749,10002734393749,0,false,false,10000000000000,10000000000000,0,false,false,10002734393749,10002734393749,0,false,false,10000000000000,10000000000000,0,false,false,10002734393749,10002734393749,0,false,false
22,0x3416cf6c708da44db2624d63ea0aaef7113527c6,25109064,2,92027073690828591,5,S22_P5,1:5,0xc36442b4a4522e871399cd717abdd847ab11fe88:1:5,0xc36442b4a4522e871399cd717abdd847ab11fe88,1,5,4656575017975385,0.0506000553013288,4,1,3,1,1164143754493846.25,0.0126500138253322,0.5472103497844731,0.5639074413506246,0.0298231783016293,0.0361592435619602,0.0659824218635895,0.0361592435619602,10000000000000,10000000000000,0,false,false,10002734393749,10002734393749,0,false,false,10000000000000,10000000000000,0,false,false,10002734393749,10002734393749,0,false,false,10000000000000,10000000000000,0,false,false,10002734393749,10002734393749,0,false,false
22,0x3416cf6c708da44db2624d63ea0aaef7113527c6,25109064,2,92027073690828591,6,S22_P6,-6:4,0xc36442b4a4522e871399cd717abdd847ab11fe88:-6:4,0xc36442b4a4522e871399cd717abdd847ab11fe88,-6,4,4519117558021424,0.0491063920298467,10,8,2,2,451911755802142.4,0.0049106392029847,0.5472103497844731,0.5639074413506246,0.0304258545402715,0.02909520547373,0.0595210600140015,0.0304258545402715,10000000000000,10000000000000,0,false,false,10002734393749,10002734393749,0,false,false,10000000000000,10000000000000,0,false,false,10002734393749,10002734393749,0,false,false,10000000000000,10000000000000,0,false,false,10002734393749,10002734393749,0,false,false
22,0x3416cf6c708da44db2624d63ea0aaef7113527c6,25109064,2,92027073690828591,7,S22_P7,-11:9,0xc36442b4a4522e871399cd717abdd847ab11fe88:-11:9,0xc36442b4a4522e871399cd717abdd847ab11fe88,-11,9,1922569591418609,0.0208913476688134,20,13,7,7,96128479570930.45,0.0010445673834407,0.5472103497844731,0.5639074413506246,0.0124980898302564,0.0144953051356,0.0269933949658564,0.0144953051356,10000000000000,10000000000000,0,false,false,10002734393749,10002734393749,0,false,false,10000000000000,10000000000000,0,false,false,10002734393749,10002734393749,0,false,false,10000000000000,10000000000000,0,false,false,10002734393749,10002734393749,0,false,false
22,0x3416cf6c708da44db2624d63ea0aaef7113527c6,25109064,2,92027073690828591,8,S22_P8,0:3,0xc36442b4a4522e871399cd717abdd847ab11fe88:0:3,0xc36442b4a4522e871399cd717abdd847ab11fe88,0,3,1058146550335168,0.0114982092540515,3,2,1,1,352715516778389.3333333333333333,0.0038327364180172,0.5472103497844731,0.5639074413506246,0.0068007885610567,0.002415706857411,0.0092164954184677,0.0068007885610567,10000000000000,10000000000000,0,false,false,10002734393749,10002734393749,0,false,false,10000000000000,10000000000000,0,false,false,10002734393749,10002734393749,0,false,false,10000000000000,10000000000000,0,false,false,10002734393749,10002734393749,0,false,false
22,0x3416cf6c708da44db2624d63ea0aaef7113527c6,25109064,2,92027073690828591,9,S22_P9,-8:6,0xc36442b4a4522e871399cd717abdd847ab11fe88:-8:6,0xc36442b4a4522e871399cd717abdd847ab11fe88,-8,6,541580568004369,0.005885013467057,14,10,4,4,38684326286026.3571428571428571,0.0004203581047898,0.5472103497844731,0.5639074413506246,0.0034573794987685,0.0039598057985103,0.0074171852972788,0.0039598057985103,10000000000000,10000000000000,0,false,false,10002734393749,10002734393749,0,false,false,10000000000000,10000000000000,0,false,false,10002734393749,10002734393749,0,false,false,10000000000000,10000000000000,0,false,false,10002734393749,10002734393749,0,false,false
22,0x3416cf6c708da44db2624d63ea0aaef7113527c6,25109064,2,92027073690828591,10,S22_P10,0:3,0x8c209c15835cccb2984701b52651d2c8d83aa442:0:3,0x8c209c15835cccb2984701b52651d2c8d83aa442,0,3,540884908836770,0.0058774541789073,3,2,1,1,180294969612256.6666666666666667,0.0019591513929691,0.5472103497844731,0.5639074413506246,0.003452907174086,0.00123305157319,0.004685958747276,0.003452907174086,10000000000000,10000000000000,0,false,false,10002734393749,10002734393749,0,false,false,10000000000000,10000000000000,0,false,false,10002734393749,10002734393749,0,false,false,10000000000000,10000000000000,0,false,false,10002734393749,10002734393749,0,false,false
22,0x3416cf6c708da44db2624d63ea0aaef7113527c6,25109064,2,92027073690828591,11,S22_P11,-10:6,0xc36442b4a4522e871399cd717abdd847ab11fe88:-10:6,0xc36442b4a4522e871399cd717abdd847ab11fe88,-10,6,233493116884524,0.0025372220100028,16,12,4,4,14593319805282.75,0.0001585763756252,0.5472103497844731,0.5639074413506246,0.0014846401953225,0.0016958353198151,0.0031804755151376,0.0016958353198151,10000000000000,10000000000000,0,false,false,10002734393749,10002734393749,0,false,false,10000000000000,10000000000000,0,false,false,10002734393749,10002734393749,0,false,false,10000000000000,10000000000000,0,false,false,10002734393749,10002734393749,0,false,false
22,0x3416cf6c708da44db2624d63ea0aaef7113527c6,25109064,2,92027073690828591,12,S22_P12,-1:3,0xc36442b4a4522e871399cd717abdd847ab11fe88:-1:3,0xc36442b4a4522e871399cd717abdd847ab11fe88,-1,3,358158047879252,0.0038918769609312,4,3,1,1,89539511969813,0.0009729692402328,0.5472103497844731,0.5639074413506246,0.0022809920982227,0.0008160778910409,0.0030970699892636,0.0022809920982227,10000000000000,10000000000000,0,false,false,10002734393749,10002734393749,0,false,false,10000000000000,10000000000000,0,false,false,10002734393749,10002734393749,0,false,false,10000000000000,10000000000000,0,false,false,10002734393749,10002734393749,0,false,false
22,0x3416cf6c708da44db2624d63ea0aaef7113527c6,25109064,2,92027073690828591,13,S22_P13,-5:7,0xc36442b4a4522e871399cd717abdd847ab11fe88:-5:7,0xc36442b4a4522e871399cd717abdd847ab11fe88,-5,7,205711759589762,0.0022353395727964,12,7,5,5,17142646632480.1666666666666667,0.000186278297733,0.5472103497844731,0.5639074413506246,0.0013075217595854,0.0014931678676136,0.002800689627199,0.0014931678676136,10000000000000,10000000000000,0,false,false,10002734393749,10002734393749,0,false,false,10000000000000,10000000000000,0,false,false,10002734393749,10002734393749,0,false,false,10000000000000,10000000000000,0,false,false,10002734393749,10002734393749,0,false,false
22,0x3416cf6c708da44db2624d63ea0aaef7113527c6,25109064,2,92027073690828591,14,S22_P14,-10:10,0xc36442b4a4522e871399cd717abdd847ab11fe88:-10:10,0xc36442b4a4522e871399cd717abdd847ab11fe88,-10,10,204510919579342,0.0022222908039694,20,12,8,8,10225545978967.1,0.0001111145401985,0.5472103497844731,0.5639074413506246,0.0012998719363304,0.0014844129942386,0.002784284930569,0.0014844129942386,10000000000000,10000000000000,0,false,false,10002734393749,10002734393749,0,false,false,10000000000000,10000000000000,0,false,false,10002734393749,10002734393749,0,false,false,10000000000000,10000000000000,0,false,false,10002734393749,10002734393749,0,false,false
22,0x3416cf6c708da44db2624d63ea0aaef7113527c6,25109064,2,92027073690828591,15,S22_P15,-11:10,0xc36442b4a4522e871399cd717abdd847ab11fe88:-11:10,0xc36442b4a4522e871399cd717abdd847ab11fe88,-11,10,200410811646949,0.0021777375245055,21,13,8,8,9543371983188.0476190476190476,0.0001037017868812,0.5472103497844731,0.5639074413506246,0.0012737423175329,0.0014545249725686,0.0027282672901015,0.0014545249725686,10000000000000,10000000000000,0,false,false,10002734393749,10002734393749,0,false,false,10000000000000,10000000000000,0,false,false,10002734393749,10002734393749,0,false,false,10000000000000,10000000000000,0,false,false,10002734393749,10002734393749,0,false,false
22,0x3416cf6c708da44db2624d63ea0aaef7113527c6,25109064,2,92027073690828591,16,S22_P16,-2:3,0xc36442b4a4522e871399cd717abdd847ab11fe88:-2:3,0xc36442b4a4522e871399cd717abdd847ab11fe88,-2,3,261936879912813,0.0028463023913246,5,4,1,1,52387375982562.6,0.0005692604782649,0.5472103497844731,0.5639074413506246,0.0016661094763985,0.0005966749928265,0.002262784469225,0.0016661094763985,10000000000000,10000000000000,0,false,false,10002734393749,10002734393749,0,false,false,10000000000000,10000000000000,0,false,false,10002734393749,10002734393749,0,false,false,10000000000000,10000000000000,0,false,false,10002734393749,10002734393749,0,false,false
22,0x3416cf6c708da44db2624d63ea0aaef7113527c6,25109064,2,92027073690828591,17,S22_P17,-27:19,0xc36442b4a4522e871399cd717abdd847ab11fe88:-27:19,0xc36442b4a4522e871399cd717abdd847ab11fe88,-27,19,140920299016803,0.0015312917532316,46,29,17,17,3063484761234.8478260869565217,0.0000332889511572,0.5472103497844731,0.5639074413506246,0.0008949507547484,0.001021449464828,0.0019164002195764,0.001021449464828,10000000000000,10000000000000,0,false,false,10002734393749,10002734393749,0,false,false,10000000000000,10000000000000,0,false,false,10002734393749,10002734393749,0,false,false,10000000000000,10000000000000,0,false,false,10002734393749,10002734393749,0,false,false
22,0x3416cf6c708da44db2624d63ea0aaef7113527c6,25109064,2,92027073690828591,18,S22_P18,-5:3,0xc36442b4a4522e871399cd717abdd847ab11fe88:-5:3,0xc36442b4a4522e871399cd717abdd847ab11fe88,-5,3,198391844426938,0.0021557986847811,8,7,1,1,24798980553367.25,0.0002694748355976,0.5472103497844731,0.5639074413506246,0.0012608792481879,0.0004518455271985,0.0017127247753864,0.0012608792481879,10000000000000,10000000000000,0,false,false,10002734393749,10002734393749,0,false,false,10000000000000,10000000000000,0,false,false,10002734393749,10002734393749,0,false,false,10000000000000,10000000000000,0,false,false,10002734393749,10002734393749,0,false,false
22,0x3416cf6c708da44db2624d63ea0aaef7113527c6,25109064,2,92027073690828591,19,S22_P19,-9:11,0xc36442b4a4522e871399cd717abdd847ab11fe88:-9:11,0xc36442b4a4522e871399cd717abdd847ab11fe88,-9,11,109492192978921,0.0011897824041082,20,11,9,9,5474609648946.05,0.0000594891202054,0.5472103497844731,0.5639074413506246,0.0006950774648237,0.000793111883014,0.0014881893478377,0.000793111883014,10000000000000,10000000000000,0,false,false,10002734393749,10002734393749,0,false,false,10000000000000,10000000000000,0,false,false,10002734393749,10002734393749,0,false,false,10000000000000,10000000000000,0,false,false,10002734393749,10002734393749,0,false,false
22,0x3416cf6c708da44db2624d63ea0aaef7113527c6,25109064,2,92027073690828591,20,S22_P20,-15:10,0xc36442b4a4522e871399cd717abdd847ab11fe88:-15:10,0xc36442b4a4522e871399cd717abdd847ab11fe88,-15,10,108476788212912,0.001178748642789,25,17,8,8,4339071528516.48,0.0000471499457116,0.5472103497844731,0.5639074413506246,0.0006886208345362,0.000785738844934,0.0014743596794702,0.000785738844934,10000000000000,10000000000000,0,false,false,10002734393749,10002734393749,0,false,false,10000000000000,10000000000000,0,false,false,10002734393749,10002734393749,0,false,false,10000000000000,10000000000000,0,false,false,10002734393749,10002734393749,0,false,false
23,0x3416cf6c708da44db2624d63ea0aaef7113527c6,25099064,-1,94194369637402024,1,S23_P1,-3:5,0xc36442b4a4522e871399cd717abdd847ab11fe88:-3:5,0xc36442b4a4522e871399cd717abdd847ab11fe88,-3,5,35858681241314501,0.3806881598056365,8,2,6,2,4482335155164312.625,0.0475860199757046,0.5303691665665307,0.5133037851124581,0.3180858458311529,0.3068032192261182,0.6248890650572711,0.3180858458311529,10000000000000,10000000000000,0,false,false,9999797474776,9999797474776,0,false,false,10000000000000,10000000000000,0,false,false,9999797474776,9999797474776,0,false,false,10000000000000,10000000000000,0,false,false,9999797474776,9999797474776,0,false,false
23,0x3416cf6c708da44db2624d63ea0aaef7113527c6,25099064,-1,94194369637402024,2,S23_P2,-5:6,0xc36442b4a4522e871399cd717abdd847ab11fe88:-5:6,0xc36442b4a4522e871399cd717abdd847ab11fe88,-5,6,19844469946718307,0.2106757550701694,11,4,7,4,1804042722428937,0.0191523413700154,0.5303691665665307,0.5133037851124581,0.1394075490772012,0.1326464465363076,0.2720539956135088,0.1394075490772012,10000000000000,10000000000000,0,false,false,9999797474776,9999797474776,0,false,false,10000000000000,10000000000000,0,false,false,9999797474776,9999797474776,0,false,false,10000000000000,10000000000000,0,false,false,9999797474776,9999797474776,0,false,false
23,0x3416cf6c708da44db2624d63ea0aaef7113527c6,25099064,-1,94194369637402024,3,S23_P3,-1:0,0xc36442b4a4522e871399cd717abdd847ab11fe88:-1:0,0xc36442b4a4522e871399cd717abdd847ab11fe88,-1,0,15537571948347710,0.1649522366162548,1,0,1,0,15537571948347710,0.1649522366162548,0.5303691665665307,0.5133037851124581,0.1033699888426367,0.0259924730972033,0.12936246193984,0.1033699888426367,10000000000000,10000000000000,0,false,false,9999797474776,9999797474776,0,false,false,10000000000000,10000000000000,0,false,false,9999797474776,9999797474776,0,false,false,10000000000000,10000000000000,0,false,false,9999797474776,9999797474776,0,false,false
23,0x3416cf6c708da44db2624d63ea0aaef7113527c6,25099064,-1,94194369637402024,4,S23_P4,-1:1,0xc36442b4a4522e871399cd717abdd847ab11fe88:-1:1,0xc36442b4a4522e871399cd717abdd847ab11fe88,-1,1,8039324622057392,0.0853482501449343,2,0,2,0,4019662311028696,0.0426741250724672,0.5303691665665307,0.5133037851124581,0.0489697558876027,0.0411717401258082,0.0901414960134109,0.0489697558876027,10000000000000,10000000000000,0,false,false,9999797474776,9999797474776,0,false,false,10000000000000,10000000000000,0,false,false,9999797474776,9999797474776,0,false,false,10000000000000,10000000000000,0,false,false,9999797474776,9999797474776,0,false,false
23,0x3416cf6c708da44db2624d63ea0aaef7113527c6,25099064,-1,94194369637402024,5,S23_P5,-6:4,0xc36442b4a4522e871399cd717abdd847ab11fe88:-6:4,0xc36442b4a4522e871399cd717abdd847ab11fe88,-6,4,4519117558021424,0.0479765146836017,10,5,5,5,451911755802142.4,0.0047976514683602,0.5303691665665307,0.5133037851124581,0.0264779563372293,0.0251022919023584,0.0515802482395877,0.0264779563372293,10000000000000,10000000000000,0,false,false,9999797474776,9999797474776,0,false,false,10000000000000,10000000000000,0,false,false,9999797474776,9999797474776,0,false,false,10000000000000,10000000000000,0,false,false,9999797474776,9999797474776,0,false,false
23,0x3416cf6c708da44db2624d63ea0aaef7113527c6,25099064,-1,94194369637402024,6,S23_P6,-4:1,0xc36442b4a4522e871399cd717abdd847ab11fe88:-4:1,0xc36442b4a4522e871399cd717abdd847ab11fe88,-4,1,3072643427257188,0.0326202451280817,5,3,2,2,614528685451437.6,0.0065240490256163,0.5303691665665307,0.5133037851124581,0.017725318228407,0.0151408538094853,0.0328661720378923,0.017725318228407,10000000000000,10000000000000,0,false,false,9999797474776,9999797474776,0,false,false,10000000000000,10000000000000,0,false,false,9999797474776,9999797474776,0,false,false,10000000000000,10000000000000,0,false,false,9999797474776,9999797474776,0,false,false
23,0x3416cf6c708da44db2624d63ea0aaef7113527c6,25099064,-1,94194369637402024,7,S23_P7,-11:9,0xc36442b4a4522e871399cd717abdd847ab11fe88:-11:9,0xc36442b4a4522e871399cd717abdd847ab11fe88,-11,9,1922569591418609,0.0204106635971924,20,10,10,10,96128479570930.45,0.0010205331798596,0.5303691665665307,0.5133037851124581,0.0109565024747067,0.0103846754534502,0.0213411779281569,0.0109565024747067,10000000000000,10000000000000,0,false,false,9999797474776,9999797474776,0,false,false,10000000000000,10000000000000,0,false,false,9999797474776,9999797474776,0,false,false,10000000000000,10000000000000,0,false,false,9999797474776,9999797474776,0,false,false
23,0x3416cf6c708da44db2624d63ea0aaef7113527c6,25099064,-1,94194369637402024,8,S23_P8,-8:6,0xc36442b4a4522e871399cd717abdd847ab11fe88:-8:6,0xc36442b4a4522e871399cd717abdd847ab11fe88,-8,6,541580568004369,0.0057496065857138,14,7,7,7,38684326286026.3571428571428571,0.0004106861846938,0.5303691665665307,0.5133037851124581,0.0030421655717839,0.0028830228463411,0.005925188418125,0.0030421655717839,10000000000000,10000000000000,0,false,false,9999797474776,9999797474776,0,false,false,10000000000000,10000000000000,0,false,false,9999797474776,9999797474776,0,false,false,10000000000000,10000000000000,0,false,false,9999797474776,9999797474776,0,false,false
23,0x3416cf6c708da44db2624d63ea0aaef7113527c6,25099064,-1,94194369637402024,9,S23_P9,-1:2,0x8c209c15835cccb2984701b52651d2c8d83aa442:-1:2,0x8c209c15835cccb2984701b52651d2c8d83aa442,-1,2,540881992690869,0.005742190268622,3,0,3,0,180293997563623,0.001914063422874,0.5303691665665307,0.5133037851124581,0.0030382179470959,0.0028792835069536,0.0059175014540495,0.0030382179470959,10000000000000,10000000000000,0,false,false,9999797474776,9999797474776,0,false,false,10000000000000,10000000000000,0,false,false,9999797474776,9999797474776,0,false,false,10000000000000,10000000000000,0,false,false,9999797474776,9999797474776,0,false,false
23,0x3416cf6c708da44db2624d63ea0aaef7113527c6,25099064,-1,94194369637402024,10,S23_P10,-5:2,0xc36442b4a4522e871399cd717abdd847ab11fe88:-5:2,0xc36442b4a4522e871399cd717abdd847ab11fe88,-5,2,439209229176261,0.0046627970532313,7,4,3,3,62744175596608.7142857142857143,0.0006661138647473,0.5303691665665307,0.5133037851124581,0.0024645033575434,0.0023355633531766,0.00480006671072,0.0024645033575434,10000000000000,10000000000000,0,false,false,9999797474776,9999797474776,0,false,false,10000000000000,10000000000000,0,false,false,9999797474776,9999797474776,0,false,false,10000000000000,10000000000000,0,false,false,9999797474776,9999797474776,0,false,false
23,0x3416cf6c708da44db2624d63ea0aaef7113527c6,25099064,-1,94194369637402024,11,S23_P11,-1:3,0xc36442b4a4522e871399cd717abdd847ab11fe88:-1:3,0xc36442b4a4522e871399cd717abdd847ab11fe88,-1,3,358158047879252,0.0038023296855,4,0,4,0,89539511969813,0.000950582421375,0.5303691665665307,0.5133037851124581,0.0020080204155884,0.0019029482670141,0.0039109686826025,0.0020080204155884,10000000000000,10000000000000,0,false,false,9999797474776,9999797474776,0,false,false,10000000000000,10000000000000,0,false,false,9999797474776,9999797474776,0,false,false,10000000000000,10000000000000,0,false,false,9999797474776,9999797474776,0,false,false
23,0x3416cf6c708da44db2624d63ea0aaef7113527c6,25099064,-1,94194369637402024,12,S23_P12,-2:3,0xc36442b4a4522e871399cd717abdd847ab11fe88:-2:3,0xc36442b4a4522e871399cd717abdd847ab11fe88,-2,3,261936879912813,0.0027808124935825,5,1,4,1,52387375982562.6,0.0005561624987165,0.5303691665665307,0.5133037851124581,0.0014511056959919,0.001390313569297,0.0028414192652889,0.0014511056959919,10000000000000,10000000000000,0,false,false,9999797474776,9999797474776,0,false,false,10000000000000,10000000000000,0,false,false,9999797474776,9999797474776,0,false,false,10000000000000,10000000000000,0,false,false,9999797474776,9999797474776,0,false,false
23,0x3416cf6c708da44db2624d63ea0aaef7113527c6,25099064,-1,94194369637402024,13,S23_P13,-2:1,0xc36442b4a4522e871399cd717abdd847ab11fe88:-2:1,0xc36442b4a4522e871399cd717abdd847ab11fe88,-2,1,270566991100192,0.0028724327381958,3,1,2,1,90188997033397.3333333333333333,0.0009574775793986,0.5303691665665307,0.5133037851124581,0.0014990335596679,0.0013054257492095,0.0028044593088774,0.0014990335596679,10000000000000,10000000000000,0,false,false,9999797474776,9999797474776,0,false,false,10000000000000,10000000000000,0,false,false,9999797474776,9999797474776,0,false,false,10000000000000,10000000000000,0,false,false,9999797474776,9999797474776,0,false,false
23,0x3416cf6c708da44db2624d63ea0aaef7113527c6,25099064,-1,94194369637402024,14,S23_P14,-10:6,0xc36442b4a4522e871399cd717abdd847ab11fe88:-10:6,0xc36442b4a4522e871399cd717abdd847ab11fe88,-10,6,233493116884524,0.002478843669567,16,9,7,7,14593319805282.75,0.0001549277293479,0.5303691665665307,0.5133037851124581,0.0013073951145965,0.001238971869243,0.0025463669838395,0.0013073951145965,10000000000000,10000000000000,0,false,false,9999797474776,9999797474776,0,false,false,10000000000000,10000000000000,0,false,false,9999797474776,9999797474776,0,false,false,10000000000000,10000000000000,0,false,false,9999797474776,9999797474776,0,false,false
23,0x3416cf6c708da44db2624d63ea0aaef7113527c6,25099064,-1,94194369637402024,15,S23_P15,-5:7,0xc36442b4a4522e871399cd717abdd847ab11fe88:-5:7,0xc36442b4a4522e871399cd717abdd847ab11fe88,-5,7,205711759589762,0.0021839071738751,12,4,8,4,17142646632480.1666666666666667,0.0001819922644896,0.5303691665665307,0.5133037851124581,0.00115150716907,0.0010912352807391,0.0022427424498091,0.00115150716907,10000000000000,10000000000000,0,false,false,9999797474776,9999797474776,0,false,false,10000000000000,10000000000000,0,false,false,9999797474776,9999797474776,0,false,false,10000000000000,10000000000000,0,false,false,9999797474776,9999797474776,0,false,false
23,0x3416cf6c708da44db2624d63ea0aaef7113527c6,25099064,-1,94194369637402024,16,S23_P16,-10:10,0xc36442b4a4522e871399cd717abdd847ab11fe88:-10:10,0xc36442b4a4522e871399cd717abdd847ab11fe88,-10,10,204510919579342,0.0021711586410801,20,9,11,9,10225545978967.1,0.000108557932054,0.5303691665665307,0.5133037851124581,0.001144772459535,0.0010848539302941,0.0022296263898291,0.001144772459535,10000000000000,10000000000000,0,false,false,9999797474776,9999797474776,0,false,false,10000000000000,10000000000000,0,false,false,9999797474776,9999797474776,0,false,false,10000000000000,10000000000000,0,false,false,9999797474776,9999797474776,0,false,false
23,0x3416cf6c708da44db2624d63ea0aaef7113527c6,25099064,-1,94194369637402024,17,S23_P17,-11:10,0xc36442b4a4522e871399cd717abdd847ab11fe88:-11:10,0xc36442b4a4522e871399cd717abdd847ab11fe88,-11,10,200410811646949,0.0021276304774736,21,10,11,10,9543371983188.0476190476190476,0.0001013157370226,0.5303691665665307,0.5133037851124581,0.001121773043722,0.0010630561169241,0.0021848291606461,0.001121773043722,10000000000000,10000000000000,0,false,false,9999797474776,9999797474776,0,false,false,10000000000000,10000000000000,0,false,false,9999797474776,9999797474776,0,false,false,10000000000000,10000000000000,0,false,false,9999797474776,9999797474776,0,false,false
23,0x3416cf6c708da44db2624d63ea0aaef7113527c6,25099064,-1,94194369637402024,18,S23_P18,-3:2,0xc36442b4a4522e871399cd717abdd847ab11fe88:-3:2,0xc36442b4a4522e871399cd717abdd847ab11fe88,-3,2,199080263113282,0.0021135049141433,5,2,3,2,39816052622656.4,0.0004227009828287,0.5303691665665307,0.5133037851124581,0.0011143114464745,0.0010559878939341,0.0021702993404086,0.0011143114464745,10000000000000,10000000000000,0,false,false,9999797474776,9999797474776,0,false,false,10000000000000,10000000000000,0,false,false,9999797474776,9999797474776,0,false,false,10000000000000,10000000000000,0,false,false,9999797474776,9999797474776,0,false,false
23,0x3416cf6c708da44db2624d63ea0aaef7113527c6,25099064,-1,94194369637402024,19,S23_P19,-5:3,0xc36442b4a4522e871399cd717abdd847ab11fe88:-5:3,0xc36442b4a4522e871399cd717abdd847ab11fe88,-5,3,198915120099696,0.0021117516988055,8,4,4,4,24864390012462,0.0002639689623507,0.5303691665665307,0.5133037851124581,0.0011133847851095,0.0010551066238891,0.0021684914089986,0.0011133847851095,10000000000000,10000000000000,0,false,false,9999797474776,9999797474776,0,false,false,10000000000000,10000000000000,0,false,false,9999797474776,9999797474776,0,false,false,10000000000000,10000000000000,0,false,false,9999797474776,9999797474776,0,false,false
23,0x3416cf6c708da44db2624d63ea0aaef7113527c6,25099064,-1,94194369637402024,20,S23_P20,-27:19,0xc36442b4a4522e871399cd717abdd847ab11fe88:-27:19,0xc36442b4a4522e871399cd717abdd847ab11fe88,-27,19,140920299016803,0.0014960586238782,46,26,20,20,3063484761234.8478260869565217,0.0000325230135626,0.5303691665665307,0.5133037851124581,0.0007882985932075,0.0007470348610406,0.0015353334542481,0.0007882985932075,10000000000000,10000000000000,0,false,false,9999797474776,9999797474776,0,false,false,10000000000000,10000000000000,0,false,false,9999797474776,9999797474776,0,false,false,10000000000000,10000000000000,0,false,false,9999797474776,9999797474776,0,false,false
24,0x3416cf6c708da44db2624d63ea0aaef7113527c6,25089064,1,103225310986215292,1,S24_P1,-3:5,0xc36442b4a4522e871399cd717abdd847ab11fe88:-3:5,0xc36442b4a4522e871399cd717abdd847ab11fe88,-3,5,35858681241314501,0.3473826418997475,8,4,4,4,4482335155164312.625,0.0434228302374684,0.4839857618856706,0.5111909591939788,0.2535841790242041,0.3434653301961124,0.5970495092203165,0.3434653301961124,10000000000000,10000000000000,0,false,false,10001549030858,10001549030858,0,false,false,10000000000000,10000000000000,0,false,false,10001549030858,10001549030858,0,false,false,10000000000000,10000000000000,0,false,false,10001549030858,10001549030858,0,false,false
24,0x3416cf6c708da44db2624d63ea0aaef7113527c6,25089064,1,103225310986215292,2,S24_P2,-5:6,0xc36442b4a4522e871399cd717abdd847ab11fe88:-5:6,0xc36442b4a4522e871399cd717abdd847ab11fe88,-5,6,19844469946718307,0.1922442253467111,11,6,5,5,1804042722428937,0.0174767477587919,0.4839857618856706,0.5111909591939788,0.113963637460271,0.1410202976518561,0.2549839351121271,0.1410202976518561,10000000000000,10000000000000,0,false,false,10001549030858,10001549030858,0,false,false,10000000000000,10000000000000,0,false,false,10001549030858,10001549030858,0,false,false,10000000000000,10000000000000,0,false,false,10001549030858,10001549030858,0,false,false
24,0x3416cf6c708da44db2624d63ea0aaef7113527c6,25089064,1,103225310986215292,3,S24_P3,1:7,0xc36442b4a4522e871399cd717abdd847ab11fe88:1:7,0xc36442b4a4522e871399cd717abdd847ab11fe88,1,7,10248353052608157,0.0992813967300784,6,0,6,0,1708058842101359.5,0.0165468994550131,0.4839857618856706,0.5111909591939788,0.0528989078560337,0.0636908273805712,0.1165897352366049,0.0636908273805712,10000000000000,10000000000000,0,false,false,10001549030858,10001549030858,0,false,false,10000000000000,10000000000000,0,false,false,10001549030858,10001549030858,0,false,false,10000000000000,10000000000000,0,false,false,10001549030858,10001549030858,0,false,false
24,0x3416cf6c708da44db2624d63ea0aaef7113527c6,25089064,1,103225310986215292,4,S24_P4,0:4,0xc36442b4a4522e871399cd717abdd847ab11fe88:0:4,0xc36442b4a4522e871399cd717abdd847ab11fe88,0,4,9964441787911092,0.0965309931518806,4,1,3,1,2491110446977773,0.0241327482879702,0.4839857618856706,0.5111909591939788,0.0494315894187924,0.0617092175787076,0.1111408069975,0.0617092175787076,10000000000000,10000000000000,0,false,false,10001549030858,10001549030858,0,false,false,10000000000000,10000000000000,0,false,false,10001549030858,10001549030858,0,false,false,10000000000000,10000000000000,0,false,false,10001549030858,10001549030858,0,false,false
24,0x3416cf6c708da44db2624d63ea0aaef7113527c6,25089064,1,103225310986215292,5,S24_P5,1:2,0xc36442b4a4522e871399cd717abdd847ab11fe88:1:2,0xc36442b4a4522e871399cd717abdd847ab11fe88,1,2,10073307002836225,0.0975856299835359,1,0,1,0,10073307002836225,0.0975856299835359,0.4839857618856706,0.5111909591939788,0.0518995755070707,0.0307092760867908,0.0826088515938615,0.0518995755070707,10000000000000,10000000000000,0,false,false,10001549030858,10001549030858,0,false,false,10000000000000,10000000000000,0,false,false,10001549030858,10001549030858,0,false,false,10000000000000,10000000000000,0,false,false,10001549030858,10001549030858,0,false,false
24,0x3416cf6c708da44db2624d63ea0aaef7113527c6,25089064,1,103225310986215292,6,S24_P6,1:5,0xc36442b4a4522e871399cd717abdd847ab11fe88:1:5,0xc36442b4a4522e871399cd717abdd847ab11fe88,1,5,4656575017975385,0.0451107870103411,4,0,4,0,1164143754493846.25,0.0112776967525853,0.4839857618856706,0.5111909591939788,0.0226975167879533,0.0270635585869662,0.0497610753749195,0.0270635585869662,10000000000000,10000000000000,0,false,false,10001549030858,10001549030858,0,false,false,10000000000000,10000000000000,0,false,false,10001549030858,10001549030858,0,false,false,10000000000000,10000000000000,0,false,false,10001549030858,10001549030858,0,false,false
24,0x3416cf6c708da44db2624d63ea0aaef7113527c6,25089064,1,103225310986215292,7,S24_P7,-6:4,0xc36442b4a4522e871399cd717abdd847ab11fe88:-6:4,0xc36442b4a4522e871399cd717abdd847ab11fe88,-6,4,4519117558021424,0.0437791614754729,10,7,3,3,451911755802142.4,0.0043779161475473,0.4839857618856706,0.5111909591939788,0.0219974007157205,0.0262228851081447,0.0482202858238652,0.0262228851081447,10000000000000,10000000000000,0,false,false,10001549030858,10001549030858,0,false,false,10000000000000,10000000000000,0,false,false,10001549030858,10001549030858,0,false,false,10000000000000,10000000000000,0,false,false,10001549030858,10001549030858,0,false,false
24,0x3416cf6c708da44db2624d63ea0aaef7113527c6,25089064,1,103225310986215292,8,S24_P8,-11:9,0xc36442b4a4522e871399cd717abdd847ab11fe88:-11:9,0xc36442b4a4522e871399cd717abdd847ab11fe88,-11,9,1922569591418609,0.0186249823134497,20,12,8,8,96128479570930.45,0.0009312491156725,0.4839857618856706,0.5111909591939788,0.0091228217206322,0.0108305675071023,0.0199533892277345,0.0108305675071023,10000000000000,10000000000000,0,false,false,10001549030858,10001549030858,0,false,false,10000000000000,10000000000000,0,false,false,10001549030858,10001549030858,0,false,false,10000000000000,10000000000000,0,false,false,10001549030858,10001549030858,0,false,false
24,0x3416cf6c708da44db2624d63ea0aaef7113527c6,25089064,1,103225310986215292,9,S24_P9,0:3,0xc36442b4a4522e871399cd717abdd847ab11fe88:0:3,0xc36442b4a4522e871399cd717abdd847ab11fe88,0,3,1058146550335168,0.0102508439085882,3,1,2,1,352715516778389.3333333333333333,0.0034169479695294,0.4839857618856706,0.5111909591939788,0.0048777473222575,0.0055676706939156,0.0104454180161731,0.0055676706939156,10000000000000,10000000000000,0,false,false,10001549030858,10001549030858,0,false,false,10000000000000,10000000000000,0,false,false,10001549030858,10001549030858,0,false,false,10000000000000,10000000000000,0,false,false,10001549030858,10001549030858,0,false,false
24,0x3416cf6c708da44db2624d63ea0aaef7113527c6,25089064,1,103225310986215292,10,S24_P10,0:2,0x8c209c15835cccb2984701b52651d2c8d83aa442:0:2,0x8c209c15835cccb2984701b52651d2c8d83aa442,0,2,811197013995993,0.007858508792522,2,1,1,1,405598506997996.5,0.003929254396261,0.4839857618856706,0.5111909591939788,0.0037319403128085,0.002405677426331,0.0061376177391395,0.0037319403128085,10000000000000,10000000000000,0,false,false,10001549030858,10001549030858,0,false,false,10000000000000,10000000000000,0,false,false,10001549030858,10001549030858,0,false,false,10000000000000,10000000000000,0,false,false,10001549030858,10001549030858,0,false,false
24,0x3416cf6c708da44db2624d63ea0aaef7113527c6,25089064,1,103225310986215292,11,S24_P11,-8:6,0xc36442b4a4522e871399cd717abdd847ab11fe88:-8:6,0xc36442b4a4522e871399cd717abdd847ab11fe88,-8,6,541580568004369,0.0052465869352207,14,9,5,5,38684326286026.3571428571428571,0.0003747562096586,0.4839857618856706,0.5111909591939788,0.0025359168100488,0.0030043186826701,0.0055402354927189,0.0030043186826701,10000000000000,10000000000000,0,false,false,10001549030858,10001549030858,0,false,false,10000000000000,10000000000000,0,false,false,10001549030858,10001549030858,0,false,false,10000000000000,10000000000000,0,false,false,10001549030858,10001549030858,0,false,false
24,0x3416cf6c708da44db2624d63ea0aaef7113527c6,25089064,1,103225310986215292,12,S24_P12,-1:3,0xc36442b4a4522e871399cd717abdd847ab11fe88:-1:3,0xc36442b4a4522e871399cd717abdd847ab11fe88,-1,3,358158047879252,0.0034696727426385,4,2,2,2,89539511969813,0.0008674181856596,0.4839857618856706,0.5111909591939788,0.00167411786163,0.0018735559998195,0.0035476738614495,0.0018735559998195,10000000000000,10000000000000,0,false,false,10001549030858,10001549030858,0,false,false,10000000000000,10000000000000,0,false,false,10001549030858,10001549030858,0,false,false,10000000000000,10000000000000,0,false,false,10001549030858,10001549030858,0,false,false
24,0x3416cf6c708da44db2624d63ea0aaef7113527c6,25089064,1,103225310986215292,13,S24_P13,-5:2,0xc36442b4a4522e871399cd717abdd847ab11fe88:-5:2,0xc36442b4a4522e871399cd717abdd847ab11fe88,-5,2,439209229176261,0.0042548598302108,7,6,1,1,62744175596608.7142857142857143,0.0006078371186015,0.4839857618856706,0.5111909591939788,0.002054558230302,0.00130108812197,0.003355646352272,0.002054558230302,10000000000000,10000000000000,0,false,false,10001549030858,10001549030858,0,false,false,10000000000000,10000000000000,0,false,false,10001549030858,10001549030858,0,false,false,10000000000000,10000000000000,0,false,false,10001549030858,10001549030858,0,false,false
24,0x3416cf6c708da44db2624d63ea0aaef7113527c6,25089064,1,103225310986215292,14,S24_P14,-2:3,0xc36442b4a4522e871399cd717abdd847ab11fe88:-2:3,0xc36442b4a4522e871399cd717abdd847ab11fe88,-2,3,261936879912813,0.0025375257038246,5,3,2,2,52387375982562.6,0.0005075051407649,0.4839857618856706,0.5111909591939788,0.0012232326099588,0.0013691207947865,0.0025923534047453,0.0013691207947865,10000000000000,10000000000000,0,false,false,10001549030858,10001549030858,0,false,false,10000000000000,10000000000000,0,false,false,10001549030858,10001549030858,0,false,false,10000000000000,10000000000000,0,false,false,10001549030858,10001549030858,0,false,false
24,0x3416cf6c708da44db2624d63ea0aaef7113527c6,25089064,1,103225310986215292,15,S24_P15,-10:6,0xc36442b4a4522e871399cd717abdd847ab11fe88:-10:6,0xc36442b4a4522e871399cd717abdd847ab11fe88,-10,6,233493116884524,0.0022619754268961,16,11,5,5,14593319805282.75,0.000141373464181,0.4839857618856706,0.5111909591939788,0.0010901073166603,0.001290859809652,0.0023809671263123,0.001290859809652,10000000000000,10000000000000,0,false,false,10001549030858,10001549030858,0,false,false,10000000000000,10000000000000,0,false,false,10001549030858,10001549030858,0,false,false,10000000000000,10000000000000,0,false,false,10001549030858,10001549030858,0,false,false
24,0x3416cf6c708da44db2624d63ea0aaef7113527c6,25089064,1,103225310986215292,16,S24_P16,-5:7,0xc36442b4a4522e871399cd717abdd847ab11fe88:-5:7,0xc36442b4a4522e871399cd717abdd847ab11fe88,-5,7,205711759589762,0.0019928422363119,12,6,6,6,17142646632480.1666666666666667,0.0001660701863593,0.4839857618856706,0.5111909591939788,0.0009601480997395,0.001136925862695,0.0020970739624345,0.001136925862695,10000000000000,10000000000000,0,false,false,10001549030858,10001549030858,0,false,false,10000000000000,10000000000000,0,false,false,10001549030858,10001549030858,0,false,false,10000000000000,10000000000000,0,false,false,10001549030858,10001549030858,0,false,false
24,0x3416cf6c708da44db2624d63ea0aaef7113527c6,25089064,1,103225310986215292,17,S24_P17,-10:10,0xc36442b4a4522e871399cd717abdd847ab11fe88:-10:10,0xc36442b4a4522e871399cd717abdd847ab11fe88,-10,10,204510919579342,0.0019812090428737,20,11,9,9,10225545978967.1,0.0000990604521437,0.4839857618856706,0.5111909591939788,0.0009545322081965,0.001130274175738,0.0020848063839345,0.001130274175738,10000000000000,10000000000000,0,false,false,10001549030858,10001549030858,0,false,false,10000000000000,10000000000000,0,false,false,10001549030858,10001549030858,0,false,false,10000000000000,10000000000000,0,false,false,10001549030858,10001549030858,0,false,false
24,0x3416cf6c708da44db2624d63ea0aaef7113527c6,25089064,1,103225310986215292,18,S24_P18,-11:10,0xc36442b4a4522e871399cd717abdd847ab11fe88:-11:10,0xc36442b4a4522e871399cd717abdd847ab11fe88,-11,10,200410811646949,0.0019414890566298,21,12,9,9,9543371983188.0476190476190476,0.0000924518598395,0.4839857618856706,0.5111909591939788,0.000935359660506,0.001107562415383,0.002042922075889,0.001107562415383,10000000000000,10000000000000,0,false,false,10001549030858,10001549030858,0,false,false,10000000000000,10000000000000,0,false,false,10001549030858,10001549030858,0,false,false,10000000000000,10000000000000,0,false,false,10001549030858,10001549030858,0,false,false
24,0x3416cf6c708da44db2624d63ea0aaef7113527c6,25089064,1,103225310986215292,19,S24_P19,-5:3,0xc36442b4a4522e871399cd717abdd847ab11fe88:-5:3,0xc36442b4a4522e871399cd717abdd847ab11fe88,-5,3,198915120099696,0.0019269994752184,8,6,2,2,24864390012462,0.0002408749344023,0.4839857618856706,0.5111909591939788,0.0009283645939885,0.0010391686783205,0.001967533272309,0.0010391686783205,10000000000000,10000000000000,0,false,false,10001549030858,10001549030858,0,false,false,10000000000000,10000000000000,0,false,false,10001549030858,10001549030858,0,false,false,10000000000000,10000000000000,0,false,false,10001549030858,10001549030858,0,false,false
24,0x3416cf6c708da44db2624d63ea0aaef7113527c6,25089064,1,103225310986215292,20,S24_P20,-3:2,0xc36442b4a4522e871399cd717abdd847ab11fe88:-3:2,0xc36442b4a4522e871399cd717abdd847ab11fe88,-3,2,199080263113282,0.0019285993058414,5,4,1,1,39816052622656.4,0.0003857198611683,0.4839857618856706,0.5111909591939788,0.000929137501996,0.0005893287748755,0.0015184662768715,0.000929137501996,10000000000000,10000000000000,0,false,false,10001549030858,10001549030858,0,false,false,10000000000000,10000000000000,0,false,false,10001549030858,10001549030858,0,false,false,10000000000000,10000000000000,0,false,false,10001549030858,10001549030858,0,false,false
25,0x3416cf6c708da44db2624d63ea0aaef7113527c6,25079064,1,93153792717891518,1,S25_P1,-3:5,0xc36442b4a4522e871399cd717abdd847ab11fe88:-3:5,0xc36442b4a4522e871399cd717abdd847ab11fe88,-3,5,35857384652276407,0.384926728221013,8,4,4,4,4482173081534550.875,0.0481158410276266,0.5367892643386787,0.5486869113730038,0.3446949056697024,0.4113748582560638,0.7560697639257662,0.4113748582560638,10000000000000,10000000000000,0,false,false,10001998934713,10001998934713,0,false,false,10000000000000,10000000000000,0,false,false,10001998934713,10001998934713,0,false,false,10000000000000,10000000000000,0,false,false,10001998934713,10001998934713,0,false,false
25,0x3416cf6c708da44db2624d63ea0aaef7113527c6,25079064,1,93153792717891518,2,S25_P2,-5:6,0xc36442b4a4522e871399cd717abdd847ab11fe88:-5:6,0xc36442b4a4522e871399cd717abdd847ab11fe88,-5,6,19844469946718307,0.2130291141963015,11,6,5,5,1804042722428937,0.0193662831087547,0.5367892643386787,0.5486869113730038,0.147270267855493,0.1621362998952678,0.3094065677507608,0.1621362998952678,10000000000000,10000000000000,0,false,false,10001998934713,10001998934713,0,false,false,10000000000000,10000000000000,0,false,false,10001998934713,10001998934713,0,false,false,10000000000000,10000000000000,0,false,false,10001998934713,10001998934713,0,false,false
25,0x3416cf6c708da44db2624d63ea0aaef7113527c6,25079064,1,93153792717891518,3,S25_P3,1:7,0xc36442b4a4522e871399cd717abdd847ab11fe88:1:7,0xc36442b4a4522e871399cd717abdd847ab11fe88,1,7,10248353052608157,0.1100154137968857,6,0,6,0,1708058842101359.5,0.018335902299481,0.5367892643386787,0.5486869113730038,0.0669184819682071,0.0722663703837703,0.1391848523519774,0.0722663703837703,10000000000000,10000000000000,0,false,false,10001998934713,10001998934713,0,false,false,10000000000000,10000000000000,0,false,false,10001998934713,10001998934713,0,false,false,10000000000000,10000000000000,0,false,false,10001998934713,10001998934713,0,false,false
25,0x3416cf6c708da44db2624d63ea0aaef7113527c6,25079064,1,93153792717891518,4,S25_P4,0:4,0xc36442b4a4522e871399cd717abdd847ab11fe88:0:4,0xc36442b4a4522e871399cd717abdd847ab11fe88,0,4,9964441787911092,0.1069676445497777,4,1,3,1,2491110446977773,0.0267419111374444,0.5367892643386787,0.5486869113730038,0.0637876864016286,0.068072737177173,0.1318604235788016,0.068072737177173,10000000000000,10000000000000,0,false,false,10001998934713,10001998934713,0,false,false,10000000000000,10000000000000,0,false,false,10001998934713,10001998934713,0,false,false,10000000000000,10000000000000,0,false,false,10001998934713,10001998934713,0,false,false
25,0x3416cf6c708da44db2624d63ea0aaef7113527c6,25079064,1,93153792717891518,5,S25_P5,1:5,0xc36442b4a4522e871399cd717abdd847ab11fe88:1:5,0xc36442b4a4522e871399cd717abdd847ab11fe88,1,5,4656575017975385,0.0499880346480087,4,0,4,0,1164143754493846.25,0.0124970086620022,0.5367892643386787,0.5486869113730038,0.0284171655286226,0.0304443485678689,0.0588615140964915,0.0304443485678689,10000000000000,10000000000000,0,false,false,10001998934713,10001998934713,0,false,false,10000000000000,10000000000000,0,false,false,10001998934713,10001998934713,0,false,false,10000000000000,10000000000000,0,false,false,10001998934713,10001998934713,0,false,false
25,0x3416cf6c708da44db2624d63ea0aaef7113527c6,25079064,1,93153792717891518,6,S25_P6,-6:4,0xc36442b4a4522e871399cd717abdd847ab11fe88:-6:4,0xc36442b4a4522e871399cd717abdd847ab11fe88,-6,4,4519117558021424,0.0485124376170833,10,7,3,3,451911755802142.4,0.0048512437617083,0.5367892643386787,0.5486869113730038,0.0275340506783481,0.0290795130681069,0.056613563746455,0.0290795130681069,10000000000000,10000000000000,0,false,false,10001998934713,10001998934713,0,false,false,10000000000000,10000000000000,0,false,false,10001998934713,10001998934713,0,false,false,10000000000000,10000000000000,0,false,false,10001998934713,10001998934713,0,false,false
25,0x3416cf6c708da44db2624d63ea0aaef7113527c6,25079064,1,93153792717891518,7,S25_P7,-11:9,0xc36442b4a4522e871399cd717abdd847ab11fe88:-11:9,0xc36442b4a4522e871399cd717abdd847ab11fe88,-11,9,1922569591418609,0.0206386614578426,20,12,8,8,96128479570930.45,0.0010319330728921,0.5367892643386787,0.5486869113730038,0.0113691121273118,0.0121378212060781,0.0235069333333899,0.0121378212060781,10000000000000,10000000000000,0,false,false,10001998934713,10001998934713,0,false,false,10000000000000,10000000000000,0,false,false,10001998934713,10001998934713,0,false,false,10000000000000,10000000000000,0,false,false,10001998934713,10001998934713,0,false,false
25,0x3416cf6c708da44db2624d63ea0aaef7113527c6,25079064,1,93153792717891518,8,S25_P8,0:3,0xc36442b4a4522e871399cd717abdd847ab11fe88:0:3,0xc36442b4a4522e871399cd717abdd847ab11fe88,0,3,1058146550335168,0.0113591354625751,3,1,2,1,352715516778389.3333333333333333,0.003786378487525,0.5367892643386787,0.5486869113730038,0.0061744373873379,0.0055092083516478,0.0116836457389857,0.0061744373873379,10000000000000,10000000000000,0,false,false,10001998934713,10001998934713,0,false,false,10000000000000,10000000000000,0,false,false,10001998934713,10001998934713,0,false,false,10000000000000,10000000000000,0,false,false,10001998934713,10001998934713,0,false,false
25,0x3416cf6c708da44db2624d63ea0aaef7113527c6,25079064,1,93153792717891518,9,S25_P9,-8:6,0xc36442b4a4522e871399cd717abdd847ab11fe88:-8:6,0xc36442b4a4522e871399cd717abdd847ab11fe88,-8,6,541580568004369,0.0058138327190231,14,9,5,5,38684326286026.3571428571428571,0.0004152737656445,0.5367892643386787,0.5486869113730038,0.0031532867703199,0.0033608909013072,0.0065141776716271,0.0033608909013072,10000000000000,10000000000000,0,false,false,10001998934713,10001998934713,0,false,false,10000000000000,10000000000000,0,false,false,10001998934713,10001998934713,0,false,false,10000000000000,10000000000000,0,false,false,10001998934713,10001998934713,0,false,false
25,0x3416cf6c708da44db2624d63ea0aaef7113527c6,25079064,1,93153792717891518,10,S25_P10,0:2,0x8c209c15835cccb2984701b52651d2c8d83aa442:0:2,0x8c209c15835cccb2984701b52651d2c8d83aa442,0,2,811197013995993,0.0087081480026544,2,1,1,1,405598506997996.5,0.0043540740013272,0.5367892643386787,0.5486869113730038,0.0047214068566914,0.000010377988712,0.0047317848454034,0.0047214068566914,10000000000000,10000000000000,0,false,false,10001998934713,10001998934713,0,false,false,10000000000000,10000000000000,0,false,false,10001998934713,10001998934713,0,false,false,10000000000000,10000000000000,0,false,false,10001998934713,10001998934713,0,false,false
25,0x3416cf6c708da44db2624d63ea0aaef7113527c6,25079064,1,93153792717891518,11,S25_P11,-1:3,0xc36442b4a4522e871399cd717abdd847ab11fe88:-1:3,0xc36442b4a4522e871399cd717abdd847ab11fe88,-1,3,358158047879252,0.0038448037103965,4,2,2,2,89539511969813,0.0009612009275991,0.5367892643386787,0.5486869113730038,0.0020810723562059,0.0018555086058556,0.0039365809620615,0.0020810723562059,10000000000000,10000000000000,0,false,false,10001998934713,10001998934713,0,false,false,10000000000000,10000000000000,0,false,false,10001998934713,10001998934713,0,false,false,10000000000000,10000000000000,0,false,false,10001998934713,10001998934713,0,false,false
25,0x3416cf6c708da44db2624d63ea0aaef7113527c6,25079064,1,93153792717891518,12,S25_P12,-2:3,0xc36442b4a4522e871399cd717abdd847ab11fe88:-2:3,0xc36442b4a4522e871399cd717abdd847ab11fe88,-2,3,261936879912813,0.0028118756335136,5,3,2,2,52387375982562.6,0.0005623751267027,0.5367892643386787,0.5486869113730038,0.0015203498572014,0.0013560844756366,0.002876434332838,0.0015203498572014,10000000000000,10000000000000,0,false,false,10001998934713,10001998934713,0,false,false,10000000000000,10000000000000,0,false,false,10001998934713,10001998934713,0,false,false,10000000000000,10000000000000,0,false,false,10001998934713,10001998934713,0,false,false
25,0x3416cf6c708da44db2624d63ea0aaef7113527c6,25079064,1,93153792717891518,13,S25_P13,-10:6,0xc36442b4a4522e871399cd717abdd847ab11fe88:-10:6,0xc36442b4a4522e871399cd717abdd847ab11fe88,-10,6,233493116884524,0.0025065336587168,16,11,5,5,14593319805282.75,0.0001566583536698,0.5367892643386787,0.5486869113730038,0.0013548281384414,0.0014435002911696,0.002798328429611,0.0014435002911696,10000000000000,10000000000000,0,false,false,10001998934713,10001998934713,0,false,false,10000000000000,10000000000000,0,false,false,10001998934713,10001998934713,0,false,false,10000000000000,10000000000000,0,false,false,10001998934713,10001998934713,0,false,false
25,0x3416cf6c708da44db2624d63ea0aaef7113527c6,25079064,1,93153792717891518,14,S25_P14,-5:2,0xc36442b4a4522e871399cd717abdd847ab11fe88:-5:2,0xc36442b4a4522e871399cd717abdd847ab11fe88,-5,2,439209229176261,0.0047148829517481,7,6,1,1,62744175596608.7142857142857143,0.0006735547073926,0.5367892643386787,0.5486869113730038,0.0025543227908979,0.0000056219852745,0.0025599447761724,0.0025543227908979,10000000000000,10000000000000,0,false,false,10001998934713,10001998934713,0,false,false,10000000000000,10000000000000,0,false,false,10001998934713,10001998934713,0,false,false,10000000000000,10000000000000,0,false,false,10001998934713,10001998934713,0,false,false
25,0x3416cf6c708da44db2624d63ea0aaef7113527c6,25079064,1,93153792717891518,15,S25_P15,-5:7,0xc36442b4a4522e871399cd717abdd847ab11fe88:-5:7,0xc36442b4a4522e871399cd717abdd847ab11fe88,-5,7,205711759589762,0.0022083025670543,12,6,6,6,17142646632480.1666666666666667,0.0001840252139212,0.5367892643386787,0.5486869113730038,0.0011932614747339,0.0012713199476781,0.002464581422412,0.0012713199476781,10000000000000,10000000000000,0,false,false,10001998934713,10001998934713,0,false,false,10000000000000,10000000000000,0,false,false,10001998934713,10001998934713,0,false,false,10000000000000,10000000000000,0,false,false,10001998934713,10001998934713,0,false,false
25,0x3416cf6c708da44db2624d63ea0aaef7113527c6,25079064,1,93153792717891518,16,S25_P16,-10:10,0xc36442b4a4522e871399cd717abdd847ab11fe88:-10:10,0xc36442b4a4522e871399cd717abdd847ab11fe88,-10,10,204510919579342,0.0021954116264346,20,11,9,9,10225545978967.1,0.0001097705813217,0.5367892643386787,0.5486869113730038,0.0011862780219789,0.0012638714439056,0.0024501494658845,0.0012638714439056,10000000000000,10000000000000,0,false,false,10001998934713,10001998934713,0,false,false,10000000000000,10000000000000,0,false,false,10001998934713,10001998934713,0,false,false,10000000000000,10000000000000,0,false,false,10001998934713,10001998934713,0,false,false
25,0x3416cf6c708da44db2624d63ea0aaef7113527c6,25079064,1,93153792717891518,17,S25_P17,-11:10,0xc36442b4a4522e871399cd717abdd847ab11fe88:-11:10,0xc36442b4a4522e871399cd717abdd847ab11fe88,-11,10,200410811646949,0.0021513972303186,21,12,9,9,9543371983188.0476190476190476,0.000102447487158,0.5367892643386787,0.5486869113730038,0.0011624432027139,0.0012384696275286,0.0024009128302425,0.0012384696275286,10000000000000,10000000000000,0,false,false,10001998934713,10001998934713,0,false,false,10000000000000,10000000000000,0,false,false,10001998934713,10001998934713,0,false,false,10000000000000,10000000000000,0,false,false,10001998934713,10001998934713,0,false,false
25,0x3416cf6c708da44db2624d63ea0aaef7113527c6,25079064,1,93153792717891518,18,S25_P18,-5:3,0xc36442b4a4522e871399cd717abdd847ab11fe88:-5:3,0xc36442b4a4522e871399cd717abdd847ab11fe88,-5,3,202371825818976,0.0021724485918876,8,6,2,2,25296478227372,0.000271556073986,0.5367892643386787,0.5486869113730038,0.0011738422142089,0.0010472634662461,0.002221105680455,0.0011738422142089,10000000000000,10000000000000,0,false,false,10001998934713,10001998934713,0,false,false,10000000000000,10000000000000,0,false,false,10001998934713,10001998934713,0,false,false,10000000000000,10000000000000,0,false,false,10001998934713,10001998934713,0,false,false
25,0x3416cf6c708da44db2624d63ea0aaef7113527c6,25079064,1,93153792717891518,19,S25_P19,-27:19,0xc36442b4a4522e871399cd717abdd847ab11fe88:-27:19,0xc36442b4a4522e871399cd717abdd847ab11fe88,-27,19,140920299016803,0.0015127703865324,46,28,18,18,3063484761234.8478260869565217,0.0000328863127507,0.5367892643386787,0.5486869113730038,0.0008168397192745,0.0008701957509756,0.0016870354702501,0.0008701957509756,10000000000000,10000000000000,0,false,false,10001998934713,10001998934713,0,false,false,10000000000000,10000000000000,0,false,false,10001998934713,10001998934713,0,false,false,10000000000000,10000000000000,0,false,false,10001998934713,10001998934713,0,false,false
25,0x3416cf6c708da44db2624d63ea0aaef7113527c6,25079064,1,93153792717891518,20,S25_P20,-3:2,0xc36442b4a4522e871399cd717abdd847ab11fe88:-3:2,0xc36442b4a4522e871399cd717abdd847ab11fe88,-3,2,199080263113282,0.0021371138770075,5,4,1,1,39816052622656.4,0.0004274227754015,0.5367892643386787,0.5486869113730038,0.0011547082753739,0.000002550637261,0.0011572589126349,0.0011547082753739,10000000000000,10000000000000,0,false,false,10001998934713,10001998934713,0,false,false,10000000000000,10000000000000,0,false,false,10001998934713,10001998934713,0,false,false,10000000000000,10000000000000,0,false,false,10001998934713,10001998934713,0,false,false
26,0x3416cf6c708da44db2624d63ea0aaef7113527c6,25069064,-1,97063723281041151,1,S26_P1,-3:5,0xc36442b4a4522e871399cd717abdd847ab11fe88:-3:5,0xc36442b4a4522e871399cd717abdd847ab11fe88,-3,5,35857384652276407,0.3694210714383363,8,2,6,2,4482173081534550.875,0.046177633929792,0.5137927075213612,0.5071609518762502,0.2919794747096585,0.2930386589518516,0.5850181336615101,0.2930386589518516,10000000000000,10000000000000,0,false,false,9999449611336,9999449611336,0,false,false,10000000000000,10000000000000,0,false,false,9999449611336,9999449611336,0,false,false,10000000000000,10000000000000,0,false,false,9999449611336,9999449611336,0,false,false
26,0x3416cf6c708da44db2624d63ea0aaef7113527c6,25069064,-1,97063723281041151,2,S26_P2,-5:6,0xc36442b4a4522e871399cd717abdd847ab11fe88:-5:6,0xc36442b4a4522e871399cd717abdd847ab11fe88,-5,6,19844469946718307,0.2044478542128458,11,4,7,4,1804042722428937,0.0185861685648042,0.5137927075213612,0.5071609518762502,0.12934784963217,0.128123535278804,0.257471384910974,0.12934784963217,10000000000000,10000000000000,0,false,false,9999449611336,9999449611336,0,false,false,10000000000000,10000000000000,0,false,false,9999449611336,9999449611336,0,false,false,10000000000000,10000000000000,0,false,false,9999449611336,9999449611336,0,false,false
26,0x3416cf6c708da44db2624d63ea0aaef7113527c6,25069064,-1,97063723281041151,3,S26_P3,-1:0,0xc36442b4a4522e871399cd717abdd847ab11fe88:-1:0,0xc36442b4a4522e871399cd717abdd847ab11fe88,-1,0,16018089297558879,0.1650265285124045,1,0,1,0,16018089297558879,0.1650265285124045,0.5137927075213612,0.5071609518762502,0.0996331719156359,0.0557332173812469,0.1553663892968828,0.0996331719156359,10000000000000,10000000000000,0,false,false,9999449611336,9999449611336,0,false,false,10000000000000,10000000000000,0,false,false,9999449611336,9999449611336,0,false,false,10000000000000,10000000000000,0,false,false,9999449611336,9999449611336,0,false,false
26,0x3416cf6c708da44db2624d63ea0aaef7113527c6,25069064,-1,97063723281041151,4,S26_P4,-1:1,0xc36442b4a4522e871399cd717abdd847ab11fe88:-1:1,0xc36442b4a4522e871399cd717abdd847ab11fe88,-1,1,8039288658857441,0.0828248534787837,2,0,2,0,4019644329428720.5,0.0414124267393919,0.5137927075213612,0.5071609518762502,0.045652558269541,0.0428808746268606,0.0885334328964016,0.045652558269541,10000000000000,10000000000000,0,false,false,9999449611336,9999449611336,0,false,false,10000000000000,10000000000000,0,false,false,9999449611336,9999449611336,0,false,false,10000000000000,10000000000000,0,false,false,9999449611336,9999449611336,0,false,false
26,0x3416cf6c708da44db2624d63ea0aaef7113527c6,25069064,-1,97063723281041151,5,S26_P5,-4:1,0xc36442b4a4522e871399cd717abdd847ab11fe88:-4:1,0xc36442b4a4522e871399cd717abdd847ab11fe88,-4,1,4781093219028679,0.0492572616979194,5,3,2,2,956218643805735.8,0.0098514523395839,0.5137927075213612,0.5071609518762502,0.0262185779542576,0.0248027993733259,0.0510213773275835,0.0262185779542576,10000000000000,10000000000000,0,false,false,9999449611336,9999449611336,0,false,false,10000000000000,10000000000000,0,false,false,9999449611336,9999449611336,0,false,false,10000000000000,10000000000000,0,false,false,9999449611336,9999449611336,0,false,false
26,0x3416cf6c708da44db2624d63ea0aaef7113527c6,25069064,-1,97063723281041151,6,S26_P6,-6:4,0xc36442b4a4522e871399cd717abdd847ab11fe88:-6:4,0xc36442b4a4522e871399cd717abdd847ab11fe88,-6,4,4519117558021424,0.0465582547759541,10,5,5,5,451911755802142.4,0.0046558254775954,0.5137927075213612,0.5071609518762502,0.0247137634577324,0.0243182252819719,0.0490319887397043,0.0247137634577324,10000000000000,10000000000000,0,false,false,9999449611336,9999449611336,0,false,false,10000000000000,10000000000000,0,false,false,9999449611336,9999449611336,0,false,false,10000000000000,10000000000000,0,false,false,9999449611336,9999449611336,0,false,false
26,0x3416cf6c708da44db2624d63ea0aaef7113527c6,25069064,-1,97063723281041151,7,S26_P7,-11:9,0xc36442b4a4522e871399cd717abdd847ab11fe88:-11:9,0xc36442b4a4522e871399cd717abdd847ab11fe88,-11,9,1922569591418609,0.0198072928425787,20,10,10,10,96128479570930.45,0.0009903646421289,0.5137927075213612,0.5071609518762502,0.0102348614949042,0.0100619889161462,0.0202968504110504,0.0102348614949042,10000000000000,10000000000000,0,false,false,9999449611336,9999449611336,0,false,false,10000000000000,10000000000000,0,false,false,9999449611336,9999449611336,0,false,false,10000000000000,10000000000000,0,false,false,9999449611336,9999449611336,0,false,false
26,0x3416cf6c708da44db2624d63ea0aaef7113527c6,25069064,-1,97063723281041151,8,S26_P8,-1:1,0x8c209c15835cccb2984701b52651d2c8d83aa442:-1:1,0x8c209c15835cccb2984701b52651d2c8d83aa442,-1,1,811003702686627,0.0083553739262445,2,0,2,0,405501851343313.5,0.0041776869631223,0.5137927075213612,0.5071609518762502,0.0042688907708482,0.0040693415078926,0.0083382322787408,0.0042688907708482,10000000000000,10000000000000,0,false,false,9999449611336,9999449611336,0,false,false,10000000000000,10000000000000,0,false,false,9999449611336,9999449611336,0,false,false,10000000000000,10000000000000,0,false,false,9999449611336,9999449611336,0,false,false
26,0x3416cf6c708da44db2624d63ea0aaef7113527c6,25069064,-1,97063723281041151,9,S26_P9,-8:6,0xc36442b4a4522e871399cd717abdd847ab11fe88:-8:6,0xc36442b4a4522e871399cd717abdd847ab11fe88,-8,6,541580568004369,0.0055796393307133,14,7,7,7,38684326286026.3571428571428571,0.0003985456664795,0.5137927075213612,0.5071609518762502,0.0028429832075405,0.0027936803674476,0.0056366635749881,0.0028429832075405,10000000000000,10000000000000,0,false,false,9999449611336,9999449611336,0,false,false,10000000000000,10000000000000,0,false,false,9999449611336,9999449611336,0,false,false,10000000000000,10000000000000,0,false,false,9999449611336,9999449611336,0,false,false
26,0x3416cf6c708da44db2624d63ea0aaef7113527c6,25069064,-1,97063723281041151,10,S26_P10,-3:1,0xc36442b4a4522e871399cd717abdd847ab11fe88:-3:1,0xc36442b4a4522e871399cd717abdd847ab11fe88,-3,1,496071080189197,0.0051107773679035,4,2,2,2,124017770047299.25,0.0012776943419759,0.5137927075213612,0.5071609518762502,0.0026028902350292,0.0024825967593536,0.0050854869943828,0.0026028902350292,10000000000000,10000000000000,0,false,false,9999449611336,9999449611336,0,false,false,10000000000000,10000000000000,0,false,false,9999449611336,9999449611336,0,false,false,10000000000000,10000000000000,0,false,false,9999449611336,9999449611336,0,false,false
26,0x3416cf6c708da44db2624d63ea0aaef7113527c6,25069064,-1,97063723281041151,11,S26_P11,-5:2,0xc36442b4a4522e871399cd717abdd847ab11fe88:-5:2,0xc36442b4a4522e871399cd717abdd847ab11fe88,-5,2,439209229176261,0.0045249575673556,7,4,3,3,62744175596608.7142857142857143,0.0006464225096222,0.5137927075213612,0.5071609518762502,0.0023032145250772,0.0022631969273926,0.0045664114524698,0.0023032145250772,10000000000000,10000000000000,0,false,false,9999449611336,9999449611336,0,false,false,10000000000000,10000000000000,0,false,false,9999449611336,9999449611336,0,false,false,10000000000000,10000000000000,0,false,false,9999449611336,9999449611336,0,false,false
26,0x3416cf6c708da44db2624d63ea0aaef7113527c6,25069064,-1,97063723281041151,12,S26_P12,-1:3,0xc36442b4a4522e871399cd717abdd847ab11fe88:-1:3,0xc36442b4a4522e871399cd717abdd847ab11fe88,-1,3,358158047879252,0.0036899269446138,4,0,4,0,89539511969813,0.0009224817361535,0.5137927075213612,0.5071609518762502,0.001876650543601,0.0018439937639151,0.0037206443075161,0.001876650543601,10000000000000,10000000000000,0,false,false,9999449611336,9999449611336,0,false,false,10000000000000,10000000000000,0,false,false,9999449611336,9999449611336,0,false,false,10000000000000,10000000000000,0,false,false,9999449611336,9999449611336,0,false,false
26,0x3416cf6c708da44db2624d63ea0aaef7113527c6,25069064,-1,97063723281041151,13,S26_P13,-2:1,0xc36442b4a4522e871399cd717abdd847ab11fe88:-2:1,0xc36442b4a4522e871399cd717abdd847ab11fe88,-2,1,270566991100192,0.0027875191879543,3,1,2,1,90188997033397.3333333333333333,0.0009291730626514,0.5137927075213612,0.5071609518762502,0.0013591545640877,0.00135152339422,0.0027106779583077,0.0013591545640877,10000000000000,10000000000000,0,false,false,9999449611336,9999449611336,0,false,false,10000000000000,10000000000000,0,false,false,9999449611336,9999449611336,0,false,false,10000000000000,10000000000000,0,false,false,9999449611336,9999449611336,0,false,false
26,0x3416cf6c708da44db2624d63ea0aaef7113527c6,25069064,-1,97063723281041151,14,S26_P14,-2:3,0xc36442b4a4522e871399cd717abdd847ab11fe88:-2:3,0xc36442b4a4522e871399cd717abdd847ab11fe88,-2,3,261936879912813,0.0026986073793439,5,1,4,1,52387375982562.6,0.0005397214758688,0.5137927075213612,0.5071609518762502,0.0013157095791467,0.001347249401905,0.0026629589810517,0.001347249401905,10000000000000,10000000000000,0,false,false,9999449611336,9999449611336,0,false,false,10000000000000,10000000000000,0,false,false,9999449611336,9999449611336,0,false,false,10000000000000,10000000000000,0,false,false,9999449611336,9999449611336,0,false,false
26,0x3416cf6c708da44db2624d63ea0aaef7113527c6,25069064,-1,97063723281041151,15,S26_P15,-10:6,0xc36442b4a4522e871399cd717abdd847ab11fe88:-10:6,0xc36442b4a4522e871399cd717abdd847ab11fe88,-10,6,233493116884524,0.0024055652203703,16,9,7,7,14593319805282.75,0.0001503478262731,0.5137927075213612,0.5071609518762502,0.0012219085365027,0.0012005939457035,0.0024225024822062,0.0012219085365027,10000000000000,10000000000000,0,false,false,9999449611336,9999449611336,0,false,false,10000000000000,10000000000000,0,false,false,9999449611336,9999449611336,0,false,false,10000000000000,10000000000000,0,false,false,9999449611336,9999449611336,0,false,false
26,0x3416cf6c708da44db2624d63ea0aaef7113527c6,25069064,-1,97063723281041151,16,S26_P16,-5:7,0xc36442b4a4522e871399cd717abdd847ab11fe88:-5:7,0xc36442b4a4522e871399cd717abdd847ab11fe88,-5,7,205711759589762,0.0021193475032288,12,4,8,4,17142646632480.1666666666666667,0.0001766122919357,0.5137927075213612,0.5071609518762502,0.001076220900322,0.0010574441655795,0.0021336650659015,0.001076220900322,10000000000000,10000000000000,0,false,false,9999449611336,9999449611336,0,false,false,10000000000000,10000000000000,0,false,false,9999449611336,9999449611336,0,false,false,10000000000000,10000000000000,0,false,false,9999449611336,9999449611336,0,false,false
26,0x3416cf6c708da44db2624d63ea0aaef7113527c6,25069064,-1,97063723281041151,17,S26_P17,-10:10,0xc36442b4a4522e871399cd717abdd847ab11fe88:-10:10,0xc36442b4a4522e871399cd717abdd847ab11fe88,-10,10,204510919579342,0.0021069758367624,20,9,11,9,10225545978967.1,0.0001053487918381,0.5137927075213612,0.5071609518762502,0.0010699269245795,0.0010512559296545,0.002121182854234,0.0010699269245795,10000000000000,10000000000000,0,false,false,9999449611336,9999449611336,0,false,false,10000000000000,10000000000000,0,false,false,9999449611336,9999449611336,0,false,false,10000000000000,10000000000000,0,false,false,9999449611336,9999449611336,0,false,false
26,0x3416cf6c708da44db2624d63ea0aaef7113527c6,25069064,-1,97063723281041151,18,S26_P18,-5:3,0xc36442b4a4522e871399cd717abdd847ab11fe88:-5:3,0xc36442b4a4522e871399cd717abdd847ab11fe88,-5,3,202371825818976,0.0020849378014588,8,4,4,4,25296478227372,0.0002606172251824,0.5137927075213612,0.5071609518762502,0.0010587132859775,0.001040238495587,0.0020989517815645,0.0010587132859775,10000000000000,10000000000000,0,false,false,9999449611336,9999449611336,0,false,false,10000000000000,10000000000000,0,false,false,9999449611336,9999449611336,0,false,false,10000000000000,10000000000000,0,false,false,9999449611336,9999449611336,0,false,false
26,0x3416cf6c708da44db2624d63ea0aaef7113527c6,25069064,-1,97063723281041151,19,S26_P19,-11:10,0xc36442b4a4522e871399cd717abdd847ab11fe88:-11:10,0xc36442b4a4522e871399cd717abdd847ab11fe88,-11,10,200410811646949,0.002064734432932,21,10,11,10,9543371983188.0476190476190476,0.0000983206872825,0.5137927075213612,0.5071609518762502,0.001048433792385,0.001030137188932,0.002078570981317,0.001048433792385,10000000000000,10000000000000,0,false,false,9999449611336,9999449611336,0,false,false,10000000000000,10000000000000,0,false,false,9999449611336,9999449611336,0,false,false,10000000000000,10000000000000,0,false,false,9999449611336,9999449611336,0,false,false
26,0x3416cf6c708da44db2624d63ea0aaef7113527c6,25069064,-1,97063723281041151,20,S26_P20,-3:2,0xc36442b4a4522e871399cd717abdd847ab11fe88:-3:2,0xc36442b4a4522e871399cd717abdd847ab11fe88,-3,2,199080263113282,0.0020510264430807,5,2,3,2,39816052622656.4,0.0004102052886161,0.5137927075213612,0.5071609518762502,0.0010414581108925,0.001023283987717,0.0020647420986095,0.0010414581108925,10000000000000,10000000000000,0,false,false,9999449611336,9999449611336,0,false,false,10000000000000,10000000000000,0,false,false,9999449611336,9999449611336,0,false,false,10000000000000,10000000000000,0,false,false,9999449611336,9999449611336,0,false,false
27,0x3416cf6c708da44db2624d63ea0aaef7113527c6,25059064,-1,97066972408878466,1,S27_P1,-3:5,0xc36442b4a4522e871399cd717abdd847ab11fe88:-3:5,0xc36442b4a4522e871399cd717abdd847ab11fe88,-3,5,35857384652276407,0.3694087057875169,8,2,6,2,4482173081534550.875,0.0461760882234396,0.5118905240703771,0.5110357510476264,0.286219641475017,0.2944132927753713,0.5806329342503883,0.2944132927753713,10000000000000,10000000000000,0,false,false,9999089494123,9999089494123,0,false,false,10000000000000,10000000000000,0,false,false,9999089494123,9999089494123,0,false,false,10000000000000,10000000000000,0,false,false,9999089494123,9999089494123,0,false,false
27,0x3416cf6c708da44db2624d63ea0aaef7113527c6,25059064,-1,97066972408878466,2,S27_P2,-5:6,0xc36442b4a4522e871399cd717abdd847ab11fe88:-5:6,0xc36442b4a4522e871399cd717abdd847ab11fe88,-5,6,19844469946718307,0.2044410107191433,11,4,7,4,1804042722428937,0.018585546429013,0.5118905240703771,0.5110357510476264,0.1276298040373457,0.1288862197829392,0.2565160238202849,0.1288862197829392,10000000000000,10000000000000,0,false,false,9999089494123,9999089494123,0,false,false,10000000000000,10000000000000,0,false,false,9999089494123,9999089494123,0,false,false,10000000000000,10000000000000,0,false,false,9999089494123,9999089494123,0,false,false
27,0x3416cf6c708da44db2624d63ea0aaef7113527c6,25059064,-1,97066972408878466,3,S27_P3,-1:0,0xc36442b4a4522e871399cd717abdd847ab11fe88:-1:0,0xc36442b4a4522e871399cd717abdd847ab11fe88,-1,0,16018089297558879,0.1650210045707962,1,0,1,0,16018089297558879,0.1650210045707962,0.5118905240703771,0.5110357510476264,0.098444322499705,0.0769967509251881,0.1754410734248931,0.098444322499705,10000000000000,10000000000000,0,false,false,9999089494123,9999089494123,0,false,false,10000000000000,10000000000000,0,false,false,9999089494123,9999089494123,0,false,false,10000000000000,10000000000000,0,false,false,9999089494123,9999089494123,0,false,false
27,0x3416cf6c708da44db2624d63ea0aaef7113527c6,25059064,-1,97066972408878466,4,S27_P4,-1:1,0xc36442b4a4522e871399cd717abdd847ab11fe88:-1:1,0xc36442b4a4522e871399cd717abdd847ab11fe88,-1,1,8039288658857441,0.0828220810781372,2,0,2,0,4019644329428720.5,0.0414110405390686,0.5118905240703771,0.5110357510476264,0.045205186416159,0.0448573123419861,0.0900624987581451,0.045205186416159,10000000000000,10000000000000,0,false,false,9999089494123,9999089494123,0,false,false,10000000000000,10000000000000,0,false,false,9999089494123,9999089494123,0,false,false,10000000000000,10000000000000,0,false,false,9999089494123,9999089494123,0,false,false
27,0x3416cf6c708da44db2624d63ea0aaef7113527c6,25059064,-1,97066972408878466,5,S27_P5,-4:1,0xc36442b4a4522e871399cd717abdd847ab11fe88:-4:1,0xc36442b4a4522e871399cd717abdd847ab11fe88,-4,1,4781093219028679,0.0492556129070259,5,3,2,2,956218643805735.8,0.0098511225814052,0.5118905240703771,0.5110357510476264,0.0259691174789001,0.0258327545886809,0.051801872067581,0.0259691174789001,10000000000000,10000000000000,0,false,false,9999089494123,9999089494123,0,false,false,10000000000000,10000000000000,0,false,false,9999089494123,9999089494123,0,false,false,10000000000000,10000000000000,0,false,false,9999089494123,9999089494123,0,false,false
27,0x3416cf6c708da44db2624d63ea0aaef7113527c6,25059064,-1,97066972408878466,6,S27_P6,-6:4,0xc36442b4a4522e871399cd717abdd847ab11fe88:-6:4,0xc36442b4a4522e871399cd717abdd847ab11fe88,-6,4,4519117558021424,0.0465566963290602,10,5,5,5,451911755802142.4,0.004655669632906,0.5118905240703771,0.5110357510476264,0.0244786026285553,0.0244697001743794,0.0489483028029347,0.0244786026285553,10000000000000,10000000000000,0,false,false,9999089494123,9999089494123,0,false,false,10000000000000,10000000000000,0,false,false,9999089494123,9999089494123,0,false,false,10000000000000,10000000000000,0,false,false,9999089494123,9999089494123,0,false,false
27,0x3416cf6c708da44db2624d63ea0aaef7113527c6,25059064,-1,97066972408878466,7,S27_P7,-11:9,0xc36442b4a4522e871399cd717abdd847ab11fe88:-11:9,0xc36442b4a4522e871399cd717abdd847ab11fe88,-11,9,1922569591418609,0.0198066298320309,20,10,10,10,96128479570930.45,0.0009903314916015,0.5118905240703771,0.5110357510476264,0.0101374057151644,0.0101250360313629,0.0202624417465273,0.0101374057151644,10000000000000,10000000000000,0,false,false,9999089494123,9999089494123,0,false,false,10000000000000,10000000000000,0,false,false,9999089494123,9999089494123,0,false,false,10000000000000,10000000000000,0,false,false,9999089494123,9999089494123,0,false,false
27,0x3416cf6c708da44db2624d63ea0aaef7113527c6,25059064,-1,97066972408878466,8,S27_P8,-1:1,0x8c209c15835cccb2984701b52651d2c8d83aa442:-1:1,0x8c209c15835cccb2984701b52651d2c8d83aa442,-1,1,811003702686627,0.0083550942463767,2,0,2,0,405501851343313.5,0.0041775471231884,0.5118905240703771,0.5110357510476264,0.004228230067758,0.0042141835512121,0.0084424136189701,0.004228230067758,10000000000000,10000000000000,0,false,false,9999089494123,9999089494123,0,false,false,10000000000000,10000000000000,0,false,false,9999089494123,9999089494123,0,false,false,10000000000000,10000000000000,0,false,false,9999089494123,9999089494123,0,false,false
27,0x3416cf6c708da44db2624d63ea0aaef7113527c6,25059064,-1,97066972408878466,9,S27_P9,-8:6,0xc36442b4a4522e871399cd717abdd847ab11fe88:-8:6,0xc36442b4a4522e871399cd717abdd847ab11fe88,-8,6,541580568004369,0.0055794525631546,14,7,7,7,38684326286026.3571428571428571,0.0003985323259396,0.5118905240703771,0.5110357510476264,0.0028159015040272,0.0028112343802321,0.0056271358842593,0.0028159015040272,10000000000000,10000000000000,0,false,false,9999089494123,9999089494123,0,false,false,10000000000000,10000000000000,0,false,false,9999089494123,9999089494123,0,false,false,10000000000000,10000000000000,0,false,false,9999089494123,9999089494123,0,false,false
27,0x3416cf6c708da44db2624d63ea0aaef7113527c6,25059064,-1,97066972408878466,10,S27_P10,-3:1,0xc36442b4a4522e871399cd717abdd847ab11fe88:-3:1,0xc36442b4a4522e871399cd717abdd847ab11fe88,-3,1,496071080189197,0.0051106062945858,4,2,2,2,124017770047299.25,0.0012776515736465,0.5118905240703771,0.5110357510476264,0.0025780951736212,0.0025697563390286,0.0051478515126498,0.0025780951736212,10000000000000,10000000000000,0,false,false,9999089494123,9999089494123,0,false,false,10000000000000,10000000000000,0,false,false,9999089494123,9999089494123,0,false,false,10000000000000,10000000000000,0,false,false,9999089494123,9999089494123,0,false,false
27,0x3416cf6c708da44db2624d63ea0aaef7113527c6,25059064,-1,97066972408878466,11,S27_P11,-5:2,0xc36442b4a4522e871399cd717abdd847ab11fe88:-5:2,0xc36442b4a4522e871399cd717abdd847ab11fe88,-5,2,439209229176261,0.0045248061032146,7,4,3,3,62744175596608.7142857142857143,0.0006464008718878,0.5118905240703771,0.5110357510476264,0.0022812764188117,0.0022774247793725,0.0045587011981842,0.0022812764188117,10000000000000,10000000000000,0,false,false,9999089494123,9999089494123,0,false,false,10000000000000,10000000000000,0,false,false,9999089494123,9999089494123,0,false,false,10000000000000,10000000000000,0,false,false,9999089494123,9999089494123,0,false,false
27,0x3416cf6c708da44db2624d63ea0aaef7113527c6,25059064,-1,97066972408878466,12,S27_P12,-1:3,0xc36442b4a4522e871399cd717abdd847ab11fe88:-1:3,0xc36442b4a4522e871399cd717abdd847ab11fe88,-1,3,358158047879252,0.0036898034314965,4,0,4,0,89539511969813,0.0009224508578741,0.5118905240703771,0.5110357510476264,0.0018587729029078,0.0018555880644326,0.0037143609673404,0.0018587729029078,10000000000000,10000000000000,0,false,false,9999089494123,9999089494123,0,false,false,10000000000000,10000000000000,0,false,false,9999089494123,9999089494123,0,false,false,10000000000000,10000000000000,0,false,false,9999089494123,9999089494123,0,false,false
27,0x3416cf6c708da44db2624d63ea0aaef7113527c6,25059064,-1,97066972408878466,13,S27_P13,-2:1,0xc36442b4a4522e871399cd717abdd847ab11fe88:-2:1,0xc36442b4a4522e871399cd717abdd847ab11fe88,-2,1,270566991100192,0.002787425881179,3,1,2,1,90188997033397.3333333333333333,0.000929141960393,0.5118905240703771,0.5110357510476264,0.0012591807058559,0.00139849554186,0.0026576762477159,0.00139849554186,10000000000000,10000000000000,0,false,false,9999089494123,9999089494123,0,false,false,10000000000000,10000000000000,0,false,false,9999089494123,9999089494123,0,false,false,10000000000000,10000000000000,0,false,false,9999089494123,9999089494123,0,false,false
27,0x3416cf6c708da44db2624d63ea0aaef7113527c6,25059064,-1,97066972408878466,14,S27_P14,-2:3,0xc36442b4a4522e871399cd717abdd847ab11fe88:-2:3,0xc36442b4a4522e871399cd717abdd847ab11fe88,-2,3,261936879912813,0.0026985170487182,5,1,4,1,52387375982562.6,0.0005397034097436,0.5118905240703771,0.5110357510476264,0.0012189372179114,0.0013557187387475,0.0025746559566589,0.0013557187387475,10000000000000,10000000000000,0,false,false,9999089494123,9999089494123,0,false,false,10000000000000,10000000000000,0,false,false,9999089494123,9999089494123,0,false,false,10000000000000,10000000000000,0,false,false,9999089494123,9999089494123,0,false,false
27,0x3416cf6c708da44db2624d63ea0aaef7113527c6,25059064,-1,97066972408878466,15,S27_P15,-10:6,0xc36442b4a4522e871399cd717abdd847ab11fe88:-10:6,0xc36442b4a4522e871399cd717abdd847ab11fe88,-10,6,233493116884524,0.0024054846987601,16,9,7,7,14593319805282.75,0.0001503427936725,0.5118905240703771,0.5110357510476264,0.0012102677615494,0.0012081486732205,0.0024184164347699,0.0012102677615494,10000000000000,10000000000000,0,false,false,9999089494123,9999089494123,0,false,false,10000000000000,10000000000000,0,false,false,9999089494123,9999089494123,0,false,false,10000000000000,10000000000000,0,false,false,9999089494123,9999089494123,0,false,false
27,0x3416cf6c708da44db2624d63ea0aaef7113527c6,25059064,-1,97066972408878466,16,S27_P16,-5:7,0xc36442b4a4522e871399cd717abdd847ab11fe88:-5:7,0xc36442b4a4522e871399cd717abdd847ab11fe88,-5,7,205711759589762,0.0021192765621991,12,4,8,4,17142646632480.1666666666666667,0.0001766063801833,0.5118905240703771,0.5110357510476264,0.0010659687944729,0.0010640941364565,0.0021300629309294,0.0010659687944729,10000000000000,10000000000000,0,false,false,9999089494123,9999089494123,0,false,false,10000000000000,10000000000000,0,false,false,9999089494123,9999089494123,0,false,false,10000000000000,10000000000000,0,false,false,9999089494123,9999089494123,0,false,false
27,0x3416cf6c708da44db2624d63ea0aaef7113527c6,25059064,-1,97066972408878466,17,S27_P17,-10:10,0xc36442b4a4522e871399cd717abdd847ab11fe88:-10:10,0xc36442b4a4522e871399cd717abdd847ab11fe88,-10,10,204560922077217,0.0021074204438513,20,9,11,9,10228046103860.85,0.0001053710221926,0.5118905240703771,0.5110357510476264,0.0010599927529104,0.0010581294067615,0.0021181221596719,0.0010599927529104,10000000000000,10000000000000,0,false,false,9999089494123,9999089494123,0,false,false,10000000000000,10000000000000,0,false,false,9999089494123,9999089494123,0,false,false,10000000000000,10000000000000,0,false,false,9999089494123,9999089494123,0,false,false
27,0x3416cf6c708da44db2624d63ea0aaef7113527c6,25059064,-1,97066972408878466,18,S27_P18,-5:3,0xc36442b4a4522e871399cd717abdd847ab11fe88:-5:3,0xc36442b4a4522e871399cd717abdd847ab11fe88,-5,3,201848550146218,0.0020794771397213,8,4,4,4,25231068768277.25,0.0002599346424652,0.5118905240703771,0.5110357510476264,0.0010459090121819,0.001044069669394,0.0020899786815759,0.0010459090121819,10000000000000,10000000000000,0,false,false,9999089494123,9999089494123,0,false,false,10000000000000,10000000000000,0,false,false,9999089494123,9999089494123,0,false,false,10000000000000,10000000000000,0,false,false,9999089494123,9999089494123,0,false,false
27,0x3416cf6c708da44db2624d63ea0aaef7113527c6,25059064,-1,97066972408878466,19,S27_P19,-11:10,0xc36442b4a4522e871399cd717abdd847ab11fe88:-11:10,0xc36442b4a4522e871399cd717abdd847ab11fe88,-11,10,200410811646949,0.0020646653199685,21,10,11,10,9543371983188.0476190476190476,0.000098317396189,0.5118905240703771,0.5110357510476264,0.0010384462866344,0.001036618320624,0.0020750646072584,0.0010384462866344,10000000000000,10000000000000,0,false,false,9999089494123,9999089494123,0,false,false,10000000000000,10000000000000,0,false,false,9999089494123,9999089494123,0,false,false,10000000000000,10000000000000,0,false,false,9999089494123,9999089494123,0,false,false
27,0x3416cf6c708da44db2624d63ea0aaef7113527c6,25059064,-1,97066972408878466,20,S27_P20,-3:2,0xc36442b4a4522e871399cd717abdd847ab11fe88:-3:2,0xc36442b4a4522e871399cd717abdd847ab11fe88,-3,2,199080263113282,0.0020509577889654,5,2,3,2,39816052622656.4,0.0004101915577931,0.5118905240703771,0.5110357510476264,0.0010315370664209,0.0010297197599945,0.0020612568264154,0.0010315370664209,10000000000000,10000000000000,0,false,false,9999089494123,9999089494123,0,false,false,10000000000000,10000000000000,0,false,false,9999089494123,9999089494123,0,false,false,10000000000000,10000000000000,0,false,false,9999089494123,9999089494123,0,false,false
28,0x3416cf6c708da44db2624d63ea0aaef7113527c6,25049064,-1,97128557590081678,1,S28_P1,-3:5,0xc36442b4a4522e871399cd717abdd847ab11fe88:-3:5,0xc36442b4a4522e871399cd717abdd847ab11fe88,-3,5,35857384652276407,0.3691744790817114,8,2,6,2,4482173081534550.875,0.0461468098852139,0.5135155132391288,0.5074896759793754,0.2916776550053599,0.2942069366252883,0.5858845916306482,0.2942069366252883,10000000000000,10000000000000,0,false,false,9999464921286,9999464921286,0,false,false,10000000000000,10000000000000,0,false,false,9999464921286,9999464921286,0,false,false,10000000000000,10000000000000,0,false,false,9999464921286,9999464921286,0,false,false
28,0x3416cf6c708da44db2624d63ea0aaef7113527c6,25049064,-1,97128557590081678,2,S28_P2,-5:6,0xc36442b4a4522e871399cd717abdd847ab11fe88:-5:6,0xc36442b4a4522e871399cd717abdd847ab11fe88,-5,6,19844469946718307,0.2043113831718709,11,4,7,4,1804042722428937,0.0185737621065337,0.5135155132391288,0.5074896759793754,0.129210787481764,0.1285682853176276,0.2577790727993916,0.129210787481764,10000000000000,10000000000000,0,false,false,9999464921286,9999464921286,0,false,false,10000000000000,10000000000000,0,false,false,9999464921286,9999464921286,0,false,false,10000000000000,10000000000000,0,false,false,9999464921286,9999464921286,0,false,false
28,0x3416cf6c708da44db2624d63ea0aaef7113527c6,25049064,-1,97128557590081678,3,S28_P3,-1:0,0xc36442b4a4522e871399cd717abdd847ab11fe88:-1:0,0xc36442b4a4522e871399cd717abdd847ab11fe88,-1,0,16513468008085857,0.1700166090984155,1,0,1,0,16513468008085857,0.1700166090984155,0.5135155132391288,0.5074896759793754,0.1032200180329823,0.0565189513387765,0.1597389693717588,0.1032200180329823,10000000000000,10000000000000,0,false,false,9999464921286,9999464921286,0,false,false,10000000000000,10000000000000,0,false,false,9999464921286,9999464921286,0,false,false,10000000000000,10000000000000,0,false,false,9999464921286,9999464921286,0,false,false
28,0x3416cf6c708da44db2624d63ea0aaef7113527c6,25049064,-1,97128557590081678,4,S28_P4,-1:1,0xc36442b4a4522e871399cd717abdd847ab11fe88:-1:1,0xc36442b4a4522e871399cd717abdd847ab11fe88,-1,1,8039288658857441,0.0827695670390392,2,0,2,0,4019644329428720.5,0.0413847835195196,0.5135155132391288,0.5074896759793754,0.0456090462036321,0.0428976177467784,0.0885066639504105,0.0456090462036321,10000000000000,10000000000000,0,false,false,9999464921286,9999464921286,0,false,false,10000000000000,10000000000000,0,false,false,9999464921286,9999464921286,0,false,false,10000000000000,10000000000000,0,false,false,9999464921286,9999464921286,0,false,false
28,0x3416cf6c708da44db2624d63ea0aaef7113527c6,25049064,-1,97128557590081678,5,S28_P5,-4:1,0xc36442b4a4522e871399cd717abdd847ab11fe88:-4:1,0xc36442b4a4522e871399cd717abdd847ab11fe88,-4,1,4781093219028679,0.0492243819701993,5,3,2,2,956218643805735.8,0.0098448763940399,0.5135155132391288,0.5074896759793754,0.0261942362812432,0.0248153797388057,0.0510096160200489,0.0261942362812432,10000000000000,10000000000000,0,false,false,9999464921286,9999464921286,0,false,false,10000000000000,10000000000000,0,false,false,9999464921286,9999464921286,0,false,false,10000000000000,10000000000000,0,false,false,9999464921286,9999464921286,0,false,false
28,0x3416cf6c708da44db2624d63ea0aaef7113527c6,25049064,-1,97128557590081678,6,S28_P6,-6:4,0xc36442b4a4522e871399cd717abdd847ab11fe88:-6:4,0xc36442b4a4522e871399cd717abdd847ab11fe88,-6,4,4519117558021424,0.0465271766630548,10,5,5,5,451911755802142.4,0.0046527176663055,0.5135155132391288,0.5074896759793754,0.0246908685607457,0.0243953130318067,0.0490861815925524,0.0246908685607457,10000000000000,10000000000000,0,false,false,9999464921286,9999464921286,0,false,false,10000000000000,10000000000000,0,false,false,9999464921286,9999464921286,0,false,false,10000000000000,10000000000000,0,false,false,9999464921286,9999464921286,0,false,false
28,0x3416cf6c708da44db2624d63ea0aaef7113527c6,25049064,-1,97128557590081678,7,S28_P7,-11:9,0xc36442b4a4522e871399cd717abdd847ab11fe88:-11:9,0xc36442b4a4522e871399cd717abdd847ab11fe88,-11,9,1922569591418609,0.0197940712713202,20,10,10,10,96128479570930.45,0.000989703563566,0.5135155132391288,0.5074896759793754,0.0102255703510453,0.0100934595277931,0.0203190298788384,0.0102255703510453,10000000000000,10000000000000,0,false,false,9999464921286,9999464921286,0,false,false,10000000000000,10000000000000,0,false,false,9999464921286,9999464921286,0,false,false,10000000000000,10000000000000,0,false,false,9999464921286,9999464921286,0,false,false
28,0x3416cf6c708da44db2624d63ea0aaef7113527c6,25049064,-1,97128557590081678,8,S28_P8,-1:1,0x8c209c15835cccb2984701b52651d2c8d83aa442:-1:1,0x8c209c15835cccb2984701b52651d2c8d83aa442,-1,1,811003702686627,0.008349796628396,2,0,2,0,405501851343313.5,0.004174898314198,0.5135155132391288,0.5074896759793754,0.0042650473456869,0.00407207293489,0.0083371202805769,0.0042650473456869,10000000000000,10000000000000,0,false,false,9999464921286,9999464921286,0,false,false,10000000000000,10000000000000,0,false,false,9999464921286,9999464921286,0,false,false,10000000000000,10000000000000,0,false,false,9999464921286,9999464921286,0,false,false
28,0x3416cf6c708da44db2624d63ea0aaef7113527c6,25049064,-1,97128557590081678,9,S28_P9,-8:6,0xc36442b4a4522e871399cd717abdd847ab11fe88:-8:6,0xc36442b4a4522e871399cd717abdd847ab11fe88,-8,6,541580568004369,0.0055759148641951,14,7,7,7,38684326286026.3571428571428571,0.0003982796331568,0.5135155132391288,0.5074896759793754,0.002840426612915,0.0028023575239475,0.0056427841368625,0.002840426612915,10000000000000,10000000000000,0,false,false,9999464921286,9999464921286,0,false,false,10000000000000,10000000000000,0,false,false,9999464921286,9999464921286,0,false,false,10000000000000,10000000000000,0,false,false,9999464921286,9999464921286,0,false,false
28,0x3416cf6c708da44db2624d63ea0aaef7113527c6,25049064,-1,97128557590081678,10,S28_P10,-5:2,0xc36442b4a4522e871399cd717abdd847ab11fe88:-5:2,0xc36442b4a4522e871399cd717abdd847ab11fe88,-5,2,439209229176261,0.0045219371117389,7,4,3,3,62744175596608.7142857142857143,0.0006459910159627,0.5135155132391288,0.5074896759793754,0.0023011468321027,0.002270225089788,0.0045713719218907,0.0023011468321027,10000000000000,10000000000000,0,false,false,9999464921286,9999464921286,0,false,false,10000000000000,10000000000000,0,false,false,9999464921286,9999464921286,0,false,false,10000000000000,10000000000000,0,false,false,9999464921286,9999464921286,0,false,false
28,0x3416cf6c708da44db2624d63ea0aaef7113527c6,25049064,-1,97128557590081678,11,S28_P11,-1:3,0xc36442b4a4522e871399cd717abdd847ab11fe88:-1:3,0xc36442b4a4522e871399cd717abdd847ab11fe88,-1,3,358158047879252,0.0036874638805078,4,0,4,0,89539511969813,0.000921865970127,0.5135155132391288,0.5074896759793754,0.0018749672623178,0.001849718497135,0.0037246857594528,0.0018749672623178,10000000000000,10000000000000,0,false,false,9999464921286,9999464921286,0,false,false,10000000000000,10000000000000,0,false,false,9999464921286,9999464921286,0,false,false,10000000000000,10000000000000,0,false,false,9999464921286,9999464921286,0,false,false
28,0x3416cf6c708da44db2624d63ea0aaef7113527c6,25049064,-1,97128557590081678,12,S28_P12,-2:1,0xc36442b4a4522e871399cd717abdd847ab11fe88:-2:1,0xc36442b4a4522e871399cd717abdd847ab11fe88,-2,1,270566991100192,0.0027856584902875,3,1,2,1,90188997033397.3333333333333333,0.0009285528300958,0.5135155132391288,0.5074896759793754,0.0013609403580715,0.0013524640302199,0.0027134043882914,0.0013609403580715,10000000000000,10000000000000,0,false,false,9999464921286,9999464921286,0,false,false,10000000000000,10000000000000,0,false,false,9999464921286,9999464921286,0,false,false,10000000000000,10000000000000,0,false,false,9999464921286,9999464921286,0,false,false
28,0x3416cf6c708da44db2624d63ea0aaef7113527c6,25049064,-1,97128557590081678,13,S28_P13,-2:3,0xc36442b4a4522e871399cd717abdd847ab11fe88:-2:3,0xc36442b4a4522e871399cd717abdd847ab11fe88,-2,3,261936879912813,0.0026968060312219,5,1,4,1,52387375982562.6,0.0005393612062444,0.5135155132391288,0.5074896759793754,0.001317440230782,0.0013514277763104,0.0026688680070924,0.0013514277763104,10000000000000,10000000000000,0,false,false,9999464921286,9999464921286,0,false,false,10000000000000,10000000000000,0,false,false,9999464921286,9999464921286,0,false,false,10000000000000,10000000000000,0,false,false,9999464921286,9999464921286,0,false,false
28,0x3416cf6c708da44db2624d63ea0aaef7113527c6,25049064,-1,97128557590081678,14,S28_P14,-10:6,0xc36442b4a4522e871399cd717abdd847ab11fe88:-10:6,0xc36442b4a4522e871399cd717abdd847ab11fe88,-10,6,239223509308185,0.0024629574992537,16,9,7,7,14951469331761.5625,0.0001539348437034,0.5135155132391288,0.5074896759793754,0.0012508465079595,0.0012339502328284,0.0024847967407879,0.0012508465079595,10000000000000,10000000000000,0,false,false,9999464921286,9999464921286,0,false,false,10000000000000,10000000000000,0,false,false,9999464921286,9999464921286,0,false,false,10000000000000,10000000000000,0,false,false,9999464921286,9999464921286,0,false,false
28,0x3416cf6c708da44db2624d63ea0aaef7113527c6,25049064,-1,97128557590081678,15,S28_P15,-5:7,0xc36442b4a4522e871399cd717abdd847ab11fe88:-5:7,0xc36442b4a4522e871399cd717abdd847ab11fe88,-5,7,205711759589762,0.0021179328170191,12,4,8,4,17142646632480.1666666666666667,0.0001764944014183,0.5135155132391288,0.5074896759793754,0.0010752557047402,0.0010607224935919,0.0021359781983321,0.0010752557047402,10000000000000,10000000000000,0,false,false,9999464921286,9999464921286,0,false,false,10000000000000,10000000000000,0,false,false,9999464921286,9999464921286,0,false,false,10000000000000,10000000000000,0,false,false,9999464921286,9999464921286,0,false,false
28,0x3416cf6c708da44db2624d63ea0aaef7113527c6,25049064,-1,97128557590081678,16,S28_P16,-10:10,0xc36442b4a4522e871399cd717abdd847ab11fe88:-10:10,0xc36442b4a4522e871399cd717abdd847ab11fe88,-10,10,204560922077217,0.0021060842161431,20,9,11,9,10228046103860.85,0.0001053042108072,0.5135155132391288,0.5074896759793754,0.0010692290792852,0.0010547792165769,0.0021240082958621,0.0010692290792852,10000000000000,10000000000000,0,false,false,9999464921286,9999464921286,0,false,false,10000000000000,10000000000000,0,false,false,9999464921286,9999464921286,0,false,false,10000000000000,10000000000000,0,false,false,9999464921286,9999464921286,0,false,false
28,0x3416cf6c708da44db2624d63ea0aaef7113527c6,25049064,-1,97128557590081678,17,S28_P17,-5:3,0xc36442b4a4522e871399cd717abdd847ab11fe88:-5:3,0xc36442b4a4522e871399cd717abdd847ab11fe88,-5,3,201848550146218,0.0020781586297008,8,4,4,4,25231068768277.25,0.0002597698287126,0.5135155132391288,0.5074896759793754,0.0010550221985157,0.0010407623348544,0.0020957845333701,0.0010550221985157,10000000000000,10000000000000,0,false,false,9999464921286,9999464921286,0,false,false,10000000000000,10000000000000,0,false,false,9999464921286,9999464921286,0,false,false,10000000000000,10000000000000,0,false,false,9999464921286,9999464921286,0,false,false
28,0x3416cf6c708da44db2624d63ea0aaef7113527c6,25049064,-1,97128557590081678,18,S28_P18,-11:10,0xc36442b4a4522e871399cd717abdd847ab11fe88:-11:10,0xc36442b4a4522e871399cd717abdd847ab11fe88,-11,10,200410811646949,0.0020633562015072,21,10,11,10,9543371983188.0476190476190476,0.0000982550572146,0.5135155132391288,0.5074896759793754,0.0010474939932582,0.0010333322894344,0.0020808262826926,0.0010474939932582,10000000000000,10000000000000,0,false,false,9999464921286,9999464921286,0,false,false,10000000000000,10000000000000,0,false,false,9999464921286,9999464921286,0,false,false,10000000000000,10000000000000,0,false,false,9999464921286,9999464921286,0,false,false
28,0x3416cf6c708da44db2624d63ea0aaef7113527c6,25049064,-1,97128557590081678,19,S28_P19,-3:2,0xc36442b4a4522e871399cd717abdd847ab11fe88:-3:2,0xc36442b4a4522e871399cd717abdd847ab11fe88,-3,2,199080263113282,0.0020496573618799,5,2,3,2,39816052622656.4,0.000409931472376,0.5135155132391288,0.5074896759793754,0.0010405247732057,0.0010264590817519,0.0020669838549576,0.0010405247732057,10000000000000,10000000000000,0,false,false,9999464921286,9999464921286,0,false,false,10000000000000,10000000000000,0,false,false,9999464921286,9999464921286,0,false,false,10000000000000,10000000000000,0,false,false,9999464921286,9999464921286,0,false,false
28,0x3416cf6c708da44db2624d63ea0aaef7113527c6,25049064,-1,97128557590081678,20,S28_P20,-27:19,0xc36442b4a4522e871399cd717abdd847ab11fe88:-27:19,0xc36442b4a4522e871399cd717abdd847ab11fe88,-27,19,140920299016803,0.0014508637059302,46,26,20,20,3063484761234.8478260869565217,0.0000315405153463,0.5135155132391288,0.5074896759793754,0.0007361110451939,0.000726145042059,0.0014622560872529,0.0007361110451939,10000000000000,10000000000000,0,false,false,9999464921286,9999464921286,0,false,false,10000000000000,10000000000000,0,false,false,9999464921286,9999464921286,0,false,false,10000000000000,10000000000000,0,false,false,9999464921286,9999464921286,0,false,false
29,0x3416cf6c708da44db2624d63ea0aaef7113527c6,25039064,-1,98908047588775768,1,S29_P1,-3:5,0xc36442b4a4522e871399cd717abdd847ab11fe88:-3:5,0xc36442b4a4522e871399cd717abdd847ab11fe88,-3,5,35857384652276407,0.3625325292170215,8,2,6,2,4482173081534550.875,0.0453165661521277,0.5044166928492293,0.49843161225232,0.2789916021781129,0.2805132109038403,0.5595048130819532,0.2805132109038403,10000000000000,10000000000000,0,false,false,9999470577441,9999470577441,0,false,false,10000000000000,10000000000000,0,false,false,9999470577441,9999470577441,0,false,false,10000000000000,10000000000000,0,false,false,9999470577441,9999470577441,0,false,false
29,0x3416cf6c708da44db2624d63ea0aaef7113527c6,25039064,-1,98908047588775768,2,S29_P2,-5:6,0xc36442b4a4522e871399cd717abdd847ab11fe88:-5:6,0xc36442b4a4522e871399cd717abdd847ab11fe88,-5,6,19844469946718307,0.2006355441290733,11,4,7,4,1804042722428937,0.0182395949208248,0.5044166928492293,0.49843161225232,0.1242003262205749,0.1233598192312285,0.2475601454518034,0.1242003262205749,10000000000000,10000000000000,0,false,false,9999470577441,9999470577441,0,false,false,10000000000000,10000000000000,0,false,false,9999470577441,9999470577441,0,false,false,10000000000000,10000000000000,0,false,false,9999470577441,9999470577441,0,false,false
29,0x3416cf6c708da44db2624d63ea0aaef7113527c6,25039064,-1,98908047588775768,3,S29_P3,-1:0,0xc36442b4a4522e871399cd717abdd847ab11fe88:-1:0,0xc36442b4a4522e871399cd717abdd847ab11fe88,-1,0,16513468008085857,0.1669577795807166,1,0,1,0,16513468008085857,0.1669577795807166,0.5044166928492293,0.49843161225232,0.0993042297872731,0.0547400179928166,0.1540442477800897,0.0993042297872731,10000000000000,10000000000000,0,false,false,9999470577441,9999470577441,0,false,false,10000000000000,10000000000000,0,false,false,9999470577441,9999470577441,0,false,false,10000000000000,10000000000000,0,false,false,9999470577441,9999470577441,0,false,false
29,0x3416cf6c708da44db2624d63ea0aaef7113527c6,25039064,-1,98908047588775768,4,S29_P4,-1:1,0xc36442b4a4522e871399cd717abdd847ab11fe88:-1:1,0xc36442b4a4522e871399cd717abdd847ab11fe88,-1,1,8039288658857441,0.0812804302060629,2,0,2,0,4019644329428720.5,0.0406402151030315,0.5044166928492293,0.49843161225232,0.0439640255744749,0.0414488214019851,0.08541284697646,0.0439640255744749,10000000000000,10000000000000,0,false,false,9999470577441,9999470577441,0,false,false,10000000000000,10000000000000,0,false,false,9999470577441,9999470577441,0,false,false,10000000000000,10000000000000,0,false,false,9999470577441,9999470577441,0,false,false
29,0x3416cf6c708da44db2624d63ea0aaef7113527c6,25039064,-1,98908047588775768,5,S29_P5,-4:1,0xc36442b4a4522e871399cd717abdd847ab11fe88:-4:1,0xc36442b4a4522e871399cd717abdd847ab11fe88,-4,1,4781093219028679,0.0483387685389034,5,3,2,2,956218643805735.8,0.0096677537077807,0.5044166928492293,0.49843161225232,0.0252659943545925,0.0239842814096011,0.0492502757641936,0.0252659943545925,10000000000000,10000000000000,0,false,false,9999470577441,9999470577441,0,false,false,10000000000000,10000000000000,0,false,false,9999470577441,9999470577441,0,false,false,10000000000000,10000000000000,0,false,false,9999470577441,9999470577441,0,false,false
29,0x3416cf6c708da44db2624d63ea0aaef7113527c6,25039064,-1,98908047588775768,6,S29_P6,-6:4,0xc36442b4a4522e871399cd717abdd847ab11fe88:-6:4,0xc36442b4a4522e871399cd717abdd847ab11fe88,-6,4,4519117558021424,0.0456900896154608,10,5,5,5,451911755802142.4,0.0045690089615461,0.5044166928492293,0.49843161225232,0.0238171078661774,0.0234969763081167,0.0473140841742941,0.0238171078661774,10000000000000,10000000000000,0,false,false,9999470577441,9999470577441,0,false,false,10000000000000,10000000000000,0,false,false,9999470577441,9999470577441,0,false,false,10000000000000,10000000000000,0,false,false,9999470577441,9999470577441,0,false,false
29,0x3416cf6c708da44db2624d63ea0aaef7113527c6,25039064,-1,98908047588775768,7,S29_P7,-11:9,0xc36442b4a4522e871399cd717abdd847ab11fe88:-11:9,0xc36442b4a4522e871399cd717abdd847ab11fe88,-11,9,1922569591418609,0.0194379490677236,20,10,10,10,96128479570930.45,0.0009718974533862,0.5044166928492293,0.49843161225232,0.0098685177615141,0.0097268818959108,0.0195953996574249,0.0098685177615141,10000000000000,10000000000000,0,false,false,9999470577441,9999470577441,0,false,false,10000000000000,10000000000000,0,false,false,9999470577441,9999470577441,0,false,false,10000000000000,10000000000000,0,false,false,9999470577441,9999470577441,0,false,false
29,0x3416cf6c708da44db2624d63ea0aaef7113527c6,25039064,-1,98908047588775768,8,S29_P8,-4:6,0xc36442b4a4522e871399cd717abdd847ab11fe88:-4:6,0xc36442b4a4522e871399cd717abdd847ab11fe88,-4,6,1774030830226428,0.0179361626629434,10,3,7,3,177403083022642.8,0.0017936162662943,0.5044166928492293,0.49843161225232,0.0090925171820584,0.0089615565299627,0.0180540737120211,0.0090925171820584,10000000000000,10000000000000,0,false,false,9999470577441,9999470577441,0,false,false,10000000000000,10000000000000,0,false,false,9999470577441,9999470577441,0,false,false,10000000000000,10000000000000,0,false,false,9999470577441,9999470577441,0,false,false
29,0x3416cf6c708da44db2624d63ea0aaef7113527c6,25039064,-1,98908047588775768,9,S29_P9,-1:1,0x8c209c15835cccb2984701b52651d2c8d83aa442:-1:1,0x8c209c15835cccb2984701b52651d2c8d83aa442,-1,1,811003702686627,0.0081995724560097,2,0,2,0,405501851343313.5,0.0040997862280049,0.5044166928492293,0.49843161225232,0.0041169483839274,0.0039369399740786,0.008053888358006,0.0041169483839274,10000000000000,10000000000000,0,false,false,9999470577441,9999470577441,0,false,false,10000000000000,10000000000000,0,false,false,9999470577441,9999470577441,0,false,false,10000000000000,10000000000000,0,false,false,9999470577441,9999470577441,0,false,false
29,0x3416cf6c708da44db2624d63ea0aaef7113527c6,25039064,-1,98908047588775768,10,S29_P10,-8:6,0xc36442b4a4522e871399cd717abdd847ab11fe88:-8:6,0xc36442b4a4522e871399cd717abdd847ab11fe88,-8,6,541580568004369,0.0054755965890265,14,7,7,7,38684326286026.3571428571428571,0.0003911140420733,0.5044166928492293,0.49843161225232,0.0027419295425378,0.0027013022810856,0.0054432318236234,0.0027419295425378,10000000000000,10000000000000,0,false,false,9999470577441,9999470577441,0,false,false,10000000000000,10000000000000,0,false,false,9999470577441,9999470577441,0,false,false,10000000000000,10000000000000,0,false,false,9999470577441,9999470577441,0,false,false
29,0x3416cf6c708da44db2624d63ea0aaef7113527c6,25039064,-1,98908047588775768,11,S29_P11,-5:2,0xc36442b4a4522e871399cd717abdd847ab11fe88:-5:2,0xc36442b4a4522e871399cd717abdd847ab11fe88,-5,2,440658702371719,0.0044552360815352,7,4,3,3,62951243195959.8571428571428571,0.0006364622973622,0.5044166928492293,0.49843161225232,0.0022287530588134,0.0021956572254055,0.0044244102842189,0.0022287530588134,10000000000000,10000000000000,0,false,false,9999470577441,9999470577441,0,false,false,10000000000000,10000000000000,0,false,false,9999470577441,9999470577441,0,false,false,10000000000000,10000000000000,0,false,false,9999470577441,9999470577441,0,false,false
29,0x3416cf6c708da44db2624d63ea0aaef7113527c6,25039064,-1,98908047588775768,12,S29_P12,-1:3,0xc36442b4a4522e871399cd717abdd847ab11fe88:-1:3,0xc36442b4a4522e871399cd717abdd847ab11fe88,-1,3,358158047879252,0.0036211214012468,4,0,4,0,89539511969813,0.0009052803503117,0.5044166928492293,0.49843161225232,0.0018100085170899,0.0017830797842831,0.003593088301373,0.0018100085170899,10000000000000,10000000000000,0,false,false,9999470577441,9999470577441,0,false,false,10000000000000,10000000000000,0,false,false,9999470577441,9999470577441,0,false,false,10000000000000,10000000000000,0,false,false,9999470577441,9999470577441,0,false,false
29,0x3416cf6c708da44db2624d63ea0aaef7113527c6,25039064,-1,98908047588775768,13,S29_P13,-2:1,0xc36442b4a4522e871399cd717abdd847ab11fe88:-2:1,0xc36442b4a4522e871399cd717abdd847ab11fe88,-2,1,270566991100192,0.0027355407137861,3,1,2,1,90188997033397.3333333333333333,0.0009118469045954,0.5044166928492293,0.49843161225232,0.0013193223232791,0.0013076326673425,0.0026269549906216,0.0013193223232791,10000000000000,10000000000000,0,false,false,9999470577441,9999470577441,0,false,false,10000000000000,10000000000000,0,false,false,9999470577441,9999470577441,0,false,false,10000000000000,10000000000000,0,false,false,9999470577441,9999470577441,0,false,false
29,0x3416cf6c708da44db2624d63ea0aaef7113527c6,25039064,-1,98908047588775768,14,S29_P14,-2:3,0xc36442b4a4522e871399cd717abdd847ab11fe88:-2:3,0xc36442b4a4522e871399cd717abdd847ab11fe88,-2,3,261936879912813,0.0026482868310358,5,1,4,1,52387375982562.6,0.0005296573662072,0.5044166928492293,0.49843161225232,0.0012771520235696,0.001302764994798,0.0025799170183676,0.001302764994798,10000000000000,10000000000000,0,false,false,9999470577441,9999470577441,0,false,false,10000000000000,10000000000000,0,false,false,9999470577441,9999470577441,0,false,false,10000000000000,10000000000000,0,false,false,9999470577441,9999470577441,0,false,false
29,0x3416cf6c708da44db2624d63ea0aaef7113527c6,25039064,-1,98908047588775768,15,S29_P15,-10:6,0xc36442b4a4522e871399cd717abdd847ab11fe88:-10:6,0xc36442b4a4522e871399cd717abdd847ab11fe88,-10,6,239223509308185,0.0024186455515004,16,9,7,7,14951469331761.5625,0.0001511653469688,0.5044166928492293,0.49843161225232,0.0012075315263242,0.0011895208131685,0.0023970523394927,0.0012075315263242,10000000000000,10000000000000,0,false,false,9999470577441,9999470577441,0,false,false,10000000000000,10000000000000,0,false,false,9999470577441,9999470577441,0,false,false,10000000000000,10000000000000,0,false,false,9999470577441,9999470577441,0,false,false
29,0x3416cf6c708da44db2624d63ea0aaef7113527c6,25039064,-1,98908047588775768,16,S29_P16,-5:7,0xc36442b4a4522e871399cd717abdd847ab11fe88:-5:7,0xc36442b4a4522e871399cd717abdd847ab11fe88,-5,7,205711759589762,0.0020798283315129,12,4,8,4,17142646632480.1666666666666667,0.0001733190276261,0.5044166928492293,0.49843161225232,0.0010380318036417,0.001022536230517,0.0020605680341587,0.0010380318036417,10000000000000,10000000000000,0,false,false,9999470577441,9999470577441,0,false,false,10000000000000,10000000000000,0,false,false,9999470577441,9999470577441,0,false,false,10000000000000,10000000000000,0,false,false,9999470577441,9999470577441,0,false,false
29,0x3416cf6c708da44db2624d63ea0aaef7113527c6,25039064,-1,98908047588775768,17,S29_P17,-10:10,0xc36442b4a4522e871399cd717abdd847ab11fe88:-10:10,0xc36442b4a4522e871399cd717abdd847ab11fe88,-10,10,204560922077217,0.0020681929030457,20,9,11,9,10228046103860.85,0.0001034096451523,0.5044166928492293,0.49843161225232,0.0010322133635892,0.0010168044224345,0.0020490177860237,0.0010322133635892,10000000000000,10000000000000,0,false,false,9999470577441,9999470577441,0,false,false,10000000000000,10000000000000,0,false,false,9999470577441,9999470577441,0,false,false,10000000000000,10000000000000,0,false,false,9999470577441,9999470577441,0,false,false
29,0x3416cf6c708da44db2624d63ea0aaef7113527c6,25039064,-1,98908047588775768,18,S29_P18,-11:10,0xc36442b4a4522e871399cd717abdd847ab11fe88:-11:10,0xc36442b4a4522e871399cd717abdd847ab11fe88,-11,10,200410811646949,0.002026233623377,21,10,11,10,9543371983188.0476190476190476,0.0000964873153989,0.5044166928492293,0.49843161225232,0.0010112313546222,0.0009961333931995,0.0020073647478217,0.0010112313546222,10000000000000,10000000000000,0,false,false,9999470577441,9999470577441,0,false,false,10000000000000,10000000000000,0,false,false,9999470577441,9999470577441,0,false,false,10000000000000,10000000000000,0,false,false,9999470577441,9999470577441,0,false,false
29,0x3416cf6c708da44db2624d63ea0aaef7113527c6,25039064,-1,98908047588775768,19,S29_P19,-3:2,0xc36442b4a4522e871399cd717abdd847ab11fe88:-3:2,0xc36442b4a4522e871399cd717abdd847ab11fe88,-3,2,199080263113282,0.0020127812444644,5,2,3,2,39816052622656.4,0.0004025562488929,0.5044166928492293,0.49843161225232,0.0010045036257597,0.000989507615227,0.0019940112409867,0.0010045036257597,10000000000000,10000000000000,0,false,false,9999470577441,9999470577441,0,false,false,10000000000000,10000000000000,0,false,false,9999470577441,9999470577441,0,false,false,10000000000000,10000000000000,0,false,false,9999470577441,9999470577441,0,false,false
29,0x3416cf6c708da44db2624d63ea0aaef7113527c6,25039064,-1,98908047588775768,20,S29_P20,-5:3,0xc36442b4a4522e871399cd717abdd847ab11fe88:-5:3,0xc36442b4a4522e871399cd717abdd847ab11fe88,-5,3,198391844426938,0.0020058210556514,8,4,4,4,24798980553367.25,0.0002507276319564,0.5044166928492293,0.49843161225232,0.0010010212431722,0.000986078973022,0.0019871002161942,0.0010010212431722,10000000000000,10000000000000,0,false,false,9999470577441,9999470577441,0,false,false,10000000000000,10000000000000,0,false,false,9999470577441,9999470577441,0,false,false,10000000000000,10000000000000,0,false,false,9999470577441,9999470577441,0,false,false
30,0x3416cf6c708da44db2624d63ea0aaef7113527c6,25029064,0,104558240164856140,1,S30_P1,-3:5,0xc36442b4a4522e871399cd717abdd847ab11fe88:-3:5,0xc36442b4a4522e871399cd717abdd847ab11fe88,-3,5,35857384652276407,0.3429417384583019,8,3,5,3,4482173081534550.875,0.0428677173072877,0.4913039319627153,0.4829834289707886,0.3260800077051351,0.274068788878302,0.6001487965834371,0.3260800077051351,10000000000000,10000000000000,0,false,false,10000109976199,10000109976199,0,false,false,10000000000000,10000000000000,0,false,false,10000109976199,10000109976199,0,false,false,10000000000000,10000000000000,0,false,false,10000109976199,10000109976199,0,false,false
30,0x3416cf6c708da44db2624d63ea0aaef7113527c6,25029064,0,104558240164856140,2,S30_P2,-5:6,0xc36442b4a4522e871399cd717abdd847ab11fe88:-5:6,0xc36442b4a4522e871399cd717abdd847ab11fe88,-5,6,19844469946718307,0.1897934578415789,11,5,6,5,1804042722428937,0.0172539507128708,0.4913039319627153,0.4829834289707886,0.133737188924905,0.1195784031480384,0.2533155920729434,0.133737188924905,10000000000000,10000000000000,0,false,false,10000109976199,10000109976199,0,false,false,10000000000000,10000000000000,0,false,false,10000109976199,10000109976199,0,false,false,10000000000000,10000000000000,0,false,false,10000109976199,10000109976199,0,false,false
30,0x3416cf6c708da44db2624d63ea0aaef7113527c6,25029064,0,104558240164856140,3,S30_P3,0:4,0xc36442b4a4522e871399cd717abdd847ab11fe88:0:4,0xc36442b4a4522e871399cd717abdd847ab11fe88,0,4,9964441787911092,0.0953003969098967,4,0,4,0,2491110446977773,0.0238250992274742,0.4913039319627153,0.4829834289707886,0.0585112236025669,0.0531236449685662,0.1116348685711331,0.0585112236025669,10000000000000,10000000000000,0,false,false,10000109976199,10000109976199,0,false,false,10000000000000,10000000000000,0,false,false,10000109976199,10000109976199,0,false,false,10000000000000,10000000000000,0,false,false,10000109976199,10000109976199,0,false,false
30,0x3416cf6c708da44db2624d63ea0aaef7113527c6,25029064,0,104558240164856140,4,S30_P4,0:1,0xc36442b4a4522e871399cd717abdd847ab11fe88:0:1,0xc36442b4a4522e871399cd717abdd847ab11fe88,0,1,10074273824875081,0.0963508357542271,1,0,1,0,10074273824875081,0.0963508357542271,0.4913039319627153,0.4829834289707886,0.0592389563731965,0.0430482939010992,0.1022872502742957,0.0592389563731965,10000000000000,10000000000000,0,false,false,10000109976199,10000109976199,0,false,false,10000000000000,10000000000000,0,false,false,10000109976199,10000109976199,0,false,false,10000000000000,10000000000000,0,false,false,10000109976199,10000109976199,0,false,false
30,0x3416cf6c708da44db2624d63ea0aaef7113527c6,25029064,0,104558240164856140,5,S30_P5,-1:1,0xc36442b4a4522e871399cd717abdd847ab11fe88:-1:1,0xc36442b4a4522e871399cd717abdd847ab11fe88,-1,1,8039288658857441,0.07688814048689,2,1,1,1,4019644329428720.5,0.038444070243445,0.4913039319627153,0.4829834289707886,0.0384810289954064,0.033924745201492,0.0724057741968984,0.0384810289954064,10000000000000,10000000000000,0,false,false,10000109976199,10000109976199,0,false,false,10000000000000,10000000000000,0,false,false,10000109976199,10000109976199,0,false,false,10000000000000,10000000000000,0,false,false,10000109976199,10000109976199,0,false,false
30,0x3416cf6c708da44db2624d63ea0aaef7113527c6,25029064,0,104558240164856140,6,S30_P6,-6:4,0xc36442b4a4522e871399cd717abdd847ab11fe88:-6:4,0xc36442b4a4522e871399cd717abdd847ab11fe88,-6,4,4519117558021424,0.0432210560439442,10,6,4,4,451911755802142.4,0.0043221056043944,0.4913039319627153,0.4829834289707886,0.0248188954680006,0.0226542075206448,0.0474731029886454,0.0248188954680006,10000000000000,10000000000000,0,false,false,10000109976199,10000109976199,0,false,false,10000000000000,10000000000000,0,false,false,10000109976199,10000109976199,0,false,false,10000000000000,10000000000000,0,false,false,10000109976199,10000109976199,0,false,false
30,0x3416cf6c708da44db2624d63ea0aaef7113527c6,25029064,0,104558240164856140,7,S30_P7,-2:2,0xc36442b4a4522e871399cd717abdd847ab11fe88:-2:2,0xc36442b4a4522e871399cd717abdd847ab11fe88,-2,2,2931735122943172,0.0280392546615238,4,2,2,2,732933780735793,0.007009813665381,0.4913039319627153,0.4829834289707886,0.0158033777552408,0.0143985244572931,0.0302019022125339,0.0158033777552408,10000000000000,10000000000000,0,false,false,10000109976199,10000109976199,0,false,false,10000000000000,10000000000000,0,false,false,10000109976199,10000109976199,0,false,false,10000000000000,10000000000000,0,false,false,10000109976199,10000109976199,0,false,false
30,0x3416cf6c708da44db2624d63ea0aaef7113527c6,25029064,0,104558240164856140,8,S30_P8,-4:1,0xc36442b4a4522e871399cd717abdd847ab11fe88:-4:1,0xc36442b4a4522e871399cd717abdd847ab11fe88,-4,1,3072643427257188,0.0293869084102083,5,4,1,1,614528685451437.6,0.0058773816820417,0.4913039319627153,0.4829834289707886,0.0165901491308339,0.0125697925979674,0.0291599417288013,0.0165901491308339,10000000000000,10000000000000,0,false,false,10000109976199,10000109976199,0,false,false,10000000000000,10000000000000,0,false,false,10000109976199,10000109976199,0,false,false,10000000000000,10000000000000,0,false,false,10000109976199,10000109976199,0,false,false
30,0x3416cf6c708da44db2624d63ea0aaef7113527c6,25029064,0,104558240164856140,9,S30_P9,-11:9,0xc36442b4a4522e871399cd717abdd847ab11fe88:-11:9,0xc36442b4a4522e871399cd717abdd847ab11fe88,-11,9,1922569591418609,0.0183875473457406,20,11,9,9,96128479570930.45,0.000919377367287,0.4913039319627153,0.4829834289707886,0.0102432036805768,0.0093709830893017,0.0196141867698785,0.0102432036805768,10000000000000,10000000000000,0,false,false,10000109976199,10000109976199,0,false,false,10000000000000,10000000000000,0,false,false,10000109976199,10000109976199,0,false,false,10000000000000,10000000000000,0,false,false,10000109976199,10000109976199,0,false,false
30,0x3416cf6c708da44db2624d63ea0aaef7113527c6,25029064,0,104558240164856140,10,S30_P10,-4:6,0xc36442b4a4522e871399cd717abdd847ab11fe88:-4:6,0xc36442b4a4522e871399cd717abdd847ab11fe88,-4,6,1774030830226428,0.0169669155432353,10,4,6,4,177403083022642.8,0.0016966915543235,0.4913039319627153,0.4829834289707886,0.0094356870590228,0.0086333048075427,0.0180689918665655,0.0094356870590228,10000000000000,10000000000000,0,false,false,10000109976199,10000109976199,0,false,false,10000000000000,10000000000000,0,false,false,10000109976199,10000109976199,0,false,false,10000000000000,10000000000000,0,false,false,10000109976199,10000109976199,0,false,false
30,0x3416cf6c708da44db2624d63ea0aaef7113527c6,25029064,0,104558240164856140,11,S30_P11,0:3,0xc36442b4a4522e871399cd717abdd847ab11fe88:0:3,0xc36442b4a4522e871399cd717abdd847ab11fe88,0,3,1058146550335168,0.0101201641177854,3,0,3,0,352715516778389.3333333333333333,0.0033733880392618,0.4913039319627153,0.4829834289707886,0.0055821779833294,0.0051105195569889,0.0106926975403183,0.0055821779833294,10000000000000,10000000000000,0,false,false,10000109976199,10000109976199,0,false,false,10000000000000,10000000000000,0,false,false,10000109976199,10000109976199,0,false,false,10000000000000,10000000000000,0,false,false,10000109976199,10000109976199,0,false,false
30,0x3416cf6c708da44db2624d63ea0aaef7113527c6,25029064,0,104558240164856140,12,S30_P12,0:2,0x8c209c15835cccb2984701b52651d2c8d83aa442:0:2,0x8c209c15835cccb2984701b52651d2c8d83aa442,0,2,810855533886689,0.0077550610320929,2,0,2,0,405427766943344.5,0.0038775305160465,0.4913039319627153,0.4829834289707886,0.0042656040533518,0.0038993026194793,0.0081649066728311,0.0042656040533518,10000000000000,10000000000000,0,false,false,10000109976199,10000109976199,0,false,false,10000000000000,10000000000000,0,false,false,10000109976199,10000109976199,0,false,false,10000000000000,10000000000000,0,false,false,10000109976199,10000109976199,0,false,false
30,0x3416cf6c708da44db2624d63ea0aaef7113527c6,25029064,0,104558240164856140,13,S30_P13,-8:6,0xc36442b4a4522e871399cd717abdd847ab11fe88:-8:6,0xc36442b4a4522e871399cd717abdd847ab11fe88,-8,6,541580568004369,0.0051797024046164,14,8,6,6,38684326286026.3571428571428571,0.0003699787431869,0.4913039319627153,0.4829834289707886,0.0028403687024552,0.0026014689320607,0.0054418376345159,0.0028403687024552,10000000000000,10000000000000,0,false,false,10000109976199,10000109976199,0,false,false,10000000000000,10000000000000,0,false,false,10000109976199,10000109976199,0,false,false,10000000000000,10000000000000,0,false,false,10000109976199,10000109976199,0,false,false
30,0x3416cf6c708da44db2624d63ea0aaef7113527c6,25029064,0,104558240164856140,14,S30_P14,-5:2,0xc36442b4a4522e871399cd717abdd847ab11fe88:-5:2,0xc36442b4a4522e871399cd717abdd847ab11fe88,-5,2,440658702371719,0.004214480864224,7,5,2,2,62951243195959.8571428571428571,0.0006020686948891,0.4913039319627153,0.4829834289707886,0.0023084381088157,0.0021112981447026,0.0044197362535183,0.0023084381088157,10000000000000,10000000000000,0,false,false,10000109976199,10000109976199,0,false,false,10000000000000,10000000000000,0,false,false,10000109976199,10000109976199,0,false,false,10000000000000,10000000000000,0,false,false,10000109976199,10000109976199,0,false,false
30,0x3416cf6c708da44db2624d63ea0aaef7113527c6,25029064,0,104558240164856140,15,S30_P15,-1:3,0xc36442b4a4522e871399cd717abdd847ab11fe88:-1:3,0xc36442b4a4522e871399cd717abdd847ab11fe88,-1,3,358158047879252,0.0034254406665084,4,1,3,1,89539511969813,0.0008563601666271,0.4913039319627153,0.4829834289707886,0.0016223822974596,0.0017170950585771,0.0033394773560367,0.0017170950585771,10000000000000,10000000000000,0,false,false,10000109976199,10000109976199,0,false,false,10000000000000,10000000000000,0,false,false,10000109976199,10000109976199,0,false,false,10000000000000,10000000000000,0,false,false,10000109976199,10000109976199,0,false,false
30,0x3416cf6c708da44db2624d63ea0aaef7113527c6,25029064,0,104558240164856140,16,S30_P16,-2:3,0xc36442b4a4522e871399cd717abdd847ab11fe88:-2:3,0xc36442b4a4522e871399cd717abdd847ab11fe88,-2,3,261936879912813,0.0025051768229823,5,2,3,2,52387375982562.6,0.0005010353645965,0.4913039319627153,0.4829834289707886,0.0013694185827621,0.0012545216439541,0.0026239402267162,0.0013694185827621,10000000000000,10000000000000,0,false,false,10000109976199,10000109976199,0,false,false,10000000000000,10000000000000,0,false,false,10000109976199,10000109976199,0,false,false,10000000000000,10000000000000,0,false,false,10000109976199,10000109976199,0,false,false
30,0x3416cf6c708da44db2624d63ea0aaef7113527c6,25029064,0,104558240164856140,17,S30_P17,-2:1,0xc36442b4a4522e871399cd717abdd847ab11fe88:-2:1,0xc36442b4a4522e871399cd717abdd847ab11fe88,-2,1,270566991100192,0.0025877156183347,3,2,1,1,90188997033397.3333333333333333,0.0008625718727782,0.4913039319627153,0.4829834289707886,0.0014146736107746,0.0010873011167341,0.0025019747275087,0.0014146736107746,10000000000000,10000000000000,0,false,false,10000109976199,10000109976199,0,false,false,10000000000000,10000000000000,0,false,false,10000109976199,10000109976199,0,false,false,10000000000000,10000000000000,0,false,false,10000109976199,10000109976199,0,false,false
30,0x3416cf6c708da44db2624d63ea0aaef7113527c6,25029064,0,104558240164856140,18,S30_P18,-10:6,0xc36442b4a4522e871399cd717abdd847ab11fe88:-10:6,0xc36442b4a4522e871399cd717abdd847ab11fe88,-10,6,239223509308185,0.0022879450623022,16,10,6,6,14951469331761.5625,0.0001429965663939,0.4913039319627153,0.4829834289707886,0.0012503520354516,0.0011454661679596,0.0023958182034112,0.0012503520354516,10000000000000,10000000000000,0,false,false,10000109976199,10000109976199,0,false,false,10000000000000,10000000000000,0,false,false,10000109976199,10000109976199,0,false,false,10000000000000,10000000000000,0,false,false,10000109976199,10000109976199,0,false,false
30,0x3416cf6c708da44db2624d63ea0aaef7113527c6,25029064,0,104558240164856140,19,S30_P19,-5:7,0xc36442b4a4522e871399cd717abdd847ab11fe88:-5:7,0xc36442b4a4522e871399cd717abdd847ab11fe88,-5,7,205711759589762,0.0019674370883196,12,5,7,5,17142646632480.1666666666666667,0.0001639530906933,0.4913039319627153,0.4829834289707886,0.00107478980985,0.0009846596371206,0.0020594494469706,0.00107478980985,10000000000000,10000000000000,0,false,false,10000109976199,10000109976199,0,false,false,10000000000000,10000000000000,0,false,false,10000109976199,10000109976199,0,false,false,10000000000000,10000000000000,0,false,false,10000109976199,10000109976199,0,false,false
30,0x3416cf6c708da44db2624d63ea0aaef7113527c6,25029064,0,104558240164856140,20,S30_P20,-10:10,0xc36442b4a4522e871399cd717abdd847ab11fe88:-10:10,0xc36442b4a4522e871399cd717abdd847ab11fe88,-10,10,204560922077217,0.0019564304234146,20,10,10,10,10228046103860.85,0.0000978215211707,0.4913039319627153,0.4829834289707886,0.0010687616733375,0.0009791386928406,0.0020479003661781,0.0010687616733375,10000000000000,10000000000000,0,false,false,10000109976199,10000109976199,0,false,false,10000000000000,10000000000000,0,false,false,10000109976199,10000109976199,0,false,false,10000000000000,10000000000000,0,false,false,10000109976199,10000109976199,0,false,false
