snapshot_index,pool_address,block_number,current_tick,active_liquidity,rank,position_label,range_key,position_key,owner,tick_lower,tick_upper,position_liquidity,active_liquidity_share,range_width,distance_to_lower_tick,distance_to_upper_tick,distance_to_nearest_edge,liquidity_density,normalized_liquidity_density,zero_for_one_base_auc_bps,one_for_zero_base_auc_bps,zero_for_one_lsis_bps,one_for_zero_lsis_bps,total_lsis_bps,max_directional_lsis_bps,zero_for_one_depth_10bps_base,zero_for_one_depth_10bps_counterfactual,zero_for_one_depth_10bps_delta,zero_for_one_depth_10bps_base_breached,zero_for_one_depth_10bps_counterfactual_breached,one_for_zero_depth_10bps_base,one_for_zero_depth_10bps_counterfactual,one_for_zero_depth_10bps_delta,one_for_zero_depth_10bps_base_breached,one_for_zero_depth_10bps_counterfactual_breached,zero_for_one_depth_50bps_base,zero_for_one_depth_50bps_counterfactual,zero_for_one_depth_50bps_delta,zero_for_one_depth_50bps_base_breached,zero_for_one_depth_50bps_counterfactual_breached,one_for_zero_depth_50bps_base,one_for_zero_depth_50bps_counterfactual,one_for_zero_depth_50bps_delta,one_for_zero_depth_50bps_base_breached,one_for_zero_depth_50bps_counterfactual_breached,zero_for_one_depth_100bps_base,zero_for_one_depth_100bps_counterfactual,zero_for_one_depth_100bps_delta,zero_for_one_depth_100bps_base_breached,zero_for_one_depth_100bps_counterfactual_breached,one_for_zero_depth_100bps_base,one_for_zero_depth_100bps_counterfactual,one_for_zero_depth_100bps_delta,one_for_zero_depth_100bps_base_breached,one_for_zero_depth_100bps_counterfactual_breached
1,0x8ad599c3a0ff1de082011efddc58f1908eb6e6d8,25440623,202316,1443807003181766179,1,S1_P1,200820:203160,0xc36442b4a4522e871399cd717abdd847ab11fe88:200820:203160,0xc36442b4a4522e871399cd717abdd847ab11fe88,200820,203160,949701618858610750,0.6577760162997695,2340,1496,844,844,405855392674619.9786324786324786,0.0002811008616666,410.40452019165841,1209.8436921680948066,655.8303180217870033,3540.2412651859825715,4196.0715832077695748,3540.2412651859825715,58651159673.90533,20084764356.79248,38566395317.11285,true,true,35815839006695880687.2389782662168085,12270929800553694109.4899610019791064,23544909206142186577.7490172642377021,true,true,296211661445.99268,101084436735.0622,195127224710.93048,true,true,179202544729273699053.1816297863250055,61416961890395904640.4897900658341441,117785582838877794412.6918397204908614,true,true,595176498446.5566,203077919837.75408,392098578608.80252,true,true,358005543512331076387.341566505347463,120700202392916350003.6726588727943395,237305341119414726383.6689076325531235,true,true
1,0x8ad599c3a0ff1de082011efddc58f1908eb6e6d8,25440623,202316,1443807003181766179,2,S1_P2,198120:207240,0xc36442b4a4522e871399cd717abdd847ab11fe88:198120:207240,0xc36442b4a4522e871399cd717abdd847ab11fe88,198120,207240,22894220680805662,0.0158568427984855,9120,4196,4924,4196,2510331215000.6208333333333333,0.0000017386889033,410.40452019165841,1209.8436921680948066,7.7137946116827155,229.4562992115570766,237.1700938232397921,229.4562992115570766,58651159673.90533,57720790332.030575,930369341.874755,true,true,35815839006695880687.2389782662168085,35248224786869796244.5421098763078785,567614219826084442.69686838990893,true,true,296211661445.99268,291587125106.72724,4624536339.26544,true,true,179202544729273699053.1816297863250055,176364947171983241244.6978323573528921,2837597557290457808.4837974289721134,true,true,595176498446.5566,585779927647.6813,9396570798.8753,true,true,358005543512331076387.341566505347463,352354676276449546492.4269896929057113,5650867235881529894.9145768124417517,true,true
1,0x8ad599c3a0ff1de082011efddc58f1908eb6e6d8,25440623,202316,1443807003181766179,3,S1_P3,199140:206280,0xc36442b4a4522e871399cd717abdd847ab11fe88:199140:206280,0xc36442b4a4522e871399cd717abdd847ab11fe88,199140,206280,20626635535267928,0.0142862830626339,7140,3176,3964,3176,2888884528749.0095238095238095,0.0000020008799808,410.40452019165841,1209.8436921680948066,6.929564448179673,168.2538127288383876,175.1833771770180606,168.2538127288383876,58651159673.90533,57812941835.064765,838217838.840565,true,true,35815839006695880687.2389782662168085,35304444479534876518.5766388140829821,511394527161004168.6623394521338264,true,true,296211661445.99268,292045179895.99852,4166481549.99416,true,true,179202544729273699053.1816297863250055,176646002445310595039.5877478135053858,2556542283963104013.5938819728196197,true,true,595176498446.5566,586710153238.423,8466345208.1336,true,true,358005543512331076387.341566505347463,352914163365905684758.9993510590362907,5091380146425391628.3422154463111723,true,true
1,0x8ad599c3a0ff1de082011efddc58f1908eb6e6d8,25440623,202316,1443807003181766179,4,S1_P4,197100:207420,0xc36442b4a4522e871399cd717abdd847ab11fe88:197100:207420,0xc36442b4a4522e871399cd717abdd847ab11fe88,197100,207420,14236413679360489,0.0098603301189059,10320,5216,5104,5104,1379497449550.4349806201550388,0.0000009554583449,410.40452019165841,1209.8436921680948066,4.7438244241908966,143.9270072805546473,148.6708317047455439,143.9270072805546473,58651159673.90533,58072629198.03745,578530475.86788,true,true,35815839006695880687.2389782662168085,35462876809453924449.047392440003733,352962197241956238.1915858262130755,true,true,296211661445.99268,293335996639.4808,2875664806.51188,true,true,179202544729273699053.1816297863250055,177438034419826499029.7103923031414422,1764510309447200023.4712374831835633,true,true,595176498446.5566,589332166572.2193,5844331874.3373,true,true,358005543512331076387.341566505347463,354491091701451792500.9384890519161134,3514451810879283886.4030774534313496,true,true
1,0x8ad599c3a0ff1de082011efddc58f1908eb6e6d8,25440623,202316,1443807003181766179,5,S1_P5,200040:203520,0xc36442b4a4522e871399cd717abdd847ab11fe88:200040:203520,0xc36442b4a4522e871399cd717abdd847ab11fe88,200040,203520,46078741440349043,0.0319147513059597,3480,2276,1204,1204,13241017655272.7135057471264368,0.0000091709055477,410.40452019165841,1209.8436921680948066,16.0325195042994566,125.0211622862645147,141.0536817905639713,125.0211622862645147,58651159673.90533,56778577990.2327,1872581683.67263,true,true,35815839006695880687.2389782662168085,34673411652600371222.2225783922200089,1142427354095509465.0163998739967996,true,true,296211661445.99268,286903632998.61388,9308028447.3788,true,true,179202544729273699053.1816297863250055,173491319629853956097.4986309092926332,5711225099419742955.6829988770323723,true,true,595176498446.5566,576275423090.57055,18901075355.98605,true,true,358005543512331076387.341566505347463,346637104168258292777.6200749096986668,11368439344072783609.7214915956487962,true,true
1,0x8ad599c3a0ff1de082011efddc58f1908eb6e6d8,25440623,202316,1443807003181766179,6,S1_P6,202080:203280,0xc36442b4a4522e871399cd717abdd847ab11fe88:202080:203280,0xc36442b4a4522e871399cd717abdd847ab11fe88,202080,203280,48995624817774724,0.0339350236629975,1200,236,964,236,40829687348145.6033333333333333,0.0000282791863858,410.40452019165841,1209.8436921680948066,6.0233934325783669,107.8496373462967643,113.8730307788751312,107.8496373462967643,58651159673.90533,56660033294.67077,1991126379.23456,true,true,35815839006695880687.2389782662168085,34601093907218418342.3615184636881323,1214745099477462344.8774598025286762,true,true,296211661445.99268,286314367076.79072,9897294369.20196,true,true,179202544729273699053.1816297863250055,173129780027068794442.9581108208324301,6072764702204904610.2235189654925754,true,true,595176498446.5566,575641155225.6141,19535343220.9425,true,true,358005543512331076387.341566505347463,345918141721959611320.8249982889985558,12087401790371465066.5165682163489072,true,true
1,0x8ad599c3a0ff1de082011efddc58f1908eb6e6d8,25440623,202316,1443807003181766179,7,S1_P7,193500:207240,0xc36442b4a4522e871399cd717abdd847ab11fe88:193500:207240,0xc36442b4a4522e871399cd717abdd847ab11fe88,193500,207240,9704960713330192,0.006721785316142,13740,8816,4924,4924,706329018437.4229985443959243,0.0000004892129051,410.40452019165841,1209.8436921680948066,3.2151762340587148,93.8410844162181386,97.0562606502768534,93.8410844162181386,58651159673.90533,58256777378.64668,394382295.25865,true,true,35815839006695880687.2389782662168085,35575225304514239507.9481306367084945,240613702181641179.290847629508314,true,true,296211661445.99268,294251331414.42744,1960330031.56524,true,true,179202544729273699053.1816297863250055,177999680517055099004.0080348827877811,1202864212218600049.1735949035372244,true,true,595176498446.5566,591191993182.3378,3984505264.2188,true,true,358005543512331076387.341566505347463,355609550017998541186.2975001879033311,2395993494332535201.0440663174441319,true,true
1,0x8ad599c3a0ff1de082011efddc58f1908eb6e6d8,25440623,202316,1443807003181766179,8,S1_P8,199440:207420,0xc36442b4a4522e871399cd717abdd847ab11fe88:199440:207420,0xc36442b4a4522e871399cd717abdd847ab11fe88,199440,207420,9186479126317939,0.0063626780491253,7980,2876,5104,2876,1151187860440.8444862155388471,0.0000007973280763,410.40452019165841,1209.8436921680948066,3.0413802617803333,91.5629589843603196,94.6043392461406529,91.5629589843603196,58651159673.90533,58277847208.803425,373312465.101905,true,true,35815839006695880687.2389782662168085,35588079092641468844.6113874655005169,227759914054411842.6275908007162916,true,true,296211661445.99268,294356061926.53704,1855599519.45564,true,true,179202544729273699053.1816297863250055,178063942795537311096.4454676314479985,1138601933736387956.736162154877007,true,true,595176498446.5566,591404817330.32985,3771681116.22675,true,true,358005543512331076387.341566505347463,355737533799813484165.9402844054534721,2268009712517592221.4012820998939909,true,true
1,0x8ad599c3a0ff1de082011efddc58f1908eb6e6d8,25440623,202316,1443807003181766179,9,S1_P9,191160:204480,0xc36442b4a4522e871399cd717abdd847ab11fe88:191160:204480,0xc36442b4a4522e871399cd717abdd847ab11fe88,191160,204480,12459358629923232,0.0086295180744145,13320,11156,2164,2164,935387284528.7711711711711712,0.0000006478617173,410.40452019165841,1209.8436921680948066,4.1422659970932402,57.0661660423837823,61.2084320394770225,57.0661660423837823,58651159673.90533,58144844972.330455,506314701.574875,true,true,35815839006695880687.2389782662168085,35506935419932007439.4993275564075147,308903586763873247.7396507098092938,true,true,296211661445.99268,293694955669.4854,2516705776.50728,true,true,179202544729273699053.1816297863250055,177658289920168114282.1429604573765935,1544254809105584771.038669328948412,true,true,595176498446.5566,590061468008.8382,5115030437.7184,true,true,358005543512331076387.341566505347463,354929684737418199923.8764592145619187,3075858774912876463.4651072907855443,true,true
1,0x8ad599c3a0ff1de082011efddc58f1908eb6e6d8,25440623,202316,1443807003181766179,10,S1_P10,194760:204960,0xc36442b4a4522e871399cd717abdd847ab11fe88:194760:204960,0xc36442b4a4522e871399cd717abdd847ab11fe88,194760,204960,8212124932521760,0.0056878273304011,10200,7556,2644,2644,805110287502.1333333333333333,0.0000005576301304,410.40452019165841,1209.8436921680948066,2.7153861783767416,45.0332360021809604,47.748622180557702,45.0332360021809604,58651159673.90533,58317442531.874825,333717142.030505,true,true,35815839006695880687.2389782662168085,35612236810254655695.784620779929747,203602196441224991.4543574862870615,true,true,296211661445.99268,294552875940.7918,1658785505.20088,true,true,179202544729273699053.1816297863250055,178184708072344433786.5784684903412881,1017836656929265266.6031612959837174,true,true,595176498446.5566,591804780338.7122,3371718107.8444,true,true,358005543512331076387.341566505347463,355978053198489656420.5737752273486739,2027490313841419966.7677912779987891,true,true
1,0x8ad599c3a0ff1de082011efddc58f1908eb6e6d8,25440623,202316,1443807003181766179,11,S1_P11,188700:203880,0xc36442b4a4522e871399cd717abdd847ab11fe88:188700:203880,0xc36442b4a4522e871399cd717abdd847ab11fe88,188700,203880,12220439524574738,0.008464039513345,15180,13616,1564,1564,805035541803.3424242424242424,0.0000005575783606,410.40452019165841,1209.8436921680948066,4.061594244852438,41.3170976650111899,45.3786919098636279,41.3170976650111899,58651159673.90533,58154554121.30887,496605552.59646,true,true,35815839006695880687.2389782662168085,35512858870178703032.9120184927881988,302980136517177654.3269597734286097,true,true,296211661445.99268,293743216323.16472,2468445122.82796,true,true,179202544729273699053.1816297863250055,177687902415001032868.6041224871739574,1514642314272666184.5775072991510481,true,true,595176498446.5566,590159524802.54745,5016973644.00915,true,true,358005543512331076387.341566505347463,354988654244918761311.0202405060920643,3016889267412315076.3213259992553987,true,true
1,0x8ad599c3a0ff1de082011efddc58f1908eb6e6d8,25440623,202316,1443807003181766179,12,S1_P12,202080:203220,0xc36442b4a4522e871399cd717abdd847ab11fe88:202080:203220,0xc36442b4a4522e871399cd717abdd847ab11fe88,202080,203220,20747575317183047,0.0143700475696966,1140,236,904,236,18199627471213.1991228070175439,0.0000126053048857,410.40452019165841,1209.8436921680948066,2.5376695231471465,42.3264727583447819,44.8641422814919284,42.3264727583447819,58651159673.90533,57808027021.82568,843132652.07965,true,true,35815839006695880687.2389782662168085,35301445833084783572.7039135039702906,514393173611097114.5350647622465179,true,true,296211661445.99268,292020750019.85936,4190911426.13332,true,true,179202544729273699053.1816297863250055,176631012491659007930.0956351971542513,2571532237614691123.0859945891707542,true,true,595176498446.5566,586910740073.7645,8265758372.7921,true,true,358005543512331076387.341566505347463,352884322306193318915.6795279074134781,5121221206137757471.6620385979339849,true,true
1,0x8ad599c3a0ff1de082011efddc58f1908eb6e6d8,25440623,202316,1443807003181766179,13,S1_P13,189000:203040,0xc36442b4a4522e871399cd717abdd847ab11fe88:189000:203040,0xc36442b4a4522e871399cd717abdd847ab11fe88,189000,203040,17892354704405077,0.0123924836664285,14040,13316,724,724,1274384238205.4898148148148148,0.0000008826555318,410.40452019165841,1209.8436921680948066,5.9899649522643313,29.7104833772712947,35.700448329535626,29.7104833772712947,58651159673.90533,57924058617.09143,727101056.8139,true,true,35815839006695880687.2389782662168085,35372235412352178502.7248045754771569,443603594343702184.5141736907396516,true,true,296211661445.99268,292597503930.27056,3614157515.72212,true,true,179202544729273699053.1816297863250055,176984901753774041344.8625060437906131,2217642975499657708.3191237425343924,true,true,595176498446.5566,587831971930.3058,7344526516.2508,true,true,358005543512331076387.341566505347463,353588862216280505896.5096364924268143,4416681296050570490.8319300129206487,true,true
1,0x8ad599c3a0ff1de082011efddc58f1908eb6e6d8,25440623,202316,1443807003181766179,14,S1_P14,201120:203880,0xc36442b4a4522e871399cd717abdd847ab11fe88:201120:203880,0xc36442b4a4522e871399cd717abdd847ab11fe88,201120,203880,8751232459760127,0.0060612203989001,2760,1196,1564,1196,3170736398463.8141304347826087,0.0000021960943474,410.40452019165841,1209.8436921680948066,2.5959541671361526,29.4946113986619914,32.090565565798144,29.4946113986619914,58651159673.90533,58295534557.007365,355625116.897965,true,true,35815839006695880687.2389782662168085,35598870588236757184.0995415975716694,216968418459123503.1394366686451391,true,true,296211661445.99268,294443979298.69592,1767682147.29676,true,true,179202544729273699053.1816297863250055,178117889075180386786.8010948652442308,1084655654093312266.3805349210807747,true,true,595176498446.5566,591583479534.87105,3593018911.68555,true,true,358005543512331076387.341566505347463,355844973534574078025.9335321315031139,2160569977756998361.4080343738443491,true,true
1,0x8ad599c3a0ff1de082011efddc58f1908eb6e6d8,25440623,202316,1443807003181766179,15,S1_P15,189360:203100,0xc36442b4a4522e871399cd717abdd847ab11fe88:189360:203100,0xc36442b4a4522e871399cd717abdd847ab11fe88,189360,203100,14614777432638164,0.0101223899042123,13740,12956,784,784,1063666479813.5490538573508006,0.0000007367096,410.40452019165841,1209.8436921680948066,4.8722554837774525,26.0637851633608066,30.9360406471382591,26.0637851633608066,58651159673.90533,58057253257.70199,593906416.20334,true,true,35815839006695880687.2389782662168085,35453496239488349683.7157847826418007,362342767207531003.5231934835750078,true,true,296211661445.99268,293259568199.00632,2952093246.98636,true,true,179202544729273699053.1816297863250055,177391138493239161704.5753365038836715,1811406236034537348.606293282441334,true,true,595176498446.5566,589176894556.23595,5999603890.32065,true,true,358005543512331076387.341566505347463,354397711871519694926.0534172633478373,3607831640811381461.2881492419996257,true,true
1,0x8ad599c3a0ff1de082011efddc58f1908eb6e6d8,25440623,202316,1443807003181766179,16,S1_P16,189660:203520,0xc36442b4a4522e871399cd717abdd847ab11fe88:189660:203520,0xc36442b4a4522e871399cd717abdd847ab11fe88,189660,203520,7197443175587899,0.0049850452032208,13860,12656,1204,1204,519296044414.7113275613275613,0.0000003596713711,410.40452019165841,1209.8436921680948066,2.3767446824716583,18.9959703326316467,21.372715015103305,18.9959703326316467,58651159673.90533,58358676582.511575,292483091.393755,true,true,35815839006695880687.2389782662168085,35637393369931271147.3195131273613676,178445636764609539.9194651388554409,true,true,296211661445.99268,294757835376.52756,1453826069.46512,true,true,179202544729273699053.1816297863250055,178310471038590095440.1096106253209581,892073690683603613.0720191610040474,true,true,595176498446.5566,592221316854.07275,2955181592.48385,true,true,358005543512331076387.341566505347463,356228536222158999800.0335329257074396,1777007290172076587.3080335796400234,true,true
1,0x8ad599c3a0ff1de082011efddc58f1908eb6e6d8,25440623,202316,1443807003181766179,17,S1_P17,191880:202500,0xc36442b4a4522e871399cd717abdd847ab11fe88:191880:202500,0xc36442b4a4522e871399cd717abdd847ab11fe88,191880,202500,26626064536785294,0.0184415676597416,10620,10436,184,184,2507162385761.3271186440677966,0.0000017364941299,410.40452019165841,1209.8436921680948066,9.0152101190786165,12.2589205204676016,21.2741306395462181,12.2589205204676016,58651159673.90533,57569132432.09892,1082027241.80641,true,true,35815839006695880687.2389782662168085,35155700749043001254.7924745187038338,660138257652879432.4465037475129747,true,true,296211661445.99268,290833281670.6844,5378379775.30828,true,true,179202544729273699053.1816297863250055,175902403381507791572.2177905541300448,3300141347765907480.9638392321949607,true,true,595176498446.5566,584249258251.43605,10927240195.12055,true,true,358005543512331076387.341566505347463,351817558642449774217.1968564922932117,6187984869881302170.1447100130542513,true,true
1,0x8ad599c3a0ff1de082011efddc58f1908eb6e6d8,25440623,202316,1443807003181766179,18,S1_P18,200220:203340,0xc36442b4a4522e871399cd717abdd847ab11fe88:200220:203340,0xc36442b4a4522e871399cd717abdd847ab11fe88,200220,203340,7944621019561642,0.0055025505500762,3120,2096,1024,1024,2546352890885.1416666666666667,0.0000017636379968,410.40452019165841,1209.8436921680948066,2.626025457278429,18.0560705258017284,20.6820959830801574,18.0560705258017284,58651159673.90533,58328313209.55063,322846464.3547,true,true,35815839006695880687.2389782662168085,35618868350105740626.9809051648768827,196970656590140060.2580731013399258,true,true,296211661445.99268,294606910062.32752,1604751383.66516,true,true,179202544729273699053.1816297863250055,178217863228591976050.3580524827003137,984681500681723002.8235773036246918,true,true,595176498446.5566,591914591183.8526,3261907262.704,true,true,358005543512331076387.341566505347463,356044087979941413687.7097813661752804,1961455532389662699.6317851391721826,true,true
1,0x8ad599c3a0ff1de082011efddc58f1908eb6e6d8,25440623,202316,1443807003181766179,19,S1_P19,199800:202860,0xc36442b4a4522e871399cd717abdd847ab11fe88:199800:202860,0xc36442b4a4522e871399cd717abdd847ab11fe88,199800,202860,7060328603433641,0.0048900778205637,3060,2516,544,544,2307296929226.6800653594771242,0.0000015980646472,410.40452019165841,1209.8436921680948066,2.3310497895010534,8.9836818199670095,11.3147316094680629,8.9836818199670095,58651159673.90533,58364248558.666635,286911115.238695,true,true,35815839006695880687.2389782662168085,35640792829780737108.4867046519736977,175046176915143578.7522736142431108,true,true,296211661445.99268,294785531609.2624,1426129836.73028,true,true,179202544729273699053.1816297863250055,178327465464383736312.1053135812628188,875079264889962741.0763162050621867,true,true,595176498446.5566,592277605163.4322,2898893283.1244,true,true,358005543512331076387.341566505347463,356262384776096346594.5390493760258518,1743158736234729792.8025171293216112,true,true
1,0x8ad599c3a0ff1de082011efddc58f1908eb6e6d8,25440623,202316,1443807003181766179,20,S1_P20,201360:202740,0xc36442b4a4522e871399cd717abdd847ab11fe88:201360:202740,0xc36442b4a4522e871399cd717abdd847ab11fe88,201360,202740,7159162411218593,0.004958531434909,1380,956,424,424,5187798848709.1253623188405797,0.0000035931387209,410.40452019165841,1209.8436921680948066,1.9510872513842635,7.2312637781183613,9.1823510295026248,7.2312637781183613,58651159673.90533,58360232212.408205,290927461.497125,true,true,35815839006695880687.2389782662168085,35638342592607820767.564597362314138,177496414088059919.6743809039026705,true,true,296211661445.99268,294765567840.31604,1446093605.67664,true,true,179202544729273699053.1816297863250055,178315215781366289404.7782425021597878,887328947907409648.4033872841652177,true,true,595176498446.5566,592237031850.3941,2939466596.1625,true,true,358005543512331076387.341566505347463,356237986378040583551.2239779082042279,1767557134290492836.1175885971432351,true,true
2,0x8ad599c3a0ff1de082011efddc58f1908eb6e6d8,25430623,202780,1383695123462473151,1,S2_P1,200820:203160,0xc36442b4a4522e871399cd717abdd847ab11fe88:200820:203160,0xc36442b4a4522e871399cd717abdd847ab11fe88,200820,203160,949701618858610750,0.686351785704163,2340,1960,380,380,405855392674619.9786324786324786,0.0002933127289334,417.8533774549552895,3632.477743685072066,684.3320893503366368,3530.7816366026771914,4215.1137259530138282,3530.7816366026771914,54917727479.22537,17256476289.331376,37661251189.893994,true,true,35111045496513625095.053939737070499,11012236876204736647.4486680685964264,24098808620308888447.6052716684740726,true,true,277670035378.80296,87262529199.451355,190407506179.351605,true,true,175074321847793255287.720815674501088,54904788259336995437.5868548439953305,120169533588456259850.1339608305057575,true,true,558564659149.8865,181771737018.83392,376792922131.05258,true,true,349599987211449610658.1501542302808742,105791138356442784102.97822644791904,243808848855006826555.1719277823618342,true,true
2,0x8ad599c3a0ff1de082011efddc58f1908eb6e6d8,25430623,202780,1383695123462473151,2,S2_P2,198120:207240,0xc36442b4a4522e871399cd717abdd847ab11fe88:198120:207240,0xc36442b4a4522e871399cd717abdd847ab11fe88,198120,207240,22894220680805662,0.0165457117630917,9120,4660,4460,4460,2510331215000.6208333333333333,0.000001814222781,417.8533774549552895,3632.477743685072066,6.4007200270834226,564.4965414361192532,570.8972614632026758,564.4965414361192532,54917727479.22537,54008518061.29085,909209417.93452,true,true,35111045496513625095.053939737070499,34530114341423839752.851454518015457,580931155089785342.202485219055042,true,true,277670035378.80296,273128717156.28912,4541318222.51384,true,true,175074321847793255287.720815674501088,172160506316716959564.283561222868112,2913815531076295723.437254451632976,true,true,558564659149.8865,549307848942.7991,9256810207.0874,true,true,349599987211449610658.1501542302808742,343804916956808901034.2811778402797857,5795070254640709623.8689763900010885,true,true
2,0x8ad599c3a0ff1de082011efddc58f1908eb6e6d8,25430623,202780,1383695123462473151,3,S2_P3,199140:206280,0xc36442b4a4522e871399cd717abdd847ab11fe88:199140:206280,0xc36442b4a4522e871399cd717abdd847ab11fe88,199140,206280,20626635535267928,0.0149069221864807,7140,3640,3500,3500,2888884528749.0095238095238095,0.0000020878042278,417.8533774549552895,3632.477743685072066,5.7581089189879209,408.2714577798961795,414.0295666988841004,408.2714577798961795,54917727479.22537,54098574078.652745,819153400.572625,true,true,35111045496513625095.053939737070499,34587653066371655347.469925815635881,523392430141969747.584013921434618,true,true,277670035378.80296,273578550292.24576,4091485086.5572,true,true,175074321847793255287.720815674501088,172449100827434715923.001313843335216,2625221020358539364.719501831165872,true,true,558564659149.8865,550225187681.162,8339471468.7245,true,true,349599987211449610658.1501542302808742,344378755673682314270.1542964523796149,5221231537767296387.9958577779012593,true,true
2,0x8ad599c3a0ff1de082011efddc58f1908eb6e6d8,25430623,202780,1383695123462473151,4,S2_P4,197100:207420,0xc36442b4a4522e871399cd717abdd847ab11fe88:197100:207420,0xc36442b4a4522e871399cd717abdd847ab11fe88,197100,207420,14236413679360489,0.0102886925291289,10320,5680,4640,4640,1379497449550.4349806201550388,0.0000009969663303,417.8533774549552895,3632.477743685072066,3.9575797214610105,350.4205785916172457,354.3781583130782562,350.4205785916172457,54917727479.22537,54352355820.50119,565371658.72418,true,true,35111045496513625095.053939737070499,34749802664264632832.161986772223319,361242832248992262.89195296484718,true,true,277670035378.80296,274846173244.25628,2823862134.54668,true,true,175074321847793255287.720815674501088,173262391119277485702.623868724237356,1811930728515769585.096946950263732,true,true,558564659149.8865,552809729586.5701,5754929563.3164,true,true,349599987211449610658.1501542302808742,345996046625473358480.2262946430694136,3603940585976252177.9238595872114606,true,true
2,0x8ad599c3a0ff1de082011efddc58f1908eb6e6d8,25430623,202780,1383695123462473151,5,S2_P5,200040:203520,0xc36442b4a4522e871399cd717abdd847ab11fe88:200040:203520,0xc36442b4a4522e871399cd717abdd847ab11fe88,200040,203520,46078741440349043,0.0333012241345799,3480,2740,740,740,13241017655272.7135057471264368,0.0000095693172801,417.8533774549552895,3632.477743685072066,13.0845771833344919,217.4672468316499712,230.5518240149844631,217.4672468316499712,54917727479.22537,53087726374.469725,1830001104.755645,true,true,35111045496513625095.053939737070499,33941817935261349526.015026724661595,1169227561252275569.038913012408904,true,true,277670035378.80296,268529028509.90688,9141006868.89608,true,true,175074321847793255287.720815674501088,169209932027367386328.384789569291544,5864389820425868959.336026105209544,true,true,558564659149.8865,539922183589.04975,18642475560.83675,true,true,349599987211449610658.1501542302808742,337939749647216416935.4229880931470158,11660237564233193722.7271661371338584,true,true
2,0x8ad599c3a0ff1de082011efddc58f1908eb6e6d8,25430623,202780,1383695123462473151,6,S2_P6,193500:207240,0xc36442b4a4522e871399cd717abdd847ab11fe88:193500:207240,0xc36442b4a4522e871399cd717abdd847ab11fe88,193500,207240,9704960713330192,0.007013799896212,13740,9280,4460,4460,706329018437.4229985443959243,0.0000005104657858,417.8533774549552895,3632.477743685072066,2.6899045797839867,226.8707311816325331,229.5606357614165198,226.8707311816325331,54917727479.22537,54532315846.51345,385411632.71192,true,true,35111045496513625095.053939737070499,34864786402444496795.9677907628183345,246259094069128299.0861489742521645,true,true,277670035378.80296,275745038943.97628,1924996434.82668,true,true,175074321847793255287.720815674501088,173839121977677985848.641115006763404,1235199870115269439.079700667737684,true,true,558564659149.8865,554641971738.26315,3922687411.62335,true,true,349599987211449610658.1501542302808742,347143054188851965894.4737126221689594,2456933022597644763.6764416081119148,true,true
2,0x8ad599c3a0ff1de082011efddc58f1908eb6e6d8,25430623,202780,1383695123462473151,7,S2_P7,199440:207420,0xc36442b4a4522e871399cd717abdd847ab11fe88:199440:207420,0xc36442b4a4522e871399cd717abdd847ab11fe88,199440,207420,9186479126317939,0.0066390919289578,7980,3340,4640,3340,1151187860440.8444862155388471,0.0000008319664071,417.8533774549552895,3632.477743685072066,2.5453369873174666,221.5752321868312099,224.1205691741486765,221.5752321868312099,54917727479.22537,54552906456.766195,364821022.459175,true,true,35111045496513625095.053939737070499,34877942649709406273.365428385325712,233102846804218821.688511351744787,true,true,277670035378.80296,275847883906.31696,1822151472.486,true,true,175074321847793255287.720815674501088,173905110965292116434.73337524343366,1169210882501138852.987440431067428,true,true,558564659149.8865,554851587024.32235,3713072125.56415,true,true,349599987211449610658.1501542302808742,347274300610723587402.6786186394835337,2325686600726023255.4715355907973405,true,true
2,0x8ad599c3a0ff1de082011efddc58f1908eb6e6d8,25430623,202780,1383695123462473151,8,S2_P8,202080:203280,0xc36442b4a4522e871399cd717abdd847ab11fe88:202080:203280,0xc36442b4a4522e871399cd717abdd847ab11fe88,202080,203280,48995624817774724,0.0354092632018324,1200,700,500,500,40829687348145.6033333333333333,0.0000295077193349,417.8533774549552895,3632.477743685072066,11.0218766330246181,157.2116911421285824,168.2335677751532005,157.2116911421285824,54917727479.22537,52971876082.31801,1945851396.90736,true,true,35111045496513625095.053939737070499,33867802961490518614.712111967602205,1243242535023106480.341827769468294,true,true,277670035378.80296,267950273058.16248,9719762320.64048,true,true,175074321847793255287.720815674501088,168838730252437521746.87529981502218,6235591595355733540.845515859478908,true,true,558564659149.8865,538740489604.91025,19824169544.97625,true,true,349599987211449610658.1501542302808742,337201681984108573341.1620212572999961,12398305227341037316.9881329729808781,true,true
2,0x8ad599c3a0ff1de082011efddc58f1908eb6e6d8,25430623,202780,1383695123462473151,9,S2_P9,191160:204480,0xc36442b4a4522e871399cd717abdd847ab11fe88:191160:204480,0xc36442b4a4522e871399cd717abdd847ab11fe88,191160,204480,12459358629923232,0.0090044103058958,13320,11620,1700,1700,935387284528.7711711711711712,0.0000006760067797,417.8533774549552895,3632.477743685072066,3.4595530543900241,126.3081204098634505,129.7676734642534746,126.3081204098634505,54917727479.22537,54422929201.348125,494798277.877245,true,true,35111045496513625095.053939737070499,34794894574155227437.785704040787119,316150922358397657.26823569628338,true,true,277670035378.80296,275198675938.01548,2471359440.78748,true,true,175074321847793255287.720815674501088,173488560913485264792.303585388589232,1585760934307990495.417230285911856,true,true,558564659149.8865,553528312438.23845,5036346711.64805,true,true,349599987211449610658.1501542302808742,346445842688033687079.8724158622611101,3154144523415923578.2777383680197641,true,true
2,0x8ad599c3a0ff1de082011efddc58f1908eb6e6d8,25430623,202780,1383695123462473151,10,S2_P10,194760:204960,0xc36442b4a4522e871399cd717abdd847ab11fe88:194760:204960,0xc36442b4a4522e871399cd717abdd847ab11fe88,194760,204960,8212124932521760,0.0059349236643779,10200,8020,2180,2180,805110287502.1333333333333333,0.0000005818552612,417.8533774549552895,3632.477743685072066,2.273923356665555,103.5648781064823538,105.8388014631479088,103.5648781064823538,54917727479.22537,54591601198.071205,326126281.154165,true,true,35111045496513625095.053939737070499,34902666143702982547.2731594650731045,208379352810642547.7807802719973945,true,true,277670035378.80296,276041153848.44248,1628881530.36048,true,true,175074321847793255287.720815674501088,174029120905164411771.266506720319388,1045200942628843516.4543089541817,true,true,558564659149.8865,555245490781.22345,3319168368.66305,true,true,349599987211449610658.1501542302808742,347520949314385137190.7961203815411897,2079037897064473467.3540338487396845,true,true
2,0x8ad599c3a0ff1de082011efddc58f1908eb6e6d8,25430623,202780,1383695123462473151,11,S2_P11,188700:203880,0xc36442b4a4522e871399cd717abdd847ab11fe88:188700:203880,0xc36442b4a4522e871399cd717abdd847ab11fe88,188700,203880,12220439524574738,0.0088317428582064,15180,14080,1100,1100,805035541803.3424242424242424,0.0000005818012423,417.8533774549552895,3632.477743685072066,3.3926832609489311,82.3233430316089594,85.7160262925578905,82.3233430316089594,54917727479.22537,54432417532.701765,485309946.523605,true,true,35111045496513625095.053939737070499,34800956884461968334.3856041909547005,310088612051656760.6683355461157985,true,true,277670035378.80296,275246068362.36196,2423967016.441,true,true,175074321847793255287.720815674501088,173518968857194295146.133997546701244,1555352990598960141.586818127799844,true,true,558564659149.8865,553624918405.43985,4939740744.44665,true,true,349599987211449610658.1501542302808742,346506317667881356364.4631817108397236,3093669543568254293.6869725194411506,true,true
2,0x8ad599c3a0ff1de082011efddc58f1908eb6e6d8,25430623,202780,1383695123462473151,12,S2_P12,202080:203220,0xc36442b4a4522e871399cd717abdd847ab11fe88:202080:203220,0xc36442b4a4522e871399cd717abdd847ab11fe88,202080,203220,20747575317183047,0.0149943256757786,1140,700,440,440,18199627471213.1991228070175439,0.0000131529172595,417.8533774549552895,3632.477743685072066,4.6097674796144099,57.983808337717241,62.5935758173316509,57.983808337717241,54917727479.22537,54093771028.245905,823956450.979465,true,true,35111045496513625095.053939737070499,34584584300654181680.651118680093769,526461195859443414.40282105697673,true,true,277670035378.80296,273554559003.41416,4115476375.3888,true,true,175074321847793255287.720815674501088,172433708754742609473.895964006966604,2640613093050645813.824851667534484,true,true,558564659149.8865,550176264954.51965,8388394195.36685,true,true,349599987211449610658.1501542302808742,344348149634619820265.2389706370498951,5251837576829790392.9111835932309791,true,true
2,0x8ad599c3a0ff1de082011efddc58f1908eb6e6d8,25430623,202780,1383695123462473151,13,S2_P13,201120:203880,0xc36442b4a4522e871399cd717abdd847ab11fe88:201120:203880,0xc36442b4a4522e871399cd717abdd847ab11fe88,201120,203880,8751232459760127,0.006324538051317,2760,1660,1100,1100,3170736398463.8141304347826087,0.000002291499294,417.8533774549552895,3632.477743685072066,2.4225958570521775,58.7409225388832049,61.1635183959353824,58.7409225388832049,54917727479.22537,54570191514.246345,347535964.979025,true,true,35111045496513625095.053939737070499,34888986675954986377.6036438162914615,222058820558638717.4502959207790375,true,true,277670035378.80296,275934218301.35768,1735817077.44528,true,true,175074321847793255287.720815674501088,173960506409650070830.562591765952636,1113815438143184457.158223908548452,true,true,558564659149.8865,555027547355.68505,3537111794.20145,true,true,349599987211449610658.1501542302808742,347384478493092088149.8755087066915841,2215508718357522508.2746455235892901,true,true
2,0x8ad599c3a0ff1de082011efddc58f1908eb6e6d8,25430623,202780,1383695123462473151,14,S2_P14,196920:203880,0xc36442b4a4522e871399cd717abdd847ab11fe88:196920:203880,0xc36442b4a4522e871399cd717abdd847ab11fe88,196920,203880,6968811284255318,0.0050363777150685,6960,5860,1100,1100,1001265989117.1433908045977011,0.0000007236174878,417.8533774549552895,3632.477743685072066,1.9280893209690928,46.6904260495166161,48.6185153704857089,46.6904260495166161,54917727479.22537,54640977051.57447,276750427.6509,true,true,35111045496513625095.053939737070499,34934214457427731833.316414270301064,176831039085893261.737525466769435,true,true,277670035378.80296,276287771866.3002,1382263512.50276,true,true,175074321847793255287.720815674501088,174187362577652168493.203932873156884,886959270141086794.516882801344204,true,true,558564659149.8865,555748099099.15615,2816560050.73035,true,true,349599987211449610658.1501542302808742,347835690462491151186.0831627070824444,1764296748958459472.0669915231984298,true,true
2,0x8ad599c3a0ff1de082011efddc58f1908eb6e6d8,25430623,202780,1383695123462473151,15,S2_P15,189660:203520,0xc36442b4a4522e871399cd717abdd847ab11fe88:189660:203520,0xc36442b4a4522e871399cd717abdd847ab11fe88,189660,203520,7197443175587899,0.0052016105669126,13860,13120,740,740,519296044414.7113275613275613,0.0000003752965777,417.8533774549552895,3632.477743685072066,1.9916424047452055,33.0575874477724958,35.0492298525177013,33.0575874477724958,54917727479.22537,54631897379.00247,285830100.2229,true,true,35111045496513625095.053939737070499,34928413603608837065.9875716011198385,182631892904788029.0663681359506605,true,true,277670035378.80296,276242421711.96076,1427613666.8422,true,true,175074321847793255287.720815674501088,174158263613022541346.458694787451044,916058234770713941.262120887050044,true,true,558564659149.8865,555655677380.65325,2908981769.23325,true,true,349599987211449610658.1501542302808742,347777812234253977994.2127022714486743,1822174977195632663.9374519588321999,true,true
2,0x8ad599c3a0ff1de082011efddc58f1908eb6e6d8,25430623,202780,1383695123462473151,16,S2_P16,189000:203040,0xc36442b4a4522e871399cd717abdd847ab11fe88:189000:203040,0xc36442b4a4522e871399cd717abdd847ab11fe88,189000,203040,17892354704405077,0.0129308504460378,14040,13780,260,260,1274384238205.4898148148148148,0.000000921000744,417.8533774549552895,3632.477743685072066,4.9858240692979767,29.853047471254413,34.8388715405523897,29.853047471254413,54917727479.22537,54207164003.120565,710563476.104805,true,true,35111045496513625095.053939737070499,34657034461937307192.9997364017464345,454011034576317902.0542033353240645,true,true,277670035378.80296,274120954480.04284,3549080898.76012,true,true,175074321847793255287.720815674501088,172797093770640242102.058012631223256,2277228077153013185.662803043277832,true,true,558564659149.8865,551331180059.29405,7233479090.59245,true,true,349599987211449610658.1501542302808742,345130553709829109768.0028616422775692,4469433501620500890.147292588003305,true,true
2,0x8ad599c3a0ff1de082011efddc58f1908eb6e6d8,25430623,202780,1383695123462473151,17,S2_P17,189360:203100,0xc36442b4a4522e871399cd717abdd847ab11fe88:189360:203100,0xc36442b4a4522e871399cd717abdd847ab11fe88,189360,203100,14614777432638164,0.0105621369800502,13740,13420,320,320,1063666479813.5490538573508006,0.0000007687144818,417.8533774549552895,3632.477743685072066,4.0637672549011457,29.8614725444248326,33.9252397993259783,29.8614725444248326,54917727479.22537,54337329566.646975,580397912.578395,true,true,35111045496513625095.053939737070499,34740201625068371998.7568103596380055,370843871445253096.2971293774324935,true,true,277670035378.80296,274771119190.43484,2898916188.36812,true,true,175074321847793255287.720815674501088,173214235687983033595.573406487861192,1860086159810221692.147409186639896,true,true,558564659149.8865,552656723297.86655,5907935852.01995,true,true,349599987211449610658.1501542302808742,345910781056261910268.2023947771992196,3689206155187700389.9477594530816546,true,true
2,0x8ad599c3a0ff1de082011efddc58f1908eb6e6d8,25430623,202780,1383695123462473151,18,S2_P18,200220:203340,0xc36442b4a4522e871399cd717abdd847ab11fe88:200220:203340,0xc36442b4a4522e871399cd717abdd847ab11fe88,200220,203340,7944621019561642,0.0057415979032155,3120,2560,560,560,2546352890885.1416666666666667,0.0000018402557382,417.8533774549552895,3632.477743685072066,2.1994684531093051,27.90319781777126,30.1026662708805651,27.90319781777126,54917727479.22537,54602224623.406975,315502855.818395,true,true,35111045496513625095.053939737070499,34909453995735152221.6334506455917865,201591500778472873.4204890914787125,true,true,277670035378.80296,276094214917.60304,1575820461.19992,true,true,175074321847793255287.720815674501088,174063167218896290523.622096848505704,1011154628896964764.098718825995384,true,true,558564659149.8865,555353631705.7875,3211027444.099,true,true,349599987211449610658.1501542302808742,347588666355284613857.0522563638651181,2011320856164996801.0978978664157561,true,true
2,0x8ad599c3a0ff1de082011efddc58f1908eb6e6d8,25430623,202780,1383695123462473151,19,S2_P19,199380:203160,0xc36442b4a4522e871399cd717abdd847ab11fe88:199380:203160,0xc36442b4a4522e871399cd717abdd847ab11fe88,199380,203160,6709563632523381,0.004849018774984,3780,3400,380,380,1775016834000.8944444444444444,0.0000012828091997,417.8533774549552895,3632.477743685072066,1.8560488129622667,16.1677562905164083,18.023805103478675,16.1677562905164083,54917727479.22537,54651272563.64552,266454915.57985,true,true,35111045496513625095.053939737070499,34940792995710071714.749145537534328,170252500803553380.304794199536171,true,true,277670035378.80296,276339194838.83744,1330840539.96552,true,true,175074321847793255287.720815674501088,174220358348121951750.640108251261924,853963499671303537.080707423239164,true,true,558564659149.8865,555852895881.47885,2711763268.40765,true,true,349599987211449610658.1501542302808742,347901319319798850974.4371881699219898,1698667891650759683.7129660603588844,true,true
2,0x8ad599c3a0ff1de082011efddc58f1908eb6e6d8,25430623,202780,1383695123462473151,20,S2_P20,199800:202860,0xc36442b4a4522e871399cd717abdd847ab11fe88:199800:202860,0xc36442b4a4522e871399cd717abdd847ab11fe88,199800,202860,7060328603433641,0.0051025175153948,3060,2980,80,80,2307296929226.6800653594771242,0.0000016674893841,417.8533774549552895,3632.477743685072066,1.9535262245850146,3.6678232551728433,5.6213494797578579,3.6678232551728433,54917727479.22537,54637342619.172705,280384860.052665,true,true,35111045496513625095.053939737070499,34931892371134368344.679978564138894,179153125379256750.373961172931605,true,true,277670035378.80296,276269619025.4752,1400416353.32776,true,true,175074321847793255287.720815674501088,174403330121242619860.908361139493456,670991726550635426.812454535007632,true,true,558564659149.8865,555711104479.5982,2853554670.2883,true,true,349599987211449610658.1501542302808742,348470179972220945863.191383142832059,1129807239228664794.9587710874488152,true,true
3,0x8ad599c3a0ff1de082011efddc58f1908eb6e6d8,25420623,202665,1367804986986637512,1,S3_P1,200820:203160,0xc36442b4a4522e871399cd717abdd847ab11fe88:200820:203160,0xc36442b4a4522e871399cd717abdd847ab11fe88,200820,203160,949701618858610750,0.6943253079891634,2340,1845,495,495,405855392674619.9786324786324786,0.0002967202170894,421.74830046339338,2883.5143572657587062,696.0097635805950499,3874.752780834436026,4570.7625444150310759,3874.752780834436026,54599439012.76492,16704619429.727452,37894819583.037468,true,true,34484777029120704392.8197367946236374,10476309418386504033.4119096507155995,24008467610734200359.4078271439080379,true,true,275234559311.78656,83979623901.888705,191254935409.897855,true,true,171200669189636128395.6747301724379344,51672947651628866774.3168213011604693,119527721538007261621.3579088712774651,true,true,553273974667.3533,174418921071.12352,378855053596.22978,true,true,341567579440954455727.0717000833807031,100230064389182052241.1400722862355768,241337515051772403485.9316277971451263,true,true
3,0x8ad599c3a0ff1de082011efddc58f1908eb6e6d8,25420623,202665,1367804986986637512,2,S3_P2,198120:207240,0xc36442b4a4522e871399cd717abdd847ab11fe88:198120:207240,0xc36442b4a4522e871399cd717abdd847ab11fe88,198120,207240,22894220680805662,0.0167379274813459,9120,4545,4575,4545,2510331215000.6208333333333333,0.0000018352990659,421.74830046339338,2883.5143572657587062,6.5411996029556379,444.3136485176380476,450.8548481205936855,444.3136485176380476,54599439012.76492,53684976356.24468,914462656.52024,true,true,34484777029120704392.8197367946236374,33908167881221599513.7543611327280902,576609147899104879.0653756618955472,true,true,275234559311.78656,270673953493.686,4560605818.10056,true,true,171200669189636128395.6747301724379344,168303695710976781219.5524532828943976,2896973478659347176.1222768895435368,true,true,553273974667.3533,543929148765.0394,9344825902.3139,true,true,341567579440954455727.0717000833807031,335825198880204972954.997310897318862,5742380560749482772.0743891860618411,true,true
3,0x8ad599c3a0ff1de082011efddc58f1908eb6e6d8,25420623,202665,1367804986986637512,3,S3_P3,199140:206280,0xc36442b4a4522e871399cd717abdd847ab11fe88:199140:206280,0xc36442b4a4522e871399cd717abdd847ab11fe88,199140,206280,20626635535267928,0.0150800996717447,7140,3525,3615,3525,2888884528749.0095238095238095,0.0000021120587776,421.74830046339338,2883.5143572657587062,5.8844414338994886,321.2794453686875629,327.1638868025870515,321.2794453686875629,54599439012.76492,53775552755.051465,823886257.713455,true,true,34484777029120704392.8197367946236374,33965276851876351923.6401816869324455,519500177244352469.1795551076911919,true,true,275234559311.78656,271125619013.07492,4108940298.71164,true,true,171200669189636128395.6747301724379344,168590624772014223111.1790592893158592,2610044417621905284.4956708831220752,true,true,553273974667.3533,544855070363.8898,8418904303.4635,true,true,341567579440954455727.0717000833807031,336393792048739566427.7201500977119899,5173787392214889299.3515499856687132,true,true
3,0x8ad599c3a0ff1de082011efddc58f1908eb6e6d8,25420623,202665,1367804986986637512,4,S3_P4,197100:207420,0xc36442b4a4522e871399cd717abdd847ab11fe88:197100:207420,0xc36442b4a4522e871399cd717abdd847ab11fe88,197100,207420,14236413679360489,0.0104082188724317,10320,5565,4755,4755,1379497449550.4349806201550388,0.0000010085483404,421.74830046339338,2883.5143572657587062,4.0442473316306147,277.3576076290780794,281.4018549607086941,277.3576076290780794,54599439012.76492,54030800888.24509,568638124.51983,true,true,34484777029120704392.8197367946236374,34126216984300684488.6667988093263336,358560044820019904.1529379852973038,true,true,275234559311.78656,272398497612.69696,2836061699.0896,true,true,171200669189636128395.6747301724379344,169399218379168837845.373523893564404,1801450810467290550.3012062788735304,true,true,553273974667.3533,547463966197.28635,5810008470.06695,true,true,341567579440954455727.0717000833807031,337996331034158482203.554966532436483,3571248406795973523.5167335509442201,true,true
3,0x8ad599c3a0ff1de082011efddc58f1908eb6e6d8,25420623,202665,1367804986986637512,5,S3_P5,200040:203520,0xc36442b4a4522e871399cd717abdd847ab11fe88:200040:203520,0xc36442b4a4522e871399cd717abdd847ab11fe88,200040,203520,46078741440349043,0.0336880928778184,3480,2625,855,855,13241017655272.7135057471264368,0.0000096804864591,421.74830046339338,2883.5143572657587062,13.371590718436578,195.0536755119898833,208.4252662304264613,195.0536755119898833,54599439012.76492,52758863219.207205,1840575793.557715,true,true,34484777029120704392.8197367946236374,33324291712400739470.5578089605393312,1160485316719964922.2619278340843062,true,true,275234559311.78656,266056500770.42424,9178058541.36232,true,true,171200669189636128395.6747301724379344,165370119051338451032.057074848606404,5830550138297677363.6176553238315304,true,true,553273974667.3533,534457692133.4572,18816282533.8961,true,true,341567579440954455727.0717000833807031,330013928366105980099.0526110092006483,11553651074848475628.0190890741800548,true,true
3,0x8ad599c3a0ff1de082011efddc58f1908eb6e6d8,25420623,202665,1367804986986637512,6,S3_P6,193500:207240,0xc36442b4a4522e871399cd717abdd847ab11fe88:193500:207240,0xc36442b4a4522e871399cd717abdd847ab11fe88,193500,207240,9704960713330192,0.0070952809835201,13740,9165,4575,4575,706329018437.4229985443959243,0.0000005163959959,421.74830046339338,2883.5143572657587062,2.7487228818787979,179.975164619174553,182.7238875010533509,179.975164619174553,54599439012.76492,54211800693.755065,387638319.009855,true,true,34484777029120704392.8197367946236374,34240345079749716527.1359613290885589,244431949370987865.6837754655350785,true,true,275234559311.78656,273301172672.60088,1933386639.18568,true,true,171200669189636128395.6747301724379344,169972615929283538871.3302688117102824,1228053260352589524.344461360727652,true,true,553273974667.3533,549313621242.93355,3960353424.41975,true,true,341567579440954455727.0717000833807031,339132906285995716779.3503870347420635,2434673154958738947.7213130486386396,true,true
3,0x8ad599c3a0ff1de082011efddc58f1908eb6e6d8,25420623,202665,1367804986986637512,7,S3_P7,199440:207420,0xc36442b4a4522e871399cd717abdd847ab11fe88:199440:207420,0xc36442b4a4522e871399cd717abdd847ab11fe88,199440,207420,9186479126317939,0.00671621993904,7980,3225,4755,3225,1151187860440.8444862155388471,0.0000008416315713,421.74830046339338,2883.5143572657587062,2.6009846000580745,175.8593973860747592,178.4603819861328337,175.8593973860747592,54599439012.76492,54232510270.13967,366928742.62525,true,true,34484777029120704392.8197367946236374,34253403095152185471.5933552125423495,231373933968518921.2263815820812879,true,true,275234559311.78656,273404457899.2388,1830101412.54776,true,true,171200669189636128395.6747301724379344,170038223329173176658.7803913682154232,1162445860462951736.8943388042225112,true,true,553273974667.3533,549525236229.18525,3748738438.16805,true,true,341567579440954455727.0717000833807031,339262960662452064317.5687413084767015,2304618778502391409.5029587749040016,true,true
3,0x8ad599c3a0ff1de082011efddc58f1908eb6e6d8,25420623,202665,1367804986986637512,8,S3_P8,202080:203280,0xc36442b4a4522e871399cd717abdd847ab11fe88:202080:203280,0xc36442b4a4522e871399cd717abdd847ab11fe88,202080,203280,48995624817774724,0.0358206215680755,1200,585,615,585,40829687348145.6033333333333333,0.0000298505179734,421.74830046339338,2883.5143572657587062,10.4400481415434025,150.5309531716103307,160.9710013131537332,150.5309531716103307,54599439012.76492,52642343306.53314,1957095706.23178,true,true,34484777029120704392.8197367946236374,33250836262505729746.5282449626351826,1233940766614974646.2914918319884548,true,true,275234559311.78656,265475634516.50188,9758924795.28468,true,true,171200669189636128395.6747301724379344,165001051627844905767.5065410354541656,6199617561791222628.1681891369837688,true,true,553273974667.3533,533265479318.7173,20008495348.636,true,true,341567579440954455727.0717000833807031,329283094807265174952.9807577055196324,12284484633689280774.0909423778610707,true,true
3,0x8ad599c3a0ff1de082011efddc58f1908eb6e6d8,25420623,202665,1367804986986637512,9,S3_P9,191160:204480,0xc36442b4a4522e871399cd717abdd847ab11fe88:191160:204480,0xc36442b4a4522e871399cd717abdd847ab11fe88,191160,204480,12459358629923232,0.0091090168177936,13320,11505,1815,1815,935387284528.7711711711711712,0.0000006838601215,421.74830046339338,2883.5143572657587062,3.5352696750064105,103.2673012939500851,106.8025709689564956,103.2673012939500851,54599439012.76492,54101782036.21407,497656976.55085,true,true,34484777029120704392.8197367946236374,34170972923445627917.7252996492539642,313804105675076475.0944371453696732,true,true,275234559311.78656,272752485967.19504,2482073344.59152,true,true,171200669189636128395.6747301724379344,169624081398073804651.5017336879762304,1576587791562323744.172996484461704,true,true,553273974667.3533,548189363832.741,5084610834.6123,true,true,341567579440954455727.0717000833807031,338442032964527732945.9459309753859711,3125546476426722781.125769107994732,true,true
3,0x8ad599c3a0ff1de082011efddc58f1908eb6e6d8,25420623,202665,1367804986986637512,10,S3_P10,194760:204960,0xc36442b4a4522e871399cd717abdd847ab11fe88:194760:204960,0xc36442b4a4522e871399cd717abdd847ab11fe88,194760,204960,8212124932521760,0.0060038711736339,10200,7905,2295,2295,805110287502.1333333333333333,0.0000005886148209,421.74830046339338,2883.5143572657587062,2.3236211876719606,83.0026961055520088,85.3263172932239694,83.0026961055520088,54599439012.76492,54271428575.909385,328010436.855535,true,true,34484777029120704392.8197367946236374,34277943195378548720.4563059551631246,206833833742155672.3634308394605128,true,true,275234559311.78656,273598557596.00536,1636001715.7812,true,true,171200669189636128395.6747301724379344,170161516265570225086.0361066554358672,1039152924065903309.6386235170020672,true,true,553273974667.3533,549922901772.68115,3351072894.67215,true,true,341567579440954455727.0717000833807031,339507369931345751024.3013659448331136,2060209509608704702.7703341385475895,true,true
3,0x8ad599c3a0ff1de082011efddc58f1908eb6e6d8,25420623,202665,1367804986986637512,11,S3_P11,188700:203880,0xc36442b4a4522e871399cd717abdd847ab11fe88:188700:203880,0xc36442b4a4522e871399cd717abdd847ab11fe88,188700,203880,12220439524574738,0.0089343434486938,15180,13965,1215,1215,805035541803.3424242424242424,0.0000005885601745,421.74830046339338,2883.5143572657587062,3.4669304705909891,70.1165112581018299,73.583441728692819,70.1165112581018299,54599439012.76492,54111325189.7935,488113822.97142,true,true,34484777029120704392.8197367946236374,34176990670660657262.8829354874052208,307786358460047129.9368013072184166,true,true,275234559311.78656,272800078992.3136,2434480319.47296,true,true,171200669189636128395.6747301724379344,169654313552795290324.8989357244343056,1546355636840838070.7757944480036288,true,true,553273974667.3533,548286887515.1507,4987087152.2026,true,true,341567579440954455727.0717000833807031,338501957864222715005.7605118542021931,3065621576731740721.31118822917851,true,true
3,0x8ad599c3a0ff1de082011efddc58f1908eb6e6d8,25420623,202665,1367804986986637512,12,S3_P12,201120:203880,0xc36442b4a4522e871399cd717abdd847ab11fe88:201120:203880,0xc36442b4a4522e871399cd717abdd847ab11fe88,201120,203880,7737719511297581,0.0056570341422313,2760,1545,1215,1215,2803521562064.3409420289855072,0.0000020496500515,421.74830046339338,2883.5143572657587062,2.1762681134743738,44.1745134373536878,46.3507815508280616,44.1745134373536878,54599439012.76492,54290377559.72923,309061453.03569,true,true,34484777029120704392.8197367946236374,34289891896174831700.6833184098367396,194885132945872692.1364183847868978,true,true,275234559311.78656,273693063904.82048,1541495406.96608,true,true,171200669189636128395.6747301724379344,170221546570889761094.1782502008583912,979122618746367301.4964799715795432,true,true,553273974667.3533,550116516885.48505,3157457781.86825,true,true,341567579440954455727.0717000833807031,339626373259838991728.3451335802254696,1941206181115463998.7265665031552335,true,true
3,0x8ad599c3a0ff1de082011efddc58f1908eb6e6d8,25420623,202665,1367804986986637512,13,S3_P13,196920:203880,0xc36442b4a4522e871399cd717abdd847ab11fe88:196920:203880,0xc36442b4a4522e871399cd717abdd847ab11fe88,196920,203880,6968811284255318,0.0050948865887732,6960,5745,1215,1215,1001265989117.1433908045977011,0.0000007320239352,421.74830046339338,2883.5143572657587062,1.9702114942379411,39.7506856268543203,41.7208971210922614,39.7506856268543203,54599439012.76492,54321089702.38833,278349310.37659,true,true,34484777029120704392.8197367946236374,34309257834453304646.3835701140902684,175519194667399746.436166680533369,true,true,275234559311.78656,273846239049.19256,1388320262.594,true,true,171200669189636128395.6747301724379344,170318842937727331196.5989779505257328,881826251908797199.0757522219122016,true,true,553273974667.3533,550430317760.5923,2843656906.761,true,true,341567579440954455727.0717000833807031,339819255140200227956.5945165135785938,1748324300754227770.4771835698021093,true,true
3,0x8ad599c3a0ff1de082011efddc58f1908eb6e6d8,25420623,202665,1367804986986637512,14,S3_P14,189360:203100,0xc36442b4a4522e871399cd717abdd847ab11fe88:189360:203100,0xc36442b4a4522e871399cd717abdd847ab11fe88,189360,203100,14614777432638164,0.0106848399966983,13740,13305,435,435,1063666479813.5490538573508006,0.0000007776448324,421.74830046339338,2883.5143572657587062,4.152771472590176,31.541040964111235,35.693812436701411,31.541040964111235,54599439012.76492,54015687812.99184,583751199.77308,true,true,34484777029120704392.8197367946236374,34116686986507405801.6005626790929404,368090042613298591.219174115530697,true,true,275234559311.78656,272323128576.3318,2911430735.45476,true,true,171200669189636128395.6747301724379344,169351341366610983163.1913738655674008,1849327823025145232.4833563068705336,true,true,553273974667.3533,547309511217.28545,5964463450.06785,true,true,341567579440954455727.0717000833807031,337901436771457513334.8195944120471001,3666142669496942392.252105671333603,true,true
3,0x8ad599c3a0ff1de082011efddc58f1908eb6e6d8,25420623,202665,1367804986986637512,15,S3_P15,189660:203520,0xc36442b4a4522e871399cd717abdd847ab11fe88:189660:203520,0xc36442b4a4522e871399cd717abdd847ab11fe88,189660,203520,7197443175587899,0.0052620389924475,13860,13005,855,855,519296044414.7113275613275613,0.000000379656493,421.74830046339338,2883.5143572657587062,2.0351562783559298,29.5568327167258391,31.5919889950817689,29.5568327167258391,54599439012.76492,54311957571.544565,287481441.220355,true,true,34484777029120704392.8197367946236374,34303499113727140219.3956696168956514,181277915393564173.424067177727986,true,true,275234559311.78656,273800692908.74796,1433866403.0386,true,true,171200669189636128395.6747301724379344,170289912145633625683.8691157112304344,910757044002502711.8056144612075,true,true,553273974667.3533,550337011248.0633,2936963419.29,true,true,341567579440954455727.0717000833807031,339761902111392678080.3527306210870344,1805677329561777646.7189694622936687,true,true
3,0x8ad599c3a0ff1de082011efddc58f1908eb6e6d8,25420623,202665,1367804986986637512,16,S3_P16,200220:203340,0xc36442b4a4522e871399cd717abdd847ab11fe88:200220:203340,0xc36442b4a4522e871399cd717abdd847ab11fe88,200220,203340,7944621019561642,0.0058082994982086,3120,2445,675,675,2546352890885.1416666666666667,0.0000018616344546,421.74830046339338,2883.5143572657587062,2.2475347979500891,26.0752531651552743,28.3227879631053634,26.0752531651552743,54599439012.76492,54282113379.243715,317325633.521205,true,true,34484777029120704392.8197367946236374,34284680703037153342.0397031195181879,200096326083551050.7800336751054495,true,true,275234559311.78656,273651846979.38096,1582712332.4056,true,true,171200669189636128395.6747301724379344,170195365614108932849.4674403872449936,1005303575527195546.2072897851929408,true,true,553273974667.3533,550032076270.4287,3241898396.9246,true,true,341567579440954455727.0717000833807031,339574472272919456356.5078364854006264,1993107168034999370.5638635979800767,true,true
3,0x8ad599c3a0ff1de082011efddc58f1908eb6e6d8,25420623,202665,1367804986986637512,17,S3_P17,199380:203160,0xc36442b4a4522e871399cd717abdd847ab11fe88:199380:203160,0xc36442b4a4522e871399cd717abdd847ab11fe88,199380,203160,6709563632523381,0.0049053510524954,3780,3285,495,495,1775016834000.8944444444444444,0.0000012977119186,421.74830046339338,2883.5143572657587062,1.8965936931843961,16.3475206495226491,18.2441143427070452,16.3475206495226491,54599439012.76492,54331444697.161775,267994315.603145,true,true,34484777029120704392.8197367946236374,34315787154371438244.0271055528791122,168989874749266148.7926312417445252,true,true,275234559311.78656,273897884359.69736,1336674952.0892,true,true,171200669189636128395.6747301724379344,170351647662911049993.3318362417812736,849021526725078402.3428939306566608,true,true,553273974667.3533,550536117919.98025,2737856747.37305,true,true,341567579440954455727.0717000833807031,339884288832783114044.9685359185650083,1683290608171341682.1031641648156948,true,true
3,0x8ad599c3a0ff1de082011efddc58f1908eb6e6d8,25420623,202665,1367804986986637512,18,S3_P18,199800:202860,0xc36442b4a4522e871399cd717abdd847ab11fe88:199800:202860,0xc36442b4a4522e871399cd717abdd847ab11fe88,199800,202860,7060328603433641,0.0051617947518878,3060,2865,195,195,2307296929226.6800653594771242,0.00000168686103,421.74830046339338,2883.5143572657587062,1.9962054027282113,6.9658594949166866,8.9620648976448979,6.9658594949166866,54599439012.76492,54317434271.87876,282004740.88616,true,true,34484777029120704392.8197367946236374,34306952371241583736.1931212533233307,177824657879120656.6266155413003067,true,true,275234559311.78656,273828007694.96052,1406551616.82604,true,true,171200669189636128395.6747301724379344,170307262369349551176.0424278296209448,893406820286577219.6323023428169896,true,true,553273974667.3533,550392968841.1557,2881005826.1976,true,true,341567579440954455727.0717000833807031,339853213743033184663.2443881982430705,1714365697921271063.8273118851376326,true,true
3,0x8ad599c3a0ff1de082011efddc58f1908eb6e6d8,25420623,202665,1367804986986637512,19,S3_P19,200760:202800,0xc36442b4a4522e871399cd717abdd847ab11fe88:200760:202800,0xc36442b4a4522e871399cd717abdd847ab11fe88,200760,202800,7332111148139798,0.0053604945280196,2040,1905,135,135,3594172131441.0774509803921569,0.0000026276933961,421.74830046339338,2883.5143572657587062,2.0734189936528346,5.0397964855932174,7.113215479246052,5.0397964855932174,54599439012.76492,54306578592.71854,292860420.04638,true,true,34484777029120704392.8197367946236374,34300107624296630328.4465594044866996,184669404824074064.3731773901369378,true,true,275234559311.78656,273773865490.36372,1460693821.42284,true,true,171200669189636128395.6747301724379344,170328459581059965083.7826583219151328,872209608576163311.8920718505228016,true,true,553273974667.3533,550282051718.9972,2991922948.3561,true,true,341567579440954455727.0717000833807031,339954039566329356445.7834378737445268,1613539874625099281.2882622096361763,true,true
3,0x8ad599c3a0ff1de082011efddc58f1908eb6e6d8,25420623,202665,1367804986986637512,20,S3_P20,201360:202740,0xc36442b4a4522e871399cd717abdd847ab11fe88:201360:202740,0xc36442b4a4522e871399cd717abdd847ab11fe88,201360,202740,7159162411218593,0.0052340519879158,1380,1305,75,75,5187798848709.1253623188405797,0.0000037927912956,421.74830046339338,2883.5143572657587062,1.9582453223429339,2.7469612165952509,4.7052065389381848,2.7469612165952509,54599439012.76492,54313486601.593525,285952411.171395,true,true,34484777029120704392.8197367946236374,34304463142037806163.0196150903688958,180313887082898229.8001217042547416,true,true,275234559311.78656,273808318851.86784,1426240459.91872,true,true,171200669189636128395.6747301724379344,170550389607407321449.3239675309771264,650279582228806946.350762641460808,true,true,553273974667.3533,550352633928.36775,2921340738.98555,true,true,341567579440954455727.0717000833807031,340486934622772087289.1615195298563113,1080644818182368437.9101805535243918,true,true
4,0x8ad599c3a0ff1de082011efddc58f1908eb6e6d8,25410623,202598,1356888260172774258,1,S4_P1,200820:203160,0xc36442b4a4522e871399cd717abdd847ab11fe88:200820:203160,0xc36442b4a4522e871399cd717abdd847ab11fe88,200820,203160,949701618858610750,0.6999114420355321,2340,1778,562,562,405855392674619.9786324786324786,0.0002991074538613,422.2435156776467881,2651.5619521594718941,703.8576099813597232,4301.2652421904722414,5005.1228521718319646,4301.2652421904722414,54344483657.14975,16338045102.120384,38006438555.029366,true,true,34118036840000503651.4991497443610439,10226357839717350558.958192336422493,23891679000283153092.5409574079385509,true,true,275129866956.4686,82587124706.376525,192542742250.092075,true,true,170036958323099643313.8334079236924638,50892058018749820727.1915753771846519,119144900304349822586.6418325465078119,true,true,553700527889.49075,172644648739.72632,381055879149.76443,true,true,339450980865814474159.6858218379151736,98827214111741615878.0902543764041776,240623766754072858281.595567461510996,true,true
4,0x8ad599c3a0ff1de082011efddc58f1908eb6e6d8,25410623,202598,1356888260172774258,2,S4_P2,198120:207240,0xc36442b4a4522e871399cd717abdd847ab11fe88:198120:207240,0xc36442b4a4522e871399cd717abdd847ab11fe88,198120,207240,22894220680805662,0.0168725910252113,9120,4478,4642,4478,2510331215000.6208333333333333,0.0000018500648054,422.2435156776467881,2651.5619521594718941,6.5797575501166018,412.7919679994931811,419.3717255496097829,412.7919679994931811,54344483657.14975,53426950698.623405,917532958.526345,true,true,34118036840000503651.4991497443610439,33542630303047392011.7329552257385994,575406536953111639.7661945186224445,true,true,275129866956.4686,270561411060.24536,4568455896.22324,true,true,170036958323099643313.8334079236924638,167147799957164920824.0101519571905946,2889158365934722489.8232559665018692,true,true,553700527889.49075,544363747472.3764,9336780417.11435,true,true,339450980865814474159.6858218379151736,333724913618576190515.3302166775698085,5726067247238283644.3556051603453651,true,true
4,0x8ad599c3a0ff1de082011efddc58f1908eb6e6d8,25410623,202598,1356888260172774258,3,S4_P3,199140:206280,0xc36442b4a4522e871399cd717abdd847ab11fe88:199140:206280,0xc36442b4a4522e871399cd717abdd847ab11fe88,199140,206280,20626635535267928,0.0152014253057518,7140,3458,3682,3458,2888884528749.0095238095238095,0.0000021290511633,422.2435156776467881,2651.5619521594718941,5.9190883191882288,298.6789386079029778,304.5980269270912066,298.6789386079029778,54344483657.14975,53517831249.206415,826652407.943335,true,true,34118036840000503651.4991497443610439,33599620219814059164.3450051848658738,518416620186444487.1541445594951701,true,true,275129866956.4686,271013951119.80204,4115915836.66656,true,true,170036958323099643313.8334079236924638,167433960620433660392.391323888090592,2602997702665982921.4420840356018718,true,true,553700527889.49075,545288822628.98615,8411705260.5046,true,true,339450980865814474159.6858218379151736,334291874944767626981.2526837066477949,5159105921046847178.4331381312673787,true,true
4,0x8ad599c3a0ff1de082011efddc58f1908eb6e6d8,25410623,202598,1356888260172774258,4,S4_P4,197100:207420,0xc36442b4a4522e871399cd717abdd847ab11fe88:197100:207420,0xc36442b4a4522e871399cd717abdd847ab11fe88,197100,207420,14236413679360489,0.0104919572946616,10320,5498,4822,4822,1379497449550.4349806201550388,0.0000010166625286,422.2435156776467881,2651.5619521594718941,4.067979875070865,258.051106346885436,262.119086221956301,258.051106346885436,54344483657.14975,53773936444.38589,570547212.76386,true,true,34118036840000503651.4991497443610439,33760224345758161958.8298110500120882,357812494242341692.6693386943489557,true,true,275129866956.4686,272289179649.82068,2840687306.64792,true,true,170036958323099643313.8334079236924638,168240382349155830131.3605540752414285,1796575973943813182.4728538484510353,true,true,553700527889.49075,547895389384.6432,5805138504.84755,true,true,339450980865814474159.6858218379151736,335889835034480943405.465826955387994,3561145831333530754.2199948825271796,true,true
4,0x8ad599c3a0ff1de082011efddc58f1908eb6e6d8,25410623,202598,1356888260172774258,5,S4_P5,200040:203520,0xc36442b4a4522e871399cd717abdd847ab11fe88:200040:203520,0xc36442b4a4522e871399cd717abdd847ab11fe88,200040,203520,46078741440349043,0.0339591275072877,3480,2558,922,922,13241017655272.7135057471264368,0.0000097583699734,422.2435156776467881,2651.5619521594718941,13.4513180290282521,191.0190708124675856,204.4703888414958377,191.0190708124675856,54344483657.14975,52497727153.07484,1846756504.07491,true,true,34118036840000503651.4991497443610439,32959972236222863522.2337994828592389,1158064603777640129.265350261501805,true,true,275129866956.4686,265933791324.85556,9196075631.61304,true,true,170036958323099643313.8334079236924638,164222007067993287392.232847638203496,5814951255106355921.6005602854889678,true,true,553700527889.49075,534901469631.3443,18799058258.14645,true,true,339450980865814474159.6858218379151736,327930574951285606581.9184088141903691,11520405914528867577.7674130237248045,true,true
4,0x8ad599c3a0ff1de082011efddc58f1908eb6e6d8,25410623,202598,1356888260172774258,6,S4_P6,193500:207240,0xc36442b4a4522e871399cd717abdd847ab11fe88:193500:207240,0xc36442b4a4522e871399cd717abdd847ab11fe88,193500,207240,9704960713330192,0.007152365451297,13740,9098,4642,4642,706329018437.4229985443959243,0.0000005205506151,422.2435156776467881,2651.5619521594718941,2.76480961779906,167.563041510888631,170.327851128687691,167.563041510888631,54344483657.14975,53955543959.175035,388939697.974715,true,true,34118036840000503651.4991497443610439,33874114522166446500.8135086957819542,243922317834057150.6856410485790897,true,true,275129866956.4686,273193418333.08012,1936448623.38848,true,true,170036958323099643313.8334079236924638,168812233856147689000.0770799855241445,1224724466951954313.7563279381683193,true,true,553700527889.49075,549743444866.6216,3957083022.86915,true,true,339450980865814474159.6858218379151736,337023179851089320624.8085016979081953,2427801014725153534.8773201400069783,true,true
4,0x8ad599c3a0ff1de082011efddc58f1908eb6e6d8,25410623,202598,1356888260172774258,7,S4_P7,202080:203280,0xc36442b4a4522e871399cd717abdd847ab11fe88:202080:203280,0xc36442b4a4522e871399cd717abdd847ab11fe88,202080,203280,48995624817774724,0.0361088132721673,1200,518,682,518,40829687348145.6033333333333333,0.0000300906777268,422.2435156776467881,2651.5619521594718941,9.8549100237003904,151.7582700850625961,161.6131801087629865,151.7582700850625961,54344483657.14975,52380815826.61371,1963667830.53604,true,true,34118036840000503651.4991497443610439,32886670617197655341.3824333425087186,1231366222802848310.1167164018523253,true,true,275129866956.4686,265351487986.29216,9778378970.17644,true,true,170036958323099643313.8334079236924638,163853910012596603003.5083322827417816,6183048310503040310.3250756409506822,true,true,553700527889.49075,533710471603.6495,19990056285.84125,true,true,339450980865814474159.6858218379151736,327201907673081891663.3032355265374739,12249073192732582496.3825863113776997,true,true
4,0x8ad599c3a0ff1de082011efddc58f1908eb6e6d8,25410623,202598,1356888260172774258,8,S4_P8,191160:204480,0xc36442b4a4522e871399cd717abdd847ab11fe88:191160:204480,0xc36442b4a4522e871399cd717abdd847ab11fe88,191160,204480,12459358629923232,0.0091823026225732,13320,11438,1882,1882,935387284528.7711711711711712,0.0000006893620588,422.2435156776467881,2651.5619521594718941,3.5559947184618876,96.5777434552266536,100.1337381736885412,96.5777434552266536,54344483657.14975,53845155916.886135,499327740.263615,true,true,34118036840000503651.4991497443610439,33804887260815873244.4155738577393445,313149579184630407.0835758866216994,true,true,275129866956.4686,272643791347.36484,2486075609.10376,true,true,170036958323099643313.8334079236924638,168464639730171350696.4445081769141001,1572318592928292617.3888997467783637,true,true,553700527889.49075,548620154415.32605,5080373474.1647,true,true,339450980865814474159.6858218379151736,336334268594268763987.4846116183098165,3116712271545710172.2012102196053571,true,true
4,0x8ad599c3a0ff1de082011efddc58f1908eb6e6d8,25410623,202598,1356888260172774258,9,S4_P9,194760:204960,0xc36442b4a4522e871399cd717abdd847ab11fe88:194760:204960,0xc36442b4a4522e871399cd717abdd847ab11fe88,194760,204960,8212124932521760,0.0060521747984437,10200,7838,2362,2362,805110287502.1333333333333333,0.0000005933504704,422.2435156776467881,2651.5619521594718941,2.3372058159992274,77.3726483681811573,79.7098541841803847,77.3726483681811573,54344483657.14975,54015372034.735845,329111622.413905,true,true,34118036840000503651.4991497443610439,33911634153876255422.0277490183464864,206402686124248229.4714007260145575,true,true,275129866956.4686,273491299607.5208,1638567348.9478,true,true,170036958323099643313.8334079236924638,169000623748899289307.2851011488756935,1036334574200354006.5483067748167703,true,true,553700527889.49075,550352208073.82415,3348319815.6666,true,true,339450980865814474159.6858218379151736,337396582341565388085.2416752139018191,2054398524249086074.4441466240133545,true,true
4,0x8ad599c3a0ff1de082011efddc58f1908eb6e6d8,25410623,202598,1356888260172774258,10,S4_P10,188700:203880,0xc36442b4a4522e871399cd717abdd847ab11fe88:188700:203880,0xc36442b4a4522e871399cd717abdd847ab11fe88,188700,203880,12220439524574738,0.0090062239340317,15180,13898,1282,1282,805035541803.3424242424242424,0.0000005932953843,422.2435156776467881,2651.5619521594718941,3.4872520593245505,66.9291400350683079,70.4163920943928584,66.9291400350683079,54344483657.14975,53854731111.88837,489752545.26138,true,true,34118036840000503651.4991497443610439,33810891926047923126.0487859998806177,307144913952580525.4503637444804262,true,true,275129866956.4686,272691467168.22428,2438399788.24432,true,true,170036958323099643313.8334079236924638,168494790443431486914.7507922331114762,1542167879668156399.0826156905809876,true,true,553700527889.49075,548717593548.7293,4982934340.76145,true,true,339450980865814474159.6858218379151736,336394023082115419738.8149119915384956,3056957783699054420.870909846376678,true,true
4,0x8ad599c3a0ff1de082011efddc58f1908eb6e6d8,25410623,202598,1356888260172774258,11,S4_P11,201120:203880,0xc36442b4a4522e871399cd717abdd847ab11fe88:201120:203880,0xc36442b4a4522e871399cd717abdd847ab11fe88,201120,203880,7737719511297581,0.0057025473197862,2760,1478,1282,1282,2803521562064.3409420289855072,0.0000020661403333,422.2435156776467881,2651.5619521594718941,2.17711558008346,42.1536723065398853,44.3307878866233453,42.1536723065398853,54344483657.14975,54034384636.65422,310099020.49553,true,true,34118036840000503651.4991497443610439,33923558260425406182.627295421031672,194478579575097468.8718543233293719,true,true,275129866956.4686,273585961811.32516,1543905145.14344,true,true,170036958323099643313.8334079236924638,169060491820732529443.6601752895516487,976466502367113870.1732326341408151,true,true,553700527889.49075,550545660054.1477,3154867835.34305,true,true,339450980865814474159.6858218379151736,337515248702439179516.0209233058355859,1935732163375294643.6648985320795877,true,true
4,0x8ad599c3a0ff1de082011efddc58f1908eb6e6d8,25410623,202598,1356888260172774258,12,S4_P12,196920:203880,0xc36442b4a4522e871399cd717abdd847ab11fe88:196920:203880,0xc36442b4a4522e871399cd717abdd847ab11fe88,196920,203880,6968811284255318,0.005135877056942,6960,5678,1282,1282,1001265989117.1433908045977011,0.0000007379133703,422.2435156776467881,2651.5619521594718941,1.9817189320790183,37.9302427657372553,39.9119616978162736,37.9302427657372553,54344483657.14975,54065199889.44386,279283767.70589,true,true,34118036840000503651.4991497443610439,33942883261101811506.2580765738799959,175153578898692145.241073170481048,true,true,275129866956.4686,273739387611.99456,1390479344.47404,true,true,170036958323099643313.8334079236924638,169157524642964503025.2230075192020991,879433680135140288.6104004044903647,true,true,553700527889.49075,550859197533.1193,2841330356.37145,true,true,339450980865814474159.6858218379151736,337707584893423444068.8828015314850517,1743395972391030090.8030203064301219,true,true
4,0x8ad599c3a0ff1de082011efddc58f1908eb6e6d8,25410623,202598,1356888260172774258,13,S4_P13,189360:203100,0xc36442b4a4522e871399cd717abdd847ab11fe88:189360:203100,0xc36442b4a4522e871399cd717abdd847ab11fe88,189360,203100,14614777432638164,0.0107708039501921,13740,13238,502,502,1063666479813.5490538573508006,0.0000007839013064,422.2435156776467881,2651.5619521594718941,4.1771458906719102,33.0326043965333773,37.2097502872052875,33.0326043965333773,54344483657.14975,53758772625.118685,585711032.031065,true,true,34118036840000503651.4991497443610439,33750715074021332080.7744309072692986,367321765979171570.7247188370917453,true,true,275129866956.4686,272213676158.34016,2916190798.12844,true,true,170036958323099643313.8334079236924638,168192634454585277670.9902401875116843,1844323868514365642.8431677361807795,true,true,553700527889.49075,547741069867.2542,5959458022.23655,true,true,339450980865814474159.6858218379151736,335795211132089161648.8335206260442878,3655769733725312510.8523012118708858,true,true
4,0x8ad599c3a0ff1de082011efddc58f1908eb6e6d8,25410623,202598,1356888260172774258,14,S4_P14,189660:203520,0xc36442b4a4522e871399cd717abdd847ab11fe88:189660:203520,0xc36442b4a4522e871399cd717abdd847ab11fe88,189660,203520,7197443175587899,0.0053043742707829,13860,12938,922,922,519296044414.7113275613275613,0.0000003827109863,422.2435156776467881,2651.5619521594718941,2.0470451539227941,28.8758221997388179,30.922867353661612,28.8758221997388179,54344483657.14975,54056037099.326055,288446557.823695,true,true,34118036840000503651.4991497443610439,33937137105826997899.7386044916427298,180899734173505751.7605452527183141,true,true,275129866956.4686,273693767117.09372,1436099839.37488,true,true,170036958323099643313.8334079236924638,169128672336466124888.4196204686822786,908285986633518425.4137874550101852,true,true,553700527889.49075,550765969023.01675,2934558866.474,true,true,339450980865814474159.6858218379151736,337650394094975899048.1894072103559866,1800586770838575111.496414627559187,true,true
4,0x8ad599c3a0ff1de082011efddc58f1908eb6e6d8,25410623,202598,1356888260172774258,15,S4_P15,200220:203340,0xc36442b4a4522e871399cd717abdd847ab11fe88:200220:203340,0xc36442b4a4522e871399cd717abdd847ab11fe88,200220,203340,7944621019561642,0.0058550296680657,3120,2378,742,742,2546352890885.1416666666666667,0.0000018766120731,422.2435156776467881,2651.5619521594718941,2.2606719180593439,25.9888816396042235,28.2495535576635674,25.9888816396042235,54344483657.14975,54026092710.588815,318390946.560935,true,true,34118036840000503651.4991497443610439,33918357792906570867.8854795479109593,199679047093932783.6136701964500846,true,true,275129866956.4686,273544677107.47296,1585189848.99564,true,true,170036958323099643313.8334079236924638,169034381552873882516.4327103018912875,1002576770225760797.4006976218011763,true,true,553700527889.49075,550461290744.45005,3239237145.0407,true,true,339450980865814474159.6858218379151736,337463494729021792794.5943977219112435,1987486136792681365.0914241160039301,true,true
4,0x8ad599c3a0ff1de082011efddc58f1908eb6e6d8,25410623,202598,1356888260172774258,16,S4_P16,199380:203160,0xc36442b4a4522e871399cd717abdd847ab11fe88:199380:203160,0xc36442b4a4522e871399cd717abdd847ab11fe88,199380,203160,6709563632523381,0.0049448166289456,3780,3218,562,562,1775016834000.8944444444444444,0.0000013081525473,422.2435156776467881,2651.5619521594718941,1.9076689339765683,16.8353279795269925,18.7429969135035608,16.8353279795269925,54344483657.14975,54075589648.89511,268894008.25464,true,true,34118036840000503651.4991497443610439,33949399084491300856.4321298187181046,168637755509202795.0670199256429393,true,true,275129866956.4686,273791116827.49704,1338750128.97156,true,true,170036958323099643313.8334079236924638,169190240616132512837.880017309549415,846717706967130475.9533906141430488,true,true,553700527889.49075,550964909070.69625,2735618818.7945,true,true,339450980865814474159.6858218379151736,337772434538160085021.0991889482327142,1678546327654389138.5866328896824594,true,true
4,0x8ad599c3a0ff1de082011efddc58f1908eb6e6d8,25410623,202598,1356888260172774258,17,S4_P17,199800:202860,0xc36442b4a4522e871399cd717abdd847ab11fe88:199800:202860,0xc36442b4a4522e871399cd717abdd847ab11fe88,199800,202860,7060328603433641,0.00520332352388,3060,2798,262,262,2307296929226.6800653594771242,0.0000017004325241,422.2435156776467881,2651.5619521594718941,2.0078654947137906,8.489792861954121,10.4976583566679116,8.489792861954121,54344483657.14975,54061532186.581465,282951470.568285,true,true,34118036840000503651.4991497443610439,33940583250381093754.5994872122623668,177453589619409896.8996625320986771,true,true,275129866956.4686,273721126532.8416,1408740423.627,true,true,170036958323099643313.8334079236924638,169145975721340281855.3251786659757937,890982601759361458.5082292577166701,true,true,553700527889.49075,550821879850.7815,2878648038.70925,true,true,339450980865814474159.6858218379151736,337707219503645266626.1944882247092324,1743761362169207533.4913336132059412,true,true
4,0x8ad599c3a0ff1de082011efddc58f1908eb6e6d8,25410623,202598,1356888260172774258,18,S4_P18,189000:202860,0xc36442b4a4522e871399cd717abdd847ab11fe88:189000:202860,0xc36442b4a4522e871399cd717abdd847ab11fe88,189000,202860,6636638286730913,0.0048910720812677,13860,13598,262,262,478833931221.5665945165945166,0.0000003528912036,422.2435156776467881,2651.5619521594718941,1.8868435481857796,7.9795122646039507,9.8663558127897303,7.9795122646039507,54344483657.14975,54078512246.177155,265971410.972595,true,true,34118036840000503651.4991497443610439,33951232312366984399.7868654473654502,166804527633519251.7122842969955937,true,true,275129866956.4686,273805668035.07048,1324198921.39812,true,true,170036958323099643313.8334079236924638,169199443622500761750.7403907707736894,837514700598881563.0930171529187744,true,true,553700527889.49075,550994645174.5837,2705882714.90705,true,true,339450980865814474159.6858218379151736,337811914750886795674.4151180544689009,1639066114927678485.2707037834462727,true,true
4,0x8ad599c3a0ff1de082011efddc58f1908eb6e6d8,25410623,202598,1356888260172774258,19,S4_P19,200760:202800,0xc36442b4a4522e871399cd717abdd847ab11fe88:200760:202800,0xc36442b4a4522e871399cd717abdd847ab11fe88,200760,202800,7332111148139798,0.0054036219218274,2040,1838,202,202,3594172131441.0774509803921569,0.0000026488342754,422.2435156776467881,2651.5619521594718941,2.0855326457607858,6.8408758881977913,8.9264085339585771,6.8408758881977913,54344483657.14975,54050640061.63523,293843595.51452,true,true,34118036840000503651.4991497443610439,33933752109298831124.4826348461901257,184284730701672527.0165148981709182,true,true,275129866956.4686,273666895879.32376,1462971077.14484,true,true,170036958323099643313.8334079236924638,169111677784798988971.3767822066749052,925280538300654342.4566257170175586,true,true,553700527889.49075,550711055672.0496,2989472217.44115,true,true,339450980865814474159.6858218379151736,337671647840544172895.801858208378054,1779333025270301263.8839636295371196,true,true
4,0x8ad599c3a0ff1de082011efddc58f1908eb6e6d8,25410623,202598,1356888260172774258,20,S4_P20,201360:202740,0xc36442b4a4522e871399cd717abdd847ab11fe88:201360:202740,0xc36442b4a4522e871399cd717abdd847ab11fe88,201360,202740,7159162411218593,0.0052761620992336,1380,1238,142,142,5187798848709.1253623188405797,0.000003823305869,422.2435156776467881,2651.5619521594718941,1.9460161780197089,4.7253578943669128,6.6713740723866217,4.7253578943669128,54344483657.14975,54057571262.792695,286912394.357055,true,true,34118036840000503651.4991497443610439,33938099408354663812.9762769602574088,179937431645839838.5228727841036351,true,true,275129866956.4686,273701405561.10464,1428461395.36396,true,true,170036958323099643313.8334079236924638,169174217832382071057.6674647670221215,862740490717572256.1659431566703423,true,true,553700527889.49075,550781578716.5768,2918949172.91395,true,true,339450980865814474159.6858218379151736,337845995827583168537.403203870924103,1604985038231305622.2826179669910706,true,true
5,0x8ad599c3a0ff1de082011efddc58f1908eb6e6d8,25400623,202710,1298632638162024345,1,S5_P1,200820:203160,0xc36442b4a4522e871399cd717abdd847ab11fe88:200820:203160,0xc36442b4a4522e871399cd717abdd847ab11fe88,200820,203160,949701618858610750,0.7313089098105056,2340,1890,450,450,405855392674619.9786324786324786,0.0003125251751327,437.6428314865722177,3543.0673449855926629,746.3234911468826056,4475.6706095465040292,5221.9941006933866348,4475.6706095465040292,51720173334.02793,13950607007.55084,37769566326.47709,true,true,32837217739734506061.368887009226928,8791331041006373665.3126350644196876,24045886698728132396.0562519448072404,true,true,261466436147.50744,70759523590.24063,190706912557.26681,true,true,163182395487004336021.22810491611982,43384073024561631106.8911962450108935,119798322462442704914.3369086711089265,true,true,525271974895.77145,146990593420.716,378281381475.05545,true,true,325687017985431166606.6455752584214784,84076474040573512484.5304017927441648,241610543944857654122.1151734656773136,true,true
5,0x8ad599c3a0ff1de082011efddc58f1908eb6e6d8,25400623,202710,1298632638162024345,2,S5_P2,198120:207240,0xc36442b4a4522e871399cd717abdd847ab11fe88:198120:207240,0xc36442b4a4522e871399cd717abdd847ab11fe88,198120,207240,22894220680805662,0.0176294819705196,9120,4590,4530,4530,2510331215000.6208333333333333,0.0000019330572336,437.6428314865722177,3543.0673449855926629,6.9312159912879303,557.4653401008077735,564.3965560920957038,557.4653401008077735,51720173334.02793,50807103369.394235,913069964.633695,true,true,32837217739734506061.368887009226928,32258778859937009933.7615688655553765,578438879797496127.6073181436715515,true,true,261466436147.50744,256898674751.82636,4567761395.68108,true,true,163182395487004336021.22810491611982,160276540619105350229.6235477078264428,2905854867898985791.6045572082933772,true,true,525271974895.77145,515910558619.9656,9361416275.80585,true,true,325687017985431166606.6455752584214784,319920507508115496117.542341242359307,5766510477315670489.1032340160621714,true,true
5,0x8ad599c3a0ff1de082011efddc58f1908eb6e6d8,25400623,202710,1298632638162024345,3,S5_P3,199140:206280,0xc36442b4a4522e871399cd717abdd847ab11fe88:199140:206280,0xc36442b4a4522e871399cd717abdd847ab11fe88,199140,206280,20626635535267928,0.0158833490928282,7140,3570,3570,3570,2888884528749.0095238095238095,0.0000022245586965,437.6428314865722177,3543.0673449855926629,6.2351656800056695,404.2029585840768762,410.4381242640825457,404.2029585840768762,51720173334.02793,50897550198.248095,822623135.779835,true,true,32837217739734506061.368887009226928,32316065043994345220.248105253865837,521152695740160841.120781755361091,true,true,261466436147.50744,257351116919.62268,4115319227.88476,true,true,163182395487004336021.22810491611982,160564356504800048453.565872858290264,2618038982204287567.662232057829556,true,true,525271974895.77145,516838488573.6829,8433486322.08855,true,true,325687017985431166606.6455752584214784,320491604111457714870.135916895032153,5195413873973451736.5096583633893254,true,true
5,0x8ad599c3a0ff1de082011efddc58f1908eb6e6d8,25400623,202710,1298632638162024345,4,S5_P4,197100:207420,0xc36442b4a4522e871399cd717abdd847ab11fe88:197100:207420,0xc36442b4a4522e871399cd717abdd847ab11fe88,197100,207420,14236413679360489,0.0109626181115466,10320,5610,4710,4710,1379497449550.4349806201550388,0.0000010622691969,437.6428314865722177,3543.0673449855926629,4.2850370998407133,345.9517784391244134,350.2368155389651267,345.9517784391244134,51720173334.02793,51152423008.436885,567750325.591045,true,true,32837217739734506061.368887009226928,32477508647232651683.7000084400488765,359709092501854377.6688785691780515,true,true,261466436147.50744,258626104980.11228,2840331167.39516,true,true,163182395487004336021.22810491611982,161375440771103597890.045729548087972,1806954715900738131.182375368031848,true,true,525271974895.77145,519452603194.53935,5819371701.2321,true,true,325687017985431166606.6455752584214784,322101063976508226734.70982813534305,3585954008922939871.9357471230784284,true,true
5,0x8ad599c3a0ff1de082011efddc58f1908eb6e6d8,25400623,202710,1298632638162024345,5,S5_P5,200040:203520,0xc36442b4a4522e871399cd717abdd847ab11fe88:200040:203520,0xc36442b4a4522e871399cd717abdd847ab11fe88,200040,203520,46078741440349043,0.0354825068200696,3480,2670,810,810,13241017655272.7135057471264368,0.0000101961226494,437.6428314865722177,3543.0673449855926629,14.1716760347082763,231.9476894634563088,246.1193654981645851,231.9476894634563088,51720173334.02793,49882511085.362308,1837662248.665622,true,true,32837217739734506061.368887009226928,31673025341936686391.5031680662467712,1164192397797819669.8657189429801568,true,true,261466436147.50744,252272450581.75288,9193985565.75456,true,true,163182395487004336021.22810491611982,157333810967942490992.4699336916762868,5848584519061845028.7581712244435332,true,true,525271974895.77145,506413629721.37625,18858345174.3952,true,true,325687017985431166606.6455752584214784,314038979400432743780.252961418443606,11648038584998422826.3926138399778724,true,true
5,0x8ad599c3a0ff1de082011efddc58f1908eb6e6d8,25400623,202710,1298632638162024345,6,S5_P6,193500:207240,0xc36442b4a4522e871399cd717abdd847ab11fe88:193500:207240,0xc36442b4a4522e871399cd717abdd847ab11fe88,193500,207240,9704960713330192,0.0074732148477847,13740,9210,4530,4530,706329018437.4229985443959243,0.0000005439020995,437.6428314865722177,3543.0673449855926629,2.9122570160496381,224.04101765642501,226.9532746724746481,224.04101765642501,51720173334.02793,51333147783.00269,387025551.02524,true,true,32837217739734506061.368887009226928,32591998278501529255.64691813591894,245219461232976805.721968873307988,true,true,261466436147.50744,259530203761.18344,1936232386.324,true,true,163182395487004336021.22810491611982,161950597360061705806.7889111065207444,1231798126942630214.4391938095990756,true,true,525271974895.77145,521305571745.42165,3966403150.3498,true,true,325687017985431166606.6455752584214784,323242426537190436832.0685439421479676,2444591448240729774.5770313162735108,true,true
5,0x8ad599c3a0ff1de082011efddc58f1908eb6e6d8,25400623,202710,1298632638162024345,7,S5_P7,191160:204480,0xc36442b4a4522e871399cd717abdd847ab11fe88:191160:204480,0xc36442b4a4522e871399cd717abdd847ab11fe88,191160,204480,12459358629923232,0.0095942133778165,13320,11550,1770,1770,935387284528.7711711711711712,0.0000007202862896,437.6428314865722177,3543.0673449855926629,3.7456940354136386,127.7211340353776067,131.4668280707912453,127.7211340353776067,51720173334.02793,51223297159.104955,496876174.922975,true,true,32837217739734506061.368887009226928,32522406153695088981.7992652524479325,314811586039417079.5696217567789955,true,true,261466436147.50744,258980658691.808,2485777455.69944,true,true,163182395487004336021.22810491611982,161600994385276136071.3893794992558692,1581401101728199949.8387254168639508,true,true,525271974895.77145,520179338019.2992,5092636876.47225,true,true,325687017985431166606.6455752584214784,322548655317690144005.101158421439455,3138362667741022601.5444168369820234,true,true
5,0x8ad599c3a0ff1de082011efddc58f1908eb6e6d8,25400623,202710,1298632638162024345,8,S5_P8,194760:204960,0xc36442b4a4522e871399cd717abdd847ab11fe88:194760:204960,0xc36442b4a4522e871399cd717abdd847ab11fe88,194760,204960,8212124932521760,0.0063236705217455,10200,7950,2250,2250,805110287502.1333333333333333,0.0000006199676982,437.6428314865722177,3543.0673449855926629,2.4618303721317326,103.7160381848563409,106.1778685569880735,103.7160381848563409,51720173334.02793,51392683486.58058,327489847.44735,true,true,32837217739734506061.368887009226928,32629716869413375691.9583361421255925,207500870321130369.4105508671013355,true,true,261466436147.50744,259828044520.43624,1638391627.0712,true,true,163182395487004336021.22810491611982,162140075458349609498.761449696615462,1042320028654726522.466655219504358,true,true,525271974895.77145,521915874869.5509,3356100026.22055,true,true,325687017985431166606.6455752584214784,323618445480798563190.0637576087020548,2068572504632603416.5818176497194236,true,true
5,0x8ad599c3a0ff1de082011efddc58f1908eb6e6d8,25400623,202710,1298632638162024345,9,S5_P9,188700:203880,0xc36442b4a4522e871399cd717abdd847ab11fe88:188700:203880,0xc36442b4a4522e871399cd717abdd847ab11fe88,188700,203880,12220439524574738,0.0094102359400658,15180,14010,1170,1170,805035541803.3424242424242424,0.000000619910141,437.6428314865722177,3543.0673449855926629,3.6732790924763713,85.0849760131992089,88.7582551056755802,85.0849760131992089,51720173334.02793,51232825849.5163,487347484.51163,true,true,32837217739734506061.368887009226928,32528442546004846062.8969824806007455,308775193729659998.4719045286261825,true,true,261466436147.50744,259028327203.73292,2438108943.77452,true,true,163182395487004336021.22810491611982,161631319465955764231.8038569087380348,1551076021048571789.4242480073817852,true,true,525271974895.77145,520277037720.86315,4994937174.9083,true,true,325687017985431166606.6455752584214784,322608833100339762088.476492227277841,3078184885091404518.1690830311436374,true,true
5,0x8ad599c3a0ff1de082011efddc58f1908eb6e6d8,25400623,202710,1298632638162024345,10,S5_P10,196260:204960,0xc36442b4a4522e871399cd717abdd847ab11fe88:196260:204960,0xc36442b4a4522e871399cd717abdd847ab11fe88,196260,204960,6618462975887944,0.0050964859355877,8700,6450,2250,2250,760742870791.7177011494252874,0.0000005858029811,437.6428314865722177,3543.0673449855926629,1.9819723459270196,83.2954774117855054,85.277449757712525,83.2954774117855054,51720173334.02793,51456239152.104145,263934181.923785,true,true,32837217739734506061.368887009226928,32669983981339323581.882649554845371,167233758395182479.486237454381557,true,true,261466436147.50744,260145999368.2224,1320436779.28504,true,true,163182395487004336021.22810491611982,162342351106692965384.438395070229456,840044380311370636.789709845890364,true,true,525271974895.77145,522567323964.3762,2704650931.39525,true,true,325687017985431166606.6455752584214784,324019866065306539450.6535392024637836,1667151920124627155.9920360559576948,true,true
5,0x8ad599c3a0ff1de082011efddc58f1908eb6e6d8,25400623,202710,1298632638162024345,11,S5_P11,196920:203880,0xc36442b4a4522e871399cd717abdd847ab11fe88:196920:203880,0xc36442b4a4522e871399cd717abdd847ab11fe88,196920,203880,6968811284255318,0.0053662683960557,6960,5790,1170,1170,1001265989117.1433908045977011,0.0000007710155741,437.6428314865722177,3543.0673449855926629,2.0873760906475473,48.2362500357660572,50.3236261264136045,48.2362500357660572,51720173334.02793,51442267254.41922,277906079.60871,true,true,32837217739734506061.368887009226928,32661131600098785109.934992019401119,176086139635720951.433894989825809,true,true,261466436147.50744,260076100605.64924,1390335541.8582,true,true,163182395487004336021.22810491611982,162297883236880329115.209871829718606,884512250124006906.018233086401214,true,true,525271974895.77145,522424116782.02605,2847858113.7454,true,true,325687017985431166606.6455752584214784,323931617881559205427.3938159343450894,1755400103871961179.251759324076389,true,true
5,0x8ad599c3a0ff1de082011efddc58f1908eb6e6d8,25400623,202710,1298632638162024345,12,S5_P12,196980:203760,0xc36442b4a4522e871399cd717abdd847ab11fe88:196980:203760,0xc36442b4a4522e871399cd717abdd847ab11fe88,196980,203760,6180004249462650,0.0047588548661531,6780,5730,1050,1050,911505051543.163716814159292,0.000000701895998,437.6428314865722177,3543.0673449855926629,1.8501296630406616,38.5981442540050325,40.4482739170456941,38.5981442540050325,51720173334.02793,51473724799.104485,246448534.923445,true,true,32837217739734506061.368887009226928,32681062500314063494.7652445819347945,156155239420442566.6036424272921335,true,true,261466436147.50744,260233476530.077,1232959617.43044,true,true,163182395487004336021.22810491611982,162398002206093160260.0815492287139096,784393280911175761.1465556874059104,true,true,525271974895.77145,522746541365.32595,2525433530.4455,true,true,325687017985431166606.6455752584214784,324130308456676624628.407230062727423,1556709528754541978.2383451956940554,true,true
5,0x8ad599c3a0ff1de082011efddc58f1908eb6e6d8,25400623,202710,1298632638162024345,13,S5_P13,189360:203100,0xc36442b4a4522e871399cd717abdd847ab11fe88:189360:203100,0xc36442b4a4522e871399cd717abdd847ab11fe88,189360,203100,14563870388647120,0.0112147731087828,13740,13350,390,390,1059961454777.8107714701601164,0.0000008162134723,437.6428314865722177,3543.0673449855926629,4.3845618189238563,35.2282268830249226,39.6127887019487789,35.2282268830249226,51720173334.02793,51139362917.009335,580810417.018595,true,true,32837217739734506061.368887009226928,32469235262359400564.8369926429929355,367982477375105496.5318943662339925,true,true,261466436147.50744,258560771137.17148,2905665010.33596,true,true,163182395487004336021.22810491611982,161333878212276812321.4739302887265912,1848517274727523699.7541746273932288,true,true,525271974895.77145,519318677573.06485,5953297322.7066,true,true,325687017985431166606.6455752584214784,322018610300831593559.6243315585966224,3668407684599573047.021243699824856,true,true
5,0x8ad599c3a0ff1de082011efddc58f1908eb6e6d8,25400623,202710,1298632638162024345,14,S5_P14,189660:203520,0xc36442b4a4522e871399cd717abdd847ab11fe88:189660:203520,0xc36442b4a4522e871399cd717abdd847ab11fe88,189660,203520,7197443175587899,0.0055423242602115,13860,13050,810,810,519296044414.7113275613275613,0.0000003998790953,437.6428314865722177,3543.0673449855926629,2.1561875253388125,35.1556052088936997,37.3117927342325122,35.1556052088936997,51720173334.02793,51433149385.97965,287023948.04828,true,true,32837217739734506061.368887009226928,32655354880355504784.1495107866296335,181862859379001277.2193762225972945,true,true,261466436147.50744,260030485841.42664,1435950306.0808,true,true,163182395487004336021.22810491611982,162268863961960128149.8323727681822212,913531525044207871.3957321479375988,true,true,525271974895.77145,522330660109.8771,2941314785.89435,true,true,325687017985431166606.6455752584214784,323874028584368267405.8821091070275844,1812989401062899200.763466151393894,true,true
5,0x8ad599c3a0ff1de082011efddc58f1908eb6e6d8,25400623,202710,1298632638162024345,15,S5_P15,200220:203340,0xc36442b4a4522e871399cd717abdd847ab11fe88:200220:203340,0xc36442b4a4522e871399cd717abdd847ab11fe88,200220,203340,7944621019561642,0.0061176816184181,3120,2490,630,630,2546352890885.1416666666666667,0.0000019607953905,437.6428314865722177,3543.0673449855926629,2.3812125192202535,30.4993705031021035,32.880583022322357,30.4993705031021035,51720173334.02793,51403351691.66145,316821642.36648,true,true,32837217739734506061.368887009226928,32636475977097299719.869384026315898,200741762637206341.49950298291103,true,true,261466436147.50744,259881414945.37624,1585021202.1312,true,true,163182395487004336021.22810491611982,162174028513126390661.5138456497551804,1008366973877945359.7142592663646396,true,true,525271974895.77145,522025229125.1672,3246745770.60425,true,true,325687017985431166606.6455752584214784,323685825468612435049.2428239817625512,2001192516818731557.4027512766589272,true,true
5,0x8ad599c3a0ff1de082011efddc58f1908eb6e6d8,25400623,202710,1298632638162024345,16,S5_P16,199380:203160,0xc36442b4a4522e871399cd717abdd847ab11fe88:199380:203160,0xc36442b4a4522e871399cd717abdd847ab11fe88,199380,203160,6709563632523381,0.0051666371499946,3780,3330,450,450,1775016834000.8944444444444444,0.0000013668352249,437.6428314865722177,3543.0673449855926629,2.0093756164517871,18.5925338809788095,20.6019094974305966,18.5925338809788095,51720173334.02793,51452606058.41477,267567275.61316,true,true,32837217739734506061.368887009226928,32667681915859993541.7167734914703095,169535823874512519.6521135177566185,true,true,261466436147.50744,260127823644.89048,1338612502.61696,true,true,163182395487004336021.22810491611982,162330788024418377905.3936694113059828,851607462585958115.8344355048138372,true,true,525271974895.77145,522530086367.9668,2741888527.80465,true,true,325687017985431166606.6455752584214784,323996918900208577053.544634052482973,1690099085222589553.1009412059385054,true,true
5,0x8ad599c3a0ff1de082011efddc58f1908eb6e6d8,25400623,202710,1298632638162024345,17,S5_P17,199800:202860,0xc36442b4a4522e871399cd717abdd847ab11fe88:199800:202860,0xc36442b4a4522e871399cd717abdd847ab11fe88,199800,202860,7060328603433641,0.0054367404575833,3060,2910,150,150,2307296929226.6800653594771242,0.0000017767125678,437.6428314865722177,3543.0673449855926629,2.114917567161438,6.6712120568027289,8.7861296239641669,6.6712120568027289,51720173334.02793,51438617542.229485,281555791.798445,true,true,32837217739734506061.368887009226928,32658819313658627034.7197765147817845,178398426075879026.6491104944451435,true,true,261466436147.50744,260057842023.60328,1408594123.90416,true,true,163182395487004336021.22810491611982,162325196895668795207.2041907697543616,857198591335540814.0239141463654584,true,true,525271974895.77145,522386708027.8263,2885266867.94515,true,true,325687017985431166606.6455752584214784,324032252749747522432.0709620676297714,1654765235683644174.574613190791707,true,true
5,0x8ad599c3a0ff1de082011efddc58f1908eb6e6d8,25400623,202710,1298632638162024345,18,S5_P18,189000:202860,0xc36442b4a4522e871399cd717abdd847ab11fe88:189000:202860,0xc36442b4a4522e871399cd717abdd847ab11fe88,189000,202860,6636638286730913,0.0051104816648716,13860,13710,150,150,478833931221.5665945165945166,0.0000003687216208,437.6428314865722177,3543.0673449855926629,1.9874392612397803,6.2704921105442613,8.2579313717840416,6.2704921105442613,51720173334.02793,51455514318.42355,264659015.60438,true,true,32837217739734506061.368887009226928,32669524623092696094.942241571357571,167693116641809966.426645437869357,true,true,261466436147.50744,260142373083.80732,1324063063.70012,true,true,163182395487004336021.22810491611982,162376578538279964879.895155622812264,805816948724371141.332949293307556,true,true,525271974895.77145,522559894715.87515,2712080179.8963,true,true,325687017985431166606.6455752584214784,324131716141858217244.099304184043254,1555301843572949362.5462710743782244,true,true
5,0x8ad599c3a0ff1de082011efddc58f1908eb6e6d8,25400623,202710,1298632638162024345,19,S5_P19,200760:202800,0xc36442b4a4522e871399cd717abdd847ab11fe88:200760:202800,0xc36442b4a4522e871399cd717abdd847ab11fe88,200760,202800,7332111148139798,0.0056460240815425,2040,1950,90,90,3594172131441.0774509803921569,0.0000027676588635,437.6428314865722177,3543.0673449855926629,2.1967284254619544,4.1691958789856335,6.3659243044475879,4.1691958789856335,51720173334.02793,51427778805.95132,292394528.07661,true,true,32837217739734506061.368887009226928,32651951849416980302.403788971695489,185265890317525758.965098037531439,true,true,261466436147.50744,260003618133.52148,1462818013.98596,true,true,163182395487004336021.22810491611982,162462289847148170595.9966735883732448,720105639856165425.2314313277465752,true,true,525271974895.77145,522275611929.7181,2996362966.05335,true,true,325687017985431166606.6455752584214784,324409469439997297619.2894424069131532,1277548545433868987.3561328515083252,true,true
5,0x8ad599c3a0ff1de082011efddc58f1908eb6e6d8,25400623,202710,1298632638162024345,20,S5_P20,201360:202740,0xc36442b4a4522e871399cd717abdd847ab11fe88:201360:202740,0xc36442b4a4522e871399cd717abdd847ab11fe88,201360,202740,7159162411218593,0.0055128465131995,1380,1350,30,30,5187798848709.1253623188405797,0.0000039948163139,437.6428314865722177,3543.0673449855926629,2.0815955519540112,1.3447094748136968,3.426305026767708,2.0815955519540112,51720173334.02793,51434676037.897425,285497296.130505,true,true,32837217739734506061.368887009226928,32656927234076089451.1700170422049615,180290505658416610.1988699670219665,true,true,261466436147.50744,260038123514.5424,1428312632.96504,true,true,163182395487004336021.22810491611982,162789584552650755617.479351148547814,392810934353580403.748753767572006,true,true,525271974895.77145,522346308104.567,2925666791.20445,true,true,325687017985431166606.6455752584214784,325198498649242007522.0848551019474264,488519336189159084.560720156474052,true,true
6,0x8ad599c3a0ff1de082011efddc58f1908eb6e6d8,25390623,202439,1346592497590081610,1,S6_P1,200820:203160,0xc36442b4a4522e871399cd717abdd847ab11fe88:200820:203160,0xc36442b4a4522e871399cd717abdd847ab11fe88,200820,203160,949701618858610750,0.70526281748802,2340,1619,721,721,405855392674619.9786324786324786,0.0003013943664479,425.0207255018292182,2042.4669272889284879,704.1994378852952953,4758.1135196993519404,5462.3129575846472357,4758.1135196993519404,54362594857.998525,16034421015.428884,38328173842.569641,true,true,33572507240508243973.14310832201509,9880247235174063736.128435457599156,23692260005334180237.014672864415934,true,true,273730443173.93308,80532468063.9077,193197975110.02538,true,true,166381455862061136246.4901913755937877,48592377997665686497.8628961582593775,117789077864395449748.6272952173344102,true,true,549661687236.6069,165396464680.55308,384265222556.05382,true,true,331524173804801605042.4175268464955292,92328884836833636744.3563547947810139,239195288967967968298.0611720517145153,true,true
6,0x8ad599c3a0ff1de082011efddc58f1908eb6e6d8,25390623,202439,1346592497590081610,2,S6_P2,198120:207240,0xc36442b4a4522e871399cd717abdd847ab11fe88:198120:207240,0xc36442b4a4522e871399cd717abdd847ab11fe88,198120,207240,22894220680805662,0.0170015953020517,9120,4319,4801,4319,2510331215000.6208333333333333,0.0000018642100112,425.0207255018292182,2042.4669272889284879,7.3742918809584309,331.94230029854879,339.3165921795072209,331.94230029854879,54362594857.998525,53437739558.316265,924855299.68226,true,true,33572507240508243973.14310832201509,33001376719796994072.026099885432175,571130520711249901.117008436582915,true,true,273730443173.93308,269100795833.2694,4629647340.66368,true,true,166381455862061136246.4901913755937877,163512043971599247152.2420473927013318,2869411890461889094.2481439828924559,true,true,549661687236.6069,540217914313.42165,9443772923.18525,true,true,331524173804801605042.4175268464955292,325841706093036805469.6262022224171556,5682467711764799572.7913246240783736,true,true
6,0x8ad599c3a0ff1de082011efddc58f1908eb6e6d8,25390623,202439,1346592497590081610,3,S6_P3,199140:206280,0xc36442b4a4522e871399cd717abdd847ab11fe88:199140:206280,0xc36442b4a4522e871399cd717abdd847ab11fe88,199140,206280,20626635535267928,0.0153176522015251,7140,3299,3841,3299,2888884528749.0095238095238095,0.00000214532944,425.0207255018292182,2042.4669272889284879,6.6227236083092281,241.4560952867982535,248.0788188951074816,241.4560952867982535,54362594857.998525,53529345395.68736,833249462.311165,true,true,33572507240508243973.14310832201509,33057944549384776890.6082485582927425,514562691123467082.5348597637223475,true,true,273730443173.93308,269559335833.95332,4171107339.97976,true,true,166381455862061136246.4901913755937877,163796220450220439098.7612314564091195,2585235411840697147.7289599191846682,true,true,549661687236.6069,541153744083.0631,8507943153.5438,true,true,331524173804801605042.4175268464955292,326404339669581253346.124399074240376,5119834135220351696.2931277722551532,true,true
6,0x8ad599c3a0ff1de082011efddc58f1908eb6e6d8,25390623,202439,1346592497590081610,4,S6_P4,197100:207420,0xc36442b4a4522e871399cd717abdd847ab11fe88:197100:207420,0xc36442b4a4522e871399cd717abdd847ab11fe88,197100,207420,14236413679360489,0.0105721765900512,10320,5339,4981,4981,1379497449550.4349806201550388,0.0000010244357161,425.0207255018292182,2042.4669272889284879,4.5303736098363845,207.9763553880378443,212.5067289978742288,207.9763553880378443,54362594857.998525,53787494458.131645,575100399.86688,true,true,33572507240508243973.14310832201509,33217358313816477581.166839895277275,355148926691766391.976268426737815,true,true,273730443173.93308,270851545244.00164,2878897929.93144,true,true,166381455862061136246.4901913755937877,164597084242613239600.6410133989768167,1784371619447896645.849177976616971,true,true,549661687236.6069,543790432726.09305,5871254510.51385,true,true,331524173804801605042.4175268464955292,327990116854048941088.2689099020041924,3534056950752663954.1486169444913368,true,true
6,0x8ad599c3a0ff1de082011efddc58f1908eb6e6d8,25390623,202439,1346592497590081610,5,S6_P5,200040:203520,0xc36442b4a4522e871399cd717abdd847ab11fe88:200040:203520,0xc36442b4a4522e871399cd717abdd847ab11fe88,200040,203520,46078741440349043,0.0342187718428652,3480,2399,1081,1081,13241017655272.7135057471264368,0.0000098329804146,425.0207255018292182,2042.4669272889284879,15.3462256466339217,167.9584136725864392,183.3046393192203609,167.9584136725864392,54362594857.998525,52501099957.16915,1861494900.829375,true,true,33572507240508243973.14310832201509,32423004395819383484.1502191680396825,1149502844688860488.9928891539754075,true,true,273730443173.93308,264412622765.23252,9317820408.70056,true,true,166381455862061136246.4901913755937877,160606912244517695137.6667075288247674,5774543617543441108.8234838467690203,true,true,549661687236.6069,530643723267.32185,19017963969.28505,true,true,331524173804801605042.4175268464955292,320091799638743505215.0551674466506324,11432374166058099827.3623593998448968,true,true
6,0x8ad599c3a0ff1de082011efddc58f1908eb6e6d8,25390623,202439,1346592497590081610,6,S6_P6,193500:207240,0xc36442b4a4522e871399cd717abdd847ab11fe88:193500:207240,0xc36442b4a4522e871399cd717abdd847ab11fe88,193500,207240,9704960713330192,0.0072070509309228,13740,8939,4801,4801,706329018437.4229985443959243,0.0000005245306354,425.0207255018292182,2042.4669272889284879,3.0690732871903881,135.3305608270046627,138.3996341141950508,135.3305608270046627,54362594857.998525,53970551287.061165,392043570.93736,true,true,33572507240508243973.14310832201509,33330402259629069351.69423359796942,242104980879174621.44887472404567,true,true,273730443173.93308,271767889973.488,1962553200.44508,true,true,166381455862061136246.4901913755937877,165165024749067141178.2930900822725581,1216431112993995068.1971012933212296,true,true,549661687236.6069,545659682046.34505,4002005190.26185,true,true,331524173804801605042.4175268464955292,329114832503724354652.9818481975597212,2409341301077250389.435678648935808,true,true
6,0x8ad599c3a0ff1de082011efddc58f1908eb6e6d8,25390623,202439,1346592497590081610,7,S6_P7,191160:204480,0xc36442b4a4522e871399cd717abdd847ab11fe88:191160:204480,0xc36442b4a4522e871399cd717abdd847ab11fe88,191160,204480,12459358629923232,0.0092525085742131,13320,11279,2041,2041,935387284528.7711711711711712,0.0000006946327758,425.0207255018292182,2042.4669272889284879,3.9551206220304068,79.5994199664641604,83.5545405884945672,79.5994199664641604,54362594857.998525,53859282297.635955,503312560.36257,true,true,33572507240508243973.14310832201509,33261689761980330592.7484092929560375,310817478527913380.3946990290590525,true,true,273730443173.93308,271210898088.29408,2519545085.639,true,true,166381455862061136246.4901913755937877,164819805127325486753.9367808544444282,1561650734735649492.5534105211493595,true,true,549661687236.6069,544523525593.6854,5138161642.9215,true,true,331524173804801605042.4175268464955292,328431165523509662866.7146461546116952,3093008281291942175.702880691883834,true,true
6,0x8ad599c3a0ff1de082011efddc58f1908eb6e6d8,25390623,202439,1346592497590081610,8,S6_P8,194760:204960,0xc36442b4a4522e871399cd717abdd847ab11fe88:194760:204960,0xc36442b4a4522e871399cd717abdd847ab11fe88,194760,204960,8212124932521760,0.0060984484520882,10200,7679,2521,2521,805110287502.1333333333333333,0.0000005978871031,425.0207255018292182,2042.4669272889284879,2.5916598430260024,63.4355114558123156,66.027171298838318,63.4355114558123156,54362594857.998525,54030856815.739575,331738042.25895,true,true,33572507240508243973.14310832201509,33367643489368045191.3909910274562925,204863751140198781.7521172945587975,true,true,273730443173.93308,272069771076.33228,1660672097.6008,true,true,166381455862061136246.4901913755937877,165352131640209091235.4454786081701988,1029324221852045011.0447127674235889,true,true,549661687236.6069,546275396985.2325,3386290251.3744,true,true,331524173804801605042.4175268464955292,329485393734227751453.462972794464554,2038780070573853588.9545540520309752,true,true
6,0x8ad599c3a0ff1de082011efddc58f1908eb6e6d8,25390623,202439,1346592497590081610,9,S6_P9,188700:203880,0xc36442b4a4522e871399cd717abdd847ab11fe88:188700:203880,0xc36442b4a4522e871399cd717abdd847ab11fe88,188700,203880,12073149088894465,0.008965703514984,15180,13739,1441,1441,795332614551.677536231884058,0.000000590626055,425.0207255018292182,2042.4669272889284879,3.8304752923547964,55.7272695843421874,59.5577448766969838,55.7272695843421874,54362594857.998525,53874883992.72075,487710865.277775,true,true,33572507240508243973.14310832201509,33271324582171978308.8548434189062025,301182658336265664.2882649031088875,true,true,273730443173.93308,271288996858.4086,2441446315.52448,true,true,166381455862061136246.4901913755937877,164868209874124761101.1290725209268527,1513245987936375145.361118854666935,true,true,549661687236.6069,544682841403.35895,4978845833.24795,true,true,331524173804801605042.4175268464955292,328527022537750434625.6210236048176264,2997151267051170416.7965032416779028,true,true
6,0x8ad599c3a0ff1de082011efddc58f1908eb6e6d8,25390623,202439,1346592497590081610,10,S6_P10,196260:204960,0xc36442b4a4522e871399cd717abdd847ab11fe88:196260:204960,0xc36442b4a4522e871399cd717abdd847ab11fe88,196260,204960,6618462975887944,0.0049149709267894,8700,6179,2521,2521,760742870791.7177011494252874,0.000000564939187,425.0207255018292182,2042.4669272889284879,2.0841607493522322,50.9926839680527146,53.0768447174049468,50.9926839680527146,54362594857.998525,54095235127.61484,267359730.383685,true,true,33572507240508243973.14310832201509,33407399363380753086.67548091683626,165107877127490886.46762740517883,true,true,273730443173.93308,272392042268.00636,1338400905.92672,true,true,166381455862061136246.4901913755937877,165551878413874176911.0555196033552394,829577448186959335.4346717722385483,true,true,549661687236.6069,546932649500.94885,2729037735.65805,true,true,331524173804801605042.4175268464955292,329881002228800950965.2241002814145404,1643171576000654077.1934265650809888,true,true
6,0x8ad599c3a0ff1de082011efddc58f1908eb6e6d8,25390623,202439,1346592497590081610,11,S6_P11,189360:203100,0xc36442b4a4522e871399cd717abdd847ab11fe88:189360:203100,0xc36442b4a4522e871399cd717abdd847ab11fe88,189360,203100,14563870388647120,0.0108153509058689,13740,13079,661,661,1059961454777.8107714701601164,0.0000007871434429,425.0207255018292182,2042.4669272889284879,4.636685722967094,32.6740548592815868,37.3107405822486808,32.6740548592815868,54362594857.998525,53774266126.36492,588328731.633605,true,true,33572507240508243973.14310832201509,33209189892735964267.494976082008685,363317347772279705.648132240006405,true,true,273730443173.93308,270785327669.46788,2945115504.4652,true,true,166381455862061136246.4901913755937877,164556044135646406204.708452131491739,1825411726414730041.7817392441020487,true,true,549661687236.6069,543655339425.8968,6006347810.7101,true,true,331524173804801605042.4175268464955292,327908847874423453503.4240754258310356,3615325930378151538.9934514206644936,true,true
6,0x8ad599c3a0ff1de082011efddc58f1908eb6e6d8,25390623,202439,1346592497590081610,12,S6_P12,196920:203880,0xc36442b4a4522e871399cd717abdd847ab11fe88:196920:203880,0xc36442b4a4522e871399cd717abdd847ab11fe88,196920,203880,6968811284255318,0.0051751448910691,6960,5519,1441,1441,1001265989117.1433908045977011,0.0000007435553004,425.0207255018292182,2042.4669272889284879,2.1955382556855199,31.9970006787179805,34.1925389344035004,31.9970006787179805,54362594857.998525,54081082316.359155,281512541.63937,true,true,33572507240508243973.14310832201509,33398659675517319992.4994164964345775,173847564990923980.6436918255805125,true,true,273730443173.93308,272321194559.75924,1409248614.17384,true,true,166381455862061136246.4901913755937877,165507966107653077367.3859385433075491,873489754408058879.1042528322862386,true,true,549661687236.6069,546788164317.10545,2873522919.50145,true,true,331524173804801605042.4175268464955292,329794030486895276245.6920182181707212,1730143317906328796.725508628324808,true,true
6,0x8ad599c3a0ff1de082011efddc58f1908eb6e6d8,25390623,202439,1346592497590081610,13,S6_P13,189660:203520,0xc36442b4a4522e871399cd717abdd847ab11fe88:189660:203520,0xc36442b4a4522e871399cd717abdd847ab11fe88,189660,203520,7197443175587899,0.0053449303991139,13860,12779,1081,1081,519296044414.7113275613275613,0.0000003856371139,425.0207255018292182,2042.4669272889284879,2.2682792467758764,25.3410492588975179,27.6093285056733943,25.3410492588975179,54362594857.998525,54071846403.65495,290748454.343575,true,true,33572507240508243973.14310832201509,33392956490612579903.63617717975911,179550749895664069.50693114225598,true,true,273730443173.93308,272274960424.5134,1455482749.41968,true,true,166381455862061136246.4901913755937877,165479309769344703252.7425560895211116,902146092716432993.7476352860726761,true,true,549661687236.6069,546693874143.6849,2967813092.922,true,true,331524173804801605042.4175268464955292,329737274591927514230.9303262755782892,1786899212874090811.48720057091724,true,true
6,0x8ad599c3a0ff1de082011efddc58f1908eb6e6d8,25390623,202439,1346592497590081610,14,S6_P14,200220:203340,0xc36442b4a4522e871399cd717abdd847ab11fe88:200220:203340,0xc36442b4a4522e871399cd717abdd847ab11fe88,200220,203340,7944621019561642,0.0058997959915711,3120,2219,901,901,2546352890885.1416666666666667,0.0000018909602537,425.0207255018292182,2042.4669272889284879,2.5063183875414638,23.6774158461620369,26.1837342337035007,23.6774158461620369,54362594857.998525,54041663046.90404,320931811.094485,true,true,33572507240508243973.14310832201509,33374316500283398380.585870416051255,198190740224845592.557237905963835,true,true,273730443173.93308,272123865796.17368,1606577377.7594,true,true,166381455862061136246.4901913755937877,165385659917172095151.2102088322832723,995795944889041095.2799825433105154,true,true,549661687236.6069,546385723476.2432,3275963760.3637,true,true,331524173804801605042.4175268464955292,329551797074857167849.066125312173474,1972376729944437193.3514015343220552,true,true
6,0x8ad599c3a0ff1de082011efddc58f1908eb6e6d8,25390623,202439,1346592497590081610,15,S6_P15,191880:202500,0xc36442b4a4522e871399cd717abdd847ab11fe88:191880:202500,0xc36442b4a4522e871399cd717abdd847ab11fe88,191880,202500,26626064536785294,0.0197729191157952,10620,10559,61,61,2507162385761.3271186440677966,0.0000018618567906,425.0207255018292182,2042.4669272889284879,8.6217543139328646,5.8984274861143994,14.520181800047264,8.6217543139328646,54362594857.998525,53286979444.0661,1075615413.932425,true,true,33572507240508243973.14310832201509,32908280312501895854.64329630231389,664226928006348118.4998120197012,true,true,273730443173.93308,268346164199.89624,5384278974.03684,true,true,166381455862061136246.4901913755937877,164254922312717698928.317824986962149,2126533549343437318.1723663886316387,true,true,549661687236.6069,538677562677.71085,10984124558.89605,true,true,331524173804801605042.4175268464955292,328162564834589019520.2951990888681376,3361608970212585522.1223277576273916,true,true
6,0x8ad599c3a0ff1de082011efddc58f1908eb6e6d8,25390623,202439,1346592497590081610,16,S6_P16,199800:202860,0xc36442b4a4522e871399cd717abdd847ab11fe88:199800:202860,0xc36442b4a4522e871399cd717abdd847ab11fe88,199800,202860,7637037776320876,0.0056713800128758,3060,2639,421,421,2495763979189.8287581699346405,0.0000018533921611,425.0207255018292182,2042.4669272889284879,2.4082680151540943,11.1484814310566257,13.55674944621072,11.1484814310566257,54362594857.998525,54054088335.004575,308506522.99395,true,true,33572507240508243973.14310832201509,33381989838810216375.933111789066355,190517401698027597.209996532948735,true,true,273730443173.93308,272186065380.88704,1544377793.04604,true,true,166381455862061136246.4901913755937877,165424211847774892580.6362100331910379,957244014286243665.8539813424027498,true,true,549661687236.6069,546512578088.4942,3149109148.1127,true,true,331524173804801605042.4175268464955292,329628150276084419210.1874241799951668,1896023528717185832.2301026665003624,true,true
6,0x8ad599c3a0ff1de082011efddc58f1908eb6e6d8,25390623,202439,1346592497590081610,17,S6_P17,189000:202860,0xc36442b4a4522e871399cd717abdd847ab11fe88:189000:202860,0xc36442b4a4522e871399cd717abdd847ab11fe88,189000,202860,6636638286730913,0.0049284681881179,13860,13439,421,421,478833931221.5665945165945166,0.0000003555893354,425.0207255018292182,2042.4669272889284879,2.0899361418088815,9.6846794729287465,11.774615614737628,9.6846794729287465,54362594857.998525,54094500910.751075,268093947.24745,true,true,33572507240508243973.14310832201509,33406946122020276887.3677191071573925,165561118487967085.7753892148576975,true,true,273730443173.93308,272388366843.3282,1342076330.60488,true,true,166381455862061136246.4901913755937877,165549600399624952318.9577251250537688,831855462436183927.5324662505400189,true,true,549661687236.6069,546925153985.69695,2736533250.90995,true,true,331524173804801605042.4175268464955292,329876490266933762431.9606815644268184,1647683537867842610.4568452820687108,true,true
6,0x8ad599c3a0ff1de082011efddc58f1908eb6e6d8,25390623,202439,1346592497590081610,18,S6_P18,200760:202800,0xc36442b4a4522e871399cd717abdd847ab11fe88:200760:202800,0xc36442b4a4522e871399cd717abdd847ab11fe88,200760,202800,7332111148139798,0.0054449368767921,2040,1679,361,361,3594172131441.0774509803921569,0.0000026690867043,425.0207255018292182,2042.4669272889284879,2.2970162135724784,9.2462825590981404,11.5432987726706188,9.2462825590981404,54362594857.998525,54066406295.501445,296188562.49708,true,true,33572507240508243973.14310832201509,33389596470379717251.5703087010484675,182910770128526721.5727996209666225,true,true,273730443173.93308,272247727811.782,1482715362.15108,true,true,166381455862061136246.4901913755937877,165462430627128453074.8283438843485217,919025234932683171.661847491245266,true,true,549661687236.6069,546638335301.52315,3023351935.08375,true,true,331524173804801605042.4175268464955292,329704378076502859445.687456964046396,1819795728298745596.7300698824491332,true,true
6,0x8ad599c3a0ff1de082011efddc58f1908eb6e6d8,25390623,202439,1346592497590081610,19,S6_P19,201360:202740,0xc36442b4a4522e871399cd717abdd847ab11fe88:201360:202740,0xc36442b4a4522e871399cd717abdd847ab11fe88,201360,202740,7159162411218593,0.0053165025232436,1380,1079,301,301,5187798848709.1253623188405797,0.0000038525380603,425.0207255018292182,2042.4669272889284879,2.0145992448238598,7.5865748985832113,9.6011741434070711,7.5865748985832113,54362594857.998525,54073392810.332915,289202047.66561,true,true,33572507240508243973.14310832201509,33393910841066466372.04655074727876,178596399441777601.09655757473633,true,true,273730443173.93308,272282701639.79468,1447741534.1384,true,true,166381455862061136246.4901913755937877,165484107751958453621.5412669917474181,897348110102682624.9489243838463696,true,true,549661687236.6069,546709661713.7706,2952025522.8363,true,true,331524173804801605042.4175268464955292,329756353393713711317.0942409462990452,1767820411087893725.323285900196484,true,true
6,0x8ad599c3a0ff1de082011efddc58f1908eb6e6d8,25390623,202439,1346592497590081610,20,S6_P20,201360:202680,0xc36442b4a4522e871399cd717abdd847ab11fe88:201360:202680,0xc36442b4a4522e871399cd717abdd847ab11fe88,201360,202680,6249005946999883,0.0046406065370061,1320,1079,241,241,4734095414393.8507575757575758,0.0000035156110129,425.0207255018292182,2042.4669272889284879,1.7573493928595789,5.3442770132083192,7.1016264060678981,5.3442770132083192,54362594857.998525,54110159848.740395,252435009.25813,true,true,33572507240508243973.14310832201509,33416616546157215758.46429526285199,155890694351028214.6788130591631,true,true,273730443173.93308,272466754297.59328,1263688876.3398,true,true,166381455862061136246.4901913755937877,165598185919731725081.9735358719170127,783269942329411164.516655503676775,true,true,549661687236.6069,547085012815.9628,2576674420.6441,true,true,331524173804801605042.4175268464955292,329999064412329727977.403644290420722,1525109392471877065.0138825560748072,true,true
7,0x8ad599c3a0ff1de082011efddc58f1908eb6e6d8,25380623,202237,1362236069290069597,1,S7_P1,200820:203160,0xc36442b4a4522e871399cd717abdd847ab11fe88:200820:203160,0xc36442b4a4522e871399cd717abdd847ab11fe88,200820,203160,949701618858610750,0.6971637591078825,2340,1417,923,923,405855392674619.9786324786324786,0.000297933230388,425.5443588127791986,1348.8466553420210848,674.1585398550982144,4681.7364692924217229,5355.8950091475199373,4681.7364692924217229,55552577534.68451,16914952515.598392,38637625019.086118,true,true,33622762163560759023.9744035539135496,10057608519450864085.9473753092053448,23565153644109894938.0270282447082048,true,true,281952332566.41376,86937069532.48076,195015263033.933,true,true,166084302086470670671.3790052736305375,48996041011615105068.787884665961422,117088261074855565602.5911206076691155,true,true,566953248784.1791,177192945454.87764,389760303329.30146,true,true,330879106303386134076.7458681105028218,93799393557221406041.585712570813377,237079712746164728035.1601555396894448,true,true
7,0x8ad599c3a0ff1de082011efddc58f1908eb6e6d8,25380623,202237,1362236069290069597,2,S7_P2,198120:207240,0xc36442b4a4522e871399cd717abdd847ab11fe88:198120:207240,0xc36442b4a4522e871399cd717abdd847ab11fe88,198120,207240,22894220680805662,0.01680635331638,9120,4117,5003,4117,2510331215000.6208333333333333,0.0000018428018987,425.5443588127791986,1348.8466553420210848,8.7215772170081168,250.4986961732754204,259.2202733902835372,250.4986961732754204,55552577534.68451,54618410835.622865,934166699.061645,true,true,33622762163560759023.9744035539135496,33059469771067386175.264456902815036,563292392493372848.7099466510985136,true,true,281952332566.41376,277250530810.92328,4701801755.49048,true,true,166084302086470670671.3790052736305375,163249710507513167845.6380193875096595,2834591578957502825.740985886120878,true,true,566953248784.1791,557489287216.43815,9463961567.74095,true,true,330879106303386134076.7458681105028218,325253773769576043242.6051851549316568,5625332533810090834.140682955571165,true,true
7,0x8ad599c3a0ff1de082011efddc58f1908eb6e6d8,25380623,202237,1362236069290069597,3,S7_P3,199140:206280,0xc36442b4a4522e871399cd717abdd847ab11fe88:199140:206280,0xc36442b4a4522e871399cd717abdd847ab11fe88,199140,206280,20626635535267928,0.0151417481890767,7140,3097,4043,3097,2888884528749.0095238095238095,0.0000021206930237,425.5443588127791986,1348.8466553420210848,7.8320405764543291,184.3446825544706769,192.176723130925006,184.3446825544706769,55552577534.68451,54710938823.41661,841638711.2679,true,true,33622762163560759023.9744035539135496,33115244259351259374.41632246621664,507517904209499649.5580810876969096,true,true,281952332566.41376,277716285603.01188,4236046963.40188,true,true,166084302086470670671.3790052736305375,163530473378252722727.194885419998855,2553828708217947944.1841198536316825,true,true,566953248784.1791,558426909672.9843,8526339111.1948,true,true,330879106303386134076.7458681105028218,325810698500296171315.2364360009847792,5068407803089962761.5094321095180426,true,true
7,0x8ad599c3a0ff1de082011efddc58f1908eb6e6d8,25380623,202237,1362236069290069597,4,S7_P4,197100:207420,0xc36442b4a4522e871399cd717abdd847ab11fe88:197100:207420,0xc36442b4a4522e871399cd717abdd847ab11fe88,197100,207420,14236413679360489,0.0104507684096045,10320,5137,5183,5137,1379497449550.4349806201550388,0.0000010126713575,425.5443588127791986,1348.8466553420210848,5.3568525287971744,156.9714523589172492,162.3283048877144236,156.9714523589172492,55552577534.68451,54971686703.24656,580890831.43795,true,true,33622762163560759023.9744035539135496,33272440985916188795.2367759182391792,350321177644570228.7376276356743704,true,true,281952332566.41376,279028746097.95136,2923586468.4624,true,true,166084302086470670671.3790052736305375,164321675669210714932.1593157454030865,1762626417259955739.219689528227451,true,true,566953248784.1791,561068894053.73865,5884354730.44045,true,true,330879106303386134076.7458681105028218,327380447646712882374.2256387570967258,3498658656673251702.520229353406096,true,true
7,0x8ad599c3a0ff1de082011efddc58f1908eb6e6d8,25380623,202237,1362236069290069597,5,S7_P5,200040:203520,0xc36442b4a4522e871399cd717abdd847ab11fe88:200040:203520,0xc36442b4a4522e871399cd717abdd847ab11fe88,200040,203520,46078741440349043,0.0338258121915411,3480,2197,1283,1283,13241017655272.7135057471264368,0.0000097200609746,425.5443588127791986,1348.8466553420210848,18.1459481370511309,143.2060408893606186,161.3519890264117495,143.2060408893606186,55552577534.68451,53672344296.64842,1880233238.03609,true,true,33622762163560759023.9744035539135496,32489456789300160193.7398623652895612,1133305374260598830.2345411886239884,true,true,281952332566.41376,272487730764.88476,9464601801.529,true,true,166084302086470670671.3790052736305375,160379014175667871356.543728856611446,5705287910802799314.8352764170190915,true,true,566953248784.1791,547899351320.0932,19053897464.0859,true,true,330879106303386134076.7458681105028218,319562904367842528715.2603533162971781,11316201935543605361.4855147942056437,true,true
7,0x8ad599c3a0ff1de082011efddc58f1908eb6e6d8,25380623,202237,1362236069290069597,6,S7_P6,193500:207240,0xc36442b4a4522e871399cd717abdd847ab11fe88:193500:207240,0xc36442b4a4522e871399cd717abdd847ab11fe88,193500,207240,9704960713330192,0.0071242869955631,13740,8737,5003,5003,706329018437.4229985443959243,0.0000005185070594,425.5443588127791986,1348.8466553420210848,3.6285872251842822,102.3866779990756591,106.0152652242599413,102.3866779990756591,55552577534.68451,55156586527.74655,395991006.93796,true,true,33622762163560759023.9744035539135496,33383931758325366962.1743557178957252,238830405235392061.8000478360178244,true,true,281952332566.41376,279959379161.626,1992953404.78776,true,true,166084302086470670671.3790052736305375,164882727370174764036.040950590719361,1201574716295906635.3380546829111765,true,true,566953248784.1791,562942117523.31515,4011131260.86395,true,true,330879106303386134076.7458681105028218,328493850232354063411.3978435375550855,2385256071032070665.3480245729477363,true,true
7,0x8ad599c3a0ff1de082011efddc58f1908eb6e6d8,25380623,202237,1362236069290069597,7,S7_P7,191160:204480,0xc36442b4a4522e871399cd717abdd847ab11fe88:191160:204480,0xc36442b4a4522e871399cd717abdd847ab11fe88,191160,204480,12459358629923232,0.0091462551247938,13320,11077,2243,2243,935387284528.7711711711711712,0.0000006866557901,425.5443588127791986,1348.8466553420210848,4.6764687742243147,63.5099497353460604,68.1864185095703751,63.5099497353460604,55552577534.68451,55044197280.84184,508380253.84267,true,true,33622762163560759023.9744035539135496,33316161305546964798.9430498931637872,306600858013794225.0313536607497624,true,true,281952332566.41376,279393709477.0136,2558623089.40016,true,true,166084302086470670671.3790052736305375,164541698520352258134.2036188504792155,1542603566118412537.175386423151322,true,true,566953248784.1791,561803523924.21525,5149724859.96385,true,true,330879106303386134076.7458681105028218,327817054536786038684.671899192491493,3062051766600095392.0739689180113288,true,true
7,0x8ad599c3a0ff1de082011efddc58f1908eb6e6d8,25380623,202237,1362236069290069597,8,S7_P8,194760:204960,0xc36442b4a4522e871399cd717abdd847ab11fe88:194760:204960,0xc36442b4a4522e871399cd717abdd847ab11fe88,194760,204960,8212124932521760,0.0060284154249428,10200,7477,2723,2723,805110287502.1333333333333333,0.0000005910211201,425.5443588127791986,1348.8466553420210848,3.0640245529262139,49.7911768411736696,52.8552013940998835,49.7911768411736696,55552577534.68451,55217499230.972455,335078303.712055,true,true,33622762163560759023.9744035539135496,33420664810405039522.168703253281108,202097353155719501.8057003006324416,true,true,281952332566.41376,280265954382.94908,1686378183.46468,true,true,166084302086470670671.3790052736305375,165067558033128912751.972138035078722,1016744053341757919.4068672385518155,true,true,566953248784.1791,563559181801.70095,3394066982.47815,true,true,330879106303386134076.7458681105028218,328860694022407528325.868030536973813,2018412280978605750.8778375735290088,true,true
7,0x8ad599c3a0ff1de082011efddc58f1908eb6e6d8,25380623,202237,1362236069290069597,9,S7_P9,188700:203880,0xc36442b4a4522e871399cd717abdd847ab11fe88:188700:203880,0xc36442b4a4522e871399cd717abdd847ab11fe88,188700,203880,12073149088894465,0.0088627436617402,15180,13537,1643,1643,795332614551.677536231884058,0.000000583843456,425.5443588127791986,1348.8466553420210848,4.5290502221709716,46.0274424123751412,50.5564926345461128,46.0274424123751412,55552577534.68451,55059956051.395145,492621483.289365,true,true,33622762163560759023.9744035539135496,33325663367924247067.1651306249591144,297098795636511956.8092729289544352,true,true,281952332566.41376,279473026322.08912,2479306244.32464,true,true,166084302086470670671.3790052736305375,164589516204261555624.551496701076411,1494785882209115046.8275085725541265,true,true,566953248784.1791,561963177367.76305,4990071416.41605,true,true,330879106303386134076.7458681105028218,327911947274033467119.4916562579536547,2967159029352666957.2542118525491671,true,true
7,0x8ad599c3a0ff1de082011efddc58f1908eb6e6d8,25380623,202237,1362236069290069597,10,S7_P10,196260:204960,0xc36442b4a4522e871399cd717abdd847ab11fe88:196260:204960,0xc36442b4a4522e871399cd717abdd847ab11fe88,196260,204960,6618462975887944,0.0048585286538017,8700,5977,2723,2723,760742870791.7177011494252874,0.0000005584515694,425.5443588127791986,1348.8466553420210848,2.4639226099728407,40.0300026165185893,42.49392522649143,40.0300026165185893,55552577534.68451,55282525737.16092,270051797.52359,true,true,33622762163560759023.9744035539135496,33459880272797560802.3569032083355056,162881890763198221.617500345578044,true,true,281952332566.41376,280593229539.54352,1359103026.87024,true,true,166084302086470670671.3790052736305375,165264871358969066813.4690580507267315,819430727501603857.909947222903806,true,true,566953248784.1791,564217896585.5007,2735352198.6784,true,true,330879106303386134076.7458681105028218,329252339100921956365.1517488848584304,1626767202464177711.5941192256443914,true,true
7,0x8ad599c3a0ff1de082011efddc58f1908eb6e6d8,25380623,202237,1362236069290069597,11,S7_P11,189360:203100,0xc36442b4a4522e871399cd717abdd847ab11fe88:189360:203100,0xc36442b4a4522e871399cd717abdd847ab11fe88,189360,203100,14563870388647120,0.0106911501735797,13740,12877,863,863,1059961454777.8107714701601164,0.0000007781040883,425.5443588127791986,1348.8466553420210848,5.4825990871350691,30.6263225437063294,36.1089216308413985,30.6263225437063294,55552577534.68451,54958325194.624695,594252340.059815,true,true,33622762163560759023.9744035539135496,33264384841475667918.3812218883210096,358377322085091105.59318166559254,true,true,281952332566.41376,278961493677.71868,2990838888.69508,true,true,166084302086470670671.3790052736305375,164281132187163840480.1589189496951675,1803169899306830191.22008632393537,true,true,566953248784.1791,560933520597.4158,6019728186.7633,true,true,330879106303386134076.7458681105028218,327299997927204556392.6309874707655072,3579108376181577684.1148806397373146,true,true
7,0x8ad599c3a0ff1de082011efddc58f1908eb6e6d8,25380623,202237,1362236069290069597,12,S7_P12,196920:203880,0xc36442b4a4522e871399cd717abdd847ab11fe88:196920:203880,0xc36442b4a4522e871399cd717abdd847ab11fe88,196920,203880,6968811284255318,0.0051157148466103,6960,5317,1643,1643,1001265989117.1433908045977011,0.0000007350165009,425.5443588127791986,1348.8466553420210848,2.5956196427120995,26.4388397471167201,29.0344593898288196,26.4388397471167201,55552577534.68451,55268230426.83505,284347107.84946,true,true,33622762163560759023.9744035539135496,33451258847398494932.8474440582978272,171503316162264091.1269594956157224,true,true,281952332566.41376,280521282415.56028,1431050150.85348,true,true,166084302086470670671.3790052736305375,165221494307220523299.543331902995742,862807779250147371.8356733706347955,true,true,566953248784.1791,564073088036.499,2880160747.6801,true,true,330879106303386134076.7458681105028218,329166238235656003045.9874783966115754,1712868067730131030.7583897138912464,true,true
7,0x8ad599c3a0ff1de082011efddc58f1908eb6e6d8,25380623,202237,1362236069290069597,13,S7_P13,191880:202500,0xc36442b4a4522e871399cd717abdd847ab11fe88:191880:202500,0xc36442b4a4522e871399cd717abdd847ab11fe88,191880,202500,26626064536785294,0.0195458519540314,10620,10357,263,263,2507162385761.3271186440677966,0.0000018404757019,425.5443588127791986,1348.8466553420210848,10.1988667592667621,18.5546900849515776,28.7535568442183397,18.5546900849515776,55552577534.68451,54466133159.37523,1086444375.30928,true,true,33622762163560759023.9744035539135496,32967689501210168688.650344711755842,655072662350590335.3240588421577076,true,true,281952332566.41376,276483992960.45176,5468339605.962,true,true,166084302086470670671.3790052736305375,162787645533785571989.879057539081487,3296656552685098681.4999477345490505,true,true,566953248784.1791,555946083930.74185,11007164853.43725,true,true,330879106303386134076.7458681105028218,324417440520809124243.9321511432860476,6461665782577009832.8137169672167742,true,true
7,0x8ad599c3a0ff1de082011efddc58f1908eb6e6d8,25380623,202237,1362236069290069597,14,S7_P14,189660:203520,0xc36442b4a4522e871399cd717abdd847ab11fe88:189660:203520,0xc36442b4a4522e871399cd717abdd847ab11fe88,189660,203520,7197443175587899,0.0052835505811697,13860,12577,1283,1283,519296044414.7113275613275613,0.0000003812085556,425.5443588127791986,1348.8466553420210848,2.6816324205988814,21.7172059947768826,24.398838415375764,21.7172059947768826,55552577534.68451,55258901521.73615,293676012.94836,true,true,33622762163560759023.9744035539135496,33445633236950447850.9545980418853488,177128926610311173.0198055120282008,true,true,281952332566.41376,280474330661.41868,1478001904.99508,true,true,166084302086470670671.3790052736305375,165193187150770836940.0551546867078515,891114935699833731.323850586922686,true,true,566953248784.1791,563978587502.14145,2974661282.03765,true,true,330879106303386134076.7458681105028218,329110050795561279376.8998931382524357,1769055507824854699.8459749722503861,true,true
7,0x8ad599c3a0ff1de082011efddc58f1908eb6e6d8,25380623,202237,1362236069290069597,15,S7_P15,200220:203340,0xc36442b4a4522e871399cd717abdd847ab11fe88:200220:203340,0xc36442b4a4522e871399cd717abdd847ab11fe88,200220,203340,7944621019561642,0.0058320442386333,3120,2017,1103,1103,2546352890885.1416666666666667,0.0000018692449483,425.5443588127791986,1348.8466553420210848,2.9553283221606253,20.8570471417178703,23.8123754638784956,20.8570471417178703,55552577534.68451,55228414263.907735,324163270.776775,true,true,33622762163560759023.9744035539135496,33427246868405527203.1831437219565448,195515295155231820.7912598319570048,true,true,281952332566.41376,280320889513.49864,1631443052.91512,true,true,166084302086470670671.3790052736305375,165100678141665138369.89458600897675,983623944805532301.4844192646537875,true,true,566953248784.1791,563669752073.47365,3283496710.70545,true,true,330879106303386134076.7458681105028218,328926431726145001087.3865885490648897,1952674577241132989.3592795614379321,true,true
7,0x8ad599c3a0ff1de082011efddc58f1908eb6e6d8,25380623,202237,1362236069290069597,16,S7_P16,199800:202860,0xc36442b4a4522e871399cd717abdd847ab11fe88:199800:202860,0xc36442b4a4522e871399cd717abdd847ab11fe88,199800,202860,7813332419035352,0.0057356669634414,3060,2437,623,623,2553376607527.8928104575163399,0.0000018744009684,425.5443588127791986,1348.8466553420210848,2.9136068098748614,12.1622898199284338,15.0758966298032952,12.1622898199284338,55552577534.68451,55233771264.82301,318806269.8615,true,true,33622762163560759023.9744035539135496,33430477777774976699.279091490071794,192284385785782324.6953120638417556,true,true,281952332566.41376,280347851195.39292,1604481371.02084,true,true,166084302086470670671.3790052736305375,165116933128935693404.000229187166426,967368957534977267.3787760864641115,true,true,566953248784.1791,563724018851.2955,3229229932.8836,true,true,330879106303386134076.7458681105028218,328958695611402227670.7182695393288731,1920410691983906406.0275985711739487,true,true
7,0x8ad599c3a0ff1de082011efddc58f1908eb6e6d8,25380623,202237,1362236069290069597,17,S7_P17,200760:202800,0xc36442b4a4522e871399cd717abdd847ab11fe88:200760:202800,0xc36442b4a4522e871399cd717abdd847ab11fe88,200760,202800,7332111148139798,0.0053824086099562,2040,1477,563,563,3594172131441.0774509803921569,0.0000026384355931,425.5443588127791986,1348.8466553420210848,2.5529584502709378,10.39443439947125,12.9473928497421878,10.39443439947125,55552577534.68451,55253406639.632435,299170895.052075,true,true,33622762163560759023.9744035539135496,33442319362102508621.3425810701693164,180442801458250402.6318224837442332,true,true,281952332566.41376,280446675181.7996,1505657384.61416,true,true,166084302086470670671.3790052736305375,165176513696170357261.688224943723812,907788390300313409.6907803299067255,true,true,566953248784.1791,563922924749.143,3030324035.0361,true,true,330879106303386134076.7458681105028218,329076955703087928040.5423202083304916,1802150600298206036.2035479021723302,true,true
7,0x8ad599c3a0ff1de082011efddc58f1908eb6e6d8,25380623,202237,1362236069290069597,18,S7_P18,189000:202860,0xc36442b4a4522e871399cd717abdd847ab11fe88:189000:202860,0xc36442b4a4522e871399cd717abdd847ab11fe88,189000,202860,6636638286730913,0.0048718709160224,13860,13237,623,623,478833931221.5665945165945166,0.0000003515058381,425.5443588127791986,1348.8466553420210848,2.4707516081916765,10.3258806844355618,12.7966322926272383,10.3258806844355618,55552577534.68451,55281784127.743935,270793406.940575,true,true,33622762163560759023.9744035539135496,33459433059788949975.956941395651542,163329103771809048.0174621582620076,true,true,281952332566.41376,280589497124.7358,1362835441.67796,true,true,166084302086470670671.3790052736305375,165262621086714363495.8951766932845225,821680999756307175.483828580346015,true,true,566953248784.1791,564210384338.1028,2742864446.0763,true,true,330879106303386134076.7458681105028218,329247872342543527203.4663288102510613,1631233960842606873.2795393002517605,true,true
7,0x8ad599c3a0ff1de082011efddc58f1908eb6e6d8,25380623,202237,1362236069290069597,19,S7_P19,202020:202380,0xc36442b4a4522e871399cd717abdd847ab11fe88:202020:202380,0xc36442b4a4522e871399cd717abdd847ab11fe88,202020,202380,13105446746153687,0.0096205401116589,360,217,143,143,36404018739315.7972222222222222,0.0000267237225324,425.5443588127791986,1348.8466553420210848,1.5928678600679746,5.0663099492169891,6.6591778092849637,5.0663099492169891,55552577534.68451,55017834474.78177,534743059.90274,true,true,33622762163560759023.9744035539135496,33300265475341792398.4010729450606204,322496688218966625.5733306088529292,true,true,281952332566.41376,279261019748.30248,2691312818.11128,true,true,166084302086470670671.3790052736305375,164529802082816370782.2658741762470045,1554500003654299889.113131097383533,true,true,566953248784.1791,561712182661.9219,5241066122.2572,true,true,330879106303386134076.7458681105028218,327992231743283092701.0501092549818903,2886874560103041375.6957588555209315,true,true
7,0x8ad599c3a0ff1de082011efddc58f1908eb6e6d8,25380623,202237,1362236069290069597,20,S7_P20,201600:202260,0xc36442b4a4522e871399cd717abdd847ab11fe88:201600:202260,0xc36442b4a4522e871399cd717abdd847ab11fe88,201600,202260,14779099743754637,0.0108491472784572,660,637,23,23,22392575369325.2075757575757576,0.0000164381019371,425.5443588127791986,1348.8466553420210848,3.6759858099857819,0.9160895078895942,4.5920753178753761,3.6759858099857819,55552577534.68451,54949542993.133065,603034541.551445,true,true,33622762163560759023.9744035539135496,33269424751179180988.6594976656831868,353337412381578035.3149058882303628,true,true,281952332566.41376,278917290225.66216,3035042340.7516,true,true,166084302086470670671.3790052736305375,165439508038546075275.522624838043633,644794047924595395.8563804355869045,true,true,566953248784.1791,560844542446.58825,6108706337.59085,true,true,330879106303386134076.7458681105028218,330125217962613454089.6369173586130547,753888340772679987.1089507518897671,true,true
8,0x8ad599c3a0ff1de082011efddc58f1908eb6e6d8,25370623,201754,1447018168750697398,1,S8_P1,200820:203160,0xc36442b4a4522e871399cd717abdd847ab11fe88:200820:203160,0xc36442b4a4522e871399cd717abdd847ab11fe88,200820,203160,949701618858610750,0.6563163057437962,2340,934,1406,934,405855392674619.9786324786324786,0.0002804770537367,454.4167407952205226,489.1938042891038949,544.191372064683674,3626.6978585295749764,4170.8892305942586504,3626.6978585295749764,60455836918.072695,20781743435.796692,39674093482.276003,true,true,34881992866203600886.4577994970213672,11987311469715658458.9801924860911364,22894681396487942427.4776070109302308,true,true,303740350412.7082,104026059226.00296,199714291186.70524,true,true,174379858713965474021.5725609209779736,59860250230197200324.4395473568643308,114519608483768273697.1330135641136428,true,true,609734219279.1056,210545012142.93408,399189207136.17152,true,true,348503917398252859220.766468420543764,118108737791798470981.4451549881284096,230395179606454388239.3213134324153544,true,true
8,0x8ad599c3a0ff1de082011efddc58f1908eb6e6d8,25370623,201754,1447018168750697398,2,S8_P2,200040:203520,0xc36442b4a4522e871399cd717abdd847ab11fe88:200040:203520,0xc36442b4a4522e871399cd717abdd847ab11fe88,200040,203520,46078741440349043,0.0318439273503606,3480,1714,1766,1714,13241017655272.7135057471264368,0.0000091505538363,454.4167407952205226,489.1938042891038949,21.249094150534281,42.1204005560164158,63.3694947065506968,42.1204005560164158,60455836918.072695,58530107694.62062,1925729223.452075,true,true,34881992866203600886.4577994970213672,33771204620008442672.6894090176657466,1110788246195158213.7683904793556206,true,true,303740350412.7082,294096512328.57196,9643838084.13624,true,true,174379858713965474021.5725609209779736,168827594204548092596.2484901972182796,5552264509417381425.324070723759694,true,true,609734219279.1056,590240481719.79965,19493737559.30595,true,true,348503917398252859220.766468420543764,337410455113238230244.8049039272390178,11093462285014628975.9615644933047462,true,true
8,0x8ad599c3a0ff1de082011efddc58f1908eb6e6d8,25370623,201754,1447018168750697398,3,S8_P3,198120:207240,0xc36442b4a4522e871399cd717abdd847ab11fe88:198120:207240,0xc36442b4a4522e871399cd717abdd847ab11fe88,198120,207240,22894220680805662,0.015821653919226,9120,3634,5486,3634,2510331215000.6208333333333333,0.0000017348304736,454.4167407952205226,489.1938042891038949,11.696076292253613,33.3318069985490126,45.0278832908026256,33.3318069985490126,60455836918.072695,59499060442.97338,956776475.099315,true,true,34881992866203600886.4577994970213672,34330097037278941040.9253878386342613,551895828924659845.5324116583871059,true,true,303740350412.7082,298949213920.91884,4791136491.78936,true,true,174379858713965474021.5725609209779736,171621161551819069529.6647974824909024,2758697162146404491.9077634384870712,true,true,609734219279.1056,600052103320.50815,9682115958.59745,true,true,348503917398252859220.766468420543764,342990766374763096914.9786240910622778,5513151023489762305.7878443294814862,true,true
8,0x8ad599c3a0ff1de082011efddc58f1908eb6e6d8,25370623,201754,1447018168750697398,4,S8_P4,199140:206280,0xc36442b4a4522e871399cd717abdd847ab11fe88:199140:206280,0xc36442b4a4522e871399cd717abdd847ab11fe88,199140,206280,20626635535267928,0.0142545795075097,7140,2614,4526,2614,2888884528749.0095238095238095,0.0000019964397069,454.4167407952205226,489.1938042891038949,10.4967530538078703,28.8903817171975495,39.3871347710054198,28.8903817171975495,60455836918.072695,59593827404.26976,862009513.802935,true,true,34881992866203600886.4577994970213672,34384760034310977072.1920034290016028,497232831892623814.2657960680197644,true,true,303740350412.7082,299423793377.38752,4316557035.32068,true,true,174379858713965474021.5725609209779736,171894395097791634456.7123936060913,2485463616173839564.8601673148866736,true,true,609734219279.1056,601011363238.24345,8722856040.86215,true,true,348503917398252859220.766468420543764,343536708659011461393.678158423193468,4967208739241397827.088309997350296,true,true
8,0x8ad599c3a0ff1de082011efddc58f1908eb6e6d8,25370623,201754,1447018168750697398,5,S8_P5,201300:202140,0xc36442b4a4522e871399cd717abdd847ab11fe88:201300:202140,0xc36442b4a4522e871399cd717abdd847ab11fe88,201300,202140,61541894331843115,0.042530146242031,840,454,386,386,73264159918860.8511904761904762,0.0000506311264786,454.4167407952205226,489.1938042891038949,13.9350256601350229,18.5092316435811809,32.4442573037162038,18.5092316435811809,60455836918.072695,57883828661.5416,2572008256.531095,true,true,34881992866203600886.4577994970213672,33398447362103174293.4868018887123438,1483545504100426592.9709976083090234,true,true,303740350412.7082,290859497540.19616,12880852872.51204,true,true,174379858713965474021.5725609209779736,166964456079203395926.0025820689272268,7415402634762078095.5699788520507468,true,true,609734219279.1056,583692441241.301,26041778037.8046,true,true,348503917398252859220.766468420543764,333690334773936949317.6207672182222876,14813582624315909903.1457012023214764,true,true
8,0x8ad599c3a0ff1de082011efddc58f1908eb6e6d8,25370623,201754,1447018168750697398,6,S8_P6,191880:202500,0xc36442b4a4522e871399cd717abdd847ab11fe88:191880:202500,0xc36442b4a4522e871399cd717abdd847ab11fe88,191880,202500,26626064536785294,0.0184006428611558,10620,9874,746,746,2507162385761.3271186440677966,0.0000017326405707,454.4167407952205226,489.1938042891038949,13.6580389932411169,12.8406842799738273,26.4987232732149442,13.6580389932411169,60455836918.072695,59343098225.217705,1112738692.85499,true,true,34881992866203600886.4577994970213672,34240135778329279224.3425851666371596,641857087874321662.1152143303842076,true,true,303740350412.7082,298168165151.23112,5572185261.47708,true,true,174379858713965474021.5725609209779736,171171493945622542343.1833460055630492,3208364768342931678.3892149154149244,true,true,609734219279.1056,598473276537.51435,11260942741.59125,true,true,348503917398252859220.766468420543764,342092347858348378837.706178745658336,6411569539904480383.060289674885428,true,true
8,0x8ad599c3a0ff1de082011efddc58f1908eb6e6d8,25370623,201754,1447018168750697398,7,S8_P7,197100:207420,0xc36442b4a4522e871399cd717abdd847ab11fe88:197100:207420,0xc36442b4a4522e871399cd717abdd847ab11fe88,197100,207420,14236413679360489,0.0098384484637478,10320,4654,5666,4654,1379497449550.4349806201550388,0.0000009533380294,454.4167407952205226,489.1938042891038949,7.2051419730751674,18.9237973462712871,26.1289393193464545,18.9237973462712871,60455836918.072695,59860885401.780285,594951516.29241,true,true,34881992866203600886.4577994970213672,34538804600009393398.845741213918365,343188266194207487.6120582831030022,true,true,303740350412.7082,300761150826.0522,2979199586.656,true,true,174379858713965474021.5725609209779736,172664393085605685500.4431298628700928,1715465628359788521.1294310581078808,true,true,609734219279.1056,603714287675.072,6019931604.0336,true,true,348503917398252859220.766468420543764,345075353048718111307.2557034322625744,3428564349534747913.5107649882811896,true,true
8,0x8ad599c3a0ff1de082011efddc58f1908eb6e6d8,25370623,201754,1447018168750697398,8,S8_P8,191160:204480,0xc36442b4a4522e871399cd717abdd847ab11fe88:191160:204480,0xc36442b4a4522e871399cd717abdd847ab11fe88,191160,204480,12459358629923232,0.0086103677887336,13320,10594,2726,2726,935387284528.7711711711711712,0.0000006464240082,454.4167407952205226,489.1938042891038949,6.2937110676239091,13.8282980285416265,20.1220090961655356,13.8282980285416265,60455836918.072695,59935150894.813915,520686023.25878,true,true,34881992866203600886.4577994970213672,34581643274753950492.1670652460437433,300349591449650394.2907342509776239,true,true,303740350412.7082,301133045166.0124,2607305246.6958,true,true,174379858713965474021.5725609209779736,172878523086072881331.0644381410564288,1501335627892592690.5081227799215448,true,true,609734219279.1056,604465855018.3368,5268364260.7688,true,true,348503917398252859220.766468420543764,345503270000946160535.4028163480256966,3000647397306698685.3636520725180674,true,true
8,0x8ad599c3a0ff1de082011efddc58f1908eb6e6d8,25370623,201754,1447018168750697398,9,S8_P9,189360:203100,0xc36442b4a4522e871399cd717abdd847ab11fe88:189360:203100,0xc36442b4a4522e871399cd717abdd847ab11fe88,189360,203100,14563870388647120,0.0100647460433901,13740,12394,1346,1346,1059961454777.8107714701601164,0.0000007325142681,454.4167407952205226,489.1938042891038949,7.3734719517781196,10.4534771844341856,17.8269491362123052,10.4534771844341856,60455836918.072695,59847200522.54793,608636395.524765,true,true,34881992866203600886.4577994970213672,34530910787095521446.3288102326430405,351082079108079440.1289892643783267,true,true,303740350412.7082,300692621621.48772,3047728791.22048,true,true,174379858713965474021.5725609209779736,172624935393472384933.5523067508686444,1754923320493089088.0202541701093292,true,true,609734219279.1056,603575792765.4583,6158426513.6473,true,true,348503917398252859220.766468420543764,344996502808556638724.485975002705979,3507414589696220496.280493417837785,true,true
8,0x8ad599c3a0ff1de082011efddc58f1908eb6e6d8,25370623,201754,1447018168750697398,10,S8_P10,188700:203880,0xc36442b4a4522e871399cd717abdd847ab11fe88:188700:203880,0xc36442b4a4522e871399cd717abdd847ab11fe88,188700,203880,12073149088894465,0.0083434675179773,15180,13054,2126,2126,795332614551.677536231884058,0.0000005496355414,454.4167407952205226,489.1938042891038949,6.0960895684713155,11.6376742415906667,17.7337638100619822,11.6376742415906667,60455836918.072695,59951291071.07558,504545846.997115,true,true,34881992866203600886.4577994970213672,34590952990871486038.7282989860442703,291039875332114847.7295005109770969,true,true,303740350412.7082,301213868806.72584,2526481605.98236,true,true,174379858713965474021.5725609209779736,172925060191687469794.5538044649965872,1454798522278004227.0187564559813864,true,true,609734219279.1056,604629189070.7581,5105030208.3475,true,true,348503917398252859220.766468420543764,345596271719346721847.5961578174538558,2907645678906137373.1703106030899082,true,true
8,0x8ad599c3a0ff1de082011efddc58f1908eb6e6d8,25370623,201754,1447018168750697398,11,S8_P11,193500:207240,0xc36442b4a4522e871399cd717abdd847ab11fe88:193500:207240,0xc36442b4a4522e871399cd717abdd847ab11fe88,193500,207240,9704960713330192,0.0067068685956508,13740,8254,5486,5486,706329018437.4229985443959243,0.0000004881272631,454.4167407952205226,489.1938042891038949,4.8878796236604481,12.3929752822636954,17.2808549059241435,12.3929752822636954,60455836918.072695,60050260339.922625,405576578.15007,true,true,34881992866203600886.4577994970213672,34648041670153476761.1455171775989585,233951196050124125.3122823194224087,true,true,303740350412.7082,301709464085.70756,2030886327.00064,true,true,174379858713965474021.5725609209779736,173210421490809603562.1525876467052228,1169437223155870459.4199732742727508,true,true,609734219279.1056,605630693639.00315,4103525640.10245,true,true,348503917398252859220.766468420543764,346166562387933104350.1606867910296598,2337355010319754870.6057816295141042,true,true
8,0x8ad599c3a0ff1de082011efddc58f1908eb6e6d8,25370623,201754,1447018168750697398,12,S8_P12,194760:204960,0xc36442b4a4522e871399cd717abdd847ab11fe88:194760:204960,0xc36442b4a4522e871399cd717abdd847ab11fe88,194760,204960,8212124932521760,0.0056752051286348,10200,6994,3206,3206,805110287502.1333333333333333,0.0000005563926597,454.4167407952205226,489.1938042891038949,4.1294085431326945,9.64854410494529,13.7779526480779845,9.64854410494529,60455836918.072695,60112647401.995645,343189516.07705,true,true,34881992866203600886.4577994970213672,34684028641614685940.0057033109088694,197964224588914946.4520961861124978,true,true,303740350412.7082,302021868225.11136,1718482187.59684,true,true,174379858713965474021.5725609209779736,173390305199003908369.2347296742389192,989553514961565652.3378312467390544,true,true,609734219279.1056,606261977954.39645,3472241324.70915,true,true,348503917398252859220.766468420543764,346526070397567180498.4022086432797998,1977847000685678722.3642597772639642,true,true
8,0x8ad599c3a0ff1de082011efddc58f1908eb6e6d8,25370623,201754,1447018168750697398,13,S8_P13,196920:203880,0xc36442b4a4522e871399cd717abdd847ab11fe88:196920:203880,0xc36442b4a4522e871399cd717abdd847ab11fe88,196920,203880,6968811284255318,0.0048159805002807,6960,4834,2126,2126,1001265989117.1433908045977011,0.0000006919512213,454.4167407952205226,489.1938042891038949,3.4995610129054813,6.6353945677092548,10.1349555806147361,6.6353945677092548,60455836918.072695,60164606554.259225,291230363.81347,true,true,34881992866203600886.4577994970213672,34714000229274956650.7430852117178148,167992636928644235.7147142853035524,true,true,303740350412.7082,302282052638.74576,1458297773.96244,true,true,174379858713965474021.5725609209779736,173540122476105161180.9440888441347636,839736237860312840.62847207684321,true,true,609734219279.1056,606787725357.75785,2946493921.34775,true,true,348503917398252859220.766468420543764,346825495919500250716.8890614750451768,1678421478752608503.8774069454985872,true,true
8,0x8ad599c3a0ff1de082011efddc58f1908eb6e6d8,25370623,201754,1447018168750697398,14,S8_P14,189660:203520,0xc36442b4a4522e871399cd717abdd847ab11fe88:189660:203520,0xc36442b4a4522e871399cd717abdd847ab11fe88,189660,203520,7197443175587899,0.0049739825877943,13860,12094,1766,1766,519296044414.7113275613275613,0.0000003588732026,454.4167407952205226,489.1938042891038949,3.6152574779650803,6.1171043600652099,9.7323618380302902,6.1171043600652099,60455836918.072695,60155051839.16388,300785078.908815,true,true,34881992866203600886.4577994970213672,34708488586753578158.9197216747664234,173504279450022727.5380778222549438,true,true,303740350412.7082,302234207733.145,1506142679.5632,true,true,174379858713965474021.5725609209779736,173512572559531899616.0553448348372908,867286154433574405.5172160861406828,true,true,609734219279.1056,606691047511.3035,3043171767.8021,true,true,348503917398252859220.766468420543764,346770434247801382158.90494702186369,1733483150451477061.861521398680074,true,true
8,0x8ad599c3a0ff1de082011efddc58f1908eb6e6d8,25370623,201754,1447018168750697398,15,S8_P15,200220:203340,0xc36442b4a4522e871399cd717abdd847ab11fe88:200220:203340,0xc36442b4a4522e871399cd717abdd847ab11fe88,200220,203340,7944621019561642,0.0054903395072231,3120,1534,1586,1534,2546352890885.1416666666666667,0.000001759724201,454.4167407952205226,489.1938042891038949,3.4214914316004359,6.3060109262588157,9.7275023578592516,6.3060109262588157,60455836918.072695,60123826632.26418,332010285.808515,true,true,34881992866203600886.4577994970213672,34690477083626180979.1860910769478347,191515782577419907.2717084200735325,true,true,303740350412.7082,302077848147.46836,1662502265.23984,true,true,174379858713965474021.5725609209779736,173422539087459624201.3824519568180528,957319626505849820.1901089641599208,true,true,609734219279.1056,606375096165.8278,3359123113.2778,true,true,348503917398252859220.766468420543764,346590492377252896275.3318455085563274,1913425020999962945.4346229119874366,true,true
8,0x8ad599c3a0ff1de082011efddc58f1908eb6e6d8,25370623,201754,1447018168750697398,16,S8_P16,198900:201960,0xc36442b4a4522e871399cd717abdd847ab11fe88:198900:201960,0xc36442b4a4522e871399cd717abdd847ab11fe88,198900,201960,12674134648836263,0.0087587944108391,3060,2854,206,206,4141874068247.1447712418300654,0.0000028623511147,454.4167407952205226,489.1938042891038949,6.4036819750566928,2.2267007067256321,8.6303826817823249,6.4036819750566928,60455836918.072695,59926175133.070485,529661785.00221,true,true,34881992866203600886.4577994970213672,34576465573628583981.2519994431082314,305527292575016905.2058000539131358,true,true,303740350412.7082,301088098009.42856,2652252403.27964,true,true,174379858713965474021.5725609209779736,172852643085463904766.1604398878520204,1527215628501569255.4121210331259532,true,true,609734219279.1056,604375022070.13645,5359197208.96915,true,true,348503917398252859220.766468420543764,345599275292117444870.9520759541718776,2904642106135414349.8143924663718864,true,true
8,0x8ad599c3a0ff1de082011efddc58f1908eb6e6d8,25370623,201754,1447018168750697398,17,S8_P17,199800:202860,0xc36442b4a4522e871399cd717abdd847ab11fe88:199800:202860,0xc36442b4a4522e871399cd717abdd847ab11fe88,199800,202860,7813332419035352,0.0053996090634999,3060,1954,1106,1106,2553376607527.8928104575163399,0.0000017645781253,454.4167407952205226,489.1938042891038949,3.7000760176960041,4.8600189768467912,8.5600949945427953,4.8600189768467912,60455836918.072695,60129313299.42481,326523618.647885,true,true,34881992866203600886.4577994970213672,34693642155411200380.3585662395161007,188350710792400506.0992332575052665,true,true,303740350412.7082,302105322585.6474,1635027827.0608,true,true,174379858713965474021.5725609209779736,173438359137061912781.2118087468730284,941499576903561240.3607521741049452,true,true,609734219279.1056,606430613331.92945,3303605947.17615,true,true,348503917398252859220.766468420543764,346622110285401146347.2491105501099046,1881807112851712873.5173578704338594,true,true
8,0x8ad599c3a0ff1de082011efddc58f1908eb6e6d8,25370623,201754,1447018168750697398,18,S8_P18,189000:202860,0xc36442b4a4522e871399cd717abdd847ab11fe88:189000:202860,0xc36442b4a4522e871399cd717abdd847ab11fe88,189000,202860,6636638286730913,0.0045864236054899,13860,12754,1106,1106,478833931221.5665945165945166,0.000000330910794,454.4167407952205226,489.1938042891038949,3.3315695204133798,4.1227387595660431,7.4543082799794229,4.1227387595660431,60455836918.072695,60178488330.017345,277348588.05535,true,true,34881992866203600886.4577994970213672,34722007906771203996.5193287334433769,159984959432396889.9384707635779903,true,true,303740350412.7082,302351565034.04416,1388785378.66404,true,true,174379858713965474021.5725609209779736,173580148830418035206.7585759673715208,799709883547438814.8139849536064528,true,true,609734219279.1056,606928184842.3479,2806034436.7577,true,true,348503917398252859220.766468420543764,346905493958351600928.155549339264603,1598423439901258292.610919081279161,true,true
8,0x8ad599c3a0ff1de082011efddc58f1908eb6e6d8,25370623,201754,1447018168750697398,19,S8_P19,200760:202800,0xc36442b4a4522e871399cd717abdd847ab11fe88:200760:202800,0xc36442b4a4522e871399cd717abdd847ab11fe88,200760,202800,7332111148139798,0.0050670484355218,2040,994,1046,994,3594172131441.0774509803921569,0.0000024838472723,454.4167407952205226,489.1938042891038949,2.5458459327480122,4.3871998504757037,6.9330457832237159,4.3871998504757037,60455836918.072695,60149423951.6847,306412966.387995,true,true,34881992866203600886.4577994970213672,34705242623653948036.7686127873669984,176750242549652849.6891867096543688,true,true,303740350412.7082,302206026263.1956,1534324149.5126,true,true,174379858713965474021.5725609209779736,173496345374953696129.3164063083591856,883513339011777892.256154612618788,true,true,609734219279.1056,606634102381.96575,3100116897.13985,true,true,348503917398252859220.766468420543764,346738002171072323284.3331970700698644,1765915227180535936.4332713504738996,true,true
8,0x8ad599c3a0ff1de082011efddc58f1908eb6e6d8,25370623,201754,1447018168750697398,20,S8_P20,201600:202260,0xc36442b4a4522e871399cd717abdd847ab11fe88:201600:202260,0xc36442b4a4522e871399cd717abdd847ab11fe88,201600,202260,14779099743754637,0.0102134859554074,660,154,506,154,22392575369325.2075757575757576,0.0000154749787203,454.4167407952205226,489.1938042891038949,1.4469781319492682,5.3762905104305051,6.8232686423797733,5.3762905104305051,60455836918.072695,59838205778.490245,617631139.58245,true,true,34881992866203600886.4577994970213672,34525722527862526677.3006939138510452,356270338341074209.157105583170322,true,true,303740350412.7082,300661756655.11908,3078593757.58912,true,true,174379858713965474021.5725609209779736,172599001131534092106.074006512112552,1780857582431381915.4985544088654216,true,true,609734219279.1056,604109938179.1013,5624281100.0043,true,true,348503917398252859220.766468420543764,344944676684727178269.7741096754984608,3559240713525680950.9923587450453032,true,true
9,0x8ad599c3a0ff1de082011efddc58f1908eb6e6d8,25360623,201791,1430863389000091883,1,S9_P1,200820:203160,0xc36442b4a4522e871399cd717abdd847ab11fe88:200820:203160,0xc36442b4a4522e871399cd717abdd847ab11fe88,200820,203160,949701618858610750,0.6637262691599622,2340,971,1369,971,405855392674619.9786324786324786,0.0002836437047692,445.8709174459861275,511.7409992141796128,540.8114418930773943,3744.0629605550692809,4284.8744024481466752,3744.0629605550692809,59671804594.463545,20082881383.34566,39588923211.117885,true,true,34557144215903359751.270185259203438,11620650562705410141.4465782612436256,22936493653197949609.8236069979598124,true,true,300022942493.38444,100717769496.5314,199305172996.85304,true,true,172799906406066221441.0469715040158957,58083953911970608521.3048128025727167,114715952494095612919.742158701443179,true,true,602199535761.73285,203733252861.7558,398466282899.97705,true,true,345162651253309260996.7195785491912394,114541658259939928109.3381190418585567,230620992993369332887.3814595073326827,true,true
9,0x8ad599c3a0ff1de082011efddc58f1908eb6e6d8,25360623,201791,1430863389000091883,2,S9_P2,200040:203520,0xc36442b4a4522e871399cd717abdd847ab11fe88:200040:203520,0xc36442b4a4522e871399cd717abdd847ab11fe88,200040,203520,46078741440349043,0.0322034526807968,3480,1751,1729,1729,13241017655272.7135057471264368,0.0000092538657129,445.8709174459861275,511.7409992141796128,20.723577902026608,46.3436135070724003,67.0671914090990083,46.3436135070724003,59671804594.463545,57749534737.4099,1922269857.053645,true,true,34557144215903359751.270185259203438,33444285119562365745.003722503736282,1112859096340994006.266462755467156,true,true,300022942493.38444,290394635663.10872,9628306830.27572,true,true,172799906406066221441.0469715040158957,167237820838642909830.2045861160636664,5562085567423311610.8423853879522293,true,true,602199535761.73285,582745185697.0089,19454350064.72395,true,true,345162651253309260996.7195785491912394,334084958627648952665.0143002133617817,11077692625660308331.7052783358294577,true,true
9,0x8ad599c3a0ff1de082011efddc58f1908eb6e6d8,25360623,201791,1430863389000091883,3,S9_P3,198120:207240,0xc36442b4a4522e871399cd717abdd847ab11fe88:198120:207240,0xc36442b4a4522e871399cd717abdd847ab11fe88,198120,207240,22894220680805662,0.0160002840640185,9120,3671,5449,3671,2510331215000.6208333333333333,0.0000017544171123,445.8709174459861275,511.7409992141796128,11.1213510719459722,42.8879355412209317,54.0092866131669039,42.8879355412209317,59671804594.463545,58716748318.132625,955056276.33092,true,true,34557144215903359751.270185259203438,34004220076032339417.442691218862824,552924139871020333.827494040340614,true,true,300022942493.38444,295239264141.33088,4783678352.05356,true,true,172799906406066221441.0469715040158957,170036977600775232967.0028337660618747,2762928805290988474.044137737954021,true,true,602199535761.73285,592536050952.59035,9663484809.1425,true,true,345162651253309260996.7195785491912394,339657610529807686759.2286535233275206,5505040723501574237.4909250258637188,true,true
9,0x8ad599c3a0ff1de082011efddc58f1908eb6e6d8,25360623,201791,1430863389000091883,4,S9_P4,199140:206280,0xc36442b4a4522e871399cd717abdd847ab11fe88:199140:206280,0xc36442b4a4522e871399cd717abdd847ab11fe88,199140,206280,20626635535267928,0.014415517018492,7140,2651,4489,2651,2888884528749.0095238095238095,0.0000020189799746,445.8709174459861275,511.7409992141796128,9.9959194031756046,34.729692493720184,44.7256118968957886,34.729692493720184,59671804594.463545,58811345119.488935,860459474.97461,true,true,34557144215903359751.270185259203438,34058985203816983604.381526978477324,498159012086376146.888658280726114,true,true,300022942493.38444,295713081807.70164,4309860685.6828,true,true,172799906406066221441.0469715040158957,170310680743908040845.9767446540855323,2489225662158180595.0702268499303634,true,true,602199535761.73285,593493388458.31355,8706147303.4193,true,true,345162651253309260996.7195785491912394,340202757925088141651.6636780604724672,4959893328221119345.0559004887187722,true,true
9,0x8ad599c3a0ff1de082011efddc58f1908eb6e6d8,25360623,201791,1430863389000091883,5,S9_P5,201300:202380,0xc36442b4a4522e871399cd717abdd847ab11fe88:201300:202380,0xc36442b4a4522e871399cd717abdd847ab11fe88,201300,202380,51801431910645911,0.0362029193764231,1080,491,589,491,47964288806153.6212962962962963,0.0000335212216448,445.8709174459861275,511.7409992141796128,12.1522819169921333,23.3059465353884819,35.4582284523806152,23.3059465353884819,59671804594.463545,57510787350.81837,2161017243.645175,true,true,34557144215903359751.270185259203438,33306074864145992949.028628447717,1251069351757366802.241556811486438,true,true,300022942493.38444,289198776953.54972,10824165539.83472,true,true,172799906406066221441.0469715040158957,166546696724409339256.5923933269468507,6253209681656882184.454578177069045,true,true,602199535761.73285,580327688140.9318,21871847620.80105,true,true,345162651253309260996.7195785491912394,332709768595100693094.7931372374873561,12452882658208567901.9264413117038833,true,true
9,0x8ad599c3a0ff1de082011efddc58f1908eb6e6d8,25360623,201791,1430863389000091883,6,S9_P6,197100:207420,0xc36442b4a4522e871399cd717abdd847ab11fe88:197100:207420,0xc36442b4a4522e871399cd717abdd847ab11fe88,197100,207420,14236413679360489,0.0099495268303071,10320,4691,5629,4691,1379497449550.4349806201550388,0.000000964101437,445.8709174459861275,511.7409992141796128,6.8530148365413042,23.4814046312769814,30.3344194678182856,23.4814046312769814,59671804594.463545,59077922836.503405,593881757.96014,true,true,34557144215903359751.270185259203438,34213317260120969963.680686785310456,343826955782389787.589498473892982,true,true,300022942493.38444,297048319571.89808,2974622921.48636,true,true,172799906406066221441.0469715040158957,171081927562781826847.39607179291506,1717978843284394593.6508997111008357,true,true,602199535761.73285,596190988029.1349,6008547732.59795,true,true,345162651253309260996.7195785491912394,341739125069388459672.4073003181483936,3423526183920801324.3122782310428458,true,true
9,0x8ad599c3a0ff1de082011efddc58f1908eb6e6d8,25360623,201791,1430863389000091883,7,S9_P7,191880:202500,0xc36442b4a4522e871399cd717abdd847ab11fe88:191880:202500,0xc36442b4a4522e871399cd717abdd847ab11fe88,191880,202500,26626064536785294,0.0186083903896598,10620,9911,709,709,2507162385761.3271186440677966,0.0000017522024849,445.8709174459861275,511.7409992141796128,12.9852458215119325,13.4925452655488631,26.4777910870607956,13.4925452655488631,59671804594.463545,58561065903.457115,1110738691.00643,true,true,34557144215903359751.270185259203438,33914091519525908841.137463024560684,643052696377450910.132722234642754,true,true,300022942493.38444,294459479731.66564,5563462761.7188,true,true,172799906406066221441.0469715040158957,169586506916127617082.4834636976599132,3213399489938604358.5635078063559825,true,true,602199535761.73285,590960425638.4816,11239110123.25125,true,true,345162651253309260996.7195785491912394,338760483964933759608.6295311934580663,6402167288375501388.0900473557331731,true,true
9,0x8ad599c3a0ff1de082011efddc58f1908eb6e6d8,25360623,201791,1430863389000091883,8,S9_P8,191160:204480,0xc36442b4a4522e871399cd717abdd847ab11fe88:191160:204480,0xc36442b4a4522e871399cd717abdd847ab11fe88,191160,204480,12459358629923232,0.0087075808394469,13320,10631,2689,2689,935387284528.7711711711711712,0.0000006537222852,445.8709174459861275,511.7409992141796128,5.9864612197262351,15.7153838640449501,21.7018450837711852,15.7153838640449501,59671804594.463545,59152054400.80178,519750193.661765,true,true,34557144215903359751.270185259203438,34256235141024041812.04536864667849,300909074879317939.224816612524948,true,true,300022942493.38444,297419631439.24344,2603311054.141,true,true,172799906406066221441.0469715040158957,171296385161811356445.7826365243448956,1503521244254864995.2643349796710001,true,true,602199535761.73285,596941098433.92025,5258437327.8126,true,true,345162651253309260996.7195785491912394,342166399362817499254.087050580093331,2996251890491761742.6325279690979084,true,true
9,0x8ad599c3a0ff1de082011efddc58f1908eb6e6d8,25360623,201791,1430863389000091883,9,S9_P9,193500:207240,0xc36442b4a4522e871399cd717abdd847ab11fe88:193500:207240,0xc36442b4a4522e871399cd717abdd847ab11fe88,193500,207240,9704960713330192,0.0067825906986915,13740,8291,5449,5449,706329018437.4229985443959243,0.0000004936383332,445.8709174459861275,511.7409992141796128,4.6496627987645765,15.2734963762860207,19.9231591750505972,15.2734963762860207,59671804594.463545,59266957004.59616,404847589.867385,true,true,34557144215903359751.270185259203438,34322757617421452278.087969532287964,234386598481907473.182215726915474,true,true,300022942493.38444,297995154053.30464,2027788440.0798,true,true,172799906406066221441.0469715040158957,171628774678451417258.029055829353679,1171131727614804183.0179156746622167,true,true,602199535761.73285,598103699459.0711,4095836302.66175,true,true,345162651253309260996.7195785491912394,342828688371666139838.1471047060428334,2333962881643121158.572473843148406,true,true
9,0x8ad599c3a0ff1de082011efddc58f1908eb6e6d8,25360623,201791,1430863389000091883,10,S9_P10,188700:203880,0xc36442b4a4522e871399cd717abdd847ab11fe88:188700:203880,0xc36442b4a4522e871399cd717abdd847ab11fe88,188700,203880,12073149088894465,0.008437667202689,15180,13091,2089,2089,795332614551.677536231884058,0.0000005558410542,445.8709174459861275,511.7409992141796128,5.7985576257773485,12.9852708296704906,18.7838284554478391,12.9852708296704906,59671804594.463545,59168165800.804275,503638793.65927,true,true,34557144215903359751.270185259203438,34265562630153267051.710650400210542,291581585750092699.559534858992896,true,true,300022942493.38444,297500329065.40584,2522613427.9786,true,true,172799906406066221441.0469715040158957,171342992599913370170.0562612268755298,1456913806152851270.9907102771403659,true,true,602199535761.73285,597104117348.78405,5095418412.9488,true,true,345162651253309260996.7195785491912394,342259261014900330138.843200699813047,2903390238408930857.8763778493781924,true,true
9,0x8ad599c3a0ff1de082011efddc58f1908eb6e6d8,25360623,201791,1430863389000091883,11,S9_P11,189360:203100,0xc36442b4a4522e871399cd717abdd847ab11fe88:189360:203100,0xc36442b4a4522e871399cd717abdd847ab11fe88,189360,203100,14563870388647120,0.0101783793621448,13740,12431,1309,1309,1059961454777.8107714701601164,0.0000007407845242,445.8709174459861275,511.7409992141796128,7.0130460528138919,11.3533808043074478,18.3664268571213397,11.3533808043074478,59671804594.463545,59064262169.902495,607542424.56105,true,true,34557144215903359751.270185259203438,34205408941110560603.01902475409375,351735274792799148.251160505109688,true,true,300022942493.38444,296979897834.34624,3043044659.0382,true,true,172799906406066221441.0469715040158957,171042408758400181027.3663546378534951,1757497647666040413.6806168661624006,true,true,602199535761.73285,596052762606.5506,6146773155.18225,true,true,345162651253309260996.7195785491912394,341660392761888213551.8606208167307209,3502258491421047444.8589577324605185,true,true
9,0x8ad599c3a0ff1de082011efddc58f1908eb6e6d8,25360623,201791,1430863389000091883,12,S9_P12,194760:204960,0xc36442b4a4522e871399cd717abdd847ab11fe88:194760:204960,0xc36442b4a4522e871399cd717abdd847ab11fe88,194760,204960,8212124932521760,0.0057392795116943,10200,7031,3169,3169,805110287502.1333333333333333,0.0000005626744619,445.8709174459861275,511.7409992141796128,3.9283418128532677,11.1410563545169935,15.0693981673702612,11.1410563545169935,59671804594.463545,59329231851.18541,342572743.278135,true,true,34557144215903359751.270185259203438,34358811146699247857.79254213477479,198333069204111893.477643124428648,true,true,300022942493.38444,298307075564.23852,1715866929.14592,true,true,172799906406066221441.0469715040158957,171808920112253208979.8747240230832037,990986293813012461.172247480932692,true,true,602199535761.73285,598733781389.2648,3465754372.46805,true,true,345162651253309260996.7195785491912394,343187655745897690948.7310167110991663,1974995507411570047.9885618380920731,true,true
9,0x8ad599c3a0ff1de082011efddc58f1908eb6e6d8,25360623,201791,1430863389000091883,13,S9_P13,196920:203880,0xc36442b4a4522e871399cd717abdd847ab11fe88:196920:203880,0xc36442b4a4522e871399cd717abdd847ab11fe88,196920,203880,6968811284255318,0.0048703540378689,6960,4871,2089,2089,1001265989117.1433908045977011,0.0000006997635112,445.8709174459861275,511.7409992141796128,3.3292938115857168,7.4055693449668196,10.7348631565525364,7.4055693449668196,59671804594.463545,59381098202.059955,290706392.40359,true,true,34557144215903359751.270185259203438,34388838828239058050.388789279561564,168305387664301700.881395979641874,true,true,300022942493.38444,298566859810.82528,1456082682.55916,true,true,172799906406066221441.0469715040158957,171958954891110283077.5988948458217828,840951514955938363.4480766581941129,true,true,602199535761.73285,599258532737.0406,2941003024.69225,true,true,345162651253309260996.7195785491912394,343486636203429367058.1133218796238653,1676015049879893938.6062566695673741,true,true
9,0x8ad599c3a0ff1de082011efddc58f1908eb6e6d8,25360623,201791,1430863389000091883,14,S9_P14,200220:203340,0xc36442b4a4522e871399cd717abdd847ab11fe88:200220:203340,0xc36442b4a4522e871399cd717abdd847ab11fe88,200220,203340,7944621019561642,0.0055523267145115,3120,1571,1549,1549,2546352890885.1416666666666667,0.0000017795918957,445.8709174459861275,511.7409992141796128,3.3492243504756829,6.9128778268349074,10.2621021773105903,6.9128778268349074,59671804594.463545,59340391525.138685,331413069.32486,true,true,34557144215903359751.270185259203438,34365271839344196749.304993334277356,191872376559163001.965191924926082,true,true,300022942493.38444,298362969370.7778,1659973122.60664,true,true,172799906406066221441.0469715040158957,171841200697807030989.7127979653070668,958705708259190451.3341735387088289,true,true,602199535761.73285,598846684877.44605,3352850884.2868,true,true,345162651253309260996.7195785491912394,343251981539541588997.462130308486889,1910669713767671999.2574482407043504,true,true
9,0x8ad599c3a0ff1de082011efddc58f1908eb6e6d8,25360623,201791,1430863389000091883,15,S9_P15,189660:203520,0xc36442b4a4522e871399cd717abdd847ab11fe88:189660:203520,0xc36442b4a4522e871399cd717abdd847ab11fe88,189660,203520,7197443175587899,0.0050301400056211,13860,12131,1729,1729,519296044414.7113275613275613,0.0000003629249643,445.8709174459861275,511.7409992141796128,3.4393362558914945,6.7479879621435977,10.1873242180350922,6.7479879621435977,59671804594.463545,59371559733.861315,300244860.60223,true,true,34557144215903359751.270185259203438,34383317217901611792.701410271901068,173826998001747958.56877498730237,true,true,300022942493.38444,298519088046.9184,1503854446.46604,true,true,172799906406066221441.0469715040158957,171931365023315732320.1577862111533473,868541382750489120.8891852928625484,true,true,602199535761.73285,599162037486.3209,3037498275.41195,true,true,345162651253309260996.7195785491912394,343431655975254611144.6947693066418152,1730995278054649852.0248092425494242,true,true
9,0x8ad599c3a0ff1de082011efddc58f1908eb6e6d8,25360623,201791,1430863389000091883,16,S9_P16,199800:202860,0xc36442b4a4522e871399cd717abdd847ab11fe88:199800:202860,0xc36442b4a4522e871399cd717abdd847ab11fe88,199800,202860,7797074429077273,0.0054492095395117,3060,1991,1069,1069,2548063538914.1415032679738562,0.0000017807874312,445.8709174459861275,511.7409992141796128,3.5754096851377486,5.2118868914064853,8.7872965765442339,5.2118868914064853,59671804594.463545,59346546245.43724,325258349.026305,true,true,34557144215903359751.270185259203438,34368835428308880782.357699689404686,188308787594478968.912485569798752,true,true,300022942493.38444,298393798366.9688,1629144126.41564,true,true,172799906406066221441.0469715040158957,171859005554800261706.2258943758236901,940900851265959734.8210771281922056,true,true,602199535761.73285,598908958466.6933,3290577295.03955,true,true,345162651253309260996.7195785491912394,343287461824392164862.3325832771654418,1875189428917096134.3869952720257976,true,true
9,0x8ad599c3a0ff1de082011efddc58f1908eb6e6d8,25360623,201791,1430863389000091883,17,S9_P17,198900:201960,0xc36442b4a4522e871399cd717abdd847ab11fe88:198900:201960,0xc36442b4a4522e871399cd717abdd847ab11fe88,198900,201960,12674134648836263,0.0088576832325643,3060,2891,169,169,4141874068247.1447712418300654,0.0000028946677231,445.8709174459861275,511.7409992141796128,6.0910224169760116,1.9927663069842978,8.0837887239603094,6.0910224169760116,59671804594.463545,59143095127.87578,528709466.587765,true,true,34557144215903359751.270185259203438,34251048057934815439.874974025933826,306096157968544311.395211233269612,true,true,300022942493.38444,297374754694.88308,2648187798.50136,true,true,172799906406066221441.0469715040158957,171270470569632791752.8331128260372194,1529435836433429688.2138586779786763,true,true,602199535761.73285,596850441212.21745,5349094549.5154,true,true,345162651253309260996.7195785491912394,342352799941173425190.6258261097076291,2809851312135835806.0937524394836103,true,true
9,0x8ad599c3a0ff1de082011efddc58f1908eb6e6d8,25360623,201791,1430863389000091883,18,S9_P18,189000:202860,0xc36442b4a4522e871399cd717abdd847ab11fe88:189000:202860,0xc36442b4a4522e871399cd717abdd847ab11fe88,189000,202860,6636638286730913,0.004638205392458,13860,12791,1069,1069,478833931221.5665945165945166,0.0000003346468537,445.8709174459861275,511.7409992141796128,3.1695091532416727,4.4306303234938739,7.6001394767355466,4.4306303234938739,59671804594.463545,59394954845.691605,276849748.77194,true,true,34557144215903359751.270185259203438,34396861455250069240.907616062881808,160282760653290510.36256919632163,true,true,300022942493.38444,298636265452.64916,1386677040.73528,true,true,172799906406066221441.0469715040158957,171999039261716872947.8545347791992715,800867144349348493.1924367248166242,true,true,602199535761.73285,599398726918.54635,2800808843.1865,true,true,345162651253309260996.7195785491912394,343566516071189386169.783841585594898,1596135182119874826.9357369635963414,true,true
9,0x8ad599c3a0ff1de082011efddc58f1908eb6e6d8,25360623,201791,1430863389000091883,19,S9_P19,200760:202800,0xc36442b4a4522e871399cd717abdd847ab11fe88:200760:202800,0xc36442b4a4522e871399cd717abdd847ab11fe88,200760,202800,7332111148139798,0.0051242565883691,2040,1031,1009,1009,3594172131441.0774509803921569,0.0000025118904845,445.8709174459861275,511.7409992141796128,2.5341896554803959,4.700403915049889,7.2345935705302849,4.700403915049889,59671804594.463545,59365942848.156295,305861746.30725,true,true,34557144215903359751.270185259203438,34380064517788874580.674735066762942,177079698114485170.595450192440496,true,true,300022942493.38444,298490950237.06944,1531992256.315,true,true,172799906406066221441.0469715040158957,171915114329599891986.9136355678655595,884792076466329454.1333359361503362,true,true,602199535761.73285,599105200281.81895,3094335479.9139,true,true,345162651253309260996.7195785491912394,343399271949568828348.477483094936167,1763379303740432648.2420954542550724,true,true
9,0x8ad599c3a0ff1de082011efddc58f1908eb6e6d8,25360623,201791,1430863389000091883,20,S9_P20,201600:202260,0xc36442b4a4522e871399cd717abdd847ab11fe88:201600:202260,0xc36442b4a4522e871399cd717abdd847ab11fe88,201600,202260,14779099743754637,0.0103287985822899,660,191,469,191,22392575369325.2075757575757576,0.0000156496948217,445.8709174459861275,511.7409992141796128,1.7157915403917054,5.4718984047246778,7.1876899451163832,5.4718984047246778,59671804594.463545,59055283761.74318,616520832.720365,true,true,34557144215903359751.270185259203438,34200210575403000572.028584927161252,356933640500359179.241600332042186,true,true,300022942493.38444,296934926000.46764,3088016492.9168,true,true,172799906406066221441.0469715040158957,171016433849639871920.5630192371326215,1783472556426349520.4839522668832742,true,true,602199535761.73285,596326343385.8478,5873192375.88505,true,true,345162651253309260996.7195785491912394,341608644056067428881.1277682666996872,3554007197241832115.5918102824915522,true,true
10,0x8ad599c3a0ff1de082011efddc58f1908eb6e6d8,25350623,201973,1345290426579895994,1,S10_P1,200820:203160,0xc36442b4a4522e871399cd717abdd847ab11fe88:200820:203160,0xc36442b4a4522e871399cd717abdd847ab11fe88,200820,203160,949701618858610750,0.7059454227092194,2340,1153,1187,1153,405855392674619.9786324786324786,0.0003016860780809,443.5105590844032012,746.6890438387378405,617.0901109307603585,4508.1020022578226597,5125.1921131885830182,4508.1020022578226597,55726450912.69091,16667259937.554256,39059190975.136654,true,true,32786982645553068265.6632262341310751,9640440124580202550.610177454547724,23146542520972865715.0530487795833511,true,true,283653233595.45612,86020194602.534465,197633038992.921655,true,true,163754015368101294473.49083332282788,48152053106579771635.3977987799949748,115601962261521522838.0930345428329052,true,true,570269429386.2249,174991442847.62184,395277986538.60306,true,true,327351933931026502817.9477659770732738,94373048518348671806.4363552542403903,232978885412677831011.5114107228328835,true,true
10,0x8ad599c3a0ff1de082011efddc58f1908eb6e6d8,25350623,201973,1345290426579895994,2,S10_P2,198120:207240,0xc36442b4a4522e871399cd717abdd847ab11fe88:198120:207240,0xc36442b4a4522e871399cd717abdd847ab11fe88,198120,207240,22894220680805662,0.0170180506963163,9120,3853,5267,3853,2510331215000.6208333333333333,0.0000018660143307,443.5105590844032012,746.6890438387378405,10.6624793392522842,149.9142964034786486,160.5767757427309328,149.9142964034786486,55726450912.69091,54776223414.985915,950227497.704995,true,true,32786982645553068265.6632262341310751,32229011880402141435.5634943949398067,557970765150926830.0997318391912684,true,true,283653233595.45612,278910349366.5868,4742884228.86932,true,true,163754015368101294473.49083332282788,160964530132145930359.6634077565326613,2789485235955364113.8274255662952187,true,true,570269429386.2249,560670995783.91735,9598433602.30755,true,true,327351933931026502817.9477659770732738,321769396641238436787.9803807813953344,5582537289788066029.9673851956779394,true,true
10,0x8ad599c3a0ff1de082011efddc58f1908eb6e6d8,25350623,201973,1345290426579895994,3,S10_P3,200040:203520,0xc36442b4a4522e871399cd717abdd847ab11fe88:200040:203520,0xc36442b4a4522e871399cd717abdd847ab11fe88,200040,203520,46078741440349043,0.0342518912867715,3480,1933,1547,1547,13241017655272.7135057471264368,0.0000098424974962,443.5105590844032012,746.6890438387378405,20.9874992312717257,99.3402115549014109,120.3277107861731366,99.3402115549014109,55726450912.69091,53813714021.148325,1912736891.542585,true,true,32786982645553068265.6632262341310751,31663966204265595566.0147355400118765,1123016441287472699.6484906941191986,true,true,283653233595.45612,274106810571.48168,9546423023.97444,true,true,163754015368101294473.49083332282788,158140770460760753852.5153516950409848,5613244907340540620.9754816277868952,true,true,570269429386.2249,550946138109.619,19323291276.6059,true,true,327351933931026502817.9477659770732738,316122051580969752490.672288715335488,11229882350056750327.2754772617377858,true,true
10,0x8ad599c3a0ff1de082011efddc58f1908eb6e6d8,25350623,201973,1345290426579895994,4,S10_P4,199140:206280,0xc36442b4a4522e871399cd717abdd847ab11fe88:199140:206280,0xc36442b4a4522e871399cd717abdd847ab11fe88,199140,206280,20626635535267928,0.0153324777518165,7140,2833,4307,2833,2888884528749.0095238095238095,0.0000021474058476,443.5105590844032012,746.6890438387378405,9.5740936594607144,109.1835392293168773,118.7576328887775917,109.1835392293168773,55726450912.69091,54870350001.934445,856100910.756465,true,true,32786982645553068265.6632262341310751,32284276612636036555.9843915670630888,502706032917031709.6788346670679863,true,true,283653233595.45612,279380136147.83348,4273097447.62264,true,true,163754015368101294473.49083332282788,161240769553574395943.7155101638294172,2513245814526898529.7753231589984628,true,true,570269429386.2249,561621886649.1343,8647542737.0906,true,true,327351933931026502817.9477659770732738,322322077114558351559.4099217149545796,5029856816468151258.5378442621186942,true,true
10,0x8ad599c3a0ff1de082011efddc58f1908eb6e6d8,25350623,201973,1345290426579895994,5,S10_P5,197100:207420,0xc36442b4a4522e871399cd717abdd847ab11fe88:197100:207420,0xc36442b4a4522e871399cd717abdd847ab11fe88,197100,207420,14236413679360489,0.010582409120054,10320,4873,5447,4873,1379497449550.4349806201550388,0.0000010254272403,443.5105590844032012,746.6890438387378405,6.5459232211298514,88.7692922647333381,95.3152154858631895,88.7692922647333381,55726450912.69091,55135592892.84113,590858019.84978,true,true,32786982645553068265.6632262341310751,32440017218944346174.1233992016025761,346965426608722091.539827032528499,true,true,283653233595.45612,280704003178.02936,2949230417.42676,true,true,163754015368101294473.49083332282788,162019289524880270128.0201583874456625,1734725843221024345.4706749353822175,true,true,570269429386.2249,564301324879.02725,5968104507.19765,true,true,327351933931026502817.9477659770732738,323879873932165551054.453970036652025,3472059998860951763.4937959404212488,true,true
10,0x8ad599c3a0ff1de082011efddc58f1908eb6e6d8,25350623,201973,1345290426579895994,6,S10_P6,193500:207240,0xc36442b4a4522e871399cd717abdd847ab11fe88:193500:207240,0xc36442b4a4522e871399cd717abdd847ab11fe88,193500,207240,9704960713330192,0.0072140264448346,13740,8473,5267,5267,706329018437.4229985443959243,0.0000005250383148,443.5105590844032012,746.6890438387378405,4.4328673559879121,56.3058166296336997,60.7386839856216118,56.3058166296336997,55726450912.69091,55323672774.621345,402778138.069565,true,true,32786982645553068265.6632262341310751,32550456477213042231.5258578704243223,236526168340026034.1373683637067528,true,true,283653233595.45612,281642764460.26852,2010469135.1876,true,true,163754015368101294473.49083332282788,162571407232976306434.5085093008489228,1182608135124988038.9823240219789572,true,true,570269429386.2249,566201161554.58535,4068267831.63955,true,true,327351933931026502817.9477659770732738,324984806972744236876.921099254245073,2367126958282265941.0266667228282008,true,true
10,0x8ad599c3a0ff1de082011efddc58f1908eb6e6d8,25350623,201973,1345290426579895994,7,S10_P7,191160:204480,0xc36442b4a4522e871399cd717abdd847ab11fe88:191160:204480,0xc36442b4a4522e871399cd717abdd847ab11fe88,191160,204480,12459358629923232,0.0092614638324591,13320,10813,2507,2507,935387284528.7711711711711712,0.0000006953050925,443.5105590844032012,746.6890438387378405,5.7139186965339417,38.4603615420472378,44.1742802385811795,38.4603615420472378,55726450912.69091,55209351877.4993,517099035.19161,true,true,32786982645553068265.6632262341310751,32483326889014872976.5248342920682638,303655756538195289.1383919420628113,true,true,283653233595.45612,281072150381.76888,2581083213.68724,true,true,163754015368101294473.49083332282788,162235802896944126593.8711210606553897,1518212471157167879.6197122621724903,true,true,570269429386.2249,565046386175.49325,5223043210.73165,true,true,327351933931026502817.9477659770732738,324313159030297203076.4393816825233044,3038774900729299741.5083842945499694,true,true
10,0x8ad599c3a0ff1de082011efddc58f1908eb6e6d8,25350623,201973,1345290426579895994,8,S10_P8,188700:203880,0xc36442b4a4522e871399cd717abdd847ab11fe88:188700:203880,0xc36442b4a4522e871399cd717abdd847ab11fe88,188700,203880,12073149088894465,0.0089743811822015,15180,13273,1907,1907,795332614551.677536231884058,0.0000005911977063,443.5105590844032012,746.6890438387378405,5.5336718361110961,29.132611465451175,34.6662833015622711,29.132611465451175,55726450912.69091,55225381232.009615,501069680.681295,true,true,32786982645553068265.6632262341310751,32492739514394913395.3057027528505637,294243131158154870.3575234812805114,true,true,283653233595.45612,281152159679.4048,2501073916.05132,true,true,163754015368101294473.49083332282788,162282858924541433094.0907004754566325,1471156443559861379.4001328473712475,true,true,570269429386.2249,565208307620.2959,5061121765.929,true,true,327351933931026502817.9477659770732738,324407329738233767999.8756777152579339,2944604192792734818.0720882618153399,true,true
10,0x8ad599c3a0ff1de082011efddc58f1908eb6e6d8,25350623,201973,1345290426579895994,9,S10_P9,191880:202500,0xc36442b4a4522e871399cd717abdd847ab11fe88:191880:202500,0xc36442b4a4522e871399cd717abdd847ab11fe88,191880,202500,26626064536785294,0.0197920568010554,10620,10093,527,527,2507162385761.3271186440677966,0.0000018636588325,443.5105590844032012,746.6890438387378405,12.4697281296788389,21.1139167327160686,33.5836448623949075,21.1139167327160686,55726450912.69091,54621311395.256335,1105139517.434575,true,true,32786982645553068265.6632262341310751,32138060513150548608.756555109796137,648922132402519656.9066711243349381,true,true,283653233595.45612,278137194125.27524,5516039470.18088,true,true,163754015368101294473.49083332282788,160509936266390721423.4952192616972516,3244079101710573049.9956140611306284,true,true,570269429386.2249,559105982561.52245,11163446824.70245,true,true,327351933931026502817.9477659770732738,320859956529658065957.5230770295973106,6491977401368436860.4246889474759632,true,true
10,0x8ad599c3a0ff1de082011efddc58f1908eb6e6d8,25350623,201973,1345290426579895994,10,S10_P10,194760:204960,0xc36442b4a4522e871399cd717abdd847ab11fe88:194760:204960,0xc36442b4a4522e871399cd717abdd847ab11fe88,194760,204960,8212124932521760,0.0061043509789922,10200,7213,2987,2987,805110287502.1333333333333333,0.0000005984657823,443.5105590844032012,746.6890438387378405,3.7428553920169889,29.0471869879545548,32.7900423799715437,29.0471869879545548,55726450912.69091,55385631384.981905,340819527.709005,true,true,32786982645553068265.6632262341310751,32586838955666043829.1291870661744829,200143689887024436.5340391679565922,true,true,283653233595.45612,281952024385.48848,1701209209.96764,true,true,163754015368101294473.49083332282788,162753305403007100688.9825390944569983,1000709965094193784.5082942283708817,true,true,570269429386.2249,566827002503.4959,3442426882.729,true,true,327351933931026502817.9477659770732738,325348861222162881221.3789662440378414,2003072708863621596.5687997330354324,true,true
10,0x8ad599c3a0ff1de082011efddc58f1908eb6e6d8,25350623,201973,1345290426579895994,11,S10_P11,189360:203100,0xc36442b4a4522e871399cd717abdd847ab11fe88:189360:203100,0xc36442b4a4522e871399cd717abdd847ab11fe88,189360,203100,14563870388647120,0.0108258187978581,13740,12613,1127,1127,1059961454777.8107714701601164,0.0000007879052982,443.5105590844032012,746.6890438387378405,6.6997112089511265,22.125610212030131,28.8253214209812575,22.125610212030131,55726450912.69091,55122002173.18186,604448739.50905,true,true,32786982645553068265.6632262341310751,32432036362988609099.8338129402177734,354946282564459165.8294132939133017,true,true,283653233595.45612,280636164974.03624,3017068621.41988,true,true,163754015368101294473.49083332282788,161979393439062208315.4863084716278141,1774621929039086158.0045248512000659,true,true,570269429386.2249,564164030141.8879,6105399244.337,true,true,327351933931026502817.9477659770732738,323800036481384290560.3897407870711961,3551897449642212257.5580251900020777,true,true
10,0x8ad599c3a0ff1de082011efddc58f1908eb6e6d8,25350623,201973,1345290426579895994,12,S10_P12,196260:204960,0xc36442b4a4522e871399cd717abdd847ab11fe88:196260:204960,0xc36442b4a4522e871399cd717abdd847ab11fe88,196260,204960,6618462975887944,0.0049197279971091,8700,5713,2987,2987,760742870791.7177011494252874,0.0000005654859767,443.5105590844032012,746.6890438387378405,3.0095415101203947,23.2362781278889076,26.2458196380093023,23.2362781278889076,55726450912.69091,55451774153.942315,274676758.748595,true,true,32786982645553068265.6632262341310751,32625679260952638882.1750819727548556,161303384600429383.4881442613762195,true,true,283653233595.45612,282282169597.67764,1371063997.77848,true,true,163754015368101294473.49083332282788,162947494278748020728.367087471974321,806521089353273745.123745850853559,true,true,570269429386.2249,567495091767.6014,2774337618.6235,true,true,327351933931026502817.9477659770732738,325737528911154771940.9308065740950681,1614405019871730877.0169594029782057,true,true
10,0x8ad599c3a0ff1de082011efddc58f1908eb6e6d8,25350623,201973,1345290426579895994,13,S10_P13,196920:203880,0xc36442b4a4522e871399cd717abdd847ab11fe88:196920:203880,0xc36442b4a4522e871399cd717abdd847ab11fe88,196920,203880,6968811284255318,0.0051801537768852,6960,5053,1907,1907,1001265989117.1433908045977011,0.0000007442749679,443.5105590844032012,746.6890438387378405,3.1704610488836698,16.6067996515513809,19.7772607004350507,16.6067996515513809,55726450912.69091,55437233605.62019,289217307.07072,true,true,32786982645553068265.6632262341310751,32617141051782828345.1158391577775838,169841593770239920.5473870763534913,true,true,283653233595.45612,282209591230.96672,1443642364.4894,true,true,163754015368101294473.49083332282788,162904803531834173443.974212897689437,849211836267121029.516620425138443,true,true,570269429386.2249,567348221961.271,2921207424.9539,true,true,327351933931026502817.9477659770732738,325652082534138307238.3312466538537224,1699851396888195579.6165193232195514,true,true
10,0x8ad599c3a0ff1de082011efddc58f1908eb6e6d8,25350623,201973,1345290426579895994,14,S10_P14,189660:203520,0xc36442b4a4522e871399cd717abdd847ab11fe88:189660:203520,0xc36442b4a4522e871399cd717abdd847ab11fe88,189660,203520,7197443175587899,0.005350103615831,13860,12313,1547,1547,519296044414.7113275613275613,0.0000003860103619,443.5105590844032012,746.6890438387378405,3.2755629853851588,14.2955055071873528,17.5710684925725116,14.2955055071873528,55726450912.69091,55427744271.072775,298706641.618135,true,true,32786982645553068265.6632262341310751,32611568384681740004.2174786869421762,175414260871328261.4457475471888989,true,true,283653233595.45612,282162227508.48596,1491006086.97016,true,true,163754015368101294473.49083332282788,162876944388015820257.4570717170563616,877070980085474216.0337616057715184,true,true,570269429386.2249,567252376348.8801,3017053037.3448,true,true,327351933931026502817.9477659770732738,325596322226259844620.2937145782221553,1755611704766658197.6540513988511185,true,true
10,0x8ad599c3a0ff1de082011efddc58f1908eb6e6d8,25350623,201973,1345290426579895994,15,S10_P15,196980:203760,0xc36442b4a4522e871399cd717abdd847ab11fe88:196980:203760,0xc36442b4a4522e871399cd717abdd847ab11fe88,196980,203760,6180004249462650,0.0045938067552996,6780,4993,1787,1787,911505051543.163716814159292,0.0000006775526188,443.5105590844032012,746.6890438387378405,2.8083820735366391,13.8984547261178433,16.7068367996544824,13.8984547261178433,55726450912.69091,55469970958.60231,256479954.0886,true,true,32786982645553068265.6632262341310751,32636365073943151966.8169608276863024,150617571609916298.8462654064447727,true,true,283653233595.45612,282373000716.40388,1280232879.05224,true,true,163754015368101294473.49083332282788,163000921594716562282.8616556055384754,753093773384732190.6291777172894046,true,true,570269429386.2249,567678897085.13315,2590532301.09175,true,true,327351933931026502817.9477659770732738,325844466195521613635.1683498362273128,1507467735504889182.779416140845961,true,true
10,0x8ad599c3a0ff1de082011efddc58f1908eb6e6d8,25350623,201973,1345290426579895994,16,S10_P16,199800:202860,0xc36442b4a4522e871399cd717abdd847ab11fe88:199800:202860,0xc36442b4a4522e871399cd717abdd847ab11fe88,199800,202860,7797074429077273,0.0057958298632211,3060,2173,887,887,2548063538914.1415032679738562,0.0000018940620468,443.5105590844032012,746.6890438387378405,3.5111663962467375,9.5659241754432739,13.0770905716900114,9.5659241754432739,55726450912.69091,55402857233.270825,323593679.420085,true,true,32786982645553068265.6632262341310751,32596954628811604892.928744201294042,190028016741463372.7344820328370331,true,true,283653233595.45612,282038006935.652,1615226659.80412,true,true,163754015368101294473.49083332282788,162803879199649217151.677774430715373,950136168452077321.813058892112507,true,true,570269429386.2249,567001000562.7688,3268428823.4561,true,true,327351933931026502817.9477659770732738,325450082755498653369.5174117729391339,1901851175527849448.4303542041341399,true,true
10,0x8ad599c3a0ff1de082011efddc58f1908eb6e6d8,25350623,201973,1345290426579895994,17,S10_P17,189000:202860,0xc36442b4a4522e871399cd717abdd847ab11fe88:189000:202860,0xc36442b4a4522e871399cd717abdd847ab11fe88,189000,202860,6636638286730913,0.0049332383220797,13860,12973,887,887,478833931221.5665945165945166,0.0000003559335009,443.5105590844032012,746.6890438387378405,3.0178856340558193,8.1346022813042194,11.1524879153600387,8.1346022813042194,55726450912.69091,55451019747.240645,275431165.450265,true,true,32786982645553068265.6632262341310751,32625236477265265477.4099229103112122,161746168287802788.2533033238198629,true,true,283653233595.45612,282278404379.80672,1374829215.6494,true,true,163754015368101294473.49083332282788,162945279538381017529.7780668278967455,808735829720276943.7127664949311345,true,true,570269429386.2249,567487472535.03995,2781956851.18495,true,true,327351933931026502817.9477659770732738,325733096093158780689.6971716017600189,1618837837867722128.2505943753132549,true,true
10,0x8ad599c3a0ff1de082011efddc58f1908eb6e6d8,25350623,201973,1345290426579895994,18,S10_P18,201600:202260,0xc36442b4a4522e871399cd717abdd847ab11fe88:201600:202260,0xc36442b4a4522e871399cd717abdd847ab11fe88,201600,202260,14779099743754637,0.0109858060770768,660,373,287,287,22392575369325.2075757575757576,0.0000166451607228,443.5105590844032012,746.6890438387378405,2.8731477059135733,6.7657823870527635,9.6389300929663368,6.7657823870527635,55726450912.69091,55113068756.358905,613382156.332005,true,true,32786982645553068265.6632262341310751,32426790748050939705.3251309111676726,360191897502128560.3380953229634025,true,true,283653233595.45612,280591576310.72152,3061657284.7346,true,true,163754015368101294473.49083332282788,161953170835078409618.1863376478671436,1800844533022884855.3044956749607364,true,true,570269429386.2249,564073789028.69955,6195640357.52535,true,true,327351933931026502817.9477659770732738,323776317289006718124.8449242304583613,3575616642019784693.1028417466149125,true,true
10,0x8ad599c3a0ff1de082011efddc58f1908eb6e6d8,25350623,201973,1345290426579895994,19,S10_P19,200580:202380,0xc36442b4a4522e871399cd717abdd847ab11fe88:200580:202380,0xc36442b4a4522e871399cd717abdd847ab11fe88,200580,202380,7026053184885160,0.0052227036229993,1800,1393,407,407,3903362880491.7555555555555556,0.0000029015020128,443.5105590844032012,746.6890438387378405,2.7488274281588667,4.3939878551380661,7.1428152832969328,4.3939878551380661,55726450912.69091,55434857632.443885,291593280.247025,true,true,32786982645553068265.6632262341310751,32615745610864836023.4139249955277653,171237034688232242.2493012386033098,true,true,283653233595.45612,282197732853.15072,1455500742.3054,true,true,163754015368101294473.49083332282788,162897828631882173329.2820822799152364,856186736219121144.2087510429126436,true,true,570269429386.2249,567324225377.39685,2945204008.82805,true,true,327351933931026502817.9477659770732738,325638121985706274478.6745143462881266,1713811945320228339.2732516307851472,true,true
10,0x8ad599c3a0ff1de082011efddc58f1908eb6e6d8,25350623,201973,1345290426579895994,20,S10_P20,188340:202200,0xc36442b4a4522e871399cd717abdd847ab11fe88:188340:202200,0xc36442b4a4522e871399cd717abdd847ab11fe88,188340,202200,6160985147957327,0.0045796692121123,13860,13633,227,227,444515522940.6440836940836941,0.0000003304234641,443.5105590844032012,746.6890438387378405,2.7996621369762214,2.2683090118397022,5.0679711488159236,2.7996621369762214,55726450912.69091,55470760718.119685,255690194.571225,true,true,32786982645553068265.6632262341310751,32636829056383175842.9937702977074778,150153589169892422.6694559364235973,true,true,283653233595.45612,282376940846.99288,1276292748.46324,true,true,163754015368101294473.49083332282788,163003239280607930336.4582671197916473,750776087493364137.0325662030362327,true,true,570269429386.2249,567686870020.27865,2582559365.94625,true,true,327351933931026502817.9477659770732738,325888787546320102700.4185049066941658,1463146384706400117.529261070379108,true,true
11,0x8ad599c3a0ff1de082011efddc58f1908eb6e6d8,25340623,201676,1351806896204042984,1,S11_P1,200820:203160,0xc36442b4a4522e871399cd717abdd847ab11fe88:200820:203160,0xc36442b4a4522e871399cd717abdd847ab11fe88,200820,203160,949701618858610750,0.7025423686810826,2340,856,1484,856,405855392674619.9786324786324786,0.0003002317814876,469.5002109378594509,490.2105826647615397,521.6991317301394286,3833.7312540433388804,4355.430385773478309,3833.7312540433388804,56703597869.852805,16899218444.116532,39804379425.736273,true,true,32459935095516646907.1153750111640328,9658831579607189870.7459955864645536,22801103515909457036.3693794246994792,true,true,286120113756.55904,85135368198.693915,200984745557.865125,true,true,162513669555673887440.349468074017286,48438429577203750987.471367396924462,114075239978470136452.878100677092824,true,true,575395526795.5864,175831415532.8096,399564111262.7768,true,true,325131318926455875348.8014495381081716,96285786065403624614.4201854244437408,228845532861052250734.3812641136644308,true,true
11,0x8ad599c3a0ff1de082011efddc58f1908eb6e6d8,25340623,201676,1351806896204042984,2,S11_P2,200040:203520,0xc36442b4a4522e871399cd717abdd847ab11fe88:200040:203520,0xc36442b4a4522e871399cd717abdd847ab11fe88,200040,203520,46078741440349043,0.0340867779042561,3480,1636,1844,1636,13241017655272.7135057471264368,0.0000097950511219,469.5002109378594509,490.2105826647615397,20.7164666685883496,39.875535718975958,60.5920023875643076,39.875535718975958,56703597869.852805,54769122927.270835,1934474942.58197,true,true,32459935095516646907.1153750111640328,31353480734993607019.2594402145440264,1106454360523039887.8559347966200064,true,true,286120113756.55904,276477731714.26096,9642382042.29808,true,true,162513669555673887440.349468074017286,156981358577508098100.0884862504241652,5532310978165789340.2609818235931208,true,true,575395526795.5864,555735251905.84805,19660274889.73835,true,true,325131318926455875348.8014495381081716,314064802420108967438.8236110404750164,11066516506346907909.9778384976331552,true,true
11,0x8ad599c3a0ff1de082011efddc58f1908eb6e6d8,25340623,201676,1351806896204042984,3,S11_P3,198120:207240,0xc36442b4a4522e871399cd717abdd847ab11fe88:198120:207240,0xc36442b4a4522e871399cd717abdd847ab11fe88,198120,207240,22894220680805662,0.0169360141193939,9120,3556,5564,3556,2510331215000.6208333333333333,0.000001857019092,469.5002109378594509,490.2105826647615397,11.4852269605607736,27.4697969083815545,38.9550238689423281,27.4697969083815545,56703597869.852805,55742491837.286175,961106032.56663,true,true,32459935095516646907.1153750111640328,31910193286092491266.9663616366219816,549741809424155640.1490133745420512,true,true,286120113756.55904,281329406689.4058,4790707067.15324,true,true,162513669555673887440.349468074017286,159765005653530294840.6332433381672068,2748663902143592599.7162247358500792,true,true,575395526795.5864,565630592790.8753,9764934004.7111,true,true,325131318926455875348.8014495381081716,319632189316010597504.9371557712616648,5499129610445277843.8642937668465068,true,true
11,0x8ad599c3a0ff1de082011efddc58f1908eb6e6d8,25340623,201676,1351806896204042984,4,S11_P4,199140:206280,0xc36442b4a4522e871399cd717abdd847ab11fe88:199140:206280,0xc36442b4a4522e871399cd717abdd847ab11fe88,199140,206280,20626635535267928,0.0152585665846126,7140,2536,4604,2536,2888884528749.0095238095238095,0.0000021370541435,469.5002109378594509,490.2105826647615397,10.3059210148674979,24.2520052533992189,34.5579262682667168,24.2520052533992189,56703597869.852805,55837688410.634065,865909459.21874,true,true,32459935095516646907.1153750111640328,31964643149944784620.8646493463630332,495291945571862286.2507256648009996,true,true,286120113756.55904,281803915957.49412,4316197799.06492,true,true,162513669555673887440.349468074017286,160037255843025172710.7666144133218544,2476413712648714729.5828536606954316,true,true,575395526795.5864,566598056241.77065,8797470553.81575,true,true,325131318926455875348.8014495381081716,320176798443435511658.6667214794723456,4954520483020363690.134728058635826,true,true
11,0x8ad599c3a0ff1de082011efddc58f1908eb6e6d8,25340623,201676,1351806896204042984,5,S11_P5,191880:202500,0xc36442b4a4522e871399cd717abdd847ab11fe88:191880:202500,0xc36442b4a4522e871399cd717abdd847ab11fe88,191880,202500,26626064536785294,0.0196966479543439,10620,9796,824,824,2507162385761.3271186440677966,0.0000018546749486,469.5002109378594509,490.2105826647615397,13.4073766915809218,13.0462064041173486,26.4535830956982704,13.4073766915809218,56703597869.852805,55585820805.23776,1117777064.615045,true,true,32459935095516646907.1153750111640328,31820583348171254824.5550672123124184,639351747345392082.5603077988516144,true,true,286120113756.55904,280548485259.42208,5571628497.13696,true,true,162513669555673887440.349468074017286,159316951024881148054.8311176145184332,3196718530792739385.5183504594988528,true,true,575395526795.5864,564038266371.09185,11357260424.49455,true,true,325131318926455875348.8014495381081716,318735938027458898181.5995836732810884,6395380898996977167.2018658648270832,true,true
11,0x8ad599c3a0ff1de082011efddc58f1908eb6e6d8,25340623,201676,1351806896204042984,6,S11_P6,197100:207420,0xc36442b4a4522e871399cd717abdd847ab11fe88:197100:207420,0xc36442b4a4522e871399cd717abdd847ab11fe88,197100,207420,14236413679360489,0.0105313959555445,10320,4576,5744,4576,1379497449550.4349806201550388,0.0000010204841042,469.5002109378594509,490.2105826647615397,7.0806038773293223,15.8565499603104056,22.9371538376397279,15.8565499603104056,56703597869.852805,56105957165.46884,597640704.383965,true,true,32459935095516646907.1153750111640328,32118086858701480819.1587034818970616,341848236815166087.9566715292669712,true,true,286120113756.55904,283141107854.17968,2979005902.37936,true,true,162513669555673887440.349468074017286,160804470465839593201.0334603709323096,1709199089834294239.3160077030849764,true,true,575395526795.5864,569324100704.57865,6071426091.00775,true,true,325131318926455875348.8014495381081716,321711620156280410162.79104757781131,3419698770175465186.0104019602968616,true,true
11,0x8ad599c3a0ff1de082011efddc58f1908eb6e6d8,25340623,201676,1351806896204042984,7,S11_P7,191160:204480,0xc36442b4a4522e871399cd717abdd847ab11fe88:191160:204480,0xc36442b4a4522e871399cd717abdd847ab11fe88,191160,204480,12459358629923232,0.0092168183672608,13320,10516,2804,2804,935387284528.7711711711711712,0.0000006919533309,469.5002109378594509,490.2105826647615397,6.185871492689849,12.4740568685722974,18.6599283612621464,12.4740568685722974,56703597869.852805,56180558974.6855,523038895.167305,true,true,32459935095516646907.1153750111640328,32160757913588768135.6075259721972048,299177181927878771.507849038966828,true,true,286120113756.55904,283512964587.83836,2607149168.72068,true,true,162513669555673887440.349468074017286,161017823279407750167.5918188940113784,1495846276266137272.7576491800059076,true,true,575395526795.5864,570082097342.961,5313429452.6254,true,true,325131318926455875348.8014495381081716,322138456605159827708.5168417054120792,2992862321296047640.2846078326960924,true,true
11,0x8ad599c3a0ff1de082011efddc58f1908eb6e6d8,25340623,201676,1351806896204042984,8,S11_P8,189360:203100,0xc36442b4a4522e871399cd717abdd847ab11fe88:189360:203100,0xc36442b4a4522e871399cd717abdd847ab11fe88,189360,203100,14533218480372321,0.0107509574933983,13740,12316,1424,1424,1057730602647.1849344978165939,0.0000007824568772,469.5002109378594509,490.2105826647615397,7.2303501015238896,10.0391241400289585,17.2694742415528481,10.0391241400289585,56703597869.852805,56093497382.97944,610100486.873365,true,true,32459935095516646907.1153750111640328,32110959982570339369.6803155287759004,348975112946307537.4350594823881324,true,true,286120113756.55904,283079000089.71052,3041113666.84852,true,true,162513669555673887440.349468074017286,160768836091595718485.6335173430394912,1744833464078168954.7159507309777948,true,true,575395526795.5864,569197495901.6005,6198030893.9859,true,true,325131318926455875348.8014495381081716,321640330325385391383.227513756306558,3490988601070483965.5739357818016136,true,true
11,0x8ad599c3a0ff1de082011efddc58f1908eb6e6d8,25340623,201676,1351806896204042984,9,S11_P9,188700:203880,0xc36442b4a4522e871399cd717abdd847ab11fe88:188700:203880,0xc36442b4a4522e871399cd717abdd847ab11fe88,188700,203880,12073149088894465,0.0089311196168599,15180,12976,2204,2204,795332614551.677536231884058,0.0000005883478008,469.5002109378594509,490.2105826647615397,5.991834524624698,10.7597085377424151,16.7515430623671131,10.7597085377424151,56703597869.852805,56196772045.406555,506825824.44625,true,true,32459935095516646907.1153750111640328,32170031688729414465.9570103975948496,289903406787232441.1583646135691832,true,true,286120113756.55904,283593780451.10816,2526333305.45088,true,true,162513669555673887440.349468074017286,161064191308832570319.9715205185954976,1449478246841317120.3779475554217884,true,true,575395526795.5864,570246828574.60825,5148698220.97815,true,true,325131318926455875348.8014495381081716,322231222666224122957.6593950685874756,2900096260231752391.142054469520696,true,true
11,0x8ad599c3a0ff1de082011efddc58f1908eb6e6d8,25340623,201676,1351806896204042984,10,S11_P10,193500:207240,0xc36442b4a4522e871399cd717abdd847ab11fe88:193500:207240,0xc36442b4a4522e871399cd717abdd847ab11fe88,193500,207240,9704960713330192,0.0071792507795176,13740,8176,5564,5564,706329018437.4229985443959243,0.0000005225073348,469.5002109378594509,490.2105826647615397,4.8052594491750774,10.430556287679961,15.2358157368550384,10.430556287679961,56703597869.852805,56296189949.893415,407407919.95939,true,true,32459935095516646907.1153750111640328,32226896987664997824.0209574976252764,233038107851649083.0944175135387564,true,true,286120113756.55904,284089332843.6558,2030780912.90324,true,true,162513669555673887440.349468074017286,161348513956624234006.2150967353426128,1165155599049653434.1343713386746732,true,true,575395526795.5864,571256900806.47025,4138625989.11615,true,true,325131318926455875348.8014495381081716,322800059650115281662.8384895791341136,2331259276340593685.962959958974058,true,true
11,0x8ad599c3a0ff1de082011efddc58f1908eb6e6d8,25340623,201676,1351806896204042984,11,S11_P11,194760:204960,0xc36442b4a4522e871399cd717abdd847ab11fe88:194760:204960,0xc36442b4a4522e871399cd717abdd847ab11fe88,194760,204960,8212124932521760,0.0060749245736073,10200,6916,3284,3284,805110287502.1333333333333333,0.0000005955808405,469.5002109378594509,490.2105826647615397,4.0601242106711105,8.5092878600668732,12.5694120707379837,8.5092878600668732,56703597869.852805,56358858613.15372,344739256.699085,true,true,32459935095516646907.1153750111640328,32262743508587948810.0736556420194988,197191586928698097.041719369144534,true,true,286120113756.55904,284401713111.51072,1718400645.04832,true,true,162513669555673887440.349468074017286,161527742045270305473.2967589851540944,985927510403581967.0527090888631916,true,true,575395526795.5864,571893585551.872,3501941243.7144,true,true,325131318926455875348.8014495381081716,323158644626440853738.243050960272922,1972674300015021610.5583985778352496,true,true
11,0x8ad599c3a0ff1de082011efddc58f1908eb6e6d8,25340623,201676,1351806896204042984,12,S11_P12,196260:204960,0xc36442b4a4522e871399cd717abdd847ab11fe88:196260:204960,0xc36442b4a4522e871399cd717abdd847ab11fe88,196260,204960,6618462975887944,0.0048960121408413,8700,5416,3284,3284,760742870791.7177011494252874,0.0000005627600162,469.5002109378594509,490.2105826647615397,3.2670783752256422,6.8014619341798869,10.0685403094055291,6.8014619341798869,56703597869.852805,56425760110.384825,277837759.46798,true,true,32459935095516646907.1153750111640328,32301010914191632447.0250710339444388,158924181325014460.090303977219594,true,true,286120113756.55904,284735190928.68492,1384922827.87412,true,true,162513669555673887440.349468074017286,161719074283085098830.4386517143139052,794595272588788609.9108163597033808,true,true,575395526795.5864,572573242422.13135,2822284373.45505,true,true,325131318926455875348.8014495381081716,323541454063111684543.02392354512707,1589864863344190805.7775259929811016,true,true
11,0x8ad599c3a0ff1de082011efddc58f1908eb6e6d8,25340623,201676,1351806896204042984,13,S11_P13,196920:203880,0xc36442b4a4522e871399cd717abdd847ab11fe88:196920:203880,0xc36442b4a4522e871399cd717abdd847ab11fe88,196920,203880,6968811284255318,0.0051551825218707,6960,4756,2204,2204,1001265989117.1433908045977011,0.0000007406871439,469.5002109378594509,490.2105826647615397,3.4412070625796697,6.1248083456796764,9.5660154082593461,6.1248083456796764,56703597869.852805,56411052662.18556,292545207.667245,true,true,32459935095516646907.1153750111640328,32292598271682743010.8576084889398132,167336823833903896.2577665222242196,true,true,286120113756.55904,284661879757.13696,1458233999.42208,true,true,162513669555673887440.349468074017286,161677012184993712423.5077314012644708,836657370680175016.8417366727528152,true,true,575395526795.5864,572423830311.01285,2971696484.57355,true,true,325131318926455875348.8014495381081716,323457297289047741038.6558584591425556,1674021637408134310.145591078965616,true,true
11,0x8ad599c3a0ff1de082011efddc58f1908eb6e6d8,25340623,201676,1351806896204042984,14,S11_P14,189660:203520,0xc36442b4a4522e871399cd717abdd847ab11fe88:189660:203520,0xc36442b4a4522e871399cd717abdd847ab11fe88,189660,203520,7197443175587899,0.0053243131069968,13860,12016,1844,1844,519296044414.7113275613275613,0.0000003841495748,469.5002109378594509,490.2105826647615397,3.5549055242870863,5.7429322487158853,9.2978377730029716,5.7429322487158853,56703597869.852805,56401454620.781995,302143249.07081,true,true,32459935095516646907.1153750111640328,32287108081207656037.4745392519155804,172827014308990869.6408357592484524,true,true,286120113756.55904,284614037902.58872,1506075853.97032,true,true,162513669555673887440.349468074017286,161649563033655913680.4376167571256992,864106522017973759.9118513168915868,true,true,575395526795.5864,572326325399.02725,3069201396.55915,true,true,325131318926455875348.8014495381081716,323402377955142437416.7820922256645696,1728940971313437932.019357312443602,true,true
11,0x8ad599c3a0ff1de082011efddc58f1908eb6e6d8,25340623,201676,1351806896204042984,15,S11_P15,198900:201960,0xc36442b4a4522e871399cd717abdd847ab11fe88:198900:201960,0xc36442b4a4522e871399cd717abdd847ab11fe88,198900,201960,12674134648836263,0.0093756990620672,3060,2776,284,284,4141874068247.1447712418300654,0.0000030639539419,469.5002109378594509,490.2105826647615397,6.2938421195963889,2.8408224931829599,9.1346646127793488,6.2938421195963889,56703597869.852805,56171543038.073685,532054831.77912,true,true,32459935095516646907.1153750111640328,32155600299757868047.97636321576433,304334795758778859.1390117953997028,true,true,286120113756.55904,283468021967.74796,2652091788.81108,true,true,162513669555673887440.349468074017286,160992037370483738057.3557964342359184,1521632185190149382.9936716397813676,true,true,575395526795.5864,569990487485.25205,5405039310.33435,true,true,325131318926455875348.8014495381081716,322113076082667436361.3025336411302212,3018242843788438987.4989158969779504,true,true
11,0x8ad599c3a0ff1de082011efddc58f1908eb6e6d8,25340623,201676,1351806896204042984,16,S11_P16,199800:202860,0xc36442b4a4522e871399cd717abdd847ab11fe88:199800:202860,0xc36442b4a4522e871399cd717abdd847ab11fe88,199800,202860,8052463122154749,0.0059568146491681,3060,1876,1184,1184,2631523896129.0029411764705882,0.000001946671454,469.5002109378594509,490.2105826647615397,3.7333203712782599,4.8994085683123841,8.632728939590644,4.8994085683123841,56703597869.852805,56365561540.774555,338036329.07825,true,true,32459935095516646907.1153750111640328,32266577493413757550.1802694183194244,193357602102889356.9351055928446084,true,true,286120113756.55904,284435122905.65408,1684990850.90496,true,true,162513669555673887440.349468074017286,161546910674541778934.668024234515548,966758881132108505.681443839501738,true,true,575395526795.5864,571961678720.1689,3433848075.4175,true,true,325131318926455875348.8014495381081716,323196996270917434456.312204187600202,1934322655538440892.4892453505079696,true,true
11,0x8ad599c3a0ff1de082011efddc58f1908eb6e6d8,25340623,201676,1351806896204042984,17,S11_P17,196980:203760,0xc36442b4a4522e871399cd717abdd847ab11fe88:196980:203760,0xc36442b4a4522e871399cd717abdd847ab11fe88,196980,203760,6180004249462650,0.0045716620227464,6780,4696,2084,2084,911505051543.163716814159292,0.000000674286434,469.5002109378594509,490.2105826647615397,3.0493264415189247,5.2641184559920344,8.3134448975109591,5.2641184559920344,56703597869.852805,56444167086.438765,259430783.41404,true,true,32459935095516646907.1153750111640328,32311539347393841679.2582642819866644,148395748122805227.8571107291773684,true,true,286120113756.55904,284826939672.2614,1293174084.29764,true,true,162513669555673887440.349468074017286,161771714944225140053.1233673538364852,741954611448747387.2261007201808008,true,true,575395526795.5864,572760228908.50545,2635297887.08095,true,true,325131318926455875348.8014495381081716,323646776091299939282.8528453117590588,1484542835155936065.9486042263491128,true,true
11,0x8ad599c3a0ff1de082011efddc58f1908eb6e6d8,25340623,201676,1351806896204042984,18,S11_P18,189000:202860,0xc36442b4a4522e871399cd717abdd847ab11fe88:189000:202860,0xc36442b4a4522e871399cd717abdd847ab11fe88,189000,202860,6636638286730913,0.004909457338446,13860,12676,1184,1184,478833931221.5665945165945166,0.0000003542177012,469.5002109378594509,490.2105826647615397,3.2761088328134812,4.0308668531275029,7.3069756859409841,4.0308668531275029,56703597869.852805,56424997439.56162,278600430.291185,true,true,32459935095516646907.1153750111640328,32300574231972526928.6014404526185392,159360863544119978.5139345585454936,true,true,286120113756.55904,284731387852.32356,1388725904.23548,true,true,162513669555673887440.349468074017286,161716892326408219692.7211756426606852,796777229265667747.6282924313566008,true,true,575395526795.5864,572565491399.69165,2830035395.89475,true,true,325131318926455875348.8014495381081716,323537088183569534636.5154320588485376,1594230742886340712.286017479259634,true,true
11,0x8ad599c3a0ff1de082011efddc58f1908eb6e6d8,25340623,201676,1351806896204042984,19,S11_P19,200580:202380,0xc36442b4a4522e871399cd717abdd847ab11fe88:200580:202380,0xc36442b4a4522e871399cd717abdd847ab11fe88,200580,202380,7026053184885160,0.0051975272537925,1800,1096,704,704,3903362880491.7555555555555556,0.000002887515141,469.5002109378594509,490.2105826647615397,2.5736749351408777,3.0649985588080742,5.6386734939489519,3.0649985588080742,56703597869.852805,56408649380.446045,294948489.40676,true,true,32459935095516646907.1153750111640328,32291223589106747019.6252550529192884,168711506409899887.4901199582447444,true,true,286120113756.55904,284649901619.50876,1470212137.05028,true,true,162513669555673887440.349468074017286,161670139873272774155.4108017448047264,843529682401113284.9386663292125596,true,true,575395526795.5864,572399418273.2822,2996108522.3042,true,true,325131318926455875348.8014495381081716,323443547279940392599.2641990636085068,1687771646515482749.5372504744996648,true,true
11,0x8ad599c3a0ff1de082011efddc58f1908eb6e6d8,25340623,201676,1351806896204042984,20,S11_P20,188340:202200,0xc36442b4a4522e871399cd717abdd847ab11fe88:188340:202200,0xc36442b4a4522e871399cd717abdd847ab11fe88,188340,202200,6160985147957327,0.0045575926304694,13860,13336,524,524,444515522940.6440836940836941,0.0000003288306371,469.5002109378594509,490.2105826647615397,3.0398852270106789,2.2013014201400926,5.2411866471507715,3.0398852270106789,56703597869.852805,56444965551.11501,258632318.737795,true,true,32459935095516646907.1153750111640328,32311996143238378884.2145699294754476,147938952278268022.9008050816885852,true,true,286120113756.55904,284830919454.1042,1289194302.45484,true,true,162513669555673887440.349468074017286,161773998250246793371.6503478751380724,739671305427094068.6991201988792136,true,true,575395526795.5864,572768339749.7218,2627187045.8646,true,true,325131318926455875348.8014495381081716,323651344728809638450.5796524259746908,1479974197646236898.2217971121334808,true,true
12,0x8ad599c3a0ff1de082011efddc58f1908eb6e6d8,25330623,201408,1433853167504040609,1,S12_P1,200820:203160,0xc36442b4a4522e871399cd717abdd847ab11fe88:200820:203160,0xc36442b4a4522e871399cd717abdd847ab11fe88,200820,203160,949701618858610750,0.6623423097860085,2340,588,1752,588,405855392674619.9786324786324786,0.0002830522691393,472.4089741569085687,425.1615977337245228,392.0241055589567698,2982.657337789424863,3374.6814433483816328,2982.657337789424863,60950602136.712875,20593195650.059132,40357406486.653743,true,true,33975210872754556038.9250707146553776,11476024965893588644.3668880880535935,22499185906860967394.5581826266017841,true,true,306594085850.46232,103563309080.59296,203030776769.86936,true,true,169843684025312378229.0561914248461101,57342829816329793612.1951359566184644,112500854208982584616.8610554682276457,true,true,616906430430.81325,215336445253.73488,401569985177.07837,true,true,339054764331444620750.5964629565925593,112566645281365934440.1139221309437538,226488119050078686310.4825408256488055,true,true
12,0x8ad599c3a0ff1de082011efddc58f1908eb6e6d8,25330623,201408,1433853167504040609,2,S12_P2,200040:203520,0xc36442b4a4522e871399cd717abdd847ab11fe88:200040:203520,0xc36442b4a4522e871399cd717abdd847ab11fe88,200040,203520,46078741440349043,0.0321363041102458,3480,1368,2112,1368,13241017655272.7135057471264368,0.0000092345701466,472.4089741569085687,425.1615977337245228,19.0688578839276267,15.4961986213085803,34.565056505236207,19.0688578839276267,60950602136.712875,58991334830.702415,1959267306.01046,true,true,33975210872754556038.9250707146553776,32883415435203955498.5027980029942272,1091795437550600540.4222727116611504,true,true,306594085850.46232,296783091020.53504,9810994829.92728,true,true,169843684025312378229.0561914248461101,164369348184398488880.3929236570541141,5474335840913889348.663267767791996,true,true,616906430430.81325,597031177599.8452,19875252830.96805,true,true,339054764331444620750.5964629565925593,328171061771719420984.7145982119051605,10883702559725199765.8818647446873988,true,true
12,0x8ad599c3a0ff1de082011efddc58f1908eb6e6d8,25330623,201408,1433853167504040609,3,S12_P3,186180:202140,0xc36442b4a4522e871399cd717abdd847ab11fe88:186180:202140,0xc36442b4a4522e871399cd717abdd847ab11fe88,186180,202140,36971447565104646,0.0257846817254393,15960,15228,732,732,2316506739668.2109022556390977,0.0000016155815617,472.4089741569085687,425.1615977337245228,18.5669501784264869,9.588054569405199,28.1550047478316859,18.5669501784264869,60950602136.712875,59378591062.249425,1572011074.46345,true,true,33975210872754556038.9250707146553776,33099205740985713091.6623595389798752,876005131768842947.2627111756755024,true,true,306594085850.46232,298722330772.48884,7871755077.97348,true,true,169843684025312378229.0561914248461101,165451438841917819639.8064776881768595,4392245183394558589.2497137366692506,true,true,616906430430.81325,600963998540.3666,15942431890.44665,true,true,339054764331444620750.5964629565925593,330321401362432519193.0237345571504428,8733362969012101557.5727283994421165,true,true
12,0x8ad599c3a0ff1de082011efddc58f1908eb6e6d8,25330623,201408,1433853167504040609,4,S12_P4,191880:202500,0xc36442b4a4522e871399cd717abdd847ab11fe88:191880:202500,0xc36442b4a4522e871399cd717abdd847ab11fe88,191880,202500,26626064536785294,0.0185695893695546,10620,9528,1092,1092,2507162385761.3271186440677966,0.0000017485489049,472.4089741569085687,425.1615977337245228,13.2153169173278359,7.9515067002955779,21.1668236176234138,13.2153169173278359,60950602136.712875,59818484082.658155,1132118054.05472,true,true,33975210872754556038.9250707146553776,33344330376565210090.547012322653656,630880496189345948.3780583920017216,true,true,306594085850.46232,300925129651.40028,5668956199.06204,true,true,169843684025312378229.0561914248461101,166680570625954350059.8090038745299841,3163113399358028169.247187550316126,true,true,616906430430.81325,605428604954.73755,11477825476.0757,true,true,339054764331444620750.5964629565925593,332764545571877406569.2274158611780212,6290218759567214181.3690470954145381,true,true
12,0x8ad599c3a0ff1de082011efddc58f1908eb6e6d8,25330623,201408,1433853167504040609,5,S12_P5,198120:207240,0xc36442b4a4522e871399cd717abdd847ab11fe88:198120:207240,0xc36442b4a4522e871399cd717abdd847ab11fe88,198120,207240,22894220680805662,0.0159669212996603,9120,3288,5832,3288,2510331215000.6208333333333333,0.0000017507589144,472.4089741569085687,425.1615977337245228,11.315344121457047,7.4750541312581569,18.7903982527152039,11.315344121457047,60950602136.712875,59977162500.816785,973439635.89609,true,true,33975210872754556038.9250707146553776,33432752673291870919.359204861405296,542458199462685119.5658658532500816,true,true,306594085850.46232,301719712753.11996,4874373097.34236,true,true,169843684025312378229.0561914248461101,167123933100193862536.7823012125543675,2719750925118515692.2738902122917426,true,true,616906430430.81325,607038384507.36465,9868045923.4486,true,true,339054764331444620750.5964629565925593,333645972670924292029.0122879634922843,5408791660520328721.584174993100275,true,true
12,0x8ad599c3a0ff1de082011efddc58f1908eb6e6d8,25330623,201408,1433853167504040609,6,S12_P6,199140:206280,0xc36442b4a4522e871399cd717abdd847ab11fe88:199140:206280,0xc36442b4a4522e871399cd717abdd847ab11fe88,199140,206280,20626635535267928,0.0143854587085604,7140,2268,4872,2268,2888884528749.0095238095238095,0.0000020147701272,472.4089741569085687,425.1615977337245228,10.0261680866422894,6.722509573025466,16.7486776596677554,10.0261680866422894,60950602136.712875,60073579904.494625,877022232.21825,true,true,33975210872754556038.9250707146553776,33486481171481634401.1335431056816128,488729701272921637.7915276089737648,true,true,306594085850.46232,302202520380.63828,4391565469.82404,true,true,169843684025312378229.0561914248461101,167393329471838792204.4708487537439458,2450354553473586024.5853426711021643,true,true,616906430430.81325,608016357368.63995,8890073062.1733,true,true,339054764331444620750.5964629565925593,334181586788626673652.7579930666378442,4873177542817947097.8384698899547151,true,true
12,0x8ad599c3a0ff1de082011efddc58f1908eb6e6d8,25330623,201408,1433853167504040609,7,S12_P7,189360:203100,0xc36442b4a4522e871399cd717abdd847ab11fe88:189360:203100,0xc36442b4a4522e871399cd717abdd847ab11fe88,189360,203100,14533218480372321,0.0101357787601577,13740,12048,1692,1692,1057730602647.1849344978165939,0.0000007376840437,472.4089741569085687,425.1615977337245228,7.115931437272571,4.7123966905418272,11.8283281278143982,7.115931437272571,60950602136.712875,60332669028.94259,617933107.770285,true,true,33975210872754556038.9250707146553776,33630859836305731885.385474432973056,344351036448824153.5395962816823216,true,true,306594085850.46232,303499891693.22096,3094194157.24136,true,true,169843684025312378229.0561914248461101,168117230673989671086.8680258818834678,1726453351322707142.1881655429626423,true,true,616906430430.81325,610643696616.3573,6262733814.45595,true,true,339054764331444620750.5964629565925593,335620996804920546315.3580151508988822,3433767526524074435.2384478056936771,true,true
12,0x8ad599c3a0ff1de082011efddc58f1908eb6e6d8,25330623,201408,1433853167504040609,8,S12_P8,197100:207420,0xc36442b4a4522e871399cd717abdd847ab11fe88:197100:207420,0xc36442b4a4522e871399cd717abdd847ab11fe88,197100,207420,14236413679360489,0.0099287807161889,10320,4308,6012,4308,1379497449550.4349806201550388,0.0000009620911547,472.4089741569085687,425.1615977337245228,6.968299040317779,4.6163471279056634,11.5846461682234424,6.968299040317779,60950602136.712875,60345288946.123285,605313190.58959,true,true,33975210872754556038.9250707146553776,33637892641719205271.8657826154347824,337318231035350767.0592880992205952,true,true,306594085850.46232,303563084669.8016,3031001180.66072,true,true,169843684025312378229.0561914248461101,168152490653502632767.1729270976714955,1691193371809745461.8832643271746146,true,true,616906430430.81325,610771648047.47865,6134782383.3346,true,true,339054764331444620750.5964629565925593,335691113455521741560.6071028867464799,3363650875922879189.9893600698460794,true,true
12,0x8ad599c3a0ff1de082011efddc58f1908eb6e6d8,25330623,201408,1433853167504040609,9,S12_P9,191160:204480,0xc36442b4a4522e871399cd717abdd847ab11fe88:191160:204480,0xc36442b4a4522e871399cd717abdd847ab11fe88,191160,204480,12459358629923232,0.0086894243513174,13320,10248,3072,3072,935387284528.7711711711711712,0.0000006523591855,472.4089741569085687,425.1615977337245228,6.0864235445748919,4.0344311829307834,10.1208547275056753,6.0864235445748919,60950602136.712875,60420847840.526365,529754296.18651,true,true,33975210872754556038.9250707146553776,33679997747057679278.3928942544021072,295213125696876760.5321764602532704,true,true,306594085850.46232,303941437466.71716,2652648383.74516,true,true,169843684025312378229.0561914248461101,168363600594668791971.3793294549835115,1480083430643586257.6768619698625986,true,true,616906430430.81325,611537684271.9204,5368746158.89285,true,true,339054764331444620750.5964629565925593,336110930305214623264.2100279785885615,2943834026229997486.3864349780039978,true,true
12,0x8ad599c3a0ff1de082011efddc58f1908eb6e6d8,25330623,201408,1433853167504040609,10,S12_P10,200820:201780,0xc36442b4a4522e871399cd717abdd847ab11fe88:200820:201780,0xc36442b4a4522e871399cd717abdd847ab11fe88,200820,201780,22734940844378467,0.0158558361202033,960,588,372,372,23682230046227.5697916666666667,0.0000165164959585,472.4089741569085687,425.1615977337245228,6.0159776989615819,4.0913767963239367,10.1073544952855186,6.0159776989615819,60950602136.712875,59983935071.25385,966667065.459025,true,true,33975210872754556038.9250707146553776,33436527233284541531.8229340032958656,538683639470014507.102136711359512,true,true,306594085850.46232,301753626262.99496,4840459587.46736,true,true,169843684025312378229.0561914248461101,167142856195642685912.8836837551216908,2700827829669692316.1725076697244193,true,true,616906430430.81325,607107083641.42285,9799346789.3904,true,true,339054764331444620750.5964629565925593,333683594510887994084.1739939039907721,5371169820556626666.4224690526017872,true,true
12,0x8ad599c3a0ff1de082011efddc58f1908eb6e6d8,25330623,201408,1433853167504040609,11,S12_P11,188700:203880,0xc36442b4a4522e871399cd717abdd847ab11fe88:188700:203880,0xc36442b4a4522e871399cd717abdd847ab11fe88,188700,203880,12073149088894465,0.0084200735211337,15180,12708,2472,2472,795332614551.677536231884058,0.0000005546820501,472.4089741569085687,425.1615977337245228,5.8952260142205518,3.9081791440113967,9.8034051582319485,5.8952260142205518,60950602136.712875,60437269112.93236,513333023.780515,true,true,33975210872754556038.9250707146553776,33689148703846425145.2786345458758304,286062168908130893.6464361687795472,true,true,306594085850.46232,304023664972.07312,2570420878.3892,true,true,169843684025312378229.0561914248461101,168409481043858595492.0261837623847586,1434202981453782737.0300076624613515,true,true,616906430430.81325,611704157564.0524,5202272866.76085,true,true,339054764331444620750.5964629565925593,336202171453609597546.0495569211422292,2852592877835023204.5469060354503301,true,true
12,0x8ad599c3a0ff1de082011efddc58f1908eb6e6d8,25330623,201408,1433853167504040609,12,S12_P12,198900:201960,0xc36442b4a4522e871399cd717abdd847ab11fe88:198900:201960,0xc36442b4a4522e871399cd717abdd847ab11fe88,198900,201960,12674134648836263,0.0088392137605684,3060,2508,552,552,4141874068247.1447712418300654,0.0000028886319479,472.4089741569085687,425.1615977337245228,6.1867482138515817,2.8737314626393091,9.0604796764908908,6.1867482138515817,60950602136.712875,60411715757.6021,538886379.110775,true,true,33975210872754556038.9250707146553776,33674908960800000398.9349168899355024,300301911954555639.9901538247198752,true,true,306594085850.46232,303895709635.21948,2698376215.24284,true,true,169843684025312378229.0561914248461101,168338085711888295693.2119953445191673,1505598313424082535.8441960803269428,true,true,616906430430.81325,611445104753.7949,5461325677.01835,true,true,339054764331444620750.5964629565925593,336060190205456836748.5790596620315061,2994574125987784002.0174032945610532,true,true
12,0x8ad599c3a0ff1de082011efddc58f1908eb6e6d8,25330623,201408,1433853167504040609,13,S12_P13,189000:201540,0xc36442b4a4522e871399cd717abdd847ab11fe88:189000:201540,0xc36442b4a4522e871399cd717abdd847ab11fe88,189000,201540,14826952119053283,0.0103406349095445,12540,12408,132,132,1182372577276.9763157894736842,0.0000008246120343,472.4089741569085687,425.1615977337245228,7.2621326029581316,1.2006496985726035,8.4627823015307351,7.2621326029581316,60950602136.712875,60320179688.14244,630422448.570435,true,true,33975210872754556038.9250707146553776,33623899975577397318.3519816560957968,351310897177158720.5730890585595808,true,true,306594085850.46232,303437352469.92672,3156733380.5356,true,true,169843684025312378229.0561914248461101,168144970020531766305.6940315940613063,1698714004780611923.3621598307848038,true,true,616906430430.81325,610517066884.0912,6389363546.72205,true,true,339054764331444620750.5964629565925593,336086509603708184542.8744179817469803,2968254727736436207.722044974845579,true,true
12,0x8ad599c3a0ff1de082011efddc58f1908eb6e6d8,25330623,201408,1433853167504040609,14,S12_P14,193500:207240,0xc36442b4a4522e871399cd717abdd847ab11fe88:193500:207240,0xc36442b4a4522e871399cd717abdd847ab11fe88,193500,207240,9704960713330192,0.0067684480763285,13740,7908,5832,5832,706329018437.4229985443959243,0.0000004926090303,472.4089741569085687,425.1615977337245228,4.7264110856380234,3.1357015002561682,7.8621125858941916,4.7264110856380234,60950602136.712875,60537962025.266075,412640111.4468,true,true,33975210872754556038.9250707146553776,33745260840416620398.6048822837118864,229950032337935640.3201884309434912,true,true,306594085850.46232,304527871061.7242,2066214788.73812,true,true,169843684025312378229.0561914248461101,168690812525893658070.2336601957424576,1152871499418720158.8225312291036525,true,true,616906430430.81325,612724871781.55065,4181558649.2626,true,true,339054764331444620750.5964629565925593,336761665693944567382.0718547366114613,2293098637500053368.524608219981098,true,true
12,0x8ad599c3a0ff1de082011efddc58f1908eb6e6d8,25330623,201408,1433853167504040609,15,S12_P15,194040:201600,0xc36442b4a4522e871399cd717abdd847ab11fe88:194040:201600,0xc36442b4a4522e871399cd717abdd847ab11fe88,194040,201600,12855140492364825,0.00896545112408,7560,7368,192,192,1700415409042.9662698412698413,0.0000011859062333,472.4089741569085687,425.1615977337245228,6.2825306708648881,1.4206790483720974,7.7032097192369855,6.2825306708648881,60950602136.712875,60404019549.189785,546582587.52309,true,true,33975210872754556038.9250707146553776,33670619823919138666.579920219680496,304591048835417372.3451504949748816,true,true,306594085850.46232,303857171764.24388,2736914086.21844,true,true,169843684025312378229.0561914248461101,168316582715950357984.2452371865978237,1527101309362020244.8109542382482864,true,true,616906430430.81325,611367081032.139,5539349398.67425,true,true,339054764331444620750.5964629565925593,336203813916399884967.2017821649442574,2850950415044735783.3946807916483019,true,true
12,0x8ad599c3a0ff1de082011efddc58f1908eb6e6d8,25330623,201408,1433853167504040609,16,S12_P16,194760:204960,0xc36442b4a4522e871399cd717abdd847ab11fe88:194760:204960,0xc36442b4a4522e871399cd717abdd847ab11fe88,194760,204960,8212124932521760,0.0057273123347887,10200,6648,3552,3552,805110287502.1333333333333333,0.0000005615012093,472.4089741569085687,425.1615977337245228,3.9927762319770096,2.6502374961854154,6.643013728162425,3.9927762319770096,60950602136.712875,60601435618.70602,349166518.006855,true,true,33975210872754556038.9250707146553776,33780632118216750892.688809298768432,194578754537805146.2362614158869456,true,true,306594085850.46232,304845705346.7644,1748380503.69792,true,true,169843684025312378229.0561914248461101,168868153658653564978.7847724486660587,975530366658813250.2714189761800514,true,true,616906430430.81325,613368230657.1532,3538199773.66005,true,true,339054764331444620750.5964629565925593,337114367250579435642.5422238973790235,1940397080865185108.0542390592135358,true,true
12,0x8ad599c3a0ff1de082011efddc58f1908eb6e6d8,25330623,201408,1433853167504040609,17,S12_P17,199800:202860,0xc36442b4a4522e871399cd717abdd847ab11fe88:199800:202860,0xc36442b4a4522e871399cd717abdd847ab11fe88,199800,202860,8052463122154749,0.0056159607585008,3060,1608,1452,1452,2631523896129.0029411764705882,0.0000018352812936,472.4089741569085687,425.1615977337245228,3.4851072873302814,2.5589114467506272,6.0440187340809086,3.4851072873302814,60950602136.712875,60608224237.36153,342377899.351345,true,true,33975210872754556038.9250707146553776,33784415113419471866.2890934659207408,190795759335084172.6359772487346368,true,true,306594085850.46232,304879698167.22168,1714387683.24064,true,true,169843684025312378229.0561914248461101,168887120561131670872.1335984472834415,956563464180707356.9225929775626686,true,true,616906430430.81325,613437035892.4201,3469394538.39315,true,true,339054764331444620750.5964629565925593,337152090012067225983.8941758944921462,1902674319377394766.7022870621004131,true,true
12,0x8ad599c3a0ff1de082011efddc58f1908eb6e6d8,25330623,201408,1433853167504040609,18,S12_P18,189660:203520,0xc36442b4a4522e871399cd717abdd847ab11fe88:189660:203520,0xc36442b4a4522e871399cd717abdd847ab11fe88,189660,203520,7197443175587899,0.0050196514808533,13860,11748,2112,2112,519296044414.7113275613275613,0.0000003621682165,472.4089741569085687,425.1615977337245228,3.4955072206919413,2.3209193364847464,5.8164265571766877,3.4955072206919413,60950602136.712875,60644578571.11813,306023565.594745,true,true,33975210872754556038.9250707146553776,33804673723691987735.9976830115713824,170537149062568302.9273877030839952,true,true,306594085850.46232,305061736452.83772,1532349397.6246,true,true,169843684025312378229.0561914248461101,168988691592275109694.6421872853925155,854992433037268534.4140041394535946,true,true,616906430430.81325,613805491839.7557,3100938591.05755,true,true,339054764331444620750.5964629565925593,337354104459427328408.1439975746166519,1700659872017292342.4524653819759074,true,true
12,0x8ad599c3a0ff1de082011efddc58f1908eb6e6d8,25330623,201408,1433853167504040609,19,S12_P19,196920:203880,0xc36442b4a4522e871399cd717abdd847ab11fe88:196920:203880,0xc36442b4a4522e871399cd717abdd847ab11fe88,196920,203880,6968811284255318,0.0048601986885353,6960,4488,2472,2472,1001265989117.1433908045977011,0.0000006983044093,472.4089741569085687,425.1615977337245228,3.3836147437720785,2.2467888306740481,5.6304035744461266,3.3836147437720785,60950602136.712875,60654299691.11492,296302445.597955,true,true,33975210872754556038.9250707146553776,33810091261682830160.9704905048085376,165119611071725877.95458020984684,true,true,306594085850.46232,305110413306.99724,1483672543.46508,true,true,169843684025312378229.0561914248461101,169015851544337521302.0634106931464638,827832480974856926.9927807316996463,true,true,616906430430.81325,613904013863.92645,3002416566.8868,true,true,339054764331444620750.5964629565925593,337408123589775042351.264055106503617,1646640741669578399.3324078500889423,true,true
12,0x8ad599c3a0ff1de082011efddc58f1908eb6e6d8,25330623,201408,1433853167504040609,20,S12_P20,200580:202380,0xc36442b4a4522e871399cd717abdd847ab11fe88:200580:202380,0xc36442b4a4522e871399cd717abdd847ab11fe88,200580,202380,7026053184885160,0.0049001204196631,1800,828,972,828,3903362880491.7555555555555556,0.000002722289122,472.4089741569085687,425.1615977337245228,2.2052362690463982,1.9969699934932441,4.2022062625396423,2.2052362690463982,60950602136.712875,60651865843.01676,298736293.696115,true,true,33975210872754556038.9250707146553776,33808734575202925078.2390859968326112,166476297551630960.6859847178227664,true,true,306594085850.46232,305098226179.6786,1495859670.78372,true,true,169843684025312378229.0561914248461101,169009051518719072754.4895280428014901,834632506593305474.56666338204462,true,true,616906430430.81325,613879347235.87625,3027083194.937,true,true,339054764331444620750.5964629565925593,337394598953071074277.6896561141517336,1660165378373546472.9068068424408257,true,true
13,0x8ad599c3a0ff1de082011efddc58f1908eb6e6d8,25320623,201817,1401899173474427802,1,S13_P1,200820:203160,0xc36442b4a4522e871399cd717abdd847ab11fe88:200820:203160,0xc36442b4a4522e871399cd717abdd847ab11fe88,200820,203160,949701618858610750,0.6774393171977531,2340,997,1343,997,405855392674619.9786324786324786,0.0002895039817084,439.6757787461262411,548.8515575527409244,532.0332661810663206,4011.630284710904223,4543.6635508919705436,4011.630284710904223,58386489595.52728,18799898111.781852,39586591483.745428,true,true,33900253843827879025.762934529818828,10931896208553021633.5480457317205925,22968357635274857392.2148887980982355,true,true,291475470074.97824,92806208841.804495,198669261233.173745,true,true,169483941209656645621.837021280369045,54643983671446959821.8333665138663707,114839957538209685800.0036547665026743,true,true,583857795339.78075,187119132941.57064,396738662398.21011,true,true,338554782273259077671.8252767217113568,106700899216357003308.78852060803488,231853883056902074363.0367561136764768,true,true
13,0x8ad599c3a0ff1de082011efddc58f1908eb6e6d8,25320623,201817,1401899173474427802,2,S13_P2,200040:203520,0xc36442b4a4522e871399cd717abdd847ab11fe88:200040:203520,0xc36442b4a4522e871399cd717abdd847ab11fe88,200040,203520,46108899296316773,0.032890310636279,3480,1777,1703,1703,13249683705838.1531609195402299,0.0000094512386886,439.6757787461262411,548.8515575527409244,19.7278815252015423,53.8916763227042395,73.6195578479057818,53.8916763227042395,58386489595.52728,56465343780.880605,1921145814.646675,true,true,33900253843827879025.762934529818828,32785298953435862976.9650745763820411,1114954890392016048.7978599534367869,true,true,291475470074.97824,281847629446.39808,9627840628.58016,true,true,169483941209656645621.837021280369045,163894394558031266609.64985493176318,5589546651625379012.187166348605865,true,true,583857795339.78075,564359589758.6161,19498205581.16465,true,true,338554782273259077671.8252767217113568,327436143272482802976.480781866833704,11118639000776274695.3444948548776528,true,true
13,0x8ad599c3a0ff1de082011efddc58f1908eb6e6d8,25320623,201817,1401899173474427802,3,S13_P3,198120:207240,0xc36442b4a4522e871399cd717abdd847ab11fe88:198120:207240,0xc36442b4a4522e871399cd717abdd847ab11fe88,198120,207240,22894220680805662,0.0163308611018475,9120,3697,5423,3697,2510331215000.6208333333333333,0.0000017906645945,439.6757787461262411,548.8515575527409244,10.2235426768705036,59.6018558524782265,69.8253985293487301,59.6018558524782265,58386489595.52728,57432617038.76419,953872556.76309,true,true,33900253843827879025.762934529818828,33346646528149894687.3564730741073713,553607315677984338.4064614557114567,true,true,291475470074.97824,286694715091.35,4780754983.62824,true,true,169483941209656645621.837021280369045,166708885856220327116.59995665256194,2775055353436318505.237064627807105,true,true,583857795339.78075,574181295592.8202,9676499746.96055,true,true,338554782273259077671.8252767217113568,333033274673385378496.380598512802336,5521507599873699175.4446782089090208,true,true
13,0x8ad599c3a0ff1de082011efddc58f1908eb6e6d8,25320623,201817,1401899173474427802,4,S13_P4,199140:206280,0xc36442b4a4522e871399cd717abdd847ab11fe88:199140:206280,0xc36442b4a4522e871399cd717abdd847ab11fe88,199140,206280,20626635535267928,0.014713351662907,7140,2677,4463,2677,2888884528749.0095238095238095,0.0000020606935102,439.6757787461262411,548.8515575527409244,9.1841662365977915,45.3711593876644904,54.5553256242622819,45.3711593876644904,58386489595.52728,57527096576.56194,859393018.96534,true,true,33900253843827879025.762934529818828,33401479306871018976.9008616587201801,498774536956860048.8620728710986479,true,true,291475470074.97824,287168205499.67236,4307264575.30588,true,true,169483941209656645621.837021280369045,166983770758117294762.223422280342695,2500170451539350859.61359900002635,true,true,583857795339.78075,575140128741.9452,8717666597.83555,true,true,338554782273259077671.8252767217113568,333580090315093926140.9378066208631168,4974691958165151530.88747010084824,true,true
13,0x8ad599c3a0ff1de082011efddc58f1908eb6e6d8,25320623,201817,1401899173474427802,5,S13_P5,197100:207420,0xc36442b4a4522e871399cd717abdd847ab11fe88:197100:207420,0xc36442b4a4522e871399cd717abdd847ab11fe88,197100,207420,14236413679360489,0.0101550909999307,10320,4717,5603,4717,1379497449550.4349806201550388,0.0000009840204457,439.6757787461262411,548.8515575527409244,6.2866602752846084,32.2326429211853796,38.519303196469988,32.2326429211853796,58386489595.52728,57793344355.527345,593145239.999935,true,true,33900253843827879025.762934529818828,33556000925459138168.5503835631607779,344252918368740857.2125509666580501,true,true,291475470074.97824,288502566329.77396,2972903745.20428,true,true,169483941209656645621.837021280369045,167758385838216178978.43756300880903,1725555371440466643.399458271560015,true,true,583857795339.78075,577841693900.93335,6016101438.8474,true,true,338554782273259077671.8252767217113568,335121140646454750489.7368633962368288,3433641626804327182.088413325474528,true,true
13,0x8ad599c3a0ff1de082011efddc58f1908eb6e6d8,25320623,201817,1401899173474427802,6,S13_P6,186180:202140,0xc36442b4a4522e871399cd717abdd847ab11fe88:186180:202140,0xc36442b4a4522e871399cd717abdd847ab11fe88,186180,202140,36971447565104646,0.0263724012858041,15960,15637,323,323,2316506739668.2109022556390977,0.0000016524060956,439.6757787461262411,548.8515575527409244,16.7994953705763656,11.2350236414123547,28.0345190119887203,16.7994953705763656,58386489595.52728,56846075013.24202,1540414582.28526,true,true,33900253843827879025.762934529818828,33006248337580941649.3570449033329753,894005506246937376.4058896264858527,true,true,291475470074.97824,283755401942.7782,7720068132.20004,true,true,169483941209656645621.837021280369045,165002266427845776759.298686660373025,4481674781810868862.53833461999602,true,true,583857795339.78075,568226707026.402,15631088313.37875,true,true,338554782273259077671.8252767217113568,329653956140673470781.8478401483506496,8900826132585606889.9774365733607072,true,true
13,0x8ad599c3a0ff1de082011efddc58f1908eb6e6d8,25320623,201817,1401899173474427802,7,S13_P7,191880:202500,0xc36442b4a4522e871399cd717abdd847ab11fe88:191880:202500,0xc36442b4a4522e871399cd717abdd847ab11fe88,191880,202500,26626064536785294,0.0189928527247762,10620,9937,683,683,2507162385761.3271186440677966,0.0000017884042114,439.6757787461262411,548.8515575527409244,11.9470551222147547,14.6262294958848189,26.5732846180995736,14.6262294958848189,58386489595.52728,57277127746.44889,1109361849.07839,true,true,33900253843827879025.762934529818828,33256407410075042197.450848783773198,643846433752836828.31208574604563,true,true,291475470074.97824,285915487706.0494,5559982368.92884,true,true,169483941209656645621.837021280369045,166256485726042981551.7076114441758,3227455483613664070.129409836193245,true,true,583857795339.78075,572603106090.00625,11254689249.7745,true,true,338554782273259077671.8252767217113568,332133396072343988974.3668118487714848,6421386200915088697.458464872939872,true,true
13,0x8ad599c3a0ff1de082011efddc58f1908eb6e6d8,25320623,201817,1401899173474427802,8,S13_P8,193500:207240,0xc36442b4a4522e871399cd717abdd847ab11fe88:193500:207240,0xc36442b4a4522e871399cd717abdd847ab11fe88,193500,207240,9704960713330192,0.0069227237571427,13740,8317,5423,5423,706329018437.4229985443959243,0.0000005038372458,439.6757787461262411,548.8515575527409244,4.2598700928039277,19.866981854814615,24.1268519476185427,19.866981854814615,58386489595.52728,57982144538.858125,404345056.669155,true,true,33900253843827879025.762934529818828,33665576108973251821.3189606208002121,234677734854627204.4439739090186159,true,true,291475470074.97824,289448818890.40568,2026651184.57256,true,true,169483941209656645621.837021280369045,168307655336707434648.19610888034544,1176285872949210973.640912400023605,true,true,583857795339.78075,579756998585.90985,4100796753.8709,true,true,338554782273259077671.8252767217113568,336214007657398383923.370827434394584,2340774615860693748.4544492873167728,true,true
13,0x8ad599c3a0ff1de082011efddc58f1908eb6e6d8,25320623,201817,1401899173474427802,9,S13_P9,191160:204480,0xc36442b4a4522e871399cd717abdd847ab11fe88:191160:204480,0xc36442b4a4522e871399cd717abdd847ab11fe88,191160,204480,12459358629923232,0.0088874855379537,13320,10657,2663,2663,935387284528.7711711711711712,0.000000667228644,439.6757787461262411,548.8515575527409244,5.4890515606661366,18.1347299866298147,23.6237815472959513,18.1347299866298147,58386489595.52728,57867384473.291695,519105122.235585,true,true,33900253843827879025.762934529818828,33598971718248363624.6235652081324078,301282125579515401.1393693216864202,true,true,291475470074.97824,288873646239.3138,2601823835.66444,true,true,169483941209656645621.837021280369045,167973790213964230208.833507160777385,1510150995692415413.00351411959166,true,true,583857795339.78075,578592842827.26405,5264952512.5167,true,true,338554782273259077671.8252767217113568,335549712491361532380.9711088856396832,3005069781897545290.8541678360716736,true,true
13,0x8ad599c3a0ff1de082011efddc58f1908eb6e6d8,25320623,201817,1401899173474427802,10,S13_P10,188700:203880,0xc36442b4a4522e871399cd717abdd847ab11fe88:188700:203880,0xc36442b4a4522e871399cd717abdd847ab11fe88,188700,203880,12073149088894465,0.008611995297046,15180,13117,2063,2063,795332614551.677536231884058,0.0000005673251184,439.6757787461262411,548.8515575527409244,5.3161705756569482,14.7338415683418004,20.0500121439987486,14.7338415683418004,58386489595.52728,57883475664.93974,503013930.58754,true,true,33900253843827879025.762934529818828,33608310884952423080.4350126397574694,291942958875455945.3279218900613586,true,true,291475470074.97824,288954293944.48832,2521176130.48992,true,true,169483941209656645621.837021280369045,168020603819002629583.877003621878775,1463337390654016037.96001765849027,true,true,583857795339.78075,578756083632.5885,5101711707.19225,true,true,338554782273259077671.8252767217113568,335642855699216740618.0470348826756976,2911926574042337053.7782418390356592,true,true
13,0x8ad599c3a0ff1de082011efddc58f1908eb6e6d8,25320623,201817,1401899173474427802,11,S13_P11,189360:203100,0xc36442b4a4522e871399cd717abdd847ab11fe88:189360:203100,0xc36442b4a4522e871399cd717abdd847ab11fe88,189360,203100,14533218480372321,0.0103668072250543,13740,12457,1283,1283,1057730602647.1849344978165939,0.0000007544983424,439.6757787461262411,548.8515575527409244,6.4202205459013062,12.5900473398771672,19.0102678857784734,12.5900473398771672,58386489595.52728,57780978102.99121,605511492.53607,true,true,33900253843827879025.762934529818828,33548823708844705329.2374358789335772,351430134983173696.5254986508852508,true,true,291475470074.97824,288440588669.55512,3034881405.42312,true,true,169483941209656645621.837021280369045,167722408641239434146.139660347346445,1761532568417211475.6973609330226,true,true,583857795339.78075,577716231134.08085,6141564205.6999,true,true,338554782273259077671.8252767217113568,335049561335428225595.9863374652269392,3505220937830852075.8389392564844176,true,true
13,0x8ad599c3a0ff1de082011efddc58f1908eb6e6d8,25320623,201817,1401899173474427802,12,S13_P12,194760:204960,0xc36442b4a4522e871399cd717abdd847ab11fe88:194760:204960,0xc36442b4a4522e871399cd717abdd847ab11fe88,194760,204960,8212124932521760,0.0058578570327344,10200,7057,3143,3143,805110287502.1333333333333333,0.0000005742997091,439.6757787461262411,548.8515575527409244,3.5974362623389966,13.0009846411408078,16.5984209034798044,13.0009846411408078,58386489595.52728,58044342216.716125,342147378.811155,true,true,33900253843827879025.762934529818828,33701674678251168149.5398583592445785,198579165576710876.2230761705742495,true,true,291475470074.97824,289760555838.51816,1714914236.46008,true,true,169483941209656645621.837021280369045,168488600978083779887.28273765462419,995340231572865734.554283625744855,true,true,583857795339.78075,580387895751.824,3469899587.95675,true,true,338554782273259077671.8252767217113568,336574053227452674629.9698372020364176,1980729045806403041.8554395196749392,true,true
13,0x8ad599c3a0ff1de082011efddc58f1908eb6e6d8,25320623,201817,1401899173474427802,13,S13_P13,196260:204960,0xc36442b4a4522e871399cd717abdd847ab11fe88:196260:204960,0xc36442b4a4522e871399cd717abdd847ab11fe88,196260,204960,6618462975887944,0.0047210691760984,8700,5557,3143,3143,760742870791.7177011494252874,0.0000005426516294,439.6757787461262411,548.8515575527409244,2.8931668479504427,10.4080297337058861,13.3011965816563288,10.4080297337058861,58386489595.52728,58110740509.55399,275749085.97329,true,true,33900253843827879025.762934529818828,33740211084542207006.9597539990917455,160042759285672018.8031805307270825,true,true,291475470074.97824,290093350059.46256,1382120015.51568,true,true,169483941209656645621.837021280369045,168681764607939620968.047530055128245,802176601717024653.7894912252408,true,true,583857795339.78075,581061361261.904,2796434077.87675,true,true,338554782273259077671.8252767217113568,336958423027028519821.8776236443098832,1596359246230557849.9476530774014736,true,true
13,0x8ad599c3a0ff1de082011efddc58f1908eb6e6d8,25320623,201817,1401899173474427802,14,S13_P14,196920:203880,0xc36442b4a4522e871399cd717abdd847ab11fe88:196920:203880,0xc36442b4a4522e871399cd717abdd847ab11fe88,196920,203880,6968811284255318,0.0049709789520626,6960,4897,2063,2063,1001265989117.1433908045977011,0.0000007142211138,439.6757787461262411,548.8515575527409244,3.0477361410947942,8.4127807524168881,11.4605168935116823,8.4127807524168881,58386489595.52728,58096143625.4713,290345970.05598,true,true,33900253843827879025.762934529818828,33731739371124067028.8722618834747131,168514472703811996.8906726463441149,true,true,291475470074.97824,290020188847.6008,1455281227.37744,true,true,169483941209656645621.837021280369045,168639300310804230204.951621345578445,844640898852415416.8853999347906,true,true,583857795339.78075,580913311355.34295,2944483984.4378,true,true,338554782273259077671.8252767217113568,336873923185793936609.3156928971101632,1680859087465141062.5095838246011936,true,true
13,0x8ad599c3a0ff1de082011efddc58f1908eb6e6d8,25320623,201817,1401899173474427802,15,S13_P15,189660:203520,0xc36442b4a4522e871399cd717abdd847ab11fe88:189660:203520,0xc36442b4a4522e871399cd717abdd847ab11fe88,189660,203520,7197443175587899,0.0051340662094478,13860,12157,1703,1703,519296044414.7113275613275613,0.0000003704232474,439.6757787461262411,548.8515575527409244,3.1486834371438273,7.5966025923316824,10.7452860294755097,7.5966025923316824,58386489595.52728,58086617918.665275,299871676.862005,true,true,33900253843827879025.762934529818828,33726211157164217960.5400422998927095,174042686663661065.2228922299261185,true,true,291475470074.97824,289972445018.9172,1503025056.06104,true,true,169483941209656645621.837021280369045,168611588462176162391.16174603348265,872352747480483230.675275246886395,true,true,583857795339.78075,580816695091.46895,3041100248.3118,true,true,338554782273259077671.8252767217113568,336818780078569611073.1056335081955792,1736002194689466598.7196432135157776,true,true
13,0x8ad599c3a0ff1de082011efddc58f1908eb6e6d8,25320623,201817,1401899173474427802,16,S13_P16,199800:202860,0xc36442b4a4522e871399cd717abdd847ab11fe88:199800:202860,0xc36442b4a4522e871399cd717abdd847ab11fe88,199800,202860,7877110015241014,0.0056188848415672,3060,2017,1043,1043,2574218959229.0895424836601307,0.0000018362368763,439.6757787461262411,548.8515575527409244,3.3788103641199937,5.8120664726756002,9.1908768367955939,5.8120664726756002,58386489595.52728,58058300288.724005,328189306.803275,true,true,33900253843827879025.762934529818828,33709775521066245356.3211575314922468,190478322761633669.4417769983265812,true,true,291475470074.97824,289830514624.25436,1644955450.72388,true,true,169483941209656645621.837021280369045,168529207547510771515.05557459272092,954733662145874106.781446687648125,true,true,583857795339.78075,580529473289.41715,3328322050.3636,true,true,338554782273259077671.8252767217113568,336654853775506933128.83445648317296,1899928497752144542.9908202385383968,true,true
13,0x8ad599c3a0ff1de082011efddc58f1908eb6e6d8,25320623,201817,1401899173474427802,17,S13_P17,201780:202260,0xc36442b4a4522e871399cd717abdd847ab11fe88:201780:202260,0xc36442b4a4522e871399cd717abdd847ab11fe88,201780,202260,20806546706867283,0.0148416855509665,480,37,443,37,43346972305973.50625,0.0000309201782312,439.6757787461262411,548.8515575527409244,0.5449985396763309,8.1488700709657027,8.6938686106420336,8.1488700709657027,58386489595.52728,57519600546.91625,866889048.61103,true,true,33900253843827879025.762934529818828,33397128590949990707.4423139338335216,503125252877888318.3206205959853064,true,true,291475470074.97824,289322381106.0078,2153088968.97044,true,true,169483941209656645621.837021280369045,166961961366467257993.48833587933366,2521979843189387628.348685401035385,true,true,583857795339.78075,580913954151.7151,2943841188.06565,true,true,338554782273259077671.8252767217113568,333536705073762990679.9891677920353168,5018077199496086991.83610892967604,true,true
13,0x8ad599c3a0ff1de082011efddc58f1908eb6e6d8,25320623,201817,1401899173474427802,18,S13_P18,189000:202860,0xc36442b4a4522e871399cd717abdd847ab11fe88:189000:202860,0xc36442b4a4522e871399cd717abdd847ab11fe88,189000,202860,6636638286730913,0.0047340339535852,13860,12817,1043,1043,478833931221.5665945165945166,0.0000003415608913,439.6757787461262411,548.8515575527409244,2.9011820245248853,4.8910161560215669,7.7921981805464522,4.8910161560215669,58386489595.52728,58109983255.111625,276506340.415655,true,true,33900253843827879025.762934529818828,33739771829072622928.5241890097679798,160482014755256097.2387455200508482,true,true,291475470074.97824,290089554579.00492,1385915495.97332,true,true,169483941209656645621.837021280369045,168679561753670349222.55072266898303,804379455986296399.286298611386015,true,true,583857795339.78075,581053680748.8061,2804114590.97465,true,true,338554782273259077671.8252767217113568,336954039411967203586.8520426811224192,1600742861291874084.9732340405889376,true,true
13,0x8ad599c3a0ff1de082011efddc58f1908eb6e6d8,25320623,201817,1401899173474427802,19,S13_P19,198900:201960,0xc36442b4a4522e871399cd717abdd847ab11fe88:198900:201960,0xc36442b4a4522e871399cd717abdd847ab11fe88,198900,201960,12674134648836263,0.0090406891512926,3060,2917,143,143,4141874068247.1447712418300654,0.0000029544735789,439.6757787461262411,548.8515575527409244,5.5852644453967347,1.8707936029395442,7.4560580483362789,5.5852644453967347,58386489595.52728,57858435951.96462,528053643.56266,true,true,33900253843827879025.762934529818828,33593778742804372970.5035105782036756,306475101023506055.2594239516151524,true,true,291475470074.97824,288828797098.968,2646672976.01024,true,true,169483941209656645621.837021280369045,167985132409512212203.79885903030359,1498808800144433418.038162250065455,true,true,583857795339.78075,578502061428.7625,5355733911.01825,true,true,338554782273259077671.8252767217113568,335849507057582495719.7445462302374736,2705275215676581952.0807304914738832,true,true
13,0x8ad599c3a0ff1de082011efddc58f1908eb6e6d8,25320623,201817,1401899173474427802,20,S13_P20,201360:202320,0xc36442b4a4522e871399cd717abdd847ab11fe88:201360:202320,0xc36442b4a4522e871399cd717abdd847ab11fe88,201360,202320,8224969631597778,0.0058670193885722,960,457,503,457,8567676699581.01875,0.0000061114785298,439.6757787461262411,548.8515575527409244,1.7846253691043867,3.5437817264832298,5.3284070955876165,3.5437817264832298,58386489595.52728,58043807054.57337,342682540.95391,true,true,33900253843827879025.762934529818828,33701364367760038370.0572049093314613,198889476067840655.7057296204873667,true,true,291475470074.97824,289757873515.98052,1717596558.99772,true,true,169483941209656645621.837021280369045,168487044020922172610.529978211461,996897188734473011.307043068908045,true,true,583857795339.78075,580382467416.02995,3475327923.7508,true,true,338554782273259077671.8252767217113568,336570955191813041042.4982137224055056,1983827081446036629.3270629993058512,true,true
14,0x8ad599c3a0ff1de082011efddc58f1908eb6e6d8,25310623,202072,1380534145821200072,1,S14_P1,200820:203160,0xc36442b4a4522e871399cd717abdd847ab11fe88:200820:203160,0xc36442b4a4522e871399cd717abdd847ab11fe88,200820,203160,949701618858610750,0.687923309780714,2340,1252,1088,1088,405855392674619.9786324786324786,0.0002939843204191,425.2684657509000871,910.0171216225785321,599.3497034134724116,4521.9330395444380799,5121.2827429579104915,4521.9330395444380799,56766264115.813225,17727973144.503604,39038290971.309621,true,true,33736679301450966515.6357783613742286,10465152355223240325.424367496997246,23271526946227726190.2114108643769826,true,true,286122944270.92872,89000557818.126265,197122386452.802455,true,true,167545601922131154161.1204922227382388,51745066226217574325.0571063109247168,115800535695913579836.063385911813522,true,true,575054508667.5597,181651743781.45652,393402764886.10318,true,true,333466703274950764948.216253658679488,96706019852419602172.539504604116144,236760683422531162775.676749054563344,true,true
14,0x8ad599c3a0ff1de082011efddc58f1908eb6e6d8,25310623,202072,1380534145821200072,2,S14_P2,198120:207240,0xc36442b4a4522e871399cd717abdd847ab11fe88:198120:207240,0xc36442b4a4522e871399cd717abdd847ab11fe88,198120,207240,22894220680805662,0.0165835961030773,9120,3952,5168,3952,2510331215000.6208333333333333,0.0000018183767657,425.2684657509000871,910.0171216225785321,8.7543265346142424,194.5595921202979928,203.3139186549122352,194.5595921202979928,56766264115.813225,55824416577.20024,941847538.612985,true,true,33736679301450966515.6357783613742286,33176101558409051554.9731542653371074,560577743041914960.6626240960371212,true,true,286122944270.92872,281426440440.1306,4696503830.79812,true,true,167545601922131154161.1204922227382388,164717148310671609063.0158424475329876,2828453611459545098.1046497752052512,true,true,575054508667.5597,565492351139.4367,9562157528.123,true,true,333466703274950764948.216253658679488,327929415756266544769.3267388880887808,5537287518684220178.8895147705907072,true,true
14,0x8ad599c3a0ff1de082011efddc58f1908eb6e6d8,25310623,202072,1380534145821200072,3,S14_P3,199140:206280,0xc36442b4a4522e871399cd717abdd847ab11fe88:199140:206280,0xc36442b4a4522e871399cd717abdd847ab11fe88,199140,206280,20626635535267928,0.0149410542272378,7140,2932,4208,2932,2888884528749.0095238095238095,0.0000020925846257,425.2684657509000871,910.0171216225785321,7.8647507177954386,143.8634008417595627,151.7281515595550013,143.8634008417595627,56766264115.813225,55917705211.415435,848558904.39779,true,true,33736679301450966515.6357783613742286,33231624252187985108.6383342897122944,505055049262981406.9974440716619342,true,true,286122944270.92872,281891643055.89472,4231301215.034,true,true,167545601922131154161.1204922227382388,164997303689304876660.6897282937916544,2548298232826277500.4307639289465844,true,true,575054508667.5597,566439615396.9226,8614893270.6371,true,true,333466703274950764948.216253658679488,328477504239094088013.2107317390389024,4989199035856676935.0055219196405856,true,true
14,0x8ad599c3a0ff1de082011efddc58f1908eb6e6d8,25310623,202072,1380534145821200072,4,S14_P4,200040:203520,0xc36442b4a4522e871399cd717abdd847ab11fe88:200040:203520,0xc36442b4a4522e871399cd717abdd847ab11fe88,200040,203520,46108899296316773,0.0333993182536526,3480,2032,1448,1448,13249683705838.1531609195402299,0.0000095975052453,425.2684657509000871,910.0171216225785321,17.9982506887552899,122.5493264066142339,140.5475770953695238,122.5493264066142339,56766264115.813225,54869333642.867165,1896930472.94606,true,true,33736679301450966515.6357783613742286,32607686809588769343.5530418375976536,1128992491862197172.082736523776575,true,true,286122944270.92872,276663443440.37712,9459500830.5516,true,true,167545601922131154161.1204922227382388,161848950004608238078.9542265490197744,5696651917522916082.1662656737184644,true,true,575054508667.5597,555792444707.89065,19262063959.66905,true,true,333466703274950764948.216253658679488,322323038021863074638.046509502955904,11143665253087690310.169744155723584,true,true
14,0x8ad599c3a0ff1de082011efddc58f1908eb6e6d8,25310623,202072,1380534145821200072,5,S14_P5,197100:207420,0xc36442b4a4522e871399cd717abdd847ab11fe88:197100:207420,0xc36442b4a4522e871399cd717abdd847ab11fe88,197100,207420,14236413679360489,0.010312250314455,10320,4972,5348,4972,1379497449550.4349806201550388,0.0000009992490615,425.2684657509000871,910.0171216225785321,5.3849872918999237,120.5666042684539559,125.9515915603538796,120.5666042684539559,56766264115.813225,56180596782.39525,585667333.417975,true,true,33736679301450966515.6357783613742286,33388091414451602090.9699841681819524,348587886999364424.6657941931922762,true,true,286122944270.92872,283202579907.17236,2920364363.75636,true,true,167545601922131154161.1204922227382388,165786793808417371973.1468317518722428,1758808113713782187.973660470865996,true,true,575054508667.5597,569108876224.18895,5945632443.37075,true,true,333466703274950764948.216253658679488,330022487967774236471.5703790986433184,3444215307176528476.6458745600361696,true,true
14,0x8ad599c3a0ff1de082011efddc58f1908eb6e6d8,25310623,202072,1380534145821200072,6,S14_P6,193500:207240,0xc36442b4a4522e871399cd717abdd847ab11fe88:193500:207240,0xc36442b4a4522e871399cd717abdd847ab11fe88,193500,207240,9704960713330192,0.0070298592343453,13740,8572,5168,5168,706329018437.4229985443959243,0.0000005116345877,425.2684657509000871,910.0171216225785321,3.6503634851891337,78.1773546580215518,81.8277181432106855,78.1773546580215518,56766264115.813225,56367016865.47374,399247250.339485,true,true,33736679301450966515.6357783613742286,33499047000247032828.1004229546829178,237632301203933687.5353554066913108,true,true,286122944270.92872,284132161605.0408,1990782665.88792,true,true,167545601922131154161.1204922227382388,166346631142099380377.8670826772234056,1198970780031773783.2534095455148332,true,true,575054508667.5597,571001532332.59795,4052976334.96175,true,true,333466703274950764948.216253658679488,331118451066623607729.4047175701929696,2348252208327157218.8115360884865184,true,true
14,0x8ad599c3a0ff1de082011efddc58f1908eb6e6d8,25310623,202072,1380534145821200072,7,S14_P7,191160:204480,0xc36442b4a4522e871399cd717abdd847ab11fe88:191160:204480,0xc36442b4a4522e871399cd717abdd847ab11fe88,191160,204480,12459358629923232,0.009025027499419,13320,10912,2408,2408,935387284528.7711711711711712,0.0000006775546171,425.2684657509000871,910.0171216225785321,4.702405964830762,50.7694020899016559,55.4718080547324179,50.7694020899016559,56766264115.813225,56253703533.16736,512560582.645865,true,true,33736679301450966515.6357783613742286,33431603663383222927.677745945287932,305075638067743587.9580324160862966,true,true,286122944270.92872,283567128070.93816,2555816199.99056,true,true,167545601922131154161.1204922227382388,166006340412093939753.0034740571457412,1539261510037214408.1170181655924976,true,true,575054508667.5597,569851118157.187,5203390510.3727,true,true,333466703274950764948.216253658679488,330452243650558174371.1976293673119488,3014459624392590577.0186242913675392,true,true
14,0x8ad599c3a0ff1de082011efddc58f1908eb6e6d8,25310623,202072,1380534145821200072,8,S14_P8,188700:203880,0xc36442b4a4522e871399cd717abdd847ab11fe88:188700:203880,0xc36442b4a4522e871399cd717abdd847ab11fe88,188700,203880,12073149088894465,0.0087452737952475,15180,13372,1808,1808,795332614551.677536231884058,0.0000005761049931,425.2684657509000871,910.0171216225785321,4.554458903480084,37.7476300699810524,42.3020889734611364,37.7476300699810524,56766264115.813225,56269591872.74785,496672243.065375,true,true,33736679301450966515.6357783613742286,33441060732739969771.6609603108432526,295618568710996743.974818050530976,true,true,286122944270.92872,283646355182.1842,2476589088.74452,true,true,167545601922131154161.1204922227382388,166054054869455133138.0687765106819948,1491547052676021023.051715712056244,true,true,575054508667.5597,570012427443.60955,5042081223.95015,true,true,333466703274950764948.216253658679488,330545649434665520632.1458023037616736,2921053840285244316.0704513549178144,true,true
14,0x8ad599c3a0ff1de082011efddc58f1908eb6e6d8,25310623,202072,1380534145821200072,9,S14_P9,194760:204960,0xc36442b4a4522e871399cd717abdd847ab11fe88:194760:204960,0xc36442b4a4522e871399cd717abdd847ab11fe88,194760,204960,8212124932521760,0.0059485127241361,10200,7312,2888,2888,805110287502.1333333333333333,0.000000583187522,425.2684657509000871,910.0171216225785321,3.0831698682505518,39.1124455353511717,42.1956154036017235,39.1124455353511717,56766264115.813225,56428430421.836525,337833693.9767,true,true,33736679301450966515.6357783613742286,33535599449519313623.600301796105784,201079851931652892.0354765652684446,true,true,286122944270.92872,284438395664.66952,1684548606.2592,true,true,167545601922131154161.1204922227382388,166531061500230451987.7797854899018984,1014540421900702173.3407067328363404,true,true,575054508667.5597,571625013719.3673,3429494948.1924,true,true,333466703274950764948.216253658679488,331479571875901987412.2644321870184928,1987131399048777535.9518214716609952,true,true
14,0x8ad599c3a0ff1de082011efddc58f1908eb6e6d8,25310623,202072,1380534145821200072,10,S14_P10,196260:204960,0xc36442b4a4522e871399cd717abdd847ab11fe88:196260:204960,0xc36442b4a4522e871399cd717abdd847ab11fe88,196260,204960,6618462975887944,0.0047941320364452,8700,5812,2888,2888,760742870791.7177011494252874,0.0000005510496594,425.2684657509000871,910.0171216225785321,2.4799733412697768,31.3854276583213573,33.8654009995911341,31.3854276583213573,56766264115.813225,56493991620.309515,272272495.50371,true,true,33736679301450966515.6357783613742286,33574621734560053971.7187689881541064,162057566890912543.9170093732201222,true,true,286122944270.92872,284765309579.5554,1357634691.37332,true,true,167545601922131154161.1204922227382388,166727947339868445274.28532431164015,817654582262708886.8351679110980888,true,true,575054508667.5597,572290587256.35575,2763921411.20395,true,true,333466703274950764948.216253658679488,331865119867186597887.7308969026299808,1601583407764167060.4853567560495072,true,true
14,0x8ad599c3a0ff1de082011efddc58f1908eb6e6d8,25310623,202072,1380534145821200072,11,S14_P11,191880:202500,0xc36442b4a4522e871399cd717abdd847ab11fe88:191880:202500,0xc36442b4a4522e871399cd717abdd847ab11fe88,191880,202500,26626064536785294,0.0192867844793125,10620,10192,428,428,2507162385761.3271186440677966,0.0000018160814011,425.2684657509000871,910.0171216225785321,10.2295197785442663,22.6926200864523271,32.9221398649965934,22.6926200864523271,56766264115.813225,55670887133.32683,1095376982.486395,true,true,33736679301450966515.6357783613742286,33084726125680171768.6827953121038576,651953175770794746.952983049270371,true,true,286122944270.92872,280660824520.75508,5462119750.17364,true,true,167545601922131154161.1204922227382388,164256083450568665722.9789304915253396,3289518471562488438.1415617312128992,true,true,575054508667.5597,563933321722.9255,11121186944.6342,true,true,333466703274950764948.216253658679488,327027583471563801395.441630570788704,6439119803386963552.774623087890784,true,true
14,0x8ad599c3a0ff1de082011efddc58f1908eb6e6d8,25310623,202072,1380534145821200072,12,S14_P12,189360:203100,0xc36442b4a4522e871399cd717abdd847ab11fe88:189360:203100,0xc36442b4a4522e871399cd717abdd847ab11fe88,189360,203100,14533218480372321,0.0105272430416615,13740,12712,1028,1028,1057730602647.1849344978165939,0.0000007661748939,425.2684657509000871,910.0171216225785321,5.4992874937011043,27.170435766506275,32.6697232602073793,27.170435766506275,56766264115.813225,56168386419.682085,597877696.13114,true,true,33736679301450966515.6357783613742286,33380824346610721612.6163147212559378,355854954840244903.0194636401182908,true,true,286122944270.92872,283141692455.64624,2981251815.28248,true,true,167545601922131154161.1204922227382388,165750124939054326582.0175025793742204,1795476983076827579.1029896433640184,true,true,575054508667.5597,568984904357.07675,6069604310.48295,true,true,333466703274950764948.216253658679488,329950714652851060891.2616296703509536,3515988622099704056.9546239883285344,true,true
14,0x8ad599c3a0ff1de082011efddc58f1908eb6e6d8,25310623,202072,1380534145821200072,13,S14_P13,196920:203880,0xc36442b4a4522e871399cd717abdd847ab11fe88:196920:203880,0xc36442b4a4522e871399cd717abdd847ab11fe88,196920,203880,6968811284255318,0.0050479093945988,6960,5152,1808,1808,1001265989117.1433908045977011,0.0000007252743383,425.2684657509000871,910.0171216225785321,2.6123757806852312,21.6021449232301284,24.2145207039153596,21.6021449232301284,56766264115.813225,56479578762.995685,286685352.81754,true,true,33736679301450966515.6357783613742286,33566042696337875744.1071194162710464,170636605113090771.5286589451031822,true,true,286122944270.92872,284693441587.0798,1429502683.84892,true,true,167545601922131154161.1204922227382388,166684664238323642531.8723551222164188,860937683807511629.24813710052182,true,true,575054508667.5597,572144270120.61065,2910238546.94905,true,true,333466703274950764948.216253658679488,331780358266597708036.055916606435168,1686345008353056912.16033705224432,true,true
14,0x8ad599c3a0ff1de082011efddc58f1908eb6e6d8,25310623,202072,1380534145821200072,14,S14_P14,189660:203520,0xc36442b4a4522e871399cd717abdd847ab11fe88:189660:203520,0xc36442b4a4522e871399cd717abdd847ab11fe88,189660,203520,7197443175587899,0.0052135205763466,13860,12412,1448,1448,519296044414.7113275613275613,0.0000003761558857,425.2684657509000871,910.0171216225785321,2.6988412879535358,18.2259784187280227,20.9248197066815585,18.2259784187280227,56766264115.813225,56470173148.859665,296090966.95356,true,true,33736679301450966515.6357783613742286,33560444403041474931.9110806767730616,176234898409491583.724697684601167,true,true,286122944270.92872,284646541556.6056,1476402714.32312,true,true,167545601922131154161.1204922227382388,166656418459724718392.7542136450548764,889183462406435768.3662785776833624,true,true,575054508667.5597,572048785340.96825,3005723326.59145,true,true,333466703274950764948.216253658679488,331725045180137146150.1958736392047296,1741658094813618798.0203800194747584,true,true
14,0x8ad599c3a0ff1de082011efddc58f1908eb6e6d8,25310623,202072,1380534145821200072,15,S14_P15,196980:203760,0xc36442b4a4522e871399cd717abdd847ab11fe88:196980:203760,0xc36442b4a4522e871399cd717abdd847ab11fe88,196980,203760,6180004249462650,0.0044765312528989,6780,5092,1688,1688,911505051543.163716814159292,0.000000660255347,425.2684657509000871,910.0171216225785321,2.3144335881587002,17.9701489554412637,20.2845825435999639,17.9701489554412637,56766264115.813225,56512029205.270895,254234910.54233,true,true,33736679301450966515.6357783613742286,33585357903233326997.3283668839870622,151321398217639518.3074114773871664,true,true,286122944270.92872,284855251642.92672,1267692628.002,true,true,167545601922131154161.1204922227382388,166782115756823136473.9383752219273412,763486165308017687.1821170008108976,true,true,575054508667.5597,572473700864.41875,2580807803.14095,true,true,333466703274950764948.216253658679488,331971201066522618349.460500938217888,1495502208428146598.7557527204616,true,true
14,0x8ad599c3a0ff1de082011efddc58f1908eb6e6d8,25310623,202072,1380534145821200072,16,S14_P16,186180:202140,0xc36442b4a4522e871399cd717abdd847ab11fe88:186180:202140,0xc36442b4a4522e871399cd717abdd847ab11fe88,186180,202140,36971447565104646,0.0267805382989006,15960,15892,68,68,2316506739668.2109022556390977,0.0000016779785902,425.2684657509000871,910.0171216225785321,14.3935380727164195,5.4094966584157393,19.8030347311321588,14.3935380727164195,56766264115.813225,55245267057.432485,1520997058.38074,true,true,33736679301450966515.6357783613742286,32831417657409894864.5902755735578678,905261644041071651.0455027878163608,true,true,286122944270.92872,278538285884.08364,7584658386.84508,true,true,167545601922131154161.1204922227382388,164422298329301136628.1520719404821248,3123303592830017532.968420282256114,true,true,575054508667.5597,559610857603.53935,15443651064.02035,true,true,333466703274950764948.216253658679488,328525613248933708756.802115597777552,4941090026017056191.414138060901936,true,true
14,0x8ad599c3a0ff1de082011efddc58f1908eb6e6d8,25310623,202072,1380534145821200072,17,S14_P17,189000:202860,0xc36442b4a4522e871399cd717abdd847ab11fe88:189000:202860,0xc36442b4a4522e871399cd717abdd847ab11fe88,189000,202860,6636638286730913,0.0048072974557128,13860,13072,788,788,478833931221.5665945165945166,0.0000003468468583,425.2684657509000871,910.0171216225785321,2.4868392878055443,9.7108430529030109,12.1976823407085552,9.7108430529030109,56766264115.813225,56493243912.7944,273020203.018825,true,true,33736679301450966515.6357783613742286,33574176754340235227.0911778974766642,162502547110731288.5446004638975644,true,true,286122944270.92872,284761581190.62608,1361363080.30264,true,true,167545601922131154161.1204922227382388,166725701973500377069.0903774808546672,819899948630777092.0301147418835716,true,true,575054508667.5597,572282996584.28675,2771512083.27295,true,true,333466703274950764948.216253658679488,331860722581634666738.1185832590986048,1605980693316098210.0976703995808832,true,true
14,0x8ad599c3a0ff1de082011efddc58f1908eb6e6d8,25310623,202072,1380534145821200072,18,S14_P18,201780:202260,0xc36442b4a4522e871399cd717abdd847ab11fe88:201780:202260,0xc36442b4a4522e871399cd717abdd847ab11fe88,201780,202260,20806546706867283,0.0150713741995064,480,292,188,188,43346972305973.50625,0.000031398696249,425.2684657509000871,910.0171216225785321,3.1721532431854557,8.1826444124803308,11.3547976556657865,8.1826444124803308,56766264115.813225,55910303669.62558,855960446.187645,true,true,33736679301450966515.6357783613742286,33227219574431140532.993050793183744,509459727019825982.6427275681904846,true,true,286122944270.92872,281854733968.49252,4268210302.4362,true,true,167545601922131154161.1204922227382388,164975076369641809778.25627551407695,2570525552489344382.8642167086612888,true,true,575054508667.5597,566421628000.7854,8632880666.7743,true,true,333466703274950764948.216253658679488,328667542698744507881.9754898392395936,4799160576206257066.2407638194398944,true,true
14,0x8ad599c3a0ff1de082011efddc58f1908eb6e6d8,25310623,202072,1380534145821200072,19,S14_P19,201360:202320,0xc36442b4a4522e871399cd717abdd847ab11fe88:201360:202320,0xc36442b4a4522e871399cd717abdd847ab11fe88,201360,202320,8224969631597778,0.0059578168758044,960,712,248,248,8567676699581.01875,0.0000062060592456,425.2684657509000871,910.0171216225785321,2.143173209534545,4.1943235537044688,6.3374967632390138,4.1943235537044688,56766264115.813225,56427902006.50625,338362109.306975,true,true,33736679301450966515.6357783613742286,33535285448717521249.031089093476566,201393852733445266.6046892678976626,true,true,286122944270.92872,284435760789.231,1687183481.69772,true,true,167545601922131154161.1204922227382388,166529474658007163438.3359680917183888,1016127264123990722.78452413101985,true,true,575054508667.5597,571619649245.14815,3434859422.41155,true,true,333466703274950764948.216253658679488,331520275520840659817.5585322649773056,1946427754110105130.6577213937021824,true,true
14,0x8ad599c3a0ff1de082011efddc58f1908eb6e6d8,25310623,202072,1380534145821200072,20,S14_P20,188340:202200,0xc36442b4a4522e871399cd717abdd847ab11fe88:188340:202200,0xc36442b4a4522e871399cd717abdd847ab11fe88,188340,202200,6160985147957327,0.004462754627697,13860,13732,128,128,444515522940.6440836940836941,0.0000003219880684,425.2684657509000871,910.0171216225785321,2.3072569826505503,1.6710922664115263,3.9783492490620766,2.3072569826505503,56766264115.813225,56512811624.367585,253452491.44564,true,true,33736679301450966515.6357783613742286,33585823072330811075.3914996751139734,150856229120155440.2442786862602552,true,true,286122944270.92872,284859153111.3894,1263791159.53932,true,true,167545601922131154161.1204922227382388,166836415110012398360.1849640401757208,709186812118755800.935528182562518,true,true,575054508667.5597,572481643874.0054,2572864793.5543,true,true,333466703274950764948.216253658679488,332209530094379504689.678294738475568,1257173180571260258.53795892020392,true,true
15,0x8ad599c3a0ff1de082011efddc58f1908eb6e6d8,25300623,202063,1378138612332566260,1,S15_P1,200820:203160,0xc36442b4a4522e871399cd717abdd847ab11fe88:200820:203160,0xc36442b4a4522e871399cd717abdd847ab11fe88,200820,203160,949701618858610750,0.6891190845100805,2340,1243,1097,1097,405855392674619.9786324786324786,0.0002944953352607,422.0117637451075958,883.6641125567519996,579.4133515737745794,4486.9984287827020899,5066.4117803564766693,4486.9984287827020899,56695268237.705455,17639180984.21564,39056087253.489815,true,true,33733379860872715385.8620591074413914,10468612304223836163.7299358055633669,23264767556648879222.1321233018780245,true,true,285912934936.61004,88594808460.39462,197318126476.21542,true,true,167870900405650430242.4504013709940016,52043250742297432115.0321971398570489,115827649663352998127.4182042311369527,true,true,574655536549.7886,180977036370.02132,393678500179.76728,true,true,334244401680336513327.5672528396355467,97535856666779059470.8206520368798848,236708545013557453856.7466008027556619,true,true
15,0x8ad599c3a0ff1de082011efddc58f1908eb6e6d8,25300623,202063,1378138612332566260,2,S15_P2,198120:207240,0xc36442b4a4522e871399cd717abdd847ab11fe88:198120:207240,0xc36442b4a4522e871399cd717abdd847ab11fe88,198120,207240,22894220680805662,0.0166124223470207,9120,3943,5177,3943,2510331215000.6208333333333333,0.0000018215375381,422.0117637451075958,883.6641125567519996,8.4263222155586766,189.6896487472077879,198.1159709627664645,189.6896487472077879,56695268237.705455,55752959219.21146,942309018.493995,true,true,33733379860872715385.8620591074413914,33173286773606095219.8212521722778857,560093087266620166.0408069351635057,true,true,285912934936.61004,281212928115.48296,4700006821.12708,true,true,167870900405650430242.4504013709940016,165044631193408516616.9576559439220592,2826269212241913625.4927454270719424,true,true,574655536549.7886,565091404799.38425,9564131750.40435,true,true,334244401680336513327.5672528396355467,328706137233396076293.9309724915438268,5538264446940437033.6362803480917199,true,true
15,0x8ad599c3a0ff1de082011efddc58f1908eb6e6d8,25300623,202063,1378138612332566260,3,S15_P3,199140:206280,0xc36442b4a4522e871399cd717abdd847ab11fe88:199140:206280,0xc36442b4a4522e871399cd717abdd847ab11fe88,199140,206280,20626635535267928,0.0149670253417806,7140,2923,4217,2923,2888884528749.0095238095238095,0.0000020962220367,422.0117637451075958,883.6641125567519996,7.5711749873643961,140.1419046614409938,147.7130796488053899,140.1419046614409938,56695268237.705455,55846293571.941095,848974665.76436,true,true,33733379860872715385.8620591074413914,33228761039467242575.3366050482166656,504618821405472810.5254540592247258,true,true,285912934936.61004,281678483688.61728,4234451247.99276,true,true,167870900405650430242.4504013709940016,165324582762793461700.5433999375990872,2546317642856968541.9070014333949144,true,true,574655536549.7886,566038846210.65045,8616690339.13815,true,true,334244401680336513327.5672528396355467,329254331689357342301.8335375167060684,4990069990979171025.7337153229294783,true,true
15,0x8ad599c3a0ff1de082011efddc58f1908eb6e6d8,25300623,202063,1378138612332566260,4,S15_P4,200040:203520,0xc36442b4a4522e871399cd717abdd847ab11fe88:200040:203520,0xc36442b4a4522e871399cd717abdd847ab11fe88,200040,203520,46108899296316773,0.0334573742319542,3480,2023,1457,1457,13249683705838.1531609195402299,0.0000096141879977,422.0117637451075958,883.6641125567519996,17.3571241128211684,119.9809807962940716,137.33810490911524,119.9809807962940716,56695268237.705455,54797408094.36962,1897860143.335835,true,true,33733379860872715385.8620591074413914,32605372809648213335.3702966039843751,1128007051224502050.4917625034570163,true,true,285912934936.61004,276446241796.20432,9466693140.40572,true,true,167870900405650430242.4504013709940016,162178362080915368678.6922047455421392,5692538324735061563.7581966254518624,true,true,574655536549.7886,555390044662.73445,19265491887.05415,true,true,334244401680336513327.5672528396355467,323098557148273090243.1972340122416198,11145844532063423084.3700188273939269,true,true
15,0x8ad599c3a0ff1de082011efddc58f1908eb6e6d8,25300623,202063,1378138612332566260,5,S15_P5,197100:207420,0xc36442b4a4522e871399cd717abdd847ab11fe88:197100:207420,0xc36442b4a4522e871399cd717abdd847ab11fe88,197100,207420,14236413679360489,0.0103301754641826,10320,4963,5357,4963,1379497449550.4349806201550388,0.0000010009859946,422.0117637451075958,883.6641125567519996,5.1860781783088814,117.1955974516016535,122.3816756299105349,117.1955974516016535,56695268237.705455,56109313968.227955,585954269.4775,true,true,33733379860872715385.8620591074413914,33385092394421468853.393419928128211,348287466451246532.4686391793131804,true,true,285912934936.61004,282990408083.5794,2922526853.03064,true,true,167870900405650430242.4504013709940016,166113483576092198166.8798803047022056,1757416829558232075.570521066291796,true,true,574655536549.7886,568708630233.7733,5946906316.0153,true,true,334244401680336513327.5672528396355467,330799603151083978112.906316911055433,3444798529252535214.6609359285801137,true,true
15,0x8ad599c3a0ff1de082011efddc58f1908eb6e6d8,25300623,202063,1378138612332566260,6,S15_P6,193500:207240,0xc36442b4a4522e871399cd717abdd847ab11fe88:193500:207240,0xc36442b4a4522e871399cd717abdd847ab11fe88,193500,207240,9704960713330192,0.0070420788057771,13740,8563,5177,5177,706329018437.4229985443959243,0.0000005125239306,422.0117637451075958,883.6641125567519996,3.516513051074127,75.7661812158375457,79.2826942669116727,75.7661812158375457,56695268237.705455,56295825392.960075,399442844.74538,true,true,33733379860872715385.8620591074413914,33495952227458326224.6624979730095161,237427633414389161.1995611344318753,true,true,285912934936.61004,283920683699.4034,1992251237.20664,true,true,167870900405650430242.4504013709940016,166672889762875135070.4144018661576392,1198010642775295172.0359995048363624,true,true,574655536549.7886,570601676099.61815,4053860450.17045,true,true,334244401680336513327.5672528396355467,331895760836831860933.3119718637197615,2348640843504652394.2552809759157852,true,true
15,0x8ad599c3a0ff1de082011efddc58f1908eb6e6d8,25300623,202063,1378138612332566260,7,S15_P7,191160:204480,0xc36442b4a4522e871399cd717abdd847ab11fe88:191160:204480,0xc36442b4a4522e871399cd717abdd847ab11fe88,191160,204480,12459358629923232,0.0090407151489901,13320,10903,2417,2417,935387284528.7711711711711712,0.0000006787323685,422.0117637451075958,883.6641125567519996,4.5292115757540289,49.3352305185852098,53.8644420943392387,49.3352305185852098,56695268237.705455,56182456540.662375,512811697.04308,true,true,33733379860872715385.8620591074413914,33428567396145210555.9137046467669847,304812464727504829.9483544606744067,true,true,285912934936.61004,283355228996.67456,2557705939.93548,true,true,167870900405650430242.4504013709940016,166332862617909370006.7441064644035704,1538037787741060235.7062949065904312,true,true,574655536549.7886,569451023192.81635,5204513356.97225,true,true,334244401680336513327.5672528396355467,331229436208460954241.0600628358482321,3014965471875559086.5071900037873146,true,true
15,0x8ad599c3a0ff1de082011efddc58f1908eb6e6d8,25300623,202063,1378138612332566260,8,S15_P8,188700:203880,0xc36442b4a4522e871399cd717abdd847ab11fe88:188700:203880,0xc36442b4a4522e871399cd717abdd847ab11fe88,188700,203880,12073149088894465,0.0087604751661809,15180,13363,1817,1817,795332614551.677536231884058,0.0000005771064009,422.0117637451075958,883.6641125567519996,4.3868185894164059,36.7208557503342976,41.1076743397507035,36.7208557503342976,56695268237.705455,56198352665.21646,496915572.488995,true,true,33733379860872715385.8620591074413914,33438015978926134762.0934553219635781,295363881946580623.7686037854778133,true,true,285912934936.61004,283434515305.33664,2478419631.2734,true,true,167870900405650430242.4504013709940016,166380540125063656007.6475472318121784,1490360280586774234.8028541391818232,true,true,574655536549.7886,569612365660.1203,5043170889.6683,true,true,334244401680336513327.5672528396355467,331322858522980323765.2645032919079031,2921543157356189562.3027495477276436,true,true
15,0x8ad599c3a0ff1de082011efddc58f1908eb6e6d8,25300623,202063,1378138612332566260,9,S15_P9,194760:204960,0xc36442b4a4522e871399cd717abdd847ab11fe88:194760:204960,0xc36442b4a4522e871399cd717abdd847ab11fe88,194760,204960,8212124932521760,0.0059588526575149,10200,7303,2897,2897,805110287502.1333333333333333,0.0000005842012409,422.0117637451075958,883.6641125567519996,2.9703857529397068,37.9267984423471812,40.897184195286888,37.9267984423471812,56695268237.705455,56357269038.76498,337999198.940475,true,true,33733379860872715385.8620591074413914,33532472817844381269.9875284878396096,200907043028334115.8745306196017818,true,true,285912934936.61004,284227145250.05376,1685789686.55628,true,true,167870900405650430242.4504013709940016,166857175440549078014.3298232998593736,1013724965101352228.120578071134628,true,true,574655536549.7886,571225289233.319,3430247316.4696,true,true,334244401680336513327.5672528396355467,332256943940988144142.5787484806816492,1987457739348369184.9885043589538975,true,true
15,0x8ad599c3a0ff1de082011efddc58f1908eb6e6d8,25300623,202063,1378138612332566260,10,S15_P10,196260:204960,0xc36442b4a4522e871399cd717abdd847ab11fe88:196260:204960,0xc36442b4a4522e871399cd717abdd847ab11fe88,196260,204960,6618462975887944,0.0048024653809575,8700,5803,2897,2897,760742870791.7177011494252874,0.0000005520075151,422.0117637451075958,883.6641125567519996,2.3894811288022292,30.4133038038693959,32.8027849326716251,30.4133038038693959,56695268237.705455,56422862357.815945,272405879.88951,true,true,33733379860872715385.8620591074413914,33571462008245615420.472737751877713,161917852627099965.3893213555636784,true,true,285912934936.61004,284554301397.36168,1358633539.24836,true,true,167870900405650430242.4504013709940016,167053906182094569632.2825234580955336,816994223555860610.167877912898468,true,true,574655536549.7886,571891005214.2099,2764531335.5787,true,true,334244401680336513327.5672528396355467,332642557617068074270.0871503925202927,1601844063268439057.480102447115254,true,true
15,0x8ad599c3a0ff1de082011efddc58f1908eb6e6d8,25300623,202063,1378138612332566260,11,S15_P11,191880:202500,0xc36442b4a4522e871399cd717abdd847ab11fe88:191880:202500,0xc36442b4a4522e871399cd717abdd847ab11fe88,191880,202500,26626064536785294,0.019320309509157,10620,10183,437,437,2507162385761.3271186440677966,0.0000018192381835,422.0117637451075958,883.6641125567519996,9.8438825649859845,22.4933643505181847,32.3372469155041692,22.4933643505181847,56695268237.705455,55599354529.531775,1095913708.17368,true,true,33733379860872715385.8620591074413914,33081991617112839178.8057702560609577,651388243759876207.0562888513804337,true,true,285912934936.61004,280446728395.886,5466206540.72404,true,true,167870900405650430242.4504013709940016,164583895992903779469.384793719067092,3287004412746650773.0656076519269096,true,true,574655536549.7886,563532097271.1302,11123439278.6584,true,true,334244401680336513327.5672528396355467,327804126365992612835.9112740846745154,6440275314343900491.6559787549610313,true,true
15,0x8ad599c3a0ff1de082011efddc58f1908eb6e6d8,25300623,202063,1378138612332566260,12,S15_P12,189360:203100,0xc36442b4a4522e871399cd717abdd847ab11fe88:189360:203100,0xc36442b4a4522e871399cd717abdd847ab11fe88,189360,203100,14524005161106556,0.0105388565643074,13740,12703,1037,1037,1057060055393.4902474526928675,0.0000007670201284,422.0117637451075958,883.6641125567519996,5.2926427936056198,26.5295310050971038,31.8221737987027236,26.5295310050971038,56695268237.705455,56097476838.427865,597791399.27759,true,true,33733379860872715385.8620591074413914,33378056912671454390.6437983845746443,355322948201260995.2182607228667471,true,true,285912934936.61004,282931366461.88824,2981568474.7218,true,true,167870900405650430242.4504013709940016,166077979842667576773.9466259283052872,1792920562982853468.5037754426887144,true,true,574655536549.7886,568588482444.14055,6067054105.64805,true,true,334244401680336513327.5672528396355467,330730045126912456549.9824040426873255,3514356553424056777.5848487969482212,true,true
15,0x8ad599c3a0ff1de082011efddc58f1908eb6e6d8,25300623,202063,1378138612332566260,13,S15_P13,196920:203880,0xc36442b4a4522e871399cd717abdd847ab11fe88:196920:203880,0xc36442b4a4522e871399cd717abdd847ab11fe88,196920,203880,6968811284255318,0.005056683864666,6960,5143,1817,1817,1001265989117.1433908045977011,0.000000726535038,422.0117637451075958,883.6641125567519996,2.5170003071370384,20.9869340164589648,23.5039343235960032,20.9869340164589648,56695268237.705455,56408442439.2595,286825798.445955,true,true,33733379860872715385.8620591074413914,33562890776396228706.643749221998476,170489084476486679.2183098854429154,true,true,285912934936.61004,284482380207.62144,1430554728.9886,true,true,167870900405650430242.4504013709940016,167010657339690539281.0740955777228512,860243065959890961.3763057932711504,true,true,574655536549.7886,571744656613.6678,2910879936.1208,true,true,334244401680336513327.5672528396355467,332557781693535155128.3663906454588525,1686619986801358199.2008621941766942,true,true
15,0x8ad599c3a0ff1de082011efddc58f1908eb6e6d8,25300623,202063,1378138612332566260,14,S15_P14,189660:203520,0xc36442b4a4522e871399cd717abdd847ab11fe88:189660:203520,0xc36442b4a4522e871399cd717abdd847ab11fe88,189660,203520,7197443175587899,0.0052225829181332,13860,12403,1457,1457,519296044414.7113275613275613,0.0000003768097344,422.0117637451075958,883.6641125567519996,2.6002738194952658,17.7349912012150184,20.3352650207102842,17.7349912012150184,56695268237.705455,56399032217.03436,296236020.671095,true,true,33733379860872715385.8620591074413914,33557297104715293481.2722196235390952,176082756157421904.5898394839022962,true,true,285912934936.61004,284435445438.4754,1477489498.13464,true,true,167870900405650430242.4504013709940016,166982433846892133528.3614164348048288,888466558758296714.0889849361891728,true,true,574655536549.7886,571649151319.13075,3006385230.65785,true,true,334244401680336513327.5672528396355467,332502459127380700817.8454355922680573,1741942552955812509.7218172473674894,true,true
15,0x8ad599c3a0ff1de082011efddc58f1908eb6e6d8,25300623,202063,1378138612332566260,15,S15_P15,186180:202140,0xc36442b4a4522e871399cd717abdd847ab11fe88:186180:202140,0xc36442b4a4522e871399cd717abdd847ab11fe88,186180,202140,36971447565104646,0.0268270892595692,15960,15883,77,77,2316506739668.2109022556390977,0.000001680895317,422.0117637451075958,883.6641125567519996,13.8415231755267164,6.0038045054205568,19.8453276809472732,13.8415231755267164,56695268237.705455,55173525823.144575,1521742414.56088,true,true,33733379860872715385.8620591074413914,32828905095358432637.203665314688207,904474765514282748.6583937927531844,true,true,285912934936.61004,278322552928.46828,7590382008.14176,true,true,167870900405650430242.4504013709940016,164511013405162558911.4488443989626,3359887000487871331.0015569720314016,true,true,574655536549.7886,559208951418.19365,15446585131.59495,true,true,334244401680336513327.5672528396355467,328761490976815781577.9902721312567341,5482910703520731749.5769807083788126,true,true
15,0x8ad599c3a0ff1de082011efddc58f1908eb6e6d8,25300623,202063,1378138612332566260,16,S15_P16,196980:203760,0xc36442b4a4522e871399cd717abdd847ab11fe88:196980:203760,0xc36442b4a4522e871399cd717abdd847ab11fe88,196980,203760,6180004249462650,0.0044843125315259,6780,5083,1697,1697,911505051543.163716814159292,0.0000006614030282,422.0117637451075958,883.6641125567519996,2.2300390096727834,17.46256583240416,19.6926048420769434,17.46256583240416,56695268237.705455,56440908779.803125,254359457.90233,true,true,33733379860872715385.8620591074413914,33582188097619055430.9286981669134246,151191763253659954.9333609405279668,true,true,285912934936.61004,284644309988.92968,1268624947.68036,true,true,167870900405650430242.4504013709940016,167108031463644274350.9769464403414368,762868942006155891.4734549306525648,true,true,574655536549.7886,572074158312.6678,2581378237.1208,true,true,334244401680336513327.5672528396355467,332748656587484760316.5065835456314043,1495745092851753011.0606692940041424,true,true
15,0x8ad599c3a0ff1de082011efddc58f1908eb6e6d8,25300623,202063,1378138612332566260,17,S15_P17,189000:202860,0xc36442b4a4522e871399cd717abdd847ab11fe88:189000:202860,0xc36442b4a4522e871399cd717abdd847ab11fe88,189000,202860,6636638286730913,0.0048156536848627,13860,13063,797,797,478833931221.5665945165945166,0.0000003474497608,422.0117637451075958,883.6641125567519996,2.3960939797756658,9.505329267273228,11.9014232470488938,9.505329267273228,56695268237.705455,56422114283.98034,273153953.725115,true,true,33733379860872715385.8620591074413914,33571016821989008955.0880867542938679,162363038883706430.7739723531475235,true,true,285912934936.61004,284550570252.43228,1362364684.17776,true,true,167870900405650430242.4504013709940016,167051662352584722483.5328116206797288,819238053065707758.9175897503142728,true,true,574655536549.7886,571883412912.6903,2772123637.0983,true,true,334244401680336513327.5672528396355467,332638159445951696235.9847640494585612,1606242234384817091.5824887901769855,true,true
15,0x8ad599c3a0ff1de082011efddc58f1908eb6e6d8,25300623,202063,1378138612332566260,18,S15_P18,201780:202260,0xc36442b4a4522e871399cd717abdd847ab11fe88:201780:202260,0xc36442b4a4522e871399cd717abdd847ab11fe88,201780,202260,20806546706867283,0.0150975718412324,480,283,197,197,43346972305973.50625,0.0000314532746692,422.0117637451075958,883.6641125567519996,3.0539702693359834,8.3414709652731052,11.3954412346090886,8.3414709652731052,56695268237.705455,55838888402.90931,856379834.796145,true,true,33733379860872715385.8620591074413914,33224359743216718749.9316575698662728,509020117655996635.9304015375751186,true,true,285912934936.61004,281641546639.82744,4271388296.7826,true,true,167870900405650430242.4504013709940016,165302371506178231934.3540948489666688,2568528899472198308.0963065220273328,true,true,574655536549.7886,566041486844.49385,8614049705.29475,true,true,334244401680336513327.5672528396355467,329425002861266664755.3045568826597996,4819398819069848572.2626959569757471,true,true
15,0x8ad599c3a0ff1de082011efddc58f1908eb6e6d8,25300623,202063,1378138612332566260,19,S15_P19,201360:202320,0xc36442b4a4522e871399cd717abdd847ab11fe88:201360:202320,0xc36442b4a4522e871399cd717abdd847ab11fe88,201360,202320,8224969631597778,0.0059681729820171,960,703,257,257,8567676699581.01875,0.0000062168468563,422.0117637451075958,883.6641125567519996,2.0898251294091874,4.222408586022189,6.3122337154313764,4.222408586022189,56695268237.705455,56356740364.545765,338527873.15969,true,true,33733379860872715385.8620591074413914,33532158885953792246.3416516785508149,201220974918923139.5204074288905765,true,true,285912934936.61004,284224508414.76488,1688426521.84516,true,true,167870900405650430242.4504013709940016,166855589926233320552.9760005189524848,1015310479417109689.4744008520415168,true,true,574655536549.7886,571219923617.9969,3435612931.7917,true,true,334244401680336513327.5672528396355467,332291211661906049759.8985397190498095,1953190018430463567.6687131205857372,true,true
15,0x8ad599c3a0ff1de082011efddc58f1908eb6e6d8,25300623,202063,1378138612332566260,20,S15_P20,188340:202200,0xc36442b4a4522e871399cd717abdd847ab11fe88:188340:202200,0xc36442b4a4522e871399cd717abdd847ab11fe88,188340,202200,6160985147957327,0.0044705119592648,13860,13723,137,137,444515522940.6440836940836941,0.0000003225477604,422.0117637451075958,883.6641125567519996,2.2231265648859749,1.7429016541760357,3.9660282190620106,2.2231265648859749,56695268237.705455,56441691582.223055,253576655.4824,true,true,33733379860872715385.8620591074413914,33582653436322186865.7099689447683074,150726424550528520.152090162673084,true,true,285912934936.61004,284648214319.48504,1264720617.125,true,true,167870900405650430242.4504013709940016,167143974488223629783.9091775313866344,726925917426800458.5412238396073672,true,true,574655536549.7886,572082102989.2807,2573433560.5079,true,true,334244401680336513327.5672528396355467,332943565667146663846.4504433110416244,1300836013189849481.1168095285939223,true,true
16,0x8ad599c3a0ff1de082011efddc58f1908eb6e6d8,25290623,202364,1291352382804774096,1,S16_P1,200820:203160,0xc36442b4a4522e871399cd717abdd847ab11fe88:200820:203160,0xc36442b4a4522e871399cd717abdd847ab11fe88,200820,203160,949701618858610750,0.7354318089349792,2340,1544,796,796,405855392674619.9786324786324786,0.0003142870978355,425.1056326057591269,1787.1673827525968678,647.1406150672719177,4849.5698000422798015,5496.7104151095517192,4849.5698000422798015,52328653076.578435,13854929387.79234,38473723688.786095,true,true,32092599387987059331.708678718872342,8488926978339894663.0819834362724624,23603672409647164668.6266952825998796,true,true,264510020230.5178,69820194768.619325,194689825461.898475,true,true,160182016938366565652.828433674956512,42404223258368332293.19813511441859,117777793679998233359.630298560537922,true,true,532327134050.3027,149803029045.31528,382524105004.98742,true,true,319972214835410744976.08596249863006,82566621314166149441.514789803068752,237405593521244595534.571172695561308,true,true
16,0x8ad599c3a0ff1de082011efddc58f1908eb6e6d8,25290623,202364,1291352382804774096,2,S16_P2,198120:207240,0xc36442b4a4522e871399cd717abdd847ab11fe88:198120:207240,0xc36442b4a4522e871399cd717abdd847ab11fe88,198120,207240,22894220680805662,0.0177288716741128,9120,4244,4876,4244,2510331215000.6208333333333333,0.0000019439552274,425.1056326057591269,1787.1673827525968678,7.3280130903863484,300.2910586167582978,307.6190717071446462,300.2910586167582978,52328653076.578435,51400165733.463135,928487343.1153,true,true,32092599387987059331.708678718872342,31523673045645328001.70437592438078,568926342341731330.004302794491562,true,true,264510020230.5178,259907950551.04208,4602069679.47572,true,true,160182016938366565652.828433674956512,157319238205524407678.784390551054256,2862778732842157974.044043123902256,true,true,532327134050.3027,522724692299.3823,9602441750.9204,true,true,319972214835410744976.08596249863006,314325228795127962216.80250937336218,5646986040282782759.28345312526788,true,true
16,0x8ad599c3a0ff1de082011efddc58f1908eb6e6d8,25290623,202364,1291352382804774096,3,S16_P3,199140:206280,0xc36442b4a4522e871399cd717abdd847ab11fe88:199140:206280,0xc36442b4a4522e871399cd717abdd847ab11fe88,199140,206280,20626635535267928,0.0159728946257625,7140,3224,3916,3224,2888884528749.0095238095238095,0.0000022371000876,425.1056326057591269,1787.1673827525968678,6.584678006472559,219.3175838166099372,225.9022618230824962,219.3175838166099372,52328653076.578435,51492131632.481505,836521444.09693,true,true,32092599387987059331.708678718872342,31580023084823174128.759462509765756,512576303163885202.949216209106586,true,true,264510020230.5178,260363743296.66784,4146276933.84996,true,true,160182016938366565652.828433674956512,157602798955183347283.03210767365568,2579217983183218369.796326001300832,true,true,532327134050.3027,523676737999.3839,8650396050.9188,true,true,319972214835410744976.08596249863006,314884397436633964061.35691148100098,5087817398776780914.72905101762908,true,true
16,0x8ad599c3a0ff1de082011efddc58f1908eb6e6d8,25290623,202364,1291352382804774096,4,S16_P4,197100:207420,0xc36442b4a4522e871399cd717abdd847ab11fe88:197100:207420,0xc36442b4a4522e871399cd717abdd847ab11fe88,197100,207420,14236413679360489,0.0110244220469393,10320,5264,5056,5056,1379497449550.4349806201550388,0.0000010682579503,425.1056326057591269,1787.1673827525968678,4.5110070163449121,188.2413815085905058,192.7523885249354179,188.2413815085905058,52328653076.578435,51751294989.13786,577358087.440575,true,true,32092599387987059331.708678718872342,31738821466041270632.436662483341326,353777921945788699.272016235531016,true,true,264510020230.5178,261648227390.36392,2861792840.15388,true,true,160182016938366565652.828433674956512,158401878500593509585.011082168917184,1780138437773056067.817351506039328,true,true,532327134050.3027,526358522084.45495,5968611965.84775,true,true,319972214835410744976.08596249863006,316460347942371269641.00215445583136,3511866893039475335.0838080427987,true,true
16,0x8ad599c3a0ff1de082011efddc58f1908eb6e6d8,25290623,202364,1291352382804774096,5,S16_P5,200040:203520,0xc36442b4a4522e871399cd717abdd847ab11fe88:200040:203520,0xc36442b4a4522e871399cd717abdd847ab11fe88,200040,203520,46108899296316773,0.0357059001944688,3480,2324,1156,1156,13249683705838.1531609195402299,0.0000102603161478,425.1056326057591269,1787.1673827525968678,15.1716632618786554,158.0957414156459874,173.2674046775246428,158.0957414156459874,52328653076.578435,50458617293.944145,1870035782.63429,true,true,32092599387987059331.708678718872342,30946784839790721293.048240921857956,1145814548196338038.660437797014386,true,true,264510020230.5178,255241938352.47276,9268081878.04504,true,true,160182016938366565652.828433674956512,154415968968953818166.370608713346784,5766047969412747486.457824961609728,true,true,532327134050.3027,512965346078.30675,19361787971.99595,true,true,319972214835410744976.08596249863006,308602210121191828519.58067628351572,11370004714218916456.50528621511434,true,true
16,0x8ad599c3a0ff1de082011efddc58f1908eb6e6d8,25290623,202364,1291352382804774096,6,S16_P6,193500:207240,0xc36442b4a4522e871399cd717abdd847ab11fe88:193500:207240,0xc36442b4a4522e871399cd717abdd847ab11fe88,193500,207240,9704960713330192,0.0075153465797239,13740,8864,4876,4876,706329018437.4229985443959243,0.0000005469684556,425.1056326057591269,1787.1673827525968678,3.0590806258689068,122.6195344194439069,125.6786150453128137,122.6195344194439069,52328653076.578435,51935070736.75128,393582339.827155,true,true,32092599387987059331.708678718872342,31851428515209025426.622094546611862,241170872778033905.08658417226048,true,true,264510020230.5178,262559110597.1802,1950909633.3376,true,true,160182016938366565652.828433674956512,158968510126265713909.090788880627104,1213506812100851743.737644794329408,true,true,532327134050.3027,528259219756.30385,4067914293.99885,true,true,319972214835410744976.08596249863006,317578042881988440135.65924185951938,2394171953422304840.42672063911068,true,true
16,0x8ad599c3a0ff1de082011efddc58f1908eb6e6d8,25290623,202364,1291352382804774096,7,S16_P7,196020:214380,0xc36442b4a4522e871399cd717abdd847ab11fe88:196020:214380,0xc36442b4a4522e871399cd717abdd847ab11fe88,196020,214380,4659229211149329,0.003608023087416,18360,6344,12016,6344,253770654202.0331699346405229,0.0000001965154187,425.1056326057591269,1787.1673827525968678,1.4601336772656486,121.4812224284251801,122.9413561056908287,121.4812224284251801,52328653076.578435,52139700522.441755,188952554.13668,true,true,32092599387987059331.708678718872342,31976816548522409655.386691536657298,115782839464649676.321987182215044,true,true,264510020230.5178,263573398538.17416,936621692.34364,true,true,160182016938366565652.828433674956512,159599434799529412423.669810642469184,582582138837153229.158623032487328,true,true,532327134050.3027,530374650069.95985,1952483980.34285,true,true,319972214835410744976.08596249863006,318822732633411322469.55452494344618,1149482201999422506.53143755518388,true,true
16,0x8ad599c3a0ff1de082011efddc58f1908eb6e6d8,25290623,202364,1291352382804774096,8,S16_P8,191160:204480,0xc36442b4a4522e871399cd717abdd847ab11fe88:191160:204480,0xc36442b4a4522e871399cd717abdd847ab11fe88,191160,204480,12459358629923232,0.0096483026599308,13320,11204,2116,2116,935387284528.7711711711711712,0.0000007243470465,425.1056326057591269,1787.1673827525968678,3.9398027231580241,73.4267806153590434,77.3665833385170675,73.4267806153590434,52328653076.578435,51823364793.273395,505288283.30504,true,true,32092599387987059331.708678718872342,31782981416627551135.487030611649352,309617971359508196.22164810722299,true,true,264510020230.5178,262005436767.42464,2504583463.09316,true,true,160182016938366565652.828433674956512,158624090191649343550.004104546131264,1557926746717222102.824329128825248,true,true,532327134050.3027,527103999805.51455,5223134244.78815,true,true,319972214835410744976.08596249863006,316898648368230027343.56268206899592,3073566467180717632.52328042963414,true,true
16,0x8ad599c3a0ff1de082011efddc58f1908eb6e6d8,25290623,202364,1291352382804774096,9,S16_P9,194760:204960,0xc36442b4a4522e871399cd717abdd847ab11fe88:194760:204960,0xc36442b4a4522e871399cd717abdd847ab11fe88,194760,204960,8212124932521760,0.0063593214693927,10200,7604,2596,2596,805110287502.1333333333333333,0.0000006234628892,425.1056326057591269,1787.1673827525968678,2.5840799415386085,58.2029649333706589,60.7870448749092674,58.2029649333706589,52328653076.578435,51995613043.92046,333040032.657975,true,true,32092599387987059331.708678718872342,31888526065569486120.090268079236548,204073322417573211.618410639635794,true,true,264510020230.5178,262859195754.04576,1650824476.47204,true,true,160182016938366565652.828433674956512,159155177895412215272.621747189482752,1026839042954350380.20668648547376,true,true,532327134050.3027,528885200092.72795,3441933957.57475,true,true,319972214835410744976.08596249863006,317946282253359163219.87415258370048,2025932582051581756.21180991492958,true,true
16,0x8ad599c3a0ff1de082011efddc58f1908eb6e6d8,25290623,202364,1291352382804774096,10,S16_P10,188700:203880,0xc36442b4a4522e871399cd717abdd847ab11fe88:188700:203880,0xc36442b4a4522e871399cd717abdd847ab11fe88,188700,203880,12073149088894465,0.0093492289553623,15180,13664,1516,1516,795332614551.677536231884058,0.0000006158912355,425.1056326057591269,1787.1673827525968678,3.815973224233132,52.0305719731937467,55.8465451974268787,52.0305719731937467,52328653076.578435,51839027762.359235,489625314.2192,true,true,32092599387987059331.708678718872342,31792578527547110623.503814855242678,300020860439948708.204863863629664,true,true,264510020230.5178,262083069929.5406,2426950300.9772,true,true,160182016938366565652.828433674956512,158672383598495358195.22981680246936,1509633339871207457.598616872487152,true,true,532327134050.3027,527265998200.06045,5061135850.24225,true,true,319972214835410744976.08596249863006,316993907245622165198.31731870974158,2978307589788579777.76864378888848,true,true
16,0x8ad599c3a0ff1de082011efddc58f1908eb6e6d8,25290623,202364,1291352382804774096,11,S16_P11,196260:204960,0xc36442b4a4522e871399cd717abdd847ab11fe88:196260:204960,0xc36442b4a4522e871399cd717abdd847ab11fe88,196260,204960,6618462975887944,0.0051252183865669,8700,6104,2596,2596,760742870791.7177011494252874,0.0000005891055617,425.1056326057591269,1787.1673827525968678,2.0787961236076658,46.793004857379762,48.8718009809874278,46.793004857379762,52328653076.578435,52060244093.1589,268408983.419535,true,true,32092599387987059331.708678718872342,31928129061010363203.619262474984598,164470326976696128.089416243887744,true,true,264510020230.5178,263179551626.10268,1330468604.41512,true,true,160182016938366565652.828433674956512,159354451542605858378.337135587502672,827565395760707274.49129808745384,true,true,532327134050.3027,529553360004.0647,2773774046.238,true,true,319972214835410744976.08596249863006,318339407268790242754.76235208639872,1632807566620502221.32361041223134,true,true
16,0x8ad599c3a0ff1de082011efddc58f1908eb6e6d8,25290623,202364,1291352382804774096,12,S16_P12,201660:205440,0xc36442b4a4522e871399cd717abdd847ab11fe88:201660:205440,0xc36442b4a4522e871399cd717abdd847ab11fe88,201660,205440,5587457223764229,0.0043268261228809,3780,704,3076,704,1478163286710.1134920634920635,0.0000011446629955,425.1056326057591269,1787.1673827525968678,1.3504937780743552,46.0943872083176395,47.4448809863919947,46.0943872083176395,52328653076.578435,52102056431.20725,226596645.371185,true,true,32092599387987059331.708678718872342,31953749330167706466.26599742955207,138850057819352865.442681289320272,true,true,264510020230.5178,263386804691.78372,1123215538.73408,true,true,160182016938366565652.828433674956512,159483369142517800256.579130699722688,698647795848765396.249302975233824,true,true,532327134050.3027,529985565798.26305,2341568252.03965,true,true,319972214835410744976.08596249863006,318593744262794533528.54604064592818,1378470572616211447.53992185270188,true,true
16,0x8ad599c3a0ff1de082011efddc58f1908eb6e6d8,25290623,202364,1291352382804774096,13,S16_P13,191760:205620,0xc36442b4a4522e871399cd717abdd847ab11fe88:191760:205620,0xc36442b4a4522e871399cd717abdd847ab11fe88,191760,205620,4224386747891443,0.0032712889248063,13860,10604,3256,3256,304789808650.1762626262626263,0.0000002360237319,425.1056326057591269,1787.1673827525968678,1.3232008703609755,36.6129575789651358,37.9361584493261113,36.6129575789651358,52328653076.578435,52157335432.458555,171317644.11988,true,true,32092599387987059331.708678718872342,31987622163835470142.971019274630418,104977224151589188.737659444241924,true,true,264510020230.5178,263660811525.78536,849208704.73244,true,true,160182016938366565652.828433674956512,159653807266061469643.570338093611712,528209672305096009.2580955813448,true,true,532327134050.3027,530556910399.326,1770223650.9767,true,true,319972214835410744976.08596249863006,318930007470686885111.82154245327762,1042207364723859864.26442004535244,true,true
16,0x8ad599c3a0ff1de082011efddc58f1908eb6e6d8,25290623,202364,1291352382804774096,14,S16_P14,195900:204600,0xc36442b4a4522e871399cd717abdd847ab11fe88:195900:204600,0xc36442b4a4522e871399cd717abdd847ab11fe88,195900,204600,5850546658084968,0.0045305578368762,8700,6464,2236,2236,672476627366.0882758620689655,0.0000005207537744,425.1056326057591269,1787.1673827525968678,1.8359816873855985,35.9862617662405663,37.8222434536261648,35.9862617662405663,52328653076.578435,52091386876.516575,237266200.06186,true,true,32092599387987059331.708678718872342,31947211466417854200.595256514639162,145387921569205131.11342220423318,true,true,264510020230.5178,263333918263.53332,1176101966.98448,true,true,160182016938366565652.828433674956512,159450472299058730710.51573728818208,731544639307834942.312696386774432,true,true,532327134050.3027,529875280693.795,2451853356.5077,true,true,319972214835410744976.08596249863006,318528842588624903226.01451017474608,1443372246785841750.07145232388398,true,true
16,0x8ad599c3a0ff1de082011efddc58f1908eb6e6d8,25290623,202364,1291352382804774096,15,S16_P15,189360:203100,0xc36442b4a4522e871399cd717abdd847ab11fe88:189360:203100,0xc36442b4a4522e871399cd717abdd847ab11fe88,189360,203100,14524005161106556,0.0112471277046478,13740,13004,736,736,1057060055393.4902474526928675,0.0000008185682463,425.1056326057591269,1787.1673827525968678,4.6036701582750012,32.0084177381614322,36.6120878964364334,32.0084177381614322,52328653076.578435,51739631465.15535,589021611.423085,true,true,32092599387987059331.708678718872342,31731674457990499666.998714564143256,360924929996559664.709964154729086,true,true,264510020230.5178,261590418408.5798,2919601821.938,true,true,160182016938366565652.828433674956512,158365916338122530060.125174660381104,1816100600244035592.703259014575408,true,true,532327134050.3027,526237864877.48505,6089269172.81765,true,true,319972214835410744976.08596249863006,316389416940064994082.08713017106662,3582797895345750893.99883232756344,true,true
16,0x8ad599c3a0ff1de082011efddc58f1908eb6e6d8,25290623,202364,1291352382804774096,16,S16_P16,196920:203880,0xc36442b4a4522e871399cd717abdd847ab11fe88:196920:203880,0xc36442b4a4522e871399cd717abdd847ab11fe88,196920,203880,6968811284255318,0.0053965217992004,6960,5444,1516,1516,1001265989117.1433908045977011,0.0000007753623275,425.1056326057591269,1787.1673827525968678,2.1897182571982636,29.8914469547285702,32.0811652119268338,29.8914469547285702,52328653076.578435,52046035723.421895,282617353.15654,true,true,32092599387987059331.708678718872342,31919422488865700948.058666471429978,173176899121358383.650012247442364,true,true,264510020230.5178,263109124851.37724,1400895379.14056,true,true,160182016938366565652.828433674956512,159310643545491439256.142323017496256,871373392875126396.686110657460256,true,true,532327134050.3027,529406481610.86985,2920652439.43285,true,true,319972214835410744976.08596249863006,318252981877890419162.00966673773862,1719232957520325814.07629576089144,true,true
16,0x8ad599c3a0ff1de082011efddc58f1908eb6e6d8,25290623,202364,1291352382804774096,17,S16_P17,189660:203520,0xc36442b4a4522e871399cd717abdd847ab11fe88:189660:203520,0xc36442b4a4522e871399cd717abdd847ab11fe88,189660,203520,7197443175587899,0.0055735702132328,13860,12704,1156,1156,519296044414.7113275613275613,0.000000402133493,425.1056326057591269,1787.1673827525968678,2.2621525019004153,23.9855052382476136,26.2476577401480289,23.9855052382476136,52328653076.578435,52036763553.22056,291889523.357875,true,true,32092599387987059331.708678718872342,31913741376974572749.682107656141052,178858011012486582.02657106273129,true,true,264510020230.5178,263063165449.94372,1446854780.57408,true,true,160182016938366565652.828433674956512,159282055214425721674.76468341787568,899961723940843978.063750257080832,true,true,532327134050.3027,529310628236.46765,3016505813.83505,true,true,319972214835410744976.08596249863006,318196582488539486802.14672445603516,1775632346871258173.9392380425949,true,true
16,0x8ad599c3a0ff1de082011efddc58f1908eb6e6d8,25290623,202364,1291352382804774096,18,S16_P18,196980:203760,0xc36442b4a4522e871399cd717abdd847ab11fe88:196980:203760,0xc36442b4a4522e871399cd717abdd847ab11fe88,196980,203760,5619685765718367,0.0043517833246357,6780,5384,1396,1396,828862207333.0924778761061947,0.0000006418559476,425.1056326057591269,1787.1673827525968678,1.7630673063140388,22.294807223823637,24.0578745301376758,22.294807223823637,52328653076.578435,52100749407.690545,227903668.88789,true,true,32092599387987059331.708678718872342,31952948562935039566.038022624961442,139650825052019765.6706560939109,true,true,264510020230.5178,263380326097.88212,1129694132.63568,true,true,160182016938366565652.828433674956512,159479339198990713821.895443455706192,702677739375851830.93299021925032,true,true,532327134050.3027,529972056025.93125,2355078024.37145,true,true,319972214835410744976.08596249863006,318585793711192675466.07356263650438,1386421124218069510.01239986212568,true,true
16,0x8ad599c3a0ff1de082011efddc58f1908eb6e6d8,25290623,202364,1291352382804774096,19,S16_P19,191880:202500,0xc36442b4a4522e871399cd717abdd847ab11fe88:191880:202500,0xc36442b4a4522e871399cd717abdd847ab11fe88,191880,202500,26626064536785294,0.020618744264795,10620,10484,136,136,2507162385761.3271186440677966,0.0000019415013432,425.1056326057591269,1787.1673827525968678,8.5600110391905572,11.7875609777810662,20.3475720169716234,11.7875609777810662,52328653076.578435,51248812895.00389,1079840181.574545,true,true,32092599387987059331.708678718872342,31430936308831641776.7167030622288,661663079155417554.991975656643542,true,true,264510020230.5178,259157846426.71764,5352173803.80016,true,true,160182016938366565652.828433674956512,157086676402120304414.515008500196096,3095340536246261238.313425174760416,true,true,532327134050.3027,521157406713.67695,11169727336.62575,true,true,319972214835410744976.08596249863006,314110174005386404379.72943548573682,5862040830024340596.35652701289324,true,true
16,0x8ad599c3a0ff1de082011efddc58f1908eb6e6d8,25290623,202364,1291352382804774096,20,S16_P20,189000:202860,0xc36442b4a4522e871399cd717abdd847ab11fe88:189000:202860,0xc36442b4a4522e871399cd717abdd847ab11fe88,189000,202860,6636638286730913,0.0051392930195524,13860,13364,496,496,478833931221.5665945165945166,0.0000003708003622,425.1056326057591269,1787.1673827525968678,2.0845483263382143,10.0970649709984801,12.1816132973366944,10.0970649709984801,52328653076.578435,52059506994.086705,269146082.49173,true,true,32092599387987059331.708678718872342,31927676658392467085.477104038822984,164922729594592246.231574680049358,true,true,264510020230.5178,263175898038.02244,1334122192.49536,true,true,160182016938366565652.828433674956512,159352178804622442895.508744820095168,829838133744122757.319688854861344,true,true,532327134050.3027,529545740403.22095,2781393647.08175,true,true,319972214835410744976.08596249863006,318334923666254951336.49963187045626,1637291169155793639.5863306281738,true,true
17,0x8ad599c3a0ff1de082011efddc58f1908eb6e6d8,25280623,202300,1246265293905262822,1,S17_P1,200820:203160,0xc36442b4a4522e871399cd717abdd847ab11fe88:200820:203160,0xc36442b4a4522e871399cd717abdd847ab11fe88,200820,203160,949701618858610750,0.7620380857133971,2340,1480,860,860,405855392674619.9786324786324786,0.0003256573015869,429.350712306153707,1741.5226134151482381,640.5101422433768958,5513.527755161385707,6154.0378974047626028,5513.527755161385707,50661396495.12874,12126974758.767892,38534421736.360848,true,true,30873977125617698514.1506086275045265,7345461927414222282.457191857582,23528515198203476231.6934167699225265,true,true,259277520865.82352,63126417005.426135,196151103860.397385,true,true,154315131407952717926.2980697798956068,36693162109137005856.9775178275068218,117621969298815712069.320551952388785,true,true,523528683289.8632,138449338515.81824,385079344774.04496,true,true,308557610241179312368.6226650736230904,72102511469326778535.9194961813368537,236455098771852533832.7031688922862367,true,true
17,0x8ad599c3a0ff1de082011efddc58f1908eb6e6d8,25280623,202300,1246265293905262822,2,S17_P2,198120:207240,0xc36442b4a4522e871399cd717abdd847ab11fe88:198120:207240,0xc36442b4a4522e871399cd717abdd847ab11fe88,198120,207240,22894220680805662,0.0183702625699099,9120,4180,4940,4180,2510331215000.6208333333333333,0.0000020142831765,429.350712306153707,1741.5226134151482381,7.7263141367543633,297.984561598396227,305.7108757351505903,297.984561598396227,50661396495.12874,49730317269.678964,931079225.449776,true,true,30873977125617698514.1506086275045265,30306873913962176330.641558702537895,567103211655522183.5090499249666315,true,true,259277520865.82352,254657561417.38916,4619959448.43436,true,true,154315131407952717926.2980697798956068,151478705881385688567.6677192061320189,2836425526567029358.6303505737635879,true,true,523528683289.8632,513931864192.2284,9596819097.6348,true,true,308557610241179312368.6226650736230904,302929780192778455519.7249073067360058,5627830048400856848.8977577668870846,true,true
17,0x8ad599c3a0ff1de082011efddc58f1908eb6e6d8,25280623,202300,1246265293905262822,3,S17_P3,199140:206280,0xc36442b4a4522e871399cd717abdd847ab11fe88:199140:206280,0xc36442b4a4522e871399cd717abdd847ab11fe88,199140,206280,20626635535267928,0.0165507582022387,7140,3160,3980,3160,2888884528749.0095238095238095,0.0000023180333617,429.350712306153707,1741.5226134151482381,6.9432346095938157,218.370155065618227,225.3133896752120427,218.370155065618227,50661396495.12874,49822421155.19668,838975339.93206,true,true,30873977125617698514.1506086275045265,30363050102573046093.4966049719278275,510927023044652420.654003655576699,true,true,259277520865.82352,255115223399.58184,4162297466.24168,true,true,154315131407952717926.2980697798956068,151759670568938055705.1045898462375012,2555460839014662221.1934799336581056,true,true,523528683289.8632,514883123571.24895,8645559718.61425,true,true,308557610241179312368.6226650736230904,303491819122052369913.4300308527344595,5065791119126942455.1926342208886309,true,true
17,0x8ad599c3a0ff1de082011efddc58f1908eb6e6d8,25280623,202300,1246265293905262822,4,S17_P4,197100:207420,0xc36442b4a4522e871399cd717abdd847ab11fe88:197100:207420,0xc36442b4a4522e871399cd717abdd847ab11fe88,197100,207420,14236413679360489,0.0114232609613557,10320,5200,5120,5120,1379497449550.4349806201550388,0.0000011069051319,429.350712306153707,1741.5226134151482381,4.7573474213256779,186.6742988116807209,191.4316462330063988,186.6742988116807209,50661396495.12874,50082123749.566675,579272745.562065,true,true,30873977125617698514.1506086275045265,30521355579361201829.3320260172700972,352621546256496684.8185826102344293,true,true,259277520865.82352,256404858321.9874,2872662543.83612,true,true,154315131407952717926.2980697798956068,152551373459745501557.6053726446981809,1763757948207216368.6926971351974259,true,true,523528683289.8632,517562956521.9972,5965726767.866,true,true,308557610241179312368.6226650736230904,305074725390146012205.6365325366425183,3482884851033300162.9861325369805721,true,true
17,0x8ad599c3a0ff1de082011efddc58f1908eb6e6d8,25280623,202300,1246265293905262822,5,S17_P5,193500:207240,0xc36442b4a4522e871399cd717abdd847ab11fe88:193500:207240,0xc36442b4a4522e871399cd717abdd847ab11fe88,193500,207240,9704960713330192,0.0077872349978703,13740,8800,4940,4940,706329018437.4229985443959243,0.0000005667565501,429.350712306153707,1741.5226134151482381,3.2264549899079847,121.6492169208171761,124.8756719107251608,121.6492169208171761,50661396495.12874,50266509214.87933,394887280.24941,true,true,30873977125617698514.1506086275045265,30633594511512183842.4644226719384249,240382614105514671.6861859555661016,true,true,259277520865.82352,257319290861.60212,1958230004.2214,true,true,154315131407952717926.2980697798956068,153112777884683861615.6474835816123452,1202353523268856310.6505861982832616,true,true,523528683289.8632,519462512547.04685,4066170742.81635,true,true,308557610241179312368.6226650736230904,306182965412031238331.7314131203140897,2374644829148074036.8912519533090007,true,true
17,0x8ad599c3a0ff1de082011efddc58f1908eb6e6d8,25280623,202300,1246265293905262822,6,S17_P6,196020:214380,0xc36442b4a4522e871399cd717abdd847ab11fe88:196020:214380,0xc36442b4a4522e871399cd717abdd847ab11fe88,196020,214380,4659229211149329,0.003738553287117,18360,6280,12080,6280,253770654202.0331699346405229,0.0000002036249067,429.350712306153707,1741.5226134151482381,1.5401960722742557,119.4837218099826609,121.0239178822569166,119.4837218099826609,50661396495.12874,50471817604.608515,189578890.520225,true,true,30873977125617698514.1506086275045265,30758572253580492264.0079160038188311,115404872037206250.1426926236856954,true,true,259277520865.82352,258337432043.81184,940088822.01168,true,true,154315131407952717926.2980697798956068,153737896336122752354.9815458787416494,577235071829965571.3165239011539574,true,true,523528683289.8632,521576914934.5133,1951768355.3499,true,true,308557610241179312368.6226650736230904,307417381463288642174.4059583930390167,1140228777890670194.2167066805840737,true,true
17,0x8ad599c3a0ff1de082011efddc58f1908eb6e6d8,25280623,202300,1246265293905262822,7,S17_P7,191160:204480,0xc36442b4a4522e871399cd717abdd847ab11fe88:191160:204480,0xc36442b4a4522e871399cd717abdd847ab11fe88,191160,204480,12459358629923232,0.0099973566550031,13320,11140,2180,2180,935387284528.7711711711711712,0.0000007505523014,429.350712306153707,1741.5226134151482381,4.1551131865284115,74.1363487379140502,78.2914619244424617,74.1363487379140502,50661396495.12874,50154432692.42871,506963802.70003,true,true,30873977125617698514.1506086275045265,30565371204329599956.4763943893386502,308605921288098557.6742142381658763,true,true,259277520865.82352,256763469676.0788,2514051189.74472,true,true,154315131407952717926.2980697798956068,152771533907500405551.2405681211533408,1543597500452312375.057501658742266,true,true,523528683289.8632,518307962133.3302,5220721156.533,true,true,308557610241179312368.6226650736230904,305509291914956434723.6409563230293936,3048318326222877644.9817087505936968,true,true
17,0x8ad599c3a0ff1de082011efddc58f1908eb6e6d8,25280623,202300,1246265293905262822,8,S17_P8,194760:204960,0xc36442b4a4522e871399cd717abdd847ab11fe88:194760:204960,0xc36442b4a4522e871399cd717abdd847ab11fe88,194760,204960,8212124932521760,0.0065893874865025,10200,7540,2660,2660,805110287502.1333333333333333,0.000000646018381,429.350712306153707,1741.5226134151482381,2.725554655172697,58.4304989190911703,61.1560535742638673,58.4304989190911703,50661396495.12874,50327252328.521445,334144166.607295,true,true,30873977125617698514.1506086275045265,30670571100468520708.4155814939499314,203406025149177805.7350271335545951,true,true,259277520865.82352,257620526897.70416,1656993968.11936,true,true,154315131407952717926.2980697798956068,153297726203459629673.8953685836607382,1017405204493088252.4027011962348686,true,true,523528683289.8632,520088161962.0377,3440521327.8255,true,true,308557610241179312368.6226650736230904,306548137552146587278.4065314803961923,2009472689032725090.2161335932268981,true,true
17,0x8ad599c3a0ff1de082011efddc58f1908eb6e6d8,25280623,202300,1246265293905262822,9,S17_P9,188700:203880,0xc36442b4a4522e871399cd717abdd847ab11fe88:188700:203880,0xc36442b4a4522e871399cd717abdd847ab11fe88,188700,203880,12073149088894465,0.0096874631332005,15180,13600,1580,1580,795332614551.677536231884058,0.0000006381728019,429.350712306153707,1741.5226134151482381,4.0245506129806595,53.1494607594794352,57.1740113724600947,53.1494607594794352,50661396495.12874,50170147628.3829,491248866.74584,true,true,30873977125617698514.1506086275045265,30574937149792271259.3169030306686173,299039975825427254.8337055968359092,true,true,259277520865.82352,256841405822.0472,2436115043.77632,true,true,154315131407952717926.2980697798956068,152819381637822667033.6428884434385489,1495749770130050892.6551813364570579,true,true,523528683289.8632,518469862102.12905,5058821187.73415,true,true,308557610241179312368.6226650736230904,305603743761464436980.8621517544045695,2953866479714875387.7605133192185209,true,true
17,0x8ad599c3a0ff1de082011efddc58f1908eb6e6d8,25280623,202300,1246265293905262822,10,S17_P10,196260:204960,0xc36442b4a4522e871399cd717abdd847ab11fe88:196260:204960,0xc36442b4a4522e871399cd717abdd847ab11fe88,196260,204960,6618462975887944,0.0053106373163522,8700,6040,2660,2660,760742870791.7177011494252874,0.0000006104180823,429.350712306153707,1741.5226134151482381,2.1926845254307327,46.9738770294086245,49.1665615548393572,46.9738770294086245,50661396495.12874,50392097715.179225,269298779.949515,true,true,30873977125617698514.1506086275045265,30710044061585464607.6426759627591732,163933064032233906.5079326647453533,true,true,259277520865.82352,257942101263.42332,1335419602.4002,true,true,154315131407952717926.2980697798956068,153495165708583683969.0096435681497687,819965699369033957.2884262117458381,true,true,523528683289.8632,520755993301.73615,2772689988.12705,true,true,308557610241179312368.6226650736230904,306938013860495959863.6941435765373056,1619596380683352504.9285214970857848,true,true
17,0x8ad599c3a0ff1de082011efddc58f1908eb6e6d8,25280623,202300,1246265293905262822,11,S17_P11,201660:205440,0xc36442b4a4522e871399cd717abdd847ab11fe88:201660:205440,0xc36442b4a4522e871399cd717abdd847ab11fe88,201660,205440,5587457223764229,0.0044833610075552,3780,640,3140,640,1478163286710.1134920634920635,0.0000011860743406,429.350712306153707,1741.5226134151482381,1.3399203732280066,46.09120009430255,47.4311204675305566,46.09120009430255,50661396495.12874,50434048699.69972,227347795.42902,true,true,30873977125617698514.1506086275045265,30735581378913714293.9212879845226343,138395746703984220.2293206429818922,true,true,259277520865.82352,258150137154.5624,1127383711.26112,true,true,154315131407952717926.2980697798956068,153622897803551404081.8133666707217577,692233604401313844.4847031091738491,true,true,523528683289.8632,521188000393.72485,2340682896.13835,true,true,308557610241179312368.6226650736230904,307190263173024779939.6564169477818798,1367347068154532428.9662481258412106,true,true
17,0x8ad599c3a0ff1de082011efddc58f1908eb6e6d8,25280623,202300,1246265293905262822,12,S17_P12,189360:203100,0xc36442b4a4522e871399cd717abdd847ab11fe88:189360:203100,0xc36442b4a4522e871399cd717abdd847ab11fe88,189360,203100,14524005161106556,0.0116540236112927,13740,12940,800,800,1057060055393.4902474526928675,0.0000008481822133,429.350712306153707,1741.5226134151482381,4.8550399527359179,34.055463182177095,38.9105031349130129,34.055463182177095,50661396495.12874,50070421520.45258,590974974.67616,true,true,30873977125617698514.1506086275045265,30514232668376372888.5147013168576234,359744457241325625.6359073106469031,true,true,259277520865.82352,256346821149.49884,2930699716.32468,true,true,154315131407952717926.2980697798956068,152515743950012863924.1050281784546805,1799387457939854002.1930416014409263,true,true,523528683289.8632,517442378468.1085,6086304821.7547,true,true,308557610241179312368.6226650736230904,305004209579577025123.3682577852285677,3553400661602287245.2544072883945227,true,true
17,0x8ad599c3a0ff1de082011efddc58f1908eb6e6d8,25280623,202300,1246265293905262822,13,S17_P13,195900:204600,0xc36442b4a4522e871399cd717abdd847ab11fe88:195900:204600,0xc36442b4a4522e871399cd717abdd847ab11fe88,195900,204600,5850546658084968,0.0046944632789635,8700,6400,2300,2300,672476627366.0882758620689655,0.0000005395934803,429.350712306153707,1741.5226134151482381,1.9366004736284815,36.268417050394844,38.2050175240233255,36.268417050394844,50661396495.12874,50423343766.83654,238052728.2922,true,true,30873977125617698514.1506086275045265,30729064906968913913.9077590083025002,144912218648784600.2428496192020263,true,true,259277520865.82352,258097051380.29616,1180469485.52736,true,true,154315131407952717926.2980697798956068,153590303512633766710.5331794107276681,724827895318951215.7648903691679387,true,true,523528683289.8632,521077764967.8159,2450918322.0473,true,true,308557610241179312368.6226650736230904,307125893250234675319.4765720746456751,1431716990944637049.1460929989774153,true,true
17,0x8ad599c3a0ff1de082011efddc58f1908eb6e6d8,25280623,202300,1246265293905262822,14,S17_P14,191760:205620,0xc36442b4a4522e871399cd717abdd847ab11fe88:191760:205620,0xc36442b4a4522e871399cd717abdd847ab11fe88,191760,205620,4224386747891443,0.003389636836194,13860,10540,3320,3320,304789808650.1762626262626263,0.0000002445625423,429.350712306153707,1741.5226134151482381,1.395768935072275,36.566169873548315,37.96193880862059,36.566169873548315,50661396495.12874,50489510981.71938,171885513.40936,true,true,30873977125617698514.1506086275045265,30769343572084123533.8853024790245953,104633553533574980.2653061484799312,true,true,259277520865.82352,258425172343.72824,852348522.09528,true,true,154315131407952717926.2980697798956068,153791769557333431634.8392640555682945,523361850619286291.4588057243273123,true,true,523528683289.8632,521759099037.3426,1769584252.5206,true,true,308557610241179312368.6226650736230904,307523783335739368239.3452807472214256,1033826905439944129.2773843264016648,true,true
17,0x8ad599c3a0ff1de082011efddc58f1908eb6e6d8,25280623,202300,1246265293905262822,15,S17_P15,196920:203880,0xc36442b4a4522e871399cd717abdd847ab11fe88:196920:203880,0xc36442b4a4522e871399cd717abdd847ab11fe88,196920,203880,6968811284255318,0.0055917558792142,6960,5380,1580,1580,1001265989117.1433908045977011,0.000000803413201,429.350712306153707,1741.5226134151482381,2.3096656634128731,30.5291719421983243,32.8388376056111974,30.5291719421983243,50661396495.12874,50377842228.6068,283554266.52194,true,true,30873977125617698514.1506086275045265,30701365923480071134.8870859411547846,172611202137627379.2635226863497419,true,true,259277520865.82352,257871407445.316,1406113420.50752,true,true,154315131407952717926.2980697798956068,153451760988984652583.8736047211724209,863370418968065342.4244650587231859,true,true,523528683289.8632,520609184777.58465,2919498512.27855,true,true,308557610241179312368.6226650736230904,306852300397543846457.3337823344106409,1705309843635465911.2888827392124495,true,true
17,0x8ad599c3a0ff1de082011efddc58f1908eb6e6d8,25280623,202300,1246265293905262822,16,S17_P16,189660:203520,0xc36442b4a4522e871399cd717abdd847ab11fe88:189660:203520,0xc36442b4a4522e871399cd717abdd847ab11fe88,189660,203520,7197443175587899,0.0057752095085904,13860,12640,1220,1220,519296044414.7113275613275613,0.0000004166817827,429.350712306153707,1741.5226134151482381,2.3860555976185618,24.8022936449102565,27.1883492425288183,24.8022936449102565,50661396495.12874,50368539309.832985,292857185.295755,true,true,30873977125617698514.1506086275045265,30695703847215055853.0738796996974276,178273278402642661.0767289278070989,true,true,259277520865.82352,257825273564.591,1452247301.23252,true,true,154315131407952717926.2980697798956068,153423435782643118449.0755668828194185,891695625309599477.2225028970761883,true,true,523528683289.8632,520513377821.6973,3015305468.1659,true,true,308557610241179312368.6226650736230904,306796366281697018587.9372372963122528,1761243959482293780.6854277773108376,true,true
17,0x8ad599c3a0ff1de082011efddc58f1908eb6e6d8,25280623,202300,1246265293905262822,17,S17_P17,191880:202500,0xc36442b4a4522e871399cd717abdd847ab11fe88:191880:202500,0xc36442b4a4522e871399cd717abdd847ab11fe88,191880,202500,26626064536785294,0.0213646842827105,10620,10420,200,200,2507162385761.3271186440677966,0.0000020117405163,429.350712306153707,1741.5226134151482381,9.0232276105108666,16.9097218051535459,25.9329494156644125,16.9097218051535459,50661396495.12874,49578738546.638888,1082657948.489852,true,true,30873977125617698514.1506086275045265,30214421668942809194.8122820775119325,659555456674889319.338326549992594,true,true,259277520865.82352,253904332895.6482,5373187970.17532,true,true,154315131407952717926.2980697798956068,151016406098416771080.385970421194513,3298725309535946845.9120993587010938,true,true,523528683289.8632,512365976810.53815,11162706479.32505,true,true,308557610241179312368.6226650736230904,302005063205448850922.252482039273256,6552547035730461446.3701830343498344,true,true
17,0x8ad599c3a0ff1de082011efddc58f1908eb6e6d8,25280623,202300,1246265293905262822,18,S17_P18,196980:203760,0xc36442b4a4522e871399cd717abdd847ab11fe88:196980:203760,0xc36442b4a4522e871399cd717abdd847ab11fe88,196980,203760,5619685765718367,0.0045092211050094,6780,5320,1460,1460,828862207333.0924778761061947,0.0000006650768591,429.350712306153707,1741.5226134151482381,1.8596997381390918,22.8483160853052454,24.7080158234443372,22.8483160853052454,50661396495.12874,50432737342.39019,228659152.73855,true,true,30873977125617698514.1506086275045265,30734782854518538337.3181272543527254,139194271099160176.8324813731518011,true,true,259277520865.82352,258143634177.01952,1133886688.804,true,true,154315131407952717926.2980697798956068,153618905028656494172.5585883874218345,696226379296223753.7394813924737723,true,true,523528683289.8632,521174496723.6102,2354186566.253,true,true,308557610241179312368.6226650736230904,307182377864030668601.0501285233912277,1375232377148643767.5725365502318627,true,true
17,0x8ad599c3a0ff1de082011efddc58f1908eb6e6d8,25280623,202300,1246265293905262822,19,S17_P19,199380:203160,0xc36442b4a4522e871399cd717abdd847ab11fe88:199380:203160,0xc36442b4a4522e871399cd717abdd847ab11fe88,199380,203160,6706043247678951,0.0053809114965122,3780,2920,860,860,1774085515258.9817460317460317,0.0000014235215599,429.350712306153707,1741.5226134151482381,2.2219188668866133,16.7316412095462593,18.9535600764328726,16.7316412095462593,50661396495.12874,50388534121.92884,272862373.1999,true,true,30873977125617698514.1506086275045265,30707874996163728824.9345540992639775,166102129453969689.216054528240549,true,true,259277520865.82352,257924429248.55676,1353091617.26676,true,true,154315131407952717926.2980697798956068,153484315440010540713.7020439118332436,830815967942177212.5960258680623632,true,true,523528683289.8632,520719294457.2878,2809388832.5754,true,true,308557610241179312368.6226650736230904,306916586916578036591.4708228470490677,1641023324601275777.1518422265740227,true,true
17,0x8ad599c3a0ff1de082011efddc58f1908eb6e6d8,25280623,202300,1246265293905262822,20,S17_P20,189000:202860,0xc36442b4a4522e871399cd717abdd847ab11fe88:189000:202860,0xc36442b4a4522e871399cd717abdd847ab11fe88,189000,202860,6636638286730913,0.0053252211380568,13860,13300,560,560,478833931221.5665945165945166,0.0000003842150893,429.350712306153707,1741.5226134151482381,2.1987509842333955,11.1501007835791326,13.3488517678125281,11.1501007835791326,50661396495.12874,50391358171.82944,270038323.2993,true,true,30873977125617698514.1506086275045265,30709594191803313981.9757808514315863,164382933814384532.1748277760729402,true,true,259277520865.82352,257938433792.40304,1339087073.42048,true,true,154315131407952717926.2980697798956068,153492914217241851718.9085977711008908,822217190710866207.389472008794716,true,true,523528683289.8632,520748377186.69795,2780306103.16525,true,true,308557610241179312368.6226650736230904,306933567196290526399.301919960477848,1624043044888785969.3207451131452424,true,true
18,0x8ad599c3a0ff1de082011efddc58f1908eb6e6d8,25270623,202218,1258728853691570342,1,S18_P1,200820:203160,0xc36442b4a4522e871399cd717abdd847ab11fe88:200820:203160,0xc36442b4a4522e871399cd717abdd847ab11fe88,200820,203160,949701618858610750,0.7544926105994537,2340,1398,942,942,405855392674619.9786324786324786,0.0003224327395724,444.4437968303984994,851.9160841059108662,675.0017533383532913,3205.8638487721985688,3880.8656021105518601,3205.8638487721985688,51398132541.344565,12809505752.561136,38588626788.783429,true,true,31055711956480310064.3627503469456098,7613988851358696583.3459022197270816,23441723105121613481.0168481272185282,true,true,261762521057.73696,67060505987.297155,194702015070.439805,true,true,155318569606802032517.1602270002271645,37945367508546919070.173465200034193,117373202098255113446.9867618001929715,true,true,525832796300.36215,137798129230.76476,388034667069.59739,true,true,310701152281263192250.4795366142457826,77276668794833462085.0197144244766836,233424483486429730165.459822189769099,true,true
18,0x8ad599c3a0ff1de082011efddc58f1908eb6e6d8,25270623,202218,1258728853691570342,2,S18_P2,198120:207240,0xc36442b4a4522e871399cd717abdd847ab11fe88:198120:207240,0xc36442b4a4522e871399cd717abdd847ab11fe88,198120,207240,22894220680805662,0.0181883656783286,9120,4098,5022,4098,2510331215000.6208333333333333,0.0000019943383419,444.4437968303984994,851.9160841059108662,8.7882647649495233,171.0246732045300179,179.8129379694795412,171.0246732045300179,51398132541.344565,50452813820.35651,945318720.988055,true,true,31055711956480310064.3627503469456098,30490859433545349078.3260893651611288,564852522934960986.036660981784481,true,true,261762521057.73696,257060313412.94656,4702207644.7904,true,true,155318569606802032517.1602270002271645,152507401091143765704.6247946860553676,2811168515658266812.5354323141717969,true,true,525832796300.36215,516273218227.7115,9559578072.65065,true,true,310701152281263192250.4795366142457826,305060719513492154419.7109338584974828,5640432767771037830.7686027557482998,true,true
18,0x8ad599c3a0ff1de082011efddc58f1908eb6e6d8,25270623,202218,1258728853691570342,3,S18_P3,199140:206280,0xc36442b4a4522e871399cd717abdd847ab11fe88:199140:206280,0xc36442b4a4522e871399cd717abdd847ab11fe88,199140,206280,20626635535267928,0.0163868775032642,7140,3078,4062,3078,2888884528749.0095238095238095,0.0000022950808828,444.4437968303984994,851.9160841059108662,7.8967480878839499,124.7777327127248182,132.6744808006087681,124.7777327127248182,51398132541.344565,50546463806.499085,851668734.84548,true,true,31055711956480310064.3627503469456098,30546805975946016703.352761667622536,508905980534293361.0099886793230738,true,true,261762521057.73696,257526042177.68008,4236478880.05688,true,true,155318569606802032517.1602270002271645,152785838132301014756.3557790142667898,2532731474501017760.8044479859603747,true,true,525832796300.36215,517220965427.751,8611830872.61115,true,true,310701152281263192250.4795366142457826,305619182794720699819.24986703299771,5081969486542492431.2296695812480726,true,true
18,0x8ad599c3a0ff1de082011efddc58f1908eb6e6d8,25270623,202218,1258728853691570342,4,S18_P4,197100:207420,0xc36442b4a4522e871399cd717abdd847ab11fe88:197100:207420,0xc36442b4a4522e871399cd717abdd847ab11fe88,197100,207420,14236413679360489,0.0113101512193101,10320,5118,5202,5118,1379497449550.4349806201550388,0.0000010959448856,444.4437968303984994,851.9160841059108662,5.4096954729731227,104.5640034520529342,109.9736989250260569,104.5640034520529342,51398132541.344565,50810354464.988775,587778076.35579,true,true,31055711956480310064.3627503469456098,30704467401344772800.9910877748301458,351244555135537263.371662572115464,true,true,261762521057.73696,258838509355.7544,2924011701.98256,true,true,155318569606802032517.1602270002271645,153570492248485564765.6107464031806906,1748077358316467751.5494805970464739,true,true,525832796300.36215,519890693240.83995,5942103059.5222,true,true,310701152281263192250.4795366142457826,307193216929772171379.2020130725146272,3507935351491020871.2775235417311554,true,true
18,0x8ad599c3a0ff1de082011efddc58f1908eb6e6d8,25270623,202218,1258728853691570342,5,S18_P5,193500:207240,0xc36442b4a4522e871399cd717abdd847ab11fe88:193500:207240,0xc36442b4a4522e871399cd717abdd847ab11fe88,193500,207240,9704960713330192,0.0077101281065161,13740,8718,5022,5022,706329018437.4229985443959243,0.0000005611446948,444.4437968303984994,851.9160841059108662,3.668357376161245,66.92864621454198,70.597003590703225,66.92864621454198,51398132541.344565,50997463304.432555,400669236.91201,true,true,31055711956480310064.3627503469456098,30816268913740367748.6183619126424872,239443042739942315.7443884343031226,true,true,261762521057.73696,259769216902.46404,1993304155.27292,true,true,155318569606802032517.1602270002271645,154126906815767933884.3844023223702523,1191662791034098632.7758246778569122,true,true,525832796300.36215,521782896898.47735,4049899401.8848,true,true,310701152281263192250.4795366142457826,308309612727133043866.3512326854208844,2391539554130148384.1283039288248982,true,true
18,0x8ad599c3a0ff1de082011efddc58f1908eb6e6d8,25270623,202218,1258728853691570342,6,S18_P6,191160:204480,0xc36442b4a4522e871399cd717abdd847ab11fe88:191160:204480,0xc36442b4a4522e871399cd717abdd847ab11fe88,191160,204480,12459358629923232,0.009898365794494,13320,11058,2262,2262,935387284528.7711711711711712,0.0000007431205551,444.4437968303984994,851.9160841059108662,4.7246237615877186,42.2455155063919251,46.9701392679796437,42.2455155063919251,51398132541.344565,50883732599.2259,514399942.118665,true,true,31055711956480310064.3627503469456098,30748311458611035974.1538536702560942,307400497869274090.2088966766895156,true,true,261762521057.73696,259203494854.21664,2559026203.52032,true,true,155318569606802032517.1602270002271645,153788696083288907237.2654219793989332,1529873523513125279.8948050208282313,true,true,525832796300.36215,520632834093.41815,5199962206.944,true,true,310701152281263192250.4795366142457826,307631002208857244929.4940429963249918,3070150072405947320.9854936179207908,true,true
18,0x8ad599c3a0ff1de082011efddc58f1908eb6e6d8,25270623,202218,1258728853691570342,7,S18_P7,194760:204960,0xc36442b4a4522e871399cd717abdd847ab11fe88:194760:204960,0xc36442b4a4522e871399cd717abdd847ab11fe88,194760,204960,8212124932521760,0.0065241413259396,10200,7458,2742,2742,805110287502.1333333333333333,0.0000006396216986,444.4437968303984994,851.9160841059108662,3.0987047399613536,32.6907383123021202,35.7894430522634738,32.6907383123021202,51398132541.344565,51059100047.37535,339032493.969215,true,true,31055711956480310064.3627503469456098,30853100645207385287.1949675133373292,202611311272924777.1677828336082806,true,true,261762521057.73696,260075829102.71928,1686691955.01768,true,true,155318569606802032517.1602270002271645,154310210994368680528.2893395288474785,1008358612433351988.870887471379686,true,true,525832796300.36215,522406090069.54165,3426706230.8205,true,true,310701152281263192250.4795366142457826,308677434251225752660.0944406544016214,2023718030037439590.3850959598441612,true,true
18,0x8ad599c3a0ff1de082011efddc58f1908eb6e6d8,25270623,202218,1258728853691570342,8,S18_P8,188700:203880,0xc36442b4a4522e871399cd717abdd847ab11fe88:188700:203880,0xc36442b4a4522e871399cd717abdd847ab11fe88,188700,203880,12073149088894465,0.0095915407464337,15180,13518,1662,1662,795332614551.677536231884058,0.0000006318538041,444.4437968303984994,851.9160841059108662,4.5761094433043259,30.821084460306603,35.3971939036109289,30.821084460306603,51398132541.344565,50899680586.78649,498451954.558075,true,true,31055711956480310064.3627503469456098,30757840067505736686.5521625636036224,297871888974573377.8105877833419874,true,true,261762521057.73696,259282818030.09532,2479703027.64164,true,true,155318569606802032517.1602270002271645,153836118443628208160.5693923354754184,1482451163173824356.5908346647517461,true,true,525832796300.36215,520794108389.5399,5038687910.82225,true,true,310701152281263192250.4795366142457826,307726150079248243624.2619956930764056,2975002202014948626.217540921169377,true,true
18,0x8ad599c3a0ff1de082011efddc58f1908eb6e6d8,25270623,202218,1258728853691570342,9,S18_P9,196260:204960,0xc36442b4a4522e871399cd717abdd847ab11fe88:196260:204960,0xc36442b4a4522e871399cd717abdd847ab11fe88,196260,204960,6618462975887944,0.0052580529607131,8700,5958,2742,2742,760742870791.7177011494252874,0.0000006043739035,444.4437968303984994,851.9160841059108662,2.4927537351659894,26.1767059043280238,28.6694596394940132,26.1767059043280238,51398132541.344565,51124898176.43183,273234364.912735,true,true,31055711956480310064.3627503469456098,30892419442115643205.5749050966918138,163292514364666858.787845250253796,true,true,261762521057.73696,260403150777.00232,1359370280.73464,true,true,155318569606802032517.1602270002271645,154505895279128190217.2111010788867074,812674327673842299.9491259213404571,true,true,525832796300.36215,523071280806.83225,2761515493.5299,true,true,310701152281263192250.4795366142457826,309070118607595570752.223172184870178,1631033673667621498.2563644293756046,true,true
18,0x8ad599c3a0ff1de082011efddc58f1908eb6e6d8,25270623,202218,1258728853691570342,10,S18_P10,189360:203100,0xc36442b4a4522e871399cd717abdd847ab11fe88:189360:203100,0xc36442b4a4522e871399cd717abdd847ab11fe88,189360,203100,14502166785375759,0.0115212793786717,13740,12858,882,882,1055470653957.47882096069869,0.000000838521061,444.4437968303984994,851.9160841059108662,5.5123890440920115,20.9710244877315799,26.4834135318235914,20.9710244877315799,51398132541.344565,50799380173.586995,598752367.75757,true,true,31055711956480310064.3627503469456098,30697910949389974927.140377849541257,357801007090335137.2223724974043528,true,true,261762521057.73696,258783926769.39196,2978594288.345,true,true,155318569606802032517.1602270002271645,153537860647195986001.8194253005382292,1780708959606046515.3408016996889353,true,true,525832796300.36215,519779697787.2592,6053098513.10295,true,true,310701152281263192250.4795366142457826,307127749838166805080.3510817987942786,3573402443096387170.128454815451504,true,true
18,0x8ad599c3a0ff1de082011efddc58f1908eb6e6d8,25270623,202218,1258728853691570342,11,S18_P11,191880:202500,0xc36442b4a4522e871399cd717abdd847ab11fe88:191880:202500,0xc36442b4a4522e871399cd717abdd847ab11fe88,191880,202500,26626064536785294,0.0211531375154363,10620,10338,282,282,2507162385761.3271186440677966,0.0000019918208583,444.4437968303984994,851.9160841059108662,10.2658681082149512,13.8764615149090797,24.1423296231240309,13.8764615149090797,51398132541.344565,50298679579.48986,1099452961.854705,true,true,31055711956480310064.3627503469456098,30398786452743817307.5567181215913254,656925503736492756.8060322253542844,true,true,261762521057.73696,256293850402.38052,5468670655.35644,true,true,155318569606802032517.1602270002271645,152049166371767027454.0482245339766433,3269403235035005063.1120024662505212,true,true,525832796300.36215,514713027384.68785,11119768915.6743,true,true,310701152281263192250.4795366142457826,304147356132408256664.0763235679021144,6553796148854935586.4032130463436682,true,true
18,0x8ad599c3a0ff1de082011efddc58f1908eb6e6d8,25270623,202218,1258728853691570342,12,S18_P12,201660:205440,0xc36442b4a4522e871399cd717abdd847ab11fe88:201660:205440,0xc36442b4a4522e871399cd717abdd847ab11fe88,201660,205440,4898966981162601,0.0038919954577946,3780,558,3222,558,1296023010889.576984126984127,0.000001029628428,444.4437968303984994,851.9160841059108662,1.1774656800936479,22.1846231843726263,23.3620888644662742,22.1846231843726263,51398132541.344565,51195889247.563825,202243293.78074,true,true,31055711956480310064.3627503469456098,30934843464745705781.1858713158016792,120868491734604283.1768790311439306,true,true,261762521057.73696,260756318180.93408,1006202876.80288,true,true,155318569606802032517.1602270002271645,154717030737500014548.4059293720761073,601538869302017968.7542976281510572,true,true,525832796300.36215,523788887223.8456,2043909076.51655,true,true,310701152281263192250.4795366142457826,309493832208716967089.3261112536024806,1207320072546225161.153425360643302,true,true
18,0x8ad599c3a0ff1de082011efddc58f1908eb6e6d8,25270623,202218,1258728853691570342,13,S18_P13,195900:204600,0xc36442b4a4522e871399cd717abdd847ab11fe88:195900:204600,0xc36442b4a4522e871399cd717abdd847ab11fe88,195900,204600,5850546658084968,0.0046479800958933,8700,6318,2382,2382,672476627366.0882758620689655,0.0000005342505857,444.4437968303984994,851.9160841059108662,2.2015707285785958,20.3367626008075277,22.5383333293861235,20.3367626008075277,51398132541.344565,51156602722.058455,241529819.28611,true,true,31055711956480310064.3627503469456098,30911365724442924659.1760092909086844,144346232037385405.1867410560369254,true,true,261762521057.73696,260560873124.00584,1201647933.73112,true,true,155318569606802032517.1602270002271645,154600187137629794056.7438633054372758,718382469172238460.4163636947898887,true,true,525832796300.36215,523391773193.26545,2441023107.0967,true,true,310701152281263192250.4795366142457826,309259343543350412013.2535484995551644,1441808737912780237.2259881146906182,true,true
18,0x8ad599c3a0ff1de082011efddc58f1908eb6e6d8,25270623,202218,1258728853691570342,14,S18_P14,196920:203880,0xc36442b4a4522e871399cd717abdd847ab11fe88:196920:203880,0xc36442b4a4522e871399cd717abdd847ab11fe88,196920,203880,6968811284255318,0.0055363879709418,6960,5298,1662,1662,1001265989117.1433908045977011,0.0000007954580418,444.4437968303984994,851.9160841059108662,2.6257730773951797,17.575185054029647,20.2009581314248267,17.575185054029647,51398132541.344565,51110433235.47555,287699305.869015,true,true,31055711956480310064.3627503469456098,30883775591373744068.5996352976518488,171936365106565995.763115049293761,true,true,261762521057.73696,260331192759.50688,1431328298.23008,true,true,155318569606802032517.1602270002271645,154462876435289583118.0904176869066465,855693171512449399.069809313320518,true,true,525832796300.36215,522925054475.14805,2907741825.2141,true,true,310701152281263192250.4795366142457826,308983789647408011779.4547382331945948,1717362633855180471.0247983810511878,true,true
18,0x8ad599c3a0ff1de082011efddc58f1908eb6e6d8,25270623,202218,1258728853691570342,15,S18_P15,189660:203520,0xc36442b4a4522e871399cd717abdd847ab11fe88:189660:203520,0xc36442b4a4522e871399cd717abdd847ab11fe88,189660,203520,7197443175587899,0.0057180250968899,13860,12558,1302,1302,519296044414.7113275613275613,0.0000004125559233,444.4437968303984994,851.9160841059108662,2.7126377156308055,14.5771020729989593,17.2897397886297648,14.5771020729989593,51398132541.344565,51100994349.40512,297138191.939445,true,true,31055711956480310064.3627503469456098,30878134994591874890.351798637213816,177576961888435174.0109517097317938,true,true,261762521057.73696,260284234347.51316,1478286710.2238,true,true,155318569606802032517.1602270002271645,154434802977610458205.9094959839273592,883766629191574311.2507310162998053,true,true,525832796300.36215,522829627008.13995,3003169292.2222,true,true,310701152281263192250.4795366142457826,308927453304152653414.4241038723086872,1773698977110538836.0554327419370954,true,true
18,0x8ad599c3a0ff1de082011efddc58f1908eb6e6d8,25270623,202218,1258728853691570342,16,S18_P16,196980:203760,0xc36442b4a4522e871399cd717abdd847ab11fe88:196980:203760,0xc36442b4a4522e871399cd717abdd847ab11fe88,196980,203760,5619685765718367,0.0044645721350052,6780,5238,1542,1542,828862207333.0924778761061947,0.0000006584914653,444.4437968303984994,851.9160841059108662,2.1141327358084608,13.2054307984010087,15.3195635342094695,13.2054307984010087,51398132541.344565,51166133980.47991,231998560.864655,true,true,31055711956480310064.3627503469456098,30917061630501022198.6010416660875496,138650325979287865.7617086808580602,true,true,261762521057.73696,260608289607.69252,1154231450.04444,true,true,155318569606802032517.1602270002271645,154628534398246821112.9138744159841434,690035208555211404.2463525842430211,true,true,525832796300.36215,523488119299.29205,2344677001.0701,true,true,310701152281263192250.4795366142457826,309316231725524497285.372417648111092,1384920555738694965.1071189661346906,true,true
18,0x8ad599c3a0ff1de082011efddc58f1908eb6e6d8,25270623,202218,1258728853691570342,17,S18_P17,199380:203160,0xc36442b4a4522e871399cd717abdd847ab11fe88:199380:203160,0xc36442b4a4522e871399cd717abdd847ab11fe88,199380,203160,6706043247678951,0.0053276313067835,3780,2838,942,942,1774085515258.9817460317460317,0.0000014094262716,444.4437968303984994,851.9160841059108662,2.5259958592788543,10.1737979593984268,12.6997938186772811,10.1737979593984268,51398132541.344565,51121282232.58366,276850308.760905,true,true,31055711956480310064.3627503469456098,30890258813900026725.755011259798885,165453142580283338.6077390871467248,true,true,261762521057.73696,260385162663.91364,1377358393.82332,true,true,155318569606802032517.1602270002271645,154495141500621064705.2760172684971974,823428106180967811.8842097317299671,true,true,525832796300.36215,523034727487.51425,2798068812.8479,true,true,310701152281263192250.4795366142457826,309048538029989418019.9235527041099524,1652614251273774230.5559839101358302,true,true
18,0x8ad599c3a0ff1de082011efddc58f1908eb6e6d8,25270623,202218,1258728853691570342,18,S18_P18,202020:203040,0xc36442b4a4522e871399cd717abdd847ab11fe88:202020:203040,0xc36442b4a4522e871399cd717abdd847ab11fe88,202020,203040,7987668552474343,0.0063458214444265,1020,198,822,198,7831047600465.042156862745098,0.000006221393573,444.4437968303984994,851.9160841059108662,0.9367551899291034,10.7699759356849569,11.7067311256140603,10.7699759356849569,51398132541.344565,51068367139.954805,329765401.38976,true,true,31055711956480310064.3627503469456098,30858638468436149819.924995406016494,197073488044160244.4377549409291158,true,true,261762521057.73696,260121929994.08216,1640591063.6548,true,true,155318569606802032517.1602270002271645,154337771888561059479.2756697724408894,980797718240973037.8845572277862751,true,true,525832796300.36215,522562410564.90425,3270385735.4579,true,true,310701152281263192250.4795366142457826,308732739948980964930.4552277229015646,1968412332282227320.024308891344218,true,true
18,0x8ad599c3a0ff1de082011efddc58f1908eb6e6d8,25270623,202218,1258728853691570342,19,S18_P19,189000:202860,0xc36442b4a4522e871399cd717abdd847ab11fe88:189000:202860,0xc36442b4a4522e871399cd717abdd847ab11fe88,189000,202860,6636638286730913,0.0052724923777406,13860,13218,642,642,478833931221.5665945165945166,0.0000003804107055,444.4437968303984994,851.9160841059108662,2.4996518314531697,7.2047649972057173,9.704416828658887,7.2047649972057173,51398132541.344565,51124147755.75243,273984785.592135,true,true,31055711956480310064.3627503469456098,30891971185790795309.2330044430683442,163740770689514755.1297459038772656,true,true,261762521057.73696,260399417759.86092,1363103297.87604,true,true,155318569606802032517.1602270002271645,154503663667474664685.4340497031329139,814905939327367831.7261772970942506,true,true,525832796300.36215,523063695049.95435,2769101250.4078,true,true,310701152281263192250.4795366142457826,309065640051645942949.6125408523462268,1635512229617249300.8669957618995558,true,true
18,0x8ad599c3a0ff1de082011efddc58f1908eb6e6d8,25270623,202218,1258728853691570342,20,S18_P20,197100:202260,0xc36442b4a4522e871399cd717abdd847ab11fe88:197100:202260,0xc36442b4a4522e871399cd717abdd847ab11fe88,197100,202260,5417537440763525,0.0043039749385859,5160,5118,42,42,1049910356737.1172480620155039,0.0000008341036703,444.4437968303984994,851.9160841059108662,2.0376079001822049,0.444973237123322,2.4825811373055269,2.0376079001822049,51398132541.344565,51174479148.29993,223653393.044635,true,true,31055711956480310064.3627503469456098,30922049393981355721.2462253715259014,133662562498954343.1165249754197084,true,true,261762521057.73696,260649808688.78804,1112712368.94892,true,true,155318569606802032517.1602270002271645,154966314218291081522.0311806114863131,352255388510950995.1290463887408514,true,true,525832796300.36215,523572481160.24875,2260315140.1134,true,true,310701152281263192250.4795366142457826,310204169291080415647.5494708471196928,496982990182776602.9300657671260898,true,true
19,0x8ad599c3a0ff1de082011efddc58f1908eb6e6d8,25260623,202819,1334771026127355869,1,S19_P1,200820:203160,0xc36442b4a4522e871399cd717abdd847ab11fe88:200820:203160,0xc36442b4a4522e871399cd717abdd847ab11fe88,200820,203160,949701618858610750,0.7115090156054945,2340,1999,341,341,405855392674619.9786324786324786,0.0003040636818827,451.5680441105424452,3127.5996110055465417,786.4728216257493677,2410.3904464177092316,3196.8632680434585993,2410.3904464177092316,52892053210.898715,15440364462.053976,37451688748.844739,true,true,33936197550667879299.7809410919393286,9778578039226044878.4790397046824466,24157619511441834421.301901387256882,true,true,269057134032.87128,79391370060.571095,189665763972.300185,true,true,169207468325221900704.4381401354643697,48600598114422102302.3262169589449968,120606870210799798402.1119231765193729,true,true,539413824987.14975,152603498872.34008,386810326114.80967,true,true,337083915824372849712.7187011121589452,95174895908002785181.6867868441896943,241909019916370064531.0319142679692509,true,true
19,0x8ad599c3a0ff1de082011efddc58f1908eb6e6d8,25260623,202819,1334771026127355869,2,S19_P2,202620:204960,0xc36442b4a4522e871399cd717abdd847ab11fe88:202620:204960,0xc36442b4a4522e871399cd717abdd847ab11fe88,202620,204960,127181387055515106,0.0952832992071407,2340,199,2141,199,54351020109194.4897435897435897,0.0000407193586355,451.5680441105424452,3127.5996110055465417,14.438346379941874,1656.8383305671575631,1671.2766769470994371,1656.8383305671575631,52892053210.898715,47835722276.840268,5056330934.058447,true,true,33936197550667879299.7809410919393286,30702644497606806133.8180544102601216,3233553053061073165.962886681679207,true,true,269057134032.87128,243804934384.18196,25252199648.68932,true,true,169207468325221900704.4381401354643697,153039284799393105615.5109914613297763,16168183525828795088.9271486741345934,true,true,539413824987.14975,489888628712.02152,49525196275.12823,true,true,337083915824372849712.7187011121589452,305738152848435268954.3137680437636576,31345762975937580758.4049330683952876,true,true
19,0x8ad599c3a0ff1de082011efddc58f1908eb6e6d8,25260623,202819,1334771026127355869,3,S19_P3,198120:207240,0xc36442b4a4522e871399cd717abdd847ab11fe88:198120:207240,0xc36442b4a4522e871399cd717abdd847ab11fe88,198120,207240,22894220680805662,0.0171521708462836,9120,4699,4421,4421,2510331215000.6208333333333333,0.0000018807204875,451.5680441105424452,3127.5996110055465417,7.4182205816531263,454.6869628586258819,462.1051834402790082,454.6869628586258819,52892053210.898715,51978580640.18276,913472570.715955,true,true,33936197550667879299.7809410919393286,33354118317919385636.1233275992394518,582079232748493663.6576134926998768,true,true,269057134032.87128,264512961686.40416,4544172346.46712,true,true,169207468325221900704.4381401354643697,166296457342554395228.4224595893062342,2911010982667505476.0156805461581355,true,true,539413824987.14975,530483273139.2346,8930551847.91515,true,true,337083915824372849712.7187011121589452,331371888237696173672.5858520607349348,5712027586676676040.1328490514240104,true,true
19,0x8ad599c3a0ff1de082011efddc58f1908eb6e6d8,25260623,202819,1334771026127355869,4,S19_P4,199140:206280,0xc36442b4a4522e871399cd717abdd847ab11fe88:199140:206280,0xc36442b4a4522e871399cd717abdd847ab11fe88,199140,206280,20626635535267928,0.0154533138130164,7140,3679,3461,3461,2888884528749.0095238095238095,0.0000021643296657,451.5680441105424452,3127.5996110055465417,6.6731445501534585,325.9679740454813869,332.6411185956348454,325.9679740454813869,52892053210.898715,52069090697.470785,822962513.42793,true,true,33936197550667879299.7809410919393286,33411771075338283768.5482914518178782,524426475329595531.2326496401214504,true,true,269057134032.87128,264963072757.6246,4094061275.24668,true,true,169207468325221900704.4381401354643697,166584771488164960050.5101401864827903,2622696837056940653.9279999489815794,true,true,539413824987.14975,531366538261.19935,8047286725.9504,true,true,337083915824372849712.7187011121589452,331928517194982206923.100125898468822,5155398629390642789.6185752136901232,true,true
19,0x8ad599c3a0ff1de082011efddc58f1908eb6e6d8,25260623,202819,1334771026127355869,5,S19_P5,197100:207420,0xc36442b4a4522e871399cd717abdd847ab11fe88:197100:207420,0xc36442b4a4522e871399cd717abdd847ab11fe88,197100,207420,14236413679360489,0.0106658096412726,10320,5719,4601,4601,1379497449550.4349806201550388,0.0000010335086862,451.5680441105424452,3127.5996110055465417,4.5858024871600741,284.1926278539344037,288.7784303410944778,284.1926278539344037,52892053210.898715,52324113784.801185,567939426.09753,true,true,33936197550667879299.7809410919393286,33574240575602711252.104025028208929,361956975065168047.6769160637303996,true,true,269057134032.87128,266231485084.23732,2825648948.63396,true,true,169207468325221900704.4381401354643697,167397274768223935222.4994790331616488,1810193556997965481.9386611023027209,true,true,539413824987.14975,533857167028.92185,5556657958.2279,true,true,337083915824372849712.7187011121589452,333508720688267100128.2036361433580926,3575195136105749584.5150649688008526,true,true
19,0x8ad599c3a0ff1de082011efddc58f1908eb6e6d8,25260623,202819,1334771026127355869,6,S19_P6,196020:214380,0xc36442b4a4522e871399cd717abdd847ab11fe88:196020:214380,0xc36442b4a4522e871399cd717abdd847ab11fe88,196020,214380,4659229211149329,0.0034906580379313,18360,6799,11561,6799,253770654202.0331699346405229,0.0000001901229868,451.5680441105424452,3127.5996110055465417,1.491129062387025,190.1280950149622903,191.6192240773493153,190.1280950149622903,52892053210.898715,52706212276.60587,185840934.292845,true,true,33936197550667879299.7809410919393286,33817738292205087597.0922395607384756,118459258462791702.688701531200853,true,true,269057134032.87128,268132394869.81548,924739163.0558,true,true,169207468325221900704.4381401354643697,168615026822720811725.556077744346173,592441502501088978.8820623911181967,true,true,539413824987.14975,537594078757.9334,1819746229.21635,true,true,337083915824372849712.7187011121589452,335906218244950571361.9795485881550444,1177697579422278350.7391525240039008,true,true
19,0x8ad599c3a0ff1de082011efddc58f1908eb6e6d8,25260623,202819,1334771026127355869,7,S19_P7,193500:207240,0xc36442b4a4522e871399cd717abdd847ab11fe88:193500:207240,0xc36442b4a4522e871399cd717abdd847ab11fe88,193500,207240,9704960713330192,0.0072708805655512,13740,9319,4421,4421,706329018437.4229985443959243,0.0000005291761693,451.5680441105424452,3127.5996110055465417,3.11655652004985,184.2098035805066096,187.3263601005564596,184.2098035805066096,52892053210.898715,52504920405.94523,387132804.953485,true,true,33936197550667879299.7809410919393286,33689451485111438595.2364492934576158,246746065556440704.5444917984817128,true,true,269057134032.87128,267130915570.08176,1926218462.78952,true,true,169207468325221900704.4381401354643697,167973450326223240434.505954890710287,1234017998998660269.9321852447540827,true,true,539413824987.14975,535624675980.1471,3789149007.00265,true,true,337083915824372849712.7187011121589452,334638979231390804763.4225692946571762,2444936592982044949.296131817501769,true,true
19,0x8ad599c3a0ff1de082011efddc58f1908eb6e6d8,25260623,202819,1334771026127355869,8,S19_P8,191160:204480,0xc36442b4a4522e871399cd717abdd847ab11fe88:191160:204480,0xc36442b4a4522e871399cd717abdd847ab11fe88,191160,204480,12459358629923232,0.0093344539145956,13320,11659,1661,1661,935387284528.7711711711711712,0.0000007007848284,451.5680441105424452,3127.5996110055465417,4.0085472962014057,100.4749614509676325,104.4835087471690382,100.4749614509676325,52892053210.898715,52395022486.11988,497030724.778835,true,true,33936197550667879299.7809410919393286,33619421952962028146.8205982850036472,316775597705851152.9603428069356814,true,true,269057134032.87128,266584208998.53932,2472925034.33196,true,true,169207468325221900704.4381401354643697,167623226751981440619.3804980061993844,1584241573240460085.0576421292649853,true,true,539413824987.14975,534550181259.25925,4863643727.8905,true,true,337083915824372849712.7187011121589452,333951043766896039847.1467323001793262,3132872057476809865.571968811979619,true,true
19,0x8ad599c3a0ff1de082011efddc58f1908eb6e6d8,25260623,202819,1334771026127355869,9,S19_P9,194760:204960,0xc36442b4a4522e871399cd717abdd847ab11fe88:194760:204960,0xc36442b4a4522e871399cd717abdd847ab11fe88,194760,204960,8212124932521760,0.0061524596891708,10200,8059,2141,2141,805110287502.1333333333333333,0.0000006031823225,451.5680441105424452,3127.5996110055465417,2.6345008088263053,82.3858378142525773,85.0203386230788826,82.3858378142525773,52892053210.898715,52564478638.97216,327574571.926555,true,true,33936197550667879299.7809410919393286,33727406941386887622.8449138989595356,208790609280991676.936027192979793,true,true,269057134032.87128,267427217682.22296,1629916350.64832,true,true,169207468325221900704.4381401354643697,168163266790164663295.3080685361656559,1044201535057237409.1300715992987138,true,true,539413824987.14975,536207204119.62335,3206620867.5264,true,true,337083915824372849712.7187011121589452,335012981430371210874.0639193872639954,2070934394001638838.6547817248949498,true,true
19,0x8ad599c3a0ff1de082011efddc58f1908eb6e6d8,25260623,202819,1334771026127355869,10,S19_P10,196260:204960,0xc36442b4a4522e871399cd717abdd847ab11fe88:196260:204960,0xc36442b4a4522e871399cd717abdd847ab11fe88,196260,204960,6618462975887944,0.0049585006314457,8700,6559,2141,2141,760742870791.7177011494252874,0.0000005699426013,451.5680441105424452,3127.5996110055465417,2.1209595627803774,66.2045754886587817,68.3255350514391591,66.2045754886587817,52892053210.898715,52628055900.31176,263997310.586955,true,true,33936197550667879299.7809410919393286,33767925248931985210.1068982414801976,168272301735894089.674042850459131,true,true,269057134032.87128,267743528786.05904,1313605246.81224,true,true,169207468325221900704.4381401354643697,168365904497262453261.5499647767248788,841563827959447442.8881753587394909,true,true,539413824987.14975,536829207623.2621,2584617363.88765,true,true,337083915824372849712.7187011121589452,335413110404082178274.1308801880350194,1670805420290671438.5878209241239258,true,true
19,0x8ad599c3a0ff1de082011efddc58f1908eb6e6d8,25260623,202819,1334771026127355869,11,S19_P11,188700:203880,0xc36442b4a4522e871399cd717abdd847ab11fe88:188700:203880,0xc36442b4a4522e871399cd717abdd847ab11fe88,188700,203880,12073149088894465,0.0090451087509166,15180,14119,1061,1061,795332614551.677536231884058,0.0000005958569665,451.5680441105424452,3127.5996110055465417,3.8832756045390896,64.3729156852547812,68.2561912897938708,64.3729156852547812,52892053210.898715,52410432532.717235,481620678.18148,true,true,33936197550667879299.7809410919393286,33629241280541602530.3820631510324794,306956270126276769.3988779409068492,true,true,269057134032.87128,266660866130.3554,2396267902.51588,true,true,169207468325221900704.4381401354643697,167672333366217775610.8273057572207865,1535134959004125093.6108343782435832,true,true,539413824987.14975,534700817485.2994,4713007501.85035,true,true,337083915824372849712.7187011121589452,334047333172322057111.1669303575412636,3036582652050792601.5517707546176816,true,true
19,0x8ad599c3a0ff1de082011efddc58f1908eb6e6d8,25260623,202819,1334771026127355869,12,S19_P12,201660:205440,0xc36442b4a4522e871399cd717abdd847ab11fe88:201660:205440,0xc36442b4a4522e871399cd717abdd847ab11fe88,201660,205440,4828584179433722,0.0036175374539281,3780,1159,2621,1159,1277403222072.4132275132275132,0.0000009570204905,451.5680441105424452,3127.5996110055465417,1.4340294822894624,57.3650783603812046,58.799107842670667,57.3650783603812046,52892053210.898715,52699456699.441195,192596511.45752,true,true,33936197550667879299.7809410919393286,33813432571749678218.106480414487319,122764978918201081.6744606774520096,true,true,269057134032.87128,268098781646.97548,958352385.8958,true,true,169207468325221900704.4381401354643697,168593492773177104893.2689354104082546,613975552044795811.1692047250561151,true,true,539413824987.14975,537527955654.17705,1885869332.9727,true,true,337083915824372849712.7187011121589452,335863543404209197689.9493202220129856,1220372420163652022.7693808901459596,true,true
19,0x8ad599c3a0ff1de082011efddc58f1908eb6e6d8,25260623,202819,1334771026127355869,13,S19_P13,195900:204600,0xc36442b4a4522e871399cd717abdd847ab11fe88:195900:204600,0xc36442b4a4522e871399cd717abdd847ab11fe88,195900,204600,5850546658084968,0.0043831837398055,8700,6919,1781,1781,672476627366.0882758620689655,0.000000503814223,451.5680441105424452,3127.5996110055465417,1.8739007613589321,49.7408656889209434,51.6147664502798755,49.7408656889209434,52892053210.898715,52658689718.87721,233363492.021505,true,true,33936197550667879299.7809410919393286,33787449227535216971.1558728642965662,148748323132662328.6250682276427624,true,true,269057134032.87128,267895944199.57736,1161189833.29392,true,true,169207468325221900704.4381401354643697,168463547195701547119.0081958091662154,743921129520353585.4299443262981543,true,true,539413824987.14975,537128972379.6315,2284852607.51825,true,true,337083915824372849712.7187011121589452,335606228016593262465.5858477175538236,1477687807779587247.1328533946051216,true,true
19,0x8ad599c3a0ff1de082011efddc58f1908eb6e6d8,25260623,202819,1334771026127355869,14,S19_P14,196920:203880,0xc36442b4a4522e871399cd717abdd847ab11fe88:196920:203880,0xc36442b4a4522e871399cd717abdd847ab11fe88,196920,203880,6968811284255318,0.005220978840449,6960,5899,1061,1061,1001265989117.1433908045977011,0.000000750140638,451.5680441105424452,3127.5996110055465417,2.2337609286391157,36.9922221823330515,39.2259831109721672,36.9922221823330515,52892053210.898715,52614079470.490605,277973740.40811,true,true,33936197550667879299.7809410919393286,33759017307106250021.7504111528271806,177180243561629278.030529939112148,true,true,269057134032.87128,267673991574.748,1383142458.12328,true,true,169207468325221900704.4381401354643697,168321356760975891725.2946583065897701,886111564246008979.1434818288745996,true,true,539413824987.14975,536692455640.43675,2721369346.713,true,true,337083915824372849712.7187011121589452,335325071071898000687.020796387966483,1758844752474849025.6979047241924622,true,true
19,0x8ad599c3a0ff1de082011efddc58f1908eb6e6d8,25260623,202819,1334771026127355869,15,S19_P15,196980:203760,0xc36442b4a4522e871399cd717abdd847ab11fe88:196980:203760,0xc36442b4a4522e871399cd717abdd847ab11fe88,196980,203760,5619685765718367,0.0042102245671477,6780,5839,941,941,828862207333.0924778761061947,0.0000006209770748,451.5680441105424452,3127.5996110055465417,1.799676820577338,26.6370822848718325,28.4367591054491705,26.6370822848718325,52892053210.898715,52667899100.99371,224154109.905005,true,true,33936197550667879299.7809410919393286,33793318556308563742.3002676826971218,142878994359315557.4806734092422068,true,true,269057134032.87128,267941765297.93152,1115368734.93976,true,true,169207468325221900704.4381401354643697,168492901808447391993.2886042507720947,714566516774508711.149535884692275,true,true,539413824987.14975,537219097669.238,2194727317.91175,true,true,337083915824372849712.7187011121589452,335664324716698706597.5927329973583394,1419591107674143115.1259681148006058,true,true
19,0x8ad599c3a0ff1de082011efddc58f1908eb6e6d8,25260623,202819,1334771026127355869,16,S19_P16,189660:203520,0xc36442b4a4522e871399cd717abdd847ab11fe88:189660:203520,0xc36442b4a4522e871399cd717abdd847ab11fe88,189660,203520,7197443175587899,0.0053922680629877,13860,13159,701,701,519296044414.7113275613275613,0.0000003890525298,451.5680441105424452,3127.5996110055465417,2.3074021430644511,25.8674207322818409,28.174822875346292,25.8674207322818409,52892053210.898715,52604958582.509565,287094628.38915,true,true,33936197550667879299.7809410919393286,33753204766658579352.297450447246205,182992784009299947.4834906446931236,true,true,269057134032.87128,267628612643.01908,1428521389.8522,true,true,169207468325221900704.4381401354643697,168292285703614253331.4836427919370893,915182621607647372.9544973435272804,true,true,539413824987.14975,536603216858.70675,2810608128.443,true,true,337083915824372849712.7187011121589452,335267640712336821996.732539390496231,1816275112036027715.9861617216627142,true,true
19,0x8ad599c3a0ff1de082011efddc58f1908eb6e6d8,25260623,202819,1334771026127355869,17,S19_P17,189360:203100,0xc36442b4a4522e871399cd717abdd847ab11fe88:189360:203100,0xc36442b4a4522e871399cd717abdd847ab11fe88,189360,203100,14502166785375759,0.0108649097871503,13740,13459,281,281,1055470653957.47882096069869,0.0000007907503484,451.5680441105424452,3127.5996110055465417,4.6722489011351147,21.6745340582830369,26.3467829594181516,21.6745340582830369,52892053210.898715,52313509225.35077,578543985.547945,true,true,33936197550667879299.7809410919393286,33567484100591862347.212193954237459,368713450076016952.5687471377018696,true,true,269057134032.87128,266178736155.2034,2878397877.66788,true,true,169207468325221900704.4381401354643697,167363484508914205074.8646885166545699,1843983816307695629.5734516188097998,true,true,539413824987.14975,533753543636.56635,5660281350.5834,true,true,337083915824372849712.7187011121589452,333530976130362924989.42324395757945,3552939694009924723.2954571545794952,true,true
19,0x8ad599c3a0ff1de082011efddc58f1908eb6e6d8,25260623,202819,1334771026127355869,18,S19_P18,199380:203160,0xc36442b4a4522e871399cd717abdd847ab11fe88:199380:203160,0xc36442b4a4522e871399cd717abdd847ab11fe88,199380,203160,6706043247678951,0.0050241150852184,3780,3439,341,341,1774085515258.9817460317460317,0.0000013291309749,451.5680441105424452,3127.5996110055465417,2.1491527143572095,12.0740604409977689,14.2232131553549784,12.0740604409977689,52892053210.898715,52624562074.75226,267491136.146455,true,true,33936197550667879299.7809410919393286,33765698371312111170.3500355338519512,170499179355768129.4309055580873774,true,true,269057134032.87128,267726145767.27304,1330988265.59824,true,true,169207468325221900704.4381401354643697,168354768480619040307.4355506938135099,852699844602860397.0025894416508598,true,true,539413824987.14975,536795021638.8528,2618803348.29695,true,true,337083915824372849712.7187011121589452,335414391087610517056.439114063738253,1669524736762332656.2795870484206922,true,true
19,0x8ad599c3a0ff1de082011efddc58f1908eb6e6d8,25260623,202819,1334771026127355869,19,S19_P19,202020:203040,0xc36442b4a4522e871399cd717abdd847ab11fe88:202020:203040,0xc36442b4a4522e871399cd717abdd847ab11fe88,202020,203040,7987668552474343,0.005984298726988,1020,799,221,221,7831047600465.042156862745098,0.0000058669595363,451.5680441105424452,3127.5996110055465417,2.1163205731726613,9.4264709368576918,11.5427915100303531,9.4264709368576918,52892053210.898715,52573433280.62901,318619930.269705,true,true,33936197550667879299.7809410919393286,33733113758717833968.5987507969156788,203083791950045331.1821902950236498,true,true,269057134032.87128,267471768072.59544,1585365960.27584,true,true,169207468325221900704.4381401354643697,168191806914664455689.2684294021955162,1015661410557445015.1697107332688535,true,true,539413824987.14975,536294800732.5132,3119024254.63655,true,true,337083915824372849712.7187011121589452,335153313529606558698.682256510608969,1930602294766291014.0364446015499762,true,true
19,0x8ad599c3a0ff1de082011efddc58f1908eb6e6d8,25260623,202819,1334771026127355869,20,S19_P20,189000:202860,0xc36442b4a4522e871399cd717abdd847ab11fe88:189000:202860,0xc36442b4a4522e871399cd717abdd847ab11fe88,189000,202860,6636638286730913,0.0049721174319959,13860,13819,41,41,478833931221.5665945165945166,0.0000003587386315,451.5680441105424452,3127.5996110055465417,2.1268101408884134,1.4685202700610657,3.5953304109494791,2.1268101408884134,52892053210.898715,52627330842.5673,264722368.331415,true,true,33936197550667879299.7809410919393286,33767463012463629255.3710670275704272,168734538204250044.4098740643689014,true,true,269057134032.87128,267739921436.49072,1317212596.38056,true,true,169207468325221900704.4381401354643697,168768801829768396986.9566952829334085,438666495453503717.4814448525309612,true,true,539413824987.14975,536822113134.23655,2591711852.9132,true,true,337083915824372849712.7187011121589452,336498609329503550412.7847542706251602,585306494869299299.933946841533785,true,true
20,0x8ad599c3a0ff1de082011efddc58f1908eb6e6d8,25250623,202076,305479121441416607,1,S20_P1,198120:207240,0xc36442b4a4522e871399cd717abdd847ab11fe88:198120:207240,0xc36442b4a4522e871399cd717abdd847ab11fe88,198120,207240,22894220680805662,0.0749452878245108,9120,3956,5164,3956,2510331215000.6208333333333333,0.0000082176850685,928.9101750197797117,5398.157766666173239,27.7159137001112057,1127.2358673719855661,1154.9517810720967718,1127.2358673719855661,12565300931.61376,11621885211.843948,943415719.769812,true,true,7407772270800301059.9568243988272996,6847449618175336813.987971915194317,560322652624964245.9688524836329826,true,true,63486628942.303825,58755038987.63794,4731589954.665885,true,true,37137229379450507695.0788709212079844,34305266076912493631.8523225854744668,2831963302538014063.2265483357335176,true,true,141565794501.43836,129943215598.42912,11622578903.00924,true,true,97433126155549847261.157170585017248,84725131803063946067.77450179645033,12707994352485901193.382668788566918,true,true
20,0x8ad599c3a0ff1de082011efddc58f1908eb6e6d8,25250623,202076,305479121441416607,2,S20_P2,199140:206280,0xc36442b4a4522e871399cd717abdd847ab11fe88:199140:206280,0xc36442b4a4522e871399cd717abdd847ab11fe88,199140,206280,20626635535267928,0.0675222432156419,7140,2936,4204,2936,2888884528749.0095238095238095,0.0000094568968089,928.9101750197797117,5398.157766666173239,24.8531074279853734,824.9100662454270103,849.7631736734123837,824.9100662454270103,12565300931.61376,11715352810.18202,849948121.43174,true,true,7407772270800301059.9568243988272996,6903024205404874892.3414890939997824,504748065395426167.6153353048275172,true,true,63486628942.303825,59229043780.17593,4257585162.127895,true,true,37137229379450507695.0788709212079844,34584790343408222861.895306621994482,2552439036042284833.1835642992135024,true,true,141565794501.43836,131114500816.94044,10451293684.49792,true,true,97433126155549847261.157170585017248,86064669078302140787.701968194391372,11368457077247706473.455202390625876,true,true
20,0x8ad599c3a0ff1de082011efddc58f1908eb6e6d8,25250623,202076,305479121441416607,3,S20_P3,197100:207420,0xc36442b4a4522e871399cd717abdd847ab11fe88:197100:207420,0xc36442b4a4522e871399cd717abdd847ab11fe88,197100,207420,14236413679360489,0.0466035571013343,10320,4976,5344,4976,1379497449550.4349806201550388,0.0000045158485563,928.9101750197797117,5398.157766666173239,17.0695869678894115,675.2365278194470951,692.3061147873365066,675.2365278194470951,12565300931.61376,11978719089.91566,586581841.6981,true,true,7407772270800301059.9568243988272996,7059532399895607056.4343790623950166,348239870904694003.522445336432283,true,true,63486628942.303825,60557748907.6146,2928880034.689225,true,true,37137229379450507695.0788709212079844,35373873493360050773.4828133721646432,1763355886090456921.5960575490433412,true,true,141565794501.43836,134390257447.06672,7175537054.37164,true,true,97433126155549847261.157170585017248,89739821984276181511.044796254818724,7693304171273665750.112374330198524,true,true
20,0x8ad599c3a0ff1de082011efddc58f1908eb6e6d8,25250623,202076,305479121441416607,4,S20_P4,193500:207240,0xc36442b4a4522e871399cd717abdd847ab11fe88:193500:207240,0xc36442b4a4522e871399cd717abdd847ab11fe88,193500,207240,9704960713330192,0.0317696367186632,13740,8576,5164,5164,706329018437.4229985443959243,0.0000023122006345,928.9101750197797117,5398.157766666173239,11.578148916976034,431.5986971792876053,443.1768460962636393,431.5986971792876053,12565300931.61376,12165450727.901648,399850203.712112,true,true,7407772270800301059.9568243988272996,7170435265782105274.192019824338004,237337005018195785.7648045744892956,true,true,63486628942.303825,61494267431.87754,1992361510.426285,true,true,37137229379450507695.0788709212079844,35934466459697941412.8667190701427932,1202762919752566282.2121518510651912,true,true,141565794501.43836,136691838043.55576,4873956457.8826,true,true,97433126155549847261.157170585017248,92259692549163430826.889015940098636,5173433606386416434.268154644918612,true,true
20,0x8ad599c3a0ff1de082011efddc58f1908eb6e6d8,25250623,202076,305479121441416607,5,S20_P5,196020:214380,0xc36442b4a4522e871399cd717abdd847ab11fe88:196020:214380,0xc36442b4a4522e871399cd717abdd847ab11fe88,196020,214380,4659229211149329,0.0152522018171473,18360,6056,12304,6056,253770654202.0331699346405229,0.0000008307299465,928.9101750197797117,5398.157766666173239,5.5274567289705712,377.9579828686332823,383.4854395976038535,377.9579828686332823,12565300931.61376,12373349496.437448,191951435.176312,true,true,7407772270800301059.9568243988272996,7293857387251281769.1211959811087634,113914883549019290.8356284177185362,true,true,63486628942.303825,62532207345.74355,954421596.560275,true,true,37137229379450507695.0788709212079844,36559488442868508025.6440920204044898,577740936581999669.4347789008034946,true,true,141565794501.43836,139234961216.64204,2330833284.79632,true,true,97433126155549847261.157170585017248,94986306451348377865.374636523073016,2446819704201469395.782534061944232,true,true
20,0x8ad599c3a0ff1de082011efddc58f1908eb6e6d8,25250623,202076,305479121441416607,6,S20_P6,191160:204480,0xc36442b4a4522e871399cd717abdd847ab11fe88:191160:204480,0xc36442b4a4522e871399cd717abdd847ab11fe88,191160,204480,12459358629923232,0.0407862853969633,13320,10916,2404,2404,935387284528.7711711711711712,0.0000030620334382,928.9101750197797117,5398.157766666173239,14.9095238073898632,286.967756621662179,301.8772804290520422,286.967756621662179,12565300931.61376,12051950416.516056,513350515.097704,true,true,7407772270800301059.9568243988272996,7103031279844580835.575677817652985,304740990955720224.3811465811743146,true,true,63486628942.303825,60925540323.39267,2561088618.911155,true,true,37137229379450507695.0788709212079844,35593624157303959347.9604003743724482,1543605222146548347.1184705468355362,true,true,141565794501.43836,135294893657.52976,6270900843.9086,true,true,97433126155549847261.157170585017248,90736334118698179825.869125786026182,6696792036851667435.288044798991066,true,true
20,0x8ad599c3a0ff1de082011efddc58f1908eb6e6d8,25250623,202076,305479121441416607,7,S20_P7,194760:204960,0xc36442b4a4522e871399cd717abdd847ab11fe88:194760:204960,0xc36442b4a4522e871399cd717abdd847ab11fe88,194760,204960,8212124932521760,0.0268827699051002,10200,7316,2884,2884,805110287502.1333333333333333,0.000002635565677,928.9101750197797117,5398.157766666173239,9.7810129854289347,219.5552672300928478,229.3362802155217825,219.5552672300928478,12565300931.61376,12226962586.943928,338338344.669832,true,true,7407772270800301059.9568243988272996,7206957805244186548.741757364650488,200814465556114511.2150670341768116,true,true,63486628942.303825,61801859772.501035,1684769169.80279,true,true,37137229379450507695.0788709212079844,36119305763105873350.360030420844332,1017923616344634344.7188405003636524,true,true,141565794501.43836,137446361271.91432,4119433229.52404,true,true,97433126155549847261.157170585017248,93074903598717162932.236555870819332,4358222556832684328.920614714197916,true,true
20,0x8ad599c3a0ff1de082011efddc58f1908eb6e6d8,25250623,202076,305479121441416607,8,S20_P8,188700:203880,0xc36442b4a4522e871399cd717abdd847ab11fe88:188700:203880,0xc36442b4a4522e871399cd717abdd847ab11fe88,188700,203880,12073149088894465,0.0395220106432374,15180,13376,1804,1804,795332614551.677536231884058,0.0000026035580134,928.9101750197797117,5398.157766666173239,14.4411941464618871,213.1763161500565424,227.6175102965184295,213.1763161500565424,12565300931.61376,12067865423.780688,497435507.833072,true,true,7407772270800301059.9568243988272996,7112484254093373762.4934481687254194,295288016706927297.4633762301018802,true,true,63486628942.303825,61005381411.110765,2481247531.19306,true,true,37137229379450507695.0788709212079844,35641398896859746433.782192006463298,1495830482590761261.2966789147446864,true,true,141565794501.43836,135491146956.25056,6074647545.1878,true,true,97433126155549847261.157170585017248,90951469490714128662.52339590248586,6481656664835718598.633774682531388,true,true
20,0x8ad599c3a0ff1de082011efddc58f1908eb6e6d8,25250623,202076,305479121441416607,9,S20_P9,191880:202500,0xc36442b4a4522e871399cd717abdd847ab11fe88:191880:202500,0xc36442b4a4522e871399cd717abdd847ab11fe88,191880,202500,26626064536785294,0.0871616508884438,10620,10196,424,424,2507162385761.3271186440677966,0.0000082073117597,928.9101750197797117,5398.157766666173239,32.3685286102814097,118.9235087640275393,151.292037374308949,118.9235087640275393,12565300931.61376,11468048614.0181,1097252317.59566,true,true,7407772270800301059.9568243988272996,6755942726229932205.814291746588907,651829544570368854.1425326522383926,true,true,63486628942.303825,57971802877.89123,5514826064.412595,true,true,37137229379450507695.0788709212079844,33845877583023730010.172840039059189,3291351796426777684.9060308821487954,true,true,141565794501.43836,128005004020.85736,13560790480.581,true,true,97433126155549847261.157170585017248,82486661547867896079.749005909428312,14946464607681951181.408164675588936,true,true
20,0x8ad599c3a0ff1de082011efddc58f1908eb6e6d8,25250623,202076,305479121441416607,10,S20_P10,195900:204600,0xc36442b4a4522e871399cd717abdd847ab11fe88:195900:204600,0xc36442b4a4522e871399cd717abdd847ab11fe88,195900,204600,5850546658084968,0.0191520344515819,8700,6176,2524,2524,672476627366.0882758620689655,0.0000022013832703,928.9101750197797117,5398.157766666173239,6.9500308677279122,137.8008834671637688,144.750914334891681,137.8008834671637688,12565300931.61376,12324266080.228568,241034851.385192,true,true,7407772270800301059.9568243988272996,7264722553889762988.4248999704928298,143049716910538071.5319244283344698,true,true,63486628942.303825,62287574853.117925,1199054089.1859,true,true,37137229379450507695.0788709212079844,36411851171385223767.3216276284532922,725378208065283927.7572432927546922,true,true,141565794501.43836,138636332680.40676,2929461821.0316,true,true,97433126155549847261.157170585017248,94349862835914414188.449812927554244,3083263319635433072.707357657463004,true,true
20,0x8ad599c3a0ff1de082011efddc58f1908eb6e6d8,25250623,202076,305479121441416607,11,S20_P11,191760:205620,0xc36442b4a4522e871399cd717abdd847ab11fe88:191760:205620,0xc36442b4a4522e871399cd717abdd847ab11fe88,191760,205620,4224386747891443,0.0138287249483974,13860,10316,3544,3544,304789808650.1762626262626263,0.0000009977435028,928.9101750197797117,5398.157766666173239,5.0091241894702629,132.7845269105249341,137.793651099995197,132.7845269105249341,12565300931.61376,12391265065.663808,174035865.949952,true,true,7407772270800301059.9568243988272996,7304491007343336764.1083900870311582,103281263456964295.8484343117961414,true,true,63486628942.303825,62621437565.36365,865191376.940175,true,true,37137229379450507695.0788709212079844,36613386785927238436.0161774852676676,523842593523269259.0626934359403168,true,true,141565794501.43836,139453192517.92936,2112601983.509,true,true,97433126155549847261.157170585017248,95217504039880099569.264641140001196,2215622115669747691.892529445016052,true,true
20,0x8ad599c3a0ff1de082011efddc58f1908eb6e6d8,25250623,202076,305479121441416607,12,S20_P12,196920:203880,0xc36442b4a4522e871399cd717abdd847ab11fe88:196920:203880,0xc36442b4a4522e871399cd717abdd847ab11fe88,196920,203880,6968811284255318,0.0228127253063079,6960,5156,1804,1804,1001265989117.1433908045977011,0.0000032776904176,928.9101750197797117,5398.157766666173239,8.2887455053903285,121.5967987589404856,129.8855442643308141,121.5967987589404856,12565300931.61376,12278191215.521812,287109716.091948,true,true,7407772270800301059.9568243988272996,7237371200405999211.9050914181899534,170401070394301848.0517329806373462,true,true,63486628942.303825,62057707833.820065,1428921108.48376,true,true,37137229379450507695.0788709212079844,36273303240941275599.8670749491997008,863926138509232095.2117959720082836,true,true,141565794501.43836,138073402837.4322,3492391664.00616,true,true,97433126155549847261.157170585017248,93748360324255628576.757667337089566,3684765831294218684.399503247927682,true,true
20,0x8ad599c3a0ff1de082011efddc58f1908eb6e6d8,25250623,202076,305479121441416607,13,S20_P13,189660:203520,0xc36442b4a4522e871399cd717abdd847ab11fe88:189660:203520,0xc36442b4a4522e871399cd717abdd847ab11fe88,189660,203520,7197443175587899,0.0235611623525249,13860,12416,1444,1444,519296044414.7113275613275613,0.0000016999395637,928.9101750197797117,5398.157766666173239,8.5628524458729308,102.4153571265737343,110.9782095724466651,102.4153571265737343,12565300931.61376,12268770953.362616,296529978.251144,true,true,7407772270800301059.9568243988272996,7231778815171513866.2814583215901282,175993455628787193.6753660772371714,true,true,63486628942.303825,62010682385.070525,1475946557.2333,true,true,37137229379450507695.0788709212079844,36244981322550930145.3291582329277072,892248056899577549.7497126882802772,true,true,141565794501.43836,137958189044.3584,3607605457.07996,true,true,97433126155549847261.157170585017248,93624891179540542350.131310796148418,3808234976009304911.02585978886883,true,true
20,0x8ad599c3a0ff1de082011efddc58f1908eb6e6d8,25250623,202076,305479121441416607,14,S20_P14,196980:203760,0xc36442b4a4522e871399cd717abdd847ab11fe88:196980:203760,0xc36442b4a4522e871399cd717abdd847ab11fe88,196980,203760,5619685765718367,0.0183963006676254,6780,5096,1684,1684,828862207333.0924778761061947,0.0000027133186825,928.9101750197797117,5398.157766666173239,6.6740663896407322,91.8146989000162687,98.4887652896570009,91.8146989000162687,12565300931.61376,12333777876.253092,231523055.360668,true,true,7407772270800301059.9568243988272996,7270369035866948950.6176810214819024,137403234933352109.3391433773453972,true,true,63486628942.303825,62335001185.53694,1151627756.766885,true,true,37137229379450507695.0788709212079844,36440458424918759520.9529293309108592,696770954531748174.1259415902971252,true,true,141565794501.43836,138752424882.612,2813369618.82636,true,true,97433126155549847261.157170585017248,94473546438659902570.531257871011156,2959579716889944690.625912714006092,true,true
20,0x8ad599c3a0ff1de082011efddc58f1908eb6e6d8,25250623,202076,305479121441416607,15,S20_P15,189000:202860,0xc36442b4a4522e871399cd717abdd847ab11fe88:189000:202860,0xc36442b4a4522e871399cd717abdd847ab11fe88,189000,202860,6636638286730913,0.0217253416711939,13860,13076,784,784,478833931221.5665945165945166,0.0000015674849691,928.9101750197797117,5398.157766666173239,7.8907473566768709,53.0612951211500716,60.9520424778269425,53.0612951211500716,12565300931.61376,12291877577.302648,273423354.311112,true,true,7407772270800301059.9568243988272996,7245496290213054068.6703003835715986,162275980587246991.286524015255701,true,true,63486628942.303825,62126012553.94335,1360616388.360475,true,true,37137229379450507695.0788709212079844,36314454242719795811.1455598005804922,822775136730711883.9333111206274922,true,true,141565794501.43836,138240720218.4018,3325074283.03656,true,true,97433126155549847261.157170585017248,93927447935207755562.147735351506626,3505678220342091699.009435233510622,true,true
20,0x8ad599c3a0ff1de082011efddc58f1908eb6e6d8,25250623,202076,305479121441416607,16,S20_P16,196920:203160,0xc36442b4a4522e871399cd717abdd847ab11fe88:196920:203160,0xc36442b4a4522e871399cd717abdd847ab11fe88,196920,203160,4119130468170973,0.0134841636598098,6240,5156,1084,1084,660117062206.8866987179487179,0.0000021609236634,928.9101750197797117,5398.157766666173239,4.8837326715028076,44.6559258911790526,49.5396585626818602,44.6559258911790526,12565300931.61376,12395601620.915072,169699310.698688,true,true,7407772270800301059.9568243988272996,7307065023321198983.517211529198029,100707247479102076.4396128696292706,true,true,63486628942.303825,62643031478.85067,843597463.453155,true,true,37137229379450507695.0788709212079844,36626433965618273981.7147780155072332,510795413832233713.3640929057007512,true,true,141565794501.43836,139505995083.73668,2059799417.70168,true,true,97433126155549847261.157170585017248,95273378221116597951.826728204967746,2159747934433249309.330442380049502,true,true
20,0x8ad599c3a0ff1de082011efddc58f1908eb6e6d8,25250623,202076,305479121441416607,17,S20_P17,201300:202260,0xc36442b4a4522e871399cd717abdd847ab11fe88:201300:202260,0xc36442b4a4522e871399cd717abdd847ab11fe88,201300,202260,7836161488374114,0.0256520362223082,960,776,184,184,8162668217056.36875,0.0000267208710649,928.9101750197797117,5398.157766666173239,6.0323221264318204,15.3011665521083606,21.333488678540181,15.3011665521083606,12565300931.61376,12242453696.439036,322847235.174724,true,true,7407772270800301059.9568243988272996,7216154793352298273.6701668963691012,191617477448002786.2866575024581984,true,true,63486628942.303825,61879256571.45853,1607372370.845295,true,true,37137229379450507695.0788709212079844,36165867773454211313.6298127395169682,971361605996296381.4490581816910162,true,true,141565794501.43836,137636101301.42396,3929693200.0144,true,true,97433126155549847261.157170585017248,93509786888094583734.485069441542014,3923339267455263526.672101143475234,true,true
20,0x8ad599c3a0ff1de082011efddc58f1908eb6e6d8,25250623,202076,305479121441416607,18,S20_P18,197100:202260,0xc36442b4a4522e871399cd717abdd847ab11fe88:197100:202260,0xc36442b4a4522e871399cd717abdd847ab11fe88,197100,202260,5417537440763525,0.0177345587979978,5160,4976,184,184,1049910356737.1172480620155039,0.0000034369299996,928.9101750197797117,5398.157766666173239,6.4325383683230762,10.5724307124703262,17.0049690807934024,10.5724307124703262,12565300931.61376,12342106638.374824,223194293.238936,true,true,7407772270800301059.9568243988272996,7275312736661152699.8882623751919684,132459534139148360.0685620236353312,true,true,63486628942.303825,62376521194.64522,1110107747.658605,true,true,37137229379450507695.0788709212079844,36465508658946563375.1589290397199342,671720720503944319.9199418814880502,true,true,141565794501.43836,138854044362.99672,2711750138.44164,true,true,97433126155549847261.157170585017248,94743441416203175737.168568373450762,2689684739346671523.988602211566486,true,true
20,0x8ad599c3a0ff1de082011efddc58f1908eb6e6d8,25250623,202076,305479121441416607,19,S20_P19,188340:202200,0xc36442b4a4522e871399cd717abdd847ab11fe88:188340:202200,0xc36442b4a4522e871399cd717abdd847ab11fe88,188340,202200,6160985147957327,0.0201682691729846,13860,13736,124,124,444515522940.6440836940836941,0.000001455142076,928.9101750197797117,5398.157766666173239,7.3213396781726942,8.1447907963376104,15.4661304745103046,8.1447907963376104,12565300931.61376,12311475480.348912,253825451.264848,true,true,7407772270800301059.9568243988272996,7257129559861929693.5434875673406026,150642710938371366.413336831486697,true,true,63486628942.303825,62223785182.370245,1262843759.93358,true,true,37137229379450507695.0788709212079844,36389688029951046209.733404875909918,747541349499461485.3454660452980664,true,true,141565794501.43836,138480157686.4048,3085636815.03356,true,true,97433126155549847261.157170585017248,94634965734989068582.428939981486606,2798160420560778678.728230603530642,true,true
20,0x8ad599c3a0ff1de082011efddc58f1908eb6e6d8,25250623,202076,305479121441416607,20,S20_P20,201180:202140,0xc36442b4a4522e871399cd717abdd847ab11fe88:201180:202140,0xc36442b4a4522e871399cd717abdd847ab11fe88,201180,202140,8838444509559228,0.0289330559412854,960,896,64,64,9206713030790.8625,0.0000301385999388,928.9101750197797117,5398.157766666173239,7.4043300138986844,6.0463054614328369,13.4506354753315213,7.4043300138986844,12565300931.61376,12201155558.6954,364145372.91836,true,true,7407772270800301059.9568243988272996,7193949687592360007.1176878531327048,213822583207941052.8391365456945948,true,true,63486628942.303825,61672863150.390005,1813765791.91382,true,true,37137229379450507695.0788709212079844,36221779198988047594.240054356030237,915450180462460100.8388165651777474,true,true,141565794501.43836,137130020302.39836,4435774199.04,true,true,97433126155549847261.157170585017248,94805304184158241709.43169709438052,2627821971391605551.725473490636728,true,true
21,0x8ad599c3a0ff1de082011efddc58f1908eb6e6d8,25240623,201401,539260425141329601,1,S21_P1,198120:207240,0xc36442b4a4522e871399cd717abdd847ab11fe88:198120:207240,0xc36442b4a4522e871399cd717abdd847ab11fe88,198120,207240,22894220680805662,0.0424548504088827,9120,3281,5839,3281,2510331215000.6208333333333333,0.0000046551371062,710.071635814406119,4178.725263397904173,17.2936979776146287,871.3135747817196918,888.6072727593343205,871.3135747817196918,22946612653.854112,21977181311.007016,969431342.847096,true,true,12773348654877725872.3250388830081823,12231164467565331319.6446004090065424,542184187312394552.6804384740016399,true,true,117766222903.3656,112706728718.78252,5059494184.58308,true,true,63380684314985152588.634999596985616,60795587925740404476.4490170264173756,2585096389244748112.1859825705682404,true,true,243819787223.57144,234487013510.24628,9332773713.32516,true,true,123350429927818875042.7380482447700504,117784068524694894307.4549517568482576,5566361403123980735.2830964879217928,true,true
21,0x8ad599c3a0ff1de082011efddc58f1908eb6e6d8,25240623,201401,539260425141329601,2,S21_P2,199140:206280,0xc36442b4a4522e871399cd717abdd847ab11fe88:199140:206280,0xc36442b4a4522e871399cd717abdd847ab11fe88,199140,206280,20626635535267928,0.0382498595736227,7140,2261,4879,2261,2888884528749.0095238095238095,0.0000053571231896,710.071635814406119,4178.725263397904173,15.4616854932136566,668.1996690593989274,683.661354552612584,668.1996690593989274,22946612653.854112,22073122942.556312,873489711.2978,true,true,12773348654877725872.3250388830081823,12284866206729517636.565988685852002,488482448148208235.7590501971561803,true,true,117766222903.3656,113210452304.13532,4555770599.23028,true,true,63380684314985152588.634999596985616,61050140123628808582.8447160638266604,2330544191356344005.7902835331589556,true,true,243819787223.57144,235412053548.99728,8407733674.57416,true,true,123350429927818875042.7380482447700504,118334383824932240947.4576141955148116,5016046102886634095.2804340492552388,true,true
21,0x8ad599c3a0ff1de082011efddc58f1908eb6e6d8,25240623,201401,539260425141329601,3,S21_P3,197100:207420,0xc36442b4a4522e871399cd717abdd847ab11fe88:197100:207420,0xc36442b4a4522e871399cd717abdd847ab11fe88,197100,207420,14236413679360489,0.0263998858726364,10320,4301,6019,4301,1379497449550.4349806201550388,0.000002558128476,710.071635814406119,4178.725263397904173,10.6654988847484374,528.5019117430110854,539.1674106277595228,528.5019117430110854,22946612653.854112,22343581353.841384,603031300.012728,true,true,12773348654877725872.3250388830081823,12436200680413947613.5751240048757435,337147974463778258.7499148781324388,true,true,117766222903.3656,114626768522.01968,3139454381.34592,true,true,63380684314985152588.634999596985616,61769314801726401628.7329642400179536,1611369513258750959.9020353569676624,true,true,243819787223.57144,238017962783.55984,5801824440.0116,true,true,123350429927818875042.7380482447700504,119886475014744098335.5899654549089116,3463954913074776707.1480827898611388,true,true
21,0x8ad599c3a0ff1de082011efddc58f1908eb6e6d8,25240623,201401,539260425141329601,4,S21_P4,198300:201900,0xc36442b4a4522e871399cd717abdd847ab11fe88:198300:201900,0xc36442b4a4522e871399cd717abdd847ab11fe88,198300,201900,104256715533393771,0.193332777027111,3600,3101,499,499,28960198759276.0475,0.0000537035491742,710.071635814406119,4178.725263397904173,85.4104239538529912,438.9712727825319798,524.381696736384971,438.9712727825319798,22946612653.854112,18542488361.238384,4404124292.615728,true,true,12773348654877725872.3250388830081823,10304235204756616386.5168554263280233,2469113450121109485.808183456680159,true,true,117766222903.3656,94669203146.74855,23097019756.61705,true,true,63380684314985152588.634999596985616,51519920929856891047.3091385807063424,11860763385128261541.3258610162792736,true,true,243819787223.57144,201058065928.84448,42761721294.72696,true,true,123350429927818875042.7380482447700504,98172440315753842805.8608158983020504,25177989612065032236.877232346468,true,true
21,0x8ad599c3a0ff1de082011efddc58f1908eb6e6d8,25240623,201401,539260425141329601,5,S21_P5,193500:207240,0xc36442b4a4522e871399cd717abdd847ab11fe88:193500:207240,0xc36442b4a4522e871399cd717abdd847ab11fe88,193500,207240,9704960713330192,0.0179967975784366,13740,7901,5839,5839,706329018437.4229985443959243,0.0000013098105952,710.071635814406119,4178.725263397904173,7.2395908992404708,343.0242021639111159,350.2637930631515867,343.0242021639111159,22946612653.854112,22535450691.135576,411161962.718536,true,true,12773348654877725872.3250388830081823,12543515407565515119.0107757241881923,229833247312210753.31426315881999,true,true,117766222903.3656,115628352518.71496,2137870384.65064,true,true,63380684314985152588.634999596985616,62280879867724028279.0733969076814436,1099804447261124309.5616026893041724,true,true,243819787223.57144,239865162656.98312,3954624566.58832,true,true,123350429927818875042.7380482447700504,120988172257059086247.8993891399314344,2362257670759788794.838659104838616,true,true
21,0x8ad599c3a0ff1de082011efddc58f1908eb6e6d8,25240623,201401,539260425141329601,6,S21_P6,191160:204480,0xc36442b4a4522e871399cd717abdd847ab11fe88:191160:204480,0xc36442b4a4522e871399cd717abdd847ab11fe88,191160,204480,12459358629923232,0.0231045299247722,13320,10241,3079,3079,935387284528.7711711711711712,0.0000017345743187,710.071635814406119,4178.725263397904173,9.3184880013797587,265.7976023414505893,275.116090342830348,265.7976023414505893,22946612653.854112,22418816719.807364,527795934.046748,true,true,12773348654877725872.3250388830081823,12478285224062053108.1078753418462509,295063430815672764.2171635411619314,true,true,117766222903.3656,115019815656.71968,2746407246.64592,true,true,63380684314985152588.634999596985616,61969777071035561403.0931607580807996,1410907243949591185.5418388389048164,true,true,243819787223.57144,238742424276.89336,5077362946.67808,true,true,123350429927818875042.7380482447700504,120318413911433375079.7565378726616768,3032016016385499962.9815103721083736,true,true
21,0x8ad599c3a0ff1de082011efddc58f1908eb6e6d8,25240623,201401,539260425141329601,7,S21_P7,191880:202500,0xc36442b4a4522e871399cd717abdd847ab11fe88:191880:202500,0xc36442b4a4522e871399cd717abdd847ab11fe88,191880,202500,26626064536785294,0.0493751502899682,10620,9521,1099,1099,2507162385761.3271186440677966,0.0000046492608559,710.071635814406119,4178.725263397904173,20.1847290391866721,229.1013030963805855,249.2860321355672576,229.1013030963805855,22946612653.854112,21819321015.71602,1127291638.138092,true,true,12773348654877725872.3250388830081823,12142785505583342690.6320077779698523,630563149294383181.69303110503833,true,true,117766222903.3656,111876381493.6238,5889841409.7418,true,true,63380684314985152588.634999596985616,60377395227260581322.7324986620865208,3003289087724571265.9025009348990952,true,true,243819787223.57144,232964224515.9924,10855562707.57904,true,true,123350429927818875042.7380482447700504,116878520825642692001.1797190902293896,6471909102176183041.5583291545406608,true,true
21,0x8ad599c3a0ff1de082011efddc58f1908eb6e6d8,25240623,201401,539260425141329601,8,S21_P8,198480:201960,0xc36442b4a4522e871399cd717abdd847ab11fe88:198480:201960,0xc36442b4a4522e871399cd717abdd847ab11fe88,198480,201960,46439203126569357,0.0861164679651739,3480,2921,559,559,13344598599588.8956896551724138,0.0000247461114842,710.071635814406119,4178.725263397904173,35.8880588668241251,211.6051095311334319,247.493168397957557,211.6051095311334319,22946612653.854112,20981868628.644436,1964744025.209676,true,true,12773348654877725872.3250388830081823,11673558881606459784.743479768051931,1099789773271266087.5815591149562513,true,true,117766222903.3656,107437376383.6444,10328846519.7212,true,true,63380684314985152588.634999596985616,58172016373114686451.849653805807296,5208667941870466136.78534579117832,true,true,243819787223.57144,224868639169.47564,18951148054.0958,true,true,123350429927818875042.7380482447700504,112032151517381599385.228720416896066,11318278410437275657.5093278278739844,true,true
21,0x8ad599c3a0ff1de082011efddc58f1908eb6e6d8,25240623,201401,539260425141329601,9,S21_P9,188700:203880,0xc36442b4a4522e871399cd717abdd847ab11fe88:188700:203880,0xc36442b4a4522e871399cd717abdd847ab11fe88,188700,203880,12073149088894465,0.0223883461979068,15180,12701,2479,2479,795332614551.677536231884058,0.0000014748581158,710.071635814406119,4178.725263397904173,9.0263403934705405,213.2362202140147672,222.2625606074853077,213.2362202140147672,22946612653.854112,22435168983.439668,511443670.414444,true,true,12773348654877725872.3250388830081823,12487431400690785463.5294666084890197,285917254186940408.7955722745191626,true,true,117766222903.3656,115105191159.81064,2661031743.55496,true,true,63380684314985152588.634999596985616,62013369953130475760.5375330261508556,1367314361854676828.0974665708347604,true,true,243819787223.57144,238899861077.24572,4919926146.32572,true,true,123350429927818875042.7380482447700504,120412305338566333908.4429769412280032,2938124589252541134.2950713035420472,true,true
21,0x8ad599c3a0ff1de082011efddc58f1908eb6e6d8,25240623,201401,539260425141329601,10,S21_P10,194760:204960,0xc36442b4a4522e871399cd717abdd847ab11fe88:194760:204960,0xc36442b4a4522e871399cd717abdd847ab11fe88,194760,204960,8212124932521760,0.0152284954535084,10200,6641,3559,3559,805110287502.1333333333333333,0.0000014929897503,710.071635814406119,4178.725263397904173,6.1173802280299049,194.9171243277673195,201.0345045557972244,194.9171243277673195,22946612653.854112,22598675046.621024,347937607.233088,true,true,12773348654877725872.3250388830081823,12578869273654643674.6487711919705406,194479381223082197.6762676910376417,true,true,117766222903.3656,115957831248.2188,1808391655.1468,true,true,63380684314985152588.634999596985616,62449687815149244517.9636339051347552,930996499835908070.6713656918508608,true,true,243819787223.57144,240473591729.584,3346195493.98744,true,true,123350429927818875042.7380482447700504,121351299908065824273.4094112141419088,1999130019753050769.3286370306281416,true,true
21,0x8ad599c3a0ff1de082011efddc58f1908eb6e6d8,25240623,201401,539260425141329601,11,S21_P11,196920:203880,0xc36442b4a4522e871399cd717abdd847ab11fe88:196920:203880,0xc36442b4a4522e871399cd717abdd847ab11fe88,196920,203880,6968811284255318,0.0129229050739797,6960,4481,2479,2479,1001265989117.1433908045977011,0.0000018567392348,710.071635814406119,4178.725263397904173,5.1851527713222829,121.5137310441011629,126.6988838154234458,121.5137310441011629,22946612653.854112,22651337472.713472,295275181.14064,true,true,12773348654877725872.3250388830081823,12608312956232398922.2921368537868728,165035698645326950.0329020292213095,true,true,117766222903.3656,116232060689.32392,1534162214.04168,true,true,63380684314985152588.634999596985616,62590383376783775679.745592037715578,790300938201376908.889407559270038,true,true,243819787223.57144,240980286533.20336,2839500690.36808,true,true,123350429927818875042.7380482447700504,121653800242190881411.5308410426577112,1696629685627993631.2072072021123392,true,true
21,0x8ad599c3a0ff1de082011efddc58f1908eb6e6d8,25240623,201401,539260425141329601,12,S21_P12,189660:203520,0xc36442b4a4522e871399cd717abdd847ab11fe88:189660:203520,0xc36442b4a4522e871399cd717abdd847ab11fe88,189660,203520,7197443175587899,0.0133468781316589,13860,11741,2119,2119,519296044414.7113275613275613,0.0000009629782202,710.071635814406119,4178.725263397904173,5.3564153679843165,109.4904189665045221,114.8468343344888386,109.4904189665045221,22946612653.854112,22641652985.82182,304959668.032292,true,true,12773348654877725872.3250388830081823,12602898542172170437.6043476618057874,170450112705555434.7206912212023949,true,true,117766222903.3656,116181644849.21068,1584578054.15492,true,true,63380684314985152588.634999596985616,62564504005599102499.4727782253554796,816180309386050089.1622213716301364,true,true,243819787223.57144,240887113264.045,2932673959.52644,true,true,123350429927818875042.7380482447700504,121598169120721399573.3726092630535764,1752260807097475469.365438981716474,true,true
21,0x8ad599c3a0ff1de082011efddc58f1908eb6e6d8,25240623,201401,539260425141329601,13,S21_P13,189000:202860,0xc36442b4a4522e871399cd717abdd847ab11fe88:189000:202860,0xc36442b4a4522e871399cd717abdd847ab11fe88,189000,202860,6636638286730913,0.0123069262592217,13860,12401,1459,1459,478833931221.5665945165945166,0.0000008879456175,710.071635814406119,4178.725263397904173,4.9364614673838314,72.2581317133407235,77.1945931807245549,72.2581317133407235,22946612653.854112,22665408163.02324,281204490.830872,true,true,12773348654877725872.3250388830081823,12616179791153053285.1001610344616689,157168863724672587.2248778485465134,true,true,117766222903.3656,116305298932.89832,1460923970.46728,true,true,63380684314985152588.634999596985616,62627988367650506812.3923452818795476,752695947334645776.2426543151060684,true,true,243819787223.57144,241115653576.79548,2704133646.77596,true,true,123350429927818875042.7380482447700504,121734628839331308843.6357388303240584,1615801088487566199.102309414445992,true,true
21,0x8ad599c3a0ff1de082011efddc58f1908eb6e6d8,25240623,201401,539260425141329601,14,S21_P14,197340:201960,0xc36442b4a4522e871399cd717abdd847ab11fe88:197340:201960,0xc36442b4a4522e871399cd717abdd847ab11fe88,197340,201960,14329546314904278,0.0265725902492266,4620,4061,559,559,3101633401494.4324675324675325,0.0000057516429111,710.071635814406119,4178.725263397904173,10.7362189281631801,64.0445014950060196,74.7807204231691997,64.0445014950060196,22946612653.854112,22339638653.846052,606974000.00806,true,true,12773348654877725872.3250388830081823,12433995518231856706.9401739001852003,339353136645869165.384864982822982,true,true,117766222903.3656,114606159912.56992,3160062990.79568,true,true,63380684314985152588.634999596985616,61758814345702819240.399962530970984,1621869969282333348.235037066014632,true,true,243819787223.57144,237979992506.90984,5839794716.6616,true,true,123350429927818875042.7380482447700504,119863841464348633737.984286559623974,3486588463470241304.7537616851460764,true,true
21,0x8ad599c3a0ff1de082011efddc58f1908eb6e6d8,25240623,201401,539260425141329601,15,S21_P15,187740:201600,0xc36442b4a4522e871399cd717abdd847ab11fe88:187740:201600,0xc36442b4a4522e871399cd717abdd847ab11fe88,187740,201600,28516071604276433,0.0528799635107711,13860,13661,199,199,2057436623685.1683261183261183,0.0000038152931826,710.071635814406119,4178.725263397904173,21.6568295275748848,46.8363439140948476,68.4931734416697324,46.8363439140948476,22946612653.854112,21739388064.04136,1207224589.812752,true,true,12773348654877725872.3250388830081823,12098025250125276294.1788711583702673,675323404752449578.146167724637915,true,true,117766222903.3656,111455192135.05592,6311030768.30968,true,true,63380684314985152588.634999596985616,60289107796112748195.4114965182865276,3091576518872404393.2235030786990884,true,true,243819787223.57144,232192793454.19264,11626993769.3788,true,true,123350429927818875042.7380482447700504,118114518527570587578.7458300546029676,5235911400248287463.9922181901670828,true,true
21,0x8ad599c3a0ff1de082011efddc58f1908eb6e6d8,25240623,201401,539260425141329601,16,S21_P16,198900:201960,0xc36442b4a4522e871399cd717abdd847ab11fe88:198900:201960,0xc36442b4a4522e871399cd717abdd847ab11fe88,198900,201960,12674134648836263,0.0235028087690926,3060,2501,559,559,4141874068247.1447712418300654,0.0000076806564605,710.071635814406119,4178.725263397904173,9.4808414190640628,56.5901658251273245,66.0710072441913873,56.5901658251273245,22946612653.854112,22409723154.503164,536889499.350948,true,true,12773348654877725872.3250388830081823,12473199400874448028.3000072960285164,300149254003277844.0250315869796659,true,true,117766222903.3656,114972330094.74084,2793892808.62476,true,true,63380684314985152588.634999596985616,61945538417593503433.2112493705871432,1435145897391649155.4237502263984728,true,true,243819787223.57144,238654869886.24732,5164917337.32412,true,true,123350429927818875042.7380482447700504,120266202311127664856.8463449294655868,3084227616691210185.8917033153044636,true,true
21,0x8ad599c3a0ff1de082011efddc58f1908eb6e6d8,25240623,201401,539260425141329601,17,S21_P17,188400:201660,0xc36442b4a4522e871399cd717abdd847ab11fe88:188400:201660,0xc36442b4a4522e871399cd717abdd847ab11fe88,188400,201660,15091904842634060,0.0279863014955692,13260,13001,259,259,1138152703064.4087481146304676,0.0000021105808066,710.071635814406119,4178.725263397904173,11.3155846192588617,32.0094704031818647,43.3250550224407264,32.0094704031818647,22946612653.854112,22307366158.73722,639246495.116892,true,true,12773348654877725872.3250388830081823,12415940602339610535.5314243003142664,357408052538115336.7936145826939159,true,true,117766222903.3656,114437427692.83248,3328795210.53312,true,true,63380684314985152588.634999596985616,61724596385013267270.7497695981396076,1656087929971885317.8852299988460084,true,true,243819787223.57144,237669169065.9364,6150618157.63504,true,true,123350429927818875042.7380482447700504,120237392935853727204.6438905020554156,3113036991965147838.0941577427146348,true,true
21,0x8ad599c3a0ff1de082011efddc58f1908eb6e6d8,25240623,201401,539260425141329601,18,S21_P18,188340:202200,0xc36442b4a4522e871399cd717abdd847ab11fe88:188340:202200,0xc36442b4a4522e871399cd717abdd847ab11fe88,188340,202200,6160985147957327,0.0114248790764549,13860,13061,799,799,444515522940.6440836940836941,0.0000008243058497,710.071635814406119,4178.725263397904173,4.5806203077933129,38.4528087249935926,43.0334290327869055,38.4528087249935926,22946612653.854112,22685557050.578256,261055603.275856,true,true,12773348654877725872.3250388830081823,12627443886590628876.4188232765978559,145904768287096995.9062156064103264,true,true,117766222903.3656,116410151842.71928,1356071060.64632,true,true,63380684314985152588.634999596985616,62681848314800591739.9262195208492988,698836000184560848.7087800761363172,true,true,243819787223.57144,241309487358.17472,2510299865.39672,true,true,123350429927818875042.7380482447700504,121850378548902732653.0390655449750532,1500051378916142389.6989826997949972,true,true
21,0x8ad599c3a0ff1de082011efddc58f1908eb6e6d8,25240623,201401,539260425141329601,19,S21_P19,194040:201600,0xc36442b4a4522e871399cd717abdd847ab11fe88:194040:201600,0xc36442b4a4522e871399cd717abdd847ab11fe88,194040,201600,12855140492364825,0.0238384644840121,7560,7361,199,199,1700415409042.9662698412698413,0.0000031532360429,710.071635814406119,4178.725263397904173,9.6180985218083503,21.0431513318899695,30.6612498536983198,21.0431513318899695,22946612653.854112,22402059469.61968,544553184.234432,true,true,12773348654877725872.3250388830081823,12468912133251225636.3754615538374023,304436521626500235.94957732917078,true,true,117766222903.3656,114932306884.00448,2833916019.36112,true,true,63380684314985152588.634999596985616,61997945837397817722.8309586111418416,1382738477587334865.8040409858437744,true,true,243819787223.57144,238581081039.20676,5238706184.36468,true,true,123350429927818875042.7380482447700504,120983438902752626222.2038741006368484,2366991025066248820.534174144133202,true,true
21,0x8ad599c3a0ff1de082011efddc58f1908eb6e6d8,25240623,201401,539260425141329601,20,S21_P20,189000:201540,0xc36442b4a4522e871399cd717abdd847ab11fe88:189000:201540,0xc36442b4a4522e871399cd717abdd847ab11fe88,189000,201540,14826952119053283,0.0274949753918386,12540,12401,139,139,1182372577276.9763157894736842,0.0000021925817697,710.071635814406119,4178.725263397904173,11.1141347203188616,17.0510251093987742,28.1651598297176358,17.0510251093987742,22946612653.854112,22318581982.844876,628030671.009236,true,true,12773348654877725872.3250388830081823,12422215994188133827.368043158505872,351132660689592044.9569957245023103,true,true,117766222903.3656,114496076715.30428,3270146188.06132,true,true,63380684314985152588.634999596985616,61822540201918349546.3610864605898144,1558144113066803042.2739131363958016,true,true,243819787223.57144,237777195538.5446,6042591685.02684,true,true,123350429927818875042.7380482447700504,121032246260526855573.0630110443493736,2318183667292019469.6750372004206768,true,true
22,0x8ad599c3a0ff1de082011efddc58f1908eb6e6d8,25230623,200815,834740697800252201,1,S22_P1,198300:201900,0xc36442b4a4522e871399cd717abdd847ab11fe88:198300:201900,0xc36442b4a4522e871399cd717abdd847ab11fe88,198300,201900,128693041688885584,0.1541712798094349,3600,2515,1085,1085,35748067135801.5511111111111111,0.0000428253555026,538.6469762662380123,2124.4147033360166397,65.9165482138369676,616.99493190141694,682.9114801152539076,616.99493190141694,36556790050.725624,30925430330.631112,5631359720.094512,true,true,18643257291355662332.0092863838017684,15680348126701435097.7466824366801408,2962909164654227234.2626039471216276,true,true,185029268914.14928,156862198352.14084,28167070562.00844,true,true,90032459850475624145.7684798786958648,75066386427775901703.5585398935220851,14966073422699722442.2099399851737797,true,true,372438859999.86208,317251432915.5908,55187427084.27128,true,true,176999489329217630784.2763037801981293,145091174472914210435.5165718525699823,31908314856303420348.759731927628147,true,true
22,0x8ad599c3a0ff1de082011efddc58f1908eb6e6d8,25230623,200815,834740697800252201,2,S22_P2,198120:207240,0xc36442b4a4522e871399cd717abdd847ab11fe88:198120:207240,0xc36442b4a4522e871399cd717abdd847ab11fe88,198120,207240,22894220680805662,0.0274267455044873,9120,2695,6425,2695,2510331215000.6208333333333333,0.000003007318586,538.6469762662380123,2124.4147033360166397,10.7144510465448504,468.1785799909425405,478.8930310374873909,468.1785799909425405,36556790050.725624,35555040845.864356,1001749204.861268,true,true,18643257291355662332.0092863838017684,18115790617319218575.7543916494854504,527466674036443756.254894734316318,true,true,185029268914.14928,180026972691.2166,5002296222.93268,true,true,90032459850475624145.7684798786958648,87377245910801210705.1132937616475116,2655213939674413440.6551861170483532,true,true,372438859999.86208,362592645462.33772,9846214537.52436,true,true,176999489329217630784.2763037801981293,171462965497968501954.0729667392084325,5536523831249128830.2033370409896968,true,true
22,0x8ad599c3a0ff1de082011efddc58f1908eb6e6d8,25230623,200815,834740697800252201,3,S22_P3,199140:206280,0xc36442b4a4522e871399cd717abdd847ab11fe88:199140:206280,0xc36442b4a4522e871399cd717abdd847ab11fe88,199140,206280,20626635535267928,0.0247102310808904,7140,1675,5465,1675,2888884528749.0095238095238095,0.000003460816678,538.6469762662380123,2124.4147033360166397,9.4841937911040727,362.9484293749611522,372.4326231660652249,362.9484293749611522,36556790050.725624,35654261247.97676,902528802.748864,true,true,18643257291355662332.0092863838017684,18168026994568463575.7955589586293152,475230296787198756.2137274251724532,true,true,185029268914.14928,180522492328.65284,4506776585.49644,true,true,90032459850475624145.7684798786958648,87640672257644491478.0282375836410689,2391787592831132667.7402422950547959,true,true,372438859999.86208,363567219173.30012,8871640826.56196,true,true,176999489329217630784.2763037801981293,172014255986097660301.5773544184902758,4985233343119970482.6989493617078535,true,true
22,0x8ad599c3a0ff1de082011efddc58f1908eb6e6d8,25230623,200815,834740697800252201,4,S22_P4,197100:207420,0xc36442b4a4522e871399cd717abdd847ab11fe88:197100:207420,0xc36442b4a4522e871399cd717abdd847ab11fe88,197100,207420,14236413679360489,0.0170548934739578,10320,3715,6605,3715,1379497449550.4349806201550388,0.0000016526059568,538.6469762662380123,2124.4147033360166397,6.6158761313646762,287.13860629924668,293.7544824306113562,287.13860629924668,36556790050.725624,35933870479.612708,622919571.112916,true,true,18643257291355662332.0092863838017684,18315241622710546739.9853162346940604,328015668645115592.023970149107708,true,true,185029268914.14928,181918829590.44704,3110439323.70224,true,true,90032459850475624145.7684798786958648,88382549031332975630.3837376843725885,1649910819142648515.3847421943232763,true,true,372438859999.86208,366314406019.40824,6124453980.45384,true,true,176999489329217630784.2763037801981293,173564408809946418762.5032317762374696,3435080519271212021.7730720039606597,true,true
22,0x8ad599c3a0ff1de082011efddc58f1908eb6e6d8,25230623,200815,834740697800252201,5,S22_P5,198480:201960,0xc36442b4a4522e871399cd717abdd847ab11fe88:198480:201960,0xc36442b4a4522e871399cd717abdd847ab11fe88,198480,201960,46439203126569357,0.0556330885135326,3480,2335,1145,1145,13344598599588.8956896551724138,0.0000159865196878,538.6469762662380123,2124.4147033360166397,22.1586853192682851,216.0001995214536799,238.158884840721965,216.0001995214536799,36556790050.725624,34524793828.324728,2031996222.400896,true,true,18643257291355662332.0092863838017684,17573497686624989461.3512458021508132,1069759604730672870.6580405816509552,true,true,185029268914.14928,174880628242.25408,10148640671.8952,true,true,90032459850475624145.7684798786958648,84637817286808192928.228169809860876,5394642563667431217.5403100688349888,true,true,372438859999.86208,352481370694.50992,19957489305.35216,true,true,176999489329217630784.2763037801981293,165701930939498530063.9284535419899687,11297558389719100720.3478502382081606,true,true
22,0x8ad599c3a0ff1de082011efddc58f1908eb6e6d8,25230623,200815,834740697800252201,6,S22_P6,191880:202500,0xc36442b4a4522e871399cd717abdd847ab11fe88:191880:202500,0xc36442b4a4522e871399cd717abdd847ab11fe88,191880,202500,26626064536785294,0.0318974079099672,10620,8935,1685,1685,2507162385761.3271186440677966,0.0000030035224021,538.6469762662380123,2124.4147033360166397,12.499004653489072,171.8200688292289948,184.3190734827180668,171.8200688292289948,36556790050.725624,35391749895.47146,1165040155.254164,true,true,18643257291355662332.0092863838017684,18029825889667010909.5485850624396248,613431401688651422.4607013213621436,true,true,185029268914.14928,179211443180.90468,5817825733.2446,true,true,90032459850475624145.7684798786958648,86943536839115071572.6625706868126075,3088923011360552573.1059091918832573,true,true,372438859999.86208,360989059883.226,11449800116.63608,true,true,176999489329217630784.2763037801981293,170554312365514675364.8685736155125459,6445176963702955419.4077301646855834,true,true
22,0x8ad599c3a0ff1de082011efddc58f1908eb6e6d8,25230623,200815,834740697800252201,7,S22_P7,191160:204480,0xc36442b4a4522e871399cd717abdd847ab11fe88:191160:204480,0xc36442b4a4522e871399cd717abdd847ab11fe88,191160,204480,12459358629923232,0.0149260227310789,13320,9655,3665,3665,935387284528.7711711711711712,0.0000011205722771,538.6469762662380123,2124.4147033360166397,5.7817280343509149,151.4703266379178504,157.2520546722687653,151.4703266379178504,36556790050.725624,36011626632.65958,545163418.066044,true,true,18643257291355662332.0092863838017684,18356182832925807770.8623657111576024,287074458429854561.146920672644166,true,true,185029268914.14928,182307117650.29684,2722151263.85244,true,true,90032459850475624145.7684798786958648,88588724048044183798.5704526758347088,1443735802431440347.198027202861156,true,true,372438859999.86208,367078573325.87344,5360286673.98864,true,true,176999489329217630784.2763037801981293,173994586403352574518.2418933254988311,3004902925865056266.0344104546992982,true,true
22,0x8ad599c3a0ff1de082011efddc58f1908eb6e6d8,25230623,200815,834740697800252201,8,S22_P8,188700:203880,0xc36442b4a4522e871399cd717abdd847ab11fe88:188700:203880,0xc36442b4a4522e871399cd717abdd847ab11fe88,188700,203880,12073149088894465,0.0144633526563521,15180,12115,3065,3065,795332614551.677536231884058,0.0000009527900301,538.6469762662380123,2124.4147033360166397,5.6007588160565813,125.993997450804933,131.5947562668615143,125.993997450804933,36556790050.725624,36028525455.037264,528264595.68836,true,true,18643257291355662332.0092863838017684,18365080529622932889.5267992808531616,278176761732729442.4824871029486068,true,true,185029268914.14928,182391503497.9478,2637765416.20148,true,true,90032459850475624145.7684798786958648,88633524366243526272.1418709216654841,1398935484232097873.6266089570303807,true,true,372438859999.86208,367244662485.73612,5194197514.12596,true,true,176999489329217630784.2763037801981293,174088025162960417065.7069760383706972,2911464166257213718.5693277418274321,true,true
22,0x8ad599c3a0ff1de082011efddc58f1908eb6e6d8,25230623,200815,834740697800252201,9,S22_P9,187740:201600,0xc36442b4a4522e871399cd717abdd847ab11fe88:187740:201600,0xc36442b4a4522e871399cd717abdd847ab11fe88,187740,201600,28516071604276433,0.0341615925513436,13860,13075,785,785,2057436623685.1683261183261183,0.0000024647613673,538.6469762662380123,2124.4147033360166397,13.4069531453315986,92.0481014522899995,105.4550545976215981,92.0481014522899995,36556790050.725624,35309050318.97974,1247739731.745884,true,true,18643257291355662332.0092863838017684,17986291150204904555.7089396959512,656966141150757776.3003466878505684,true,true,185029268914.14928,178798396340.63164,6230872573.51764,true,true,90032459850475624145.7684798786958648,86723802814331738478.8218765609168881,3308657036143885666.9466033177789767,true,true,372438859999.86208,360177060256.61312,12261799743.24896,true,true,176999489329217630784.2763037801981293,170093472171920792191.9451235211757217,6906017157296838592.3311802590224076,true,true
22,0x8ad599c3a0ff1de082011efddc58f1908eb6e6d8,25230623,200815,834740697800252201,10,S22_P10,193560:201120,0xc36442b4a4522e871399cd717abdd847ab11fe88:193560:201120,0xc36442b4a4522e871399cd717abdd847ab11fe88,193560,201120,52835280018729343,0.0632954403181291,7560,7255,305,305,6988793653271.0771164021164021,0.0000083724127405,538.6469762662380123,2124.4147033360166397,25.3452282761144315,70.2841804748892373,95.6294087510036688,70.2841804748892373,36556790050.725624,34244919249.51052,2311870801.215104,true,true,18643257291355662332.0092863838017684,17426211261906936610.332313276924026,1217046029448725721.6769731068777424,true,true,185029268914.14928,173482085014.3,11547183899.84928,true,true,90032459850475624145.7684798786958648,83921732106919223321.2047908248401949,6110727743556400824.5636890538556699,true,true,372438859999.86208,349736992307.38344,22701867692.47864,true,true,176999489329217630784.2763037801981293,164229122411590798684.018569512534863,12770366917626832100.2577342676632663,true,true
22,0x8ad599c3a0ff1de082011efddc58f1908eb6e6d8,25230623,200815,834740697800252201,11,S22_P11,199500:200940,0xc36442b4a4522e871399cd717abdd847ab11fe88:199500:200940,0xc36442b4a4522e871399cd717abdd847ab11fe88,199500,200940,74647662261764564,0.0894261684598338,1440,1315,125,125,51838654348447.6138888888888889,0.0000621015058749,538.6469762662380123,2124.4147033360166397,33.8025474932765682,41.5434878349275161,75.3460353282040843,41.5434878349275161,36556790050.725624,33290454923.067876,3266335127.657748,true,true,18643257291355662332.0092863838017684,16924019047599810941.9069931879767916,1719238243755851390.1022931958249768,true,true,185029268914.14928,168710249698.19352,16319019215.95576,true,true,90032459850475624145.7684798786958648,83037541079974921104.7591556262414647,6994918770500703041.0093242524544001,true,true,372438859999.86208,340384819432.66564,32054040567.19644,true,true,176999489329217630784.2763037801981293,164939932625313622855.8327864369552447,12059556703904007928.4435173432428846,true,true
22,0x8ad599c3a0ff1de082011efddc58f1908eb6e6d8,25230623,200815,834740697800252201,12,S22_P12,199680:201120,0xc36442b4a4522e871399cd717abdd847ab11fe88:199680:201120,0xc36442b4a4522e871399cd717abdd847ab11fe88,199680,201120,42893015749820733,0.0513848382651696,1440,1135,305,305,29786816492931.0645833333333333,0.0000356839154619,538.6469762662380123,2124.4147033360166397,18.2841083742383347,56.8967898247329954,75.1808981989713301,56.8967898247329954,36556790050.725624,34679964324.044624,1876825726.681,true,true,18643257291355662332.0092863838017684,17655163222278350976.6743499038579316,988094069077311355.3349364799438368,true,true,185029268914.14928,175655912781.66212,9373356132.48716,true,true,90032459850475624145.7684798786958648,85067525203145863163.6723315169465085,4964934647329760982.0961483617493563,true,true,372438859999.86208,354003363753.86776,18435496245.99432,true,true,176999489329217630784.2763037801981293,166632531607644392892.7135159361511625,10366957721573237891.5627878440469668,true,true
22,0x8ad599c3a0ff1de082011efddc58f1908eb6e6d8,25230623,200815,834740697800252201,13,S22_P13,197340:201960,0xc36442b4a4522e871399cd717abdd847ab11fe88:197340:201960,0xc36442b4a4522e871399cd717abdd847ab11fe88,197340,201960,14329546314904278,0.01716646421178,4620,3475,1145,1145,3101633401494.4324675324675325,0.0000037156848943,538.6469762662380123,2124.4147033360166397,6.6596587725813456,64.53857290643124,71.1982316790125856,64.53857290643124,36556790050.725624,35929795399.41098,626994651.314644,true,true,18643257291355662332.0092863838017684,18313095945284105369.9288602313680332,330161346071556962.0804261524337352,true,true,185029268914.14928,181898479728.56212,3130789185.58716,true,true,90032459850475624145.7684798786958648,88371742012676683077.9901998556929608,1660717837798941067.778280023002904,true,true,372438859999.86208,366274359573.69664,6164500426.16544,true,true,176999489329217630784.2763037801981293,173541853000399215918.6383460437781157,3457636328818414865.6379577364200136,true,true
22,0x8ad599c3a0ff1de082011efddc58f1908eb6e6d8,25230623,200815,834740697800252201,14,S22_P14,198900:201960,0xc36442b4a4522e871399cd717abdd847ab11fe88:198900:201960,0xc36442b4a4522e871399cd717abdd847ab11fe88,198900,201960,12674134648836263,0.0151833194215111,3060,1915,1145,1145,4141874068247.1447712418300654,0.000004961869092,538.6469762662380123,2124.4147033360166397,5.8746366439906113,56.9885103857039339,62.8631470296945452,56.9885103857039339,36556790050.725624,36002228980.782732,554561069.942892,true,true,18643257291355662332.0092863838017684,18351234691168586423.2838147321379192,292022600187075908.7254716516638492,true,true,185029268914.14928,182260189434.94372,2769079479.20556,true,true,90032459850475624145.7684798786958648,88563808761746398445.148202809946864,1468651088729225700.6202770687490008,true,true,372438859999.86208,366986210909.74904,5452649090.11304,true,true,176999489329217630784.2763037801981293,173942615840517417540.8177203812664796,3056873488700213243.4585833989316497,true,true
22,0x8ad599c3a0ff1de082011efddc58f1908eb6e6d8,25230623,200815,834740697800252201,15,S22_P15,188400:201660,0xc36442b4a4522e871399cd717abdd847ab11fe88:188400:201660,0xc36442b4a4522e871399cd717abdd847ab11fe88,188400,201660,14896840159359299,0.0178460690830292,13260,12415,845,845,1123441942636.4478883861236802,0.0000013458573969,538.6469762662380123,2124.4147033360166397,6.9264923842519066,50.9499188778690269,57.8764112621209335,50.9499188778690269,36556790050.725624,35904973073.461292,651816977.264332,true,true,18643257291355662332.0092863838017684,18300027003931052244.267469244598066,343230287424610087.7418171392037024,true,true,185029268914.14928,181774523008.03,3254745906.11928,true,true,90032459850475624145.7684798786958648,88305910621054698518.9794734310679699,1726549229420925626.7890064476278949,true,true,372438859999.86208,366030432314.61612,6408427685.24596,true,true,176999489329217630784.2763037801981293,173404436580911191742.0155152511222659,3595052748306439042.2607885290758634,true,true
22,0x8ad599c3a0ff1de082011efddc58f1908eb6e6d8,25230623,200815,834740697800252201,16,S22_P16,189000:201540,0xc36442b4a4522e871399cd717abdd847ab11fe88:189000:201540,0xc36442b4a4522e871399cd717abdd847ab11fe88,189000,201540,14826952119053283,0.0177623448313063,12540,11815,725,725,1182372577276.9763157894736842,0.0000014164549307,538.6469762662380123,2124.4147033360166397,6.8936064146668722,44.0687901669390512,50.9623965816059234,44.0687901669390512,36556790050.725624,35908031072.664488,648758978.061136,true,true,18643257291355662332.0092863838017684,18301636239488689523.0335257659077236,341621051866972808.9757606178940448,true,true,185029268914.14928,181789794151.12488,3239474763.0244,true,true,90032459850475624145.7684798786958648,88314021044376900893.7179308125631633,1718438806098723252.0505490661327015,true,true,372438859999.86208,366060482734.23524,6378377265.62684,true,true,176999489329217630784.2763037801981293,173421367771662601006.1983201169419538,3578121557555029778.0779836632561755,true,true
22,0x8ad599c3a0ff1de082011efddc58f1908eb6e6d8,25230623,200815,834740697800252201,17,S22_P17,194040:201600,0xc36442b4a4522e871399cd717abdd847ab11fe88:194040:201600,0xc36442b4a4522e871399cd717abdd847ab11fe88,194040,201600,12855140492364825,0.0154001602248953,7560,6775,785,785,1700415409042.9662698412698413,0.0000020370582308,538.6469762662380123,2124.4147033360166397,5.9672999969935989,41.0420235017314297,47.0093234987250286,41.0420235017314297,36556790050.725624,35994308961.45382,562481089.271804,true,true,18643257291355662332.0092863838017684,18347064000880266690.545124624729222,296193290475395641.4641617590725464,true,true,185029268914.14928,182220639827.33612,2808629086.81316,true,true,90032459850475624145.7684798786958648,88542810397669253380.1132742521173727,1489649452806370765.6552056265784921,true,true,372438859999.86208,366908372005.58308,5530487994.279,true,true,176999489329217630784.2763037801981293,173898812392493379126.2673262890475013,3100676936724251658.008977491150628,true,true
22,0x8ad599c3a0ff1de082011efddc58f1908eb6e6d8,25230623,200815,834740697800252201,18,S22_P18,188100:201120,0xc36442b4a4522e871399cd717abdd847ab11fe88:188100:201120,0xc36442b4a4522e871399cd717abdd847ab11fe88,188100,201120,18561516073464219,0.0222362658516332,13020,12715,305,305,1425615673845.178110599078341,0.0000017078545201,538.6469762662380123,2124.4147033360166397,8.6561495580211918,24.4514607638257735,33.1076103218469653,24.4514607638257735,36556790050.725624,35744622376.98552,812167673.740104,true,true,18643257291355662332.0092863838017684,18215600488517216968.583820800838774,427656802838445363.4254655829629944,true,true,185029268914.14928,180973755821.04776,4055513093.10152,true,true,90032459850475624145.7684798786958648,87882388092576184544.812407258989223,2150071757899439600.9560726197066418,true,true,372438859999.86208,364454899285.29116,7983960714.57092,true,true,176999489329217630784.2763037801981293,172522177561674638794.3325891543307783,4477311767542991989.943714625867351,true,true
22,0x8ad599c3a0ff1de082011efddc58f1908eb6e6d8,25230623,200815,834740697800252201,19,S22_P19,197520:201120,0xc36442b4a4522e871399cd717abdd847ab11fe88:197520:201120,0xc36442b4a4522e871399cd717abdd847ab11fe88,197520,201120,14428787474922800,0.0172853528202785,3600,3295,305,305,4007996520811.8888888888888889,0.0000048014868945,538.6469762662380123,2124.4147033360166397,6.7063203500650186,18.985069299648895,25.6913896497139136,18.985069299648895,36556790050.725624,35925453036.276816,631337014.448808,true,true,18643257291355662332.0092863838017684,18310809676681478376.64164728906913,332447614674183955.3676390947326384,true,true,185029268914.14928,181876795138.08196,3152473776.06732,true,true,90032459850475624145.7684798786958648,88361234192183758152.4068853673125505,1671225658291865993.3615945113833143,true,true,372438859999.86208,366231686896.7916,6207173103.07048,true,true,176999489329217630784.2763037801981293,173521224658941407537.5696852078285154,3478264670276223246.7066185723696139,true,true
22,0x8ad599c3a0ff1de082011efddc58f1908eb6e6d8,25230623,200815,834740697800252201,20,S22_P20,198540:200820,0xc36442b4a4522e871399cd717abdd847ab11fe88:198540:200820,0xc36442b4a4522e871399cd717abdd847ab11fe88,198540,200820,14018803323214909,0.0167942013132436,2280,2275,5,5,6148597948778.468859649122807,0.000007365877769,538.6469762662380123,2124.4147033360166397,6.5136009775182912,0.2772041584796528,6.790805135997944,6.5136009775182912,36556790050.725624,35943392163.590636,613397887.134988,true,true,18643257291355662332.0092863838017684,18531179196743574954.7346949598983708,112078094612087377.2745914239033976,true,true,185029268914.14928,181966378170.496,3062890743.65328,true,true,90032459850475624145.7684798786958648,89902714287621273020.819607572430858,129745562854351124.9488723062650068,true,true,372438859999.86208,366407977834.11244,6030882165.74964,true,true,176999489329217630784.2763037801981293,176863292614994691471.5396721154219921,136196714222939312.7366316647761372,true,true
23,0x8ad599c3a0ff1de082011efddc58f1908eb6e6d8,25220623,200334,1105340349770446130,1,S23_P1,198300:201900,0xc36442b4a4522e871399cd717abdd847ab11fe88:198300:201900,0xc36442b4a4522e871399cd717abdd847ab11fe88,198300,201900,128693041688885584,0.1164284301352178,3600,2034,1566,1566,35748067135801.5511111111111111,0.0000323412305931,460.2896712818771789,1098.4126151412887379,54.2958257452212335,429.2645951859736522,483.5604209311948857,429.2645951859736522,49574376490.143436,43806992053.25552,5767384436.887916,true,true,23410273805131012264.1808108548305075,20435330094648697774.292790450823001,2974943710482314489.8880204040075065,true,true,250016314468.57632,221081854478.55368,28934459990.02264,true,true,105530146377450668476.3873128794409712,91181094345172688557.1133822442165344,14349052032277979919.2739306352244368,true,true,501345432392.56645,443664076911.50232,57681355481.06413,true,true,204485732151863326051.6072476450536144,174318964987879745488.6604154066816816,30166767163983580562.9468322383719328,true,true
23,0x8ad599c3a0ff1de082011efddc58f1908eb6e6d8,25220623,200334,1105340349770446130,2,S23_P2,198120:207240,0xc36442b4a4522e871399cd717abdd847ab11fe88:198120:207240,0xc36442b4a4522e871399cd717abdd847ab11fe88,198120,207240,22894220680805662,0.0207123721535727,9120,2214,6906,2214,2510331215000.6208333333333333,0.0000022710934379,460.2896712818771789,1098.4126151412887379,8.70878182592822,221.8326405447608755,230.5414223706890955,221.8326405447608755,49574376490.143436,48548394072.073588,1025982418.069848,true,true,23410273805131012264.1808108548305075,22879885327277387397.0742106376845634,530388477853624867.1066002171459441,true,true,250016314468.57632,244871887040.3182,5144427428.25812,true,true,105530146377450668476.3873128794409712,102953314623088796169.9852392789470496,2576831754361872306.4020736004939216,true,true,501345432392.56645,491057414830.76068,10288017561.80577,true,true,204485732151863326051.6072476450536144,199102774079419594934.552909897601112,5382958072443731117.0543377474525024,true,true
23,0x8ad599c3a0ff1de082011efddc58f1908eb6e6d8,25220623,200334,1105340349770446130,3,S23_P3,199140:206280,0xc36442b4a4522e871399cd717abdd847ab11fe88:199140:206280,0xc36442b4a4522e871399cd717abdd847ab11fe88,199140,206280,20626635535267928,0.0186608907740965,7140,1194,5946,1194,2888884528749.0095238095238095,0.0000026135701364,460.2896712818771789,1098.4126151412887379,7.2715807887418571,171.6672743811000156,178.9388551698418727,171.6672743811000156,49574376490.143436,48650014115.03838,924362375.105056,true,true,23410273805131012264.1808108548305075,22932399686445802174.2179128304864018,477874118685210089.9628980243441057,true,true,250016314468.57632,245381471380.60632,4634843087.97,true,true,105530146377450668476.3873128794409712,103208146301506707755.8187415490922272,2322000075943960720.568571330348744,true,true,501345432392.56645,492073042488.54136,9272389904.02509,true,true,204485732151863326051.6072476450536144,199635699184732115248.7195907674303888,4850032967131210802.8876568776232256,true,true
23,0x8ad599c3a0ff1de082011efddc58f1908eb6e6d8,25220623,200334,1105340349770446130,4,S23_P4,198480:201960,0xc36442b4a4522e871399cd717abdd847ab11fe88:198480:201960,0xc36442b4a4522e871399cd717abdd847ab11fe88,198480,201960,46439203126569357,0.0420134876431623,3480,1854,1626,1626,13344598599588.8956896551724138,0.0000120728412768,460.2896712818771789,1098.4126151412887379,18.0437572030188487,137.6795730210362178,155.7233302240550665,137.6795730210362178,49574376490.143436,47493238771.799944,2081137718.343492,true,true,23410273805131012264.1808108548305075,22334878703107655586.0212989931965346,1075395102023356678.1595118616339729,true,true,250016314468.57632,239580053826.64768,10436260641.92864,true,true,105530146377450668476.3873128794409712,100312815628779244151.0032776455002592,5217330748671424325.384035233940712,true,true,501345432392.56645,480511570362.89032,20833862029.67613,true,true,204485732151863326051.6072476450536144,193572739184912374087.544524700536072,10912992966950951964.0627229445175424,true,true
23,0x8ad599c3a0ff1de082011efddc58f1908eb6e6d8,25220623,200334,1105340349770446130,5,S23_P5,197100:207420,0xc36442b4a4522e871399cd717abdd847ab11fe88:197100:207420,0xc36442b4a4522e871399cd717abdd847ab11fe88,197100,207420,14236413679360489,0.0128796652382382,10320,3234,7086,3234,1379497449550.4349806201550388,0.0000012480295773,460.2896712818771789,1098.4126151412887379,5.3746836199790982,128.8972913986896721,134.2719750186687703,128.8972913986896721,49574376490.143436,48936386394.858396,637990095.28504,true,true,23410273805131012264.1808108548305075,23080410556088343019.8646959712191522,329863249042669244.3161148836113553,true,true,250016314468.57632,246817459068.12164,3198855400.45468,true,true,105530146377450668476.3873128794409712,103926756206447382862.9612682417533888,1603390171003285613.4260446376875824,true,true,501345432392.56645,494935132182.81292,6410300209.75353,true,true,204485732151863326051.6072476450536144,201137811729118200405.9529006891151248,3347920422745125645.6543469559384896,true,true
23,0x8ad599c3a0ff1de082011efddc58f1908eb6e6d8,25220623,200334,1105340349770446130,6,S23_P6,199500:200940,0xc36442b4a4522e871399cd717abdd847ab11fe88:199500:200940,0xc36442b4a4522e871399cd717abdd847ab11fe88,199500,200940,74647662261764564,0.0675336445261111,1440,834,606,606,51838654348447.6138888888888889,0.0000468983642542,460.2896712818771789,1098.4126151412887379,24.3348148376808861,97.0251141870590414,121.3599290247399275,97.0251141870590414,49574376490.143436,46229078579.473808,3345297910.669628,true,true,23410273805131012264.1808108548305075,21682608282996602028.4087133719891891,1727665522134410235.7720974828413184,true,true,250016314468.57632,233238334726.70124,16777979741.87508,true,true,105530146377450668476.3873128794409712,97163630213678026659.342868610942704,8366516163772641817.0444442684982672,true,true,501345432392.56645,467876111768.13484,33469320624.43161,true,true,204485732151863326051.6072476450536144,186956964863968340024.527752263132896,17528767287894986027.0794953819207184,true,true
23,0x8ad599c3a0ff1de082011efddc58f1908eb6e6d8,25220623,200334,1105340349770446130,7,S23_P7,191880:202500,0xc36442b4a4522e871399cd717abdd847ab11fe88:191880:202500,0xc36442b4a4522e871399cd717abdd847ab11fe88,191880,202500,26626064536785294,0.0240885665146621,10620,8454,2166,2166,2507162385761.3271186440677966,0.0000022682266021,460.2896712818771789,1098.4126151412887379,10.1625766052514248,97.0078333839579514,107.1704099892093762,97.0078333839579514,49574376490.143436,48381154230.78614,1193222259.357296,true,true,23410273805131012264.1808108548305075,22793470513708335118.8934554175292934,616803291422677145.2873554373012141,true,true,250016314468.57632,244033222212.58972,5983092255.9866,true,true,105530146377450668476.3873128794409712,102534125785597667641.1208582380964112,2996020591853000835.26645464134456,true,true,501345432392.56645,489385950882.29908,11959481510.26737,true,true,204485732151863326051.6072476450536144,198225842388119870961.8906458582378768,6259889763743455089.7166017868157376,true,true
23,0x8ad599c3a0ff1de082011efddc58f1908eb6e6d8,25220623,200334,1105340349770446130,8,S23_P8,193560:201120,0xc36442b4a4522e871399cd717abdd847ab11fe88:193560:201120,0xc36442b4a4522e871399cd717abdd847ab11fe88,193560,201120,52835280018729343,0.047800010222826,7560,6774,786,786,6988793653271.0771164021164021,0.000006322752675,460.2896712818771789,1098.4126151412887379,20.6663257627925863,85.2729975012311104,105.9393232640236967,85.2729975012311104,49574376490.143436,47206600371.557548,2367776118.585888,true,true,23410273805131012264.1808108548305075,22186912843996770133.5879511896496708,1223360961134242130.5928596651808367,true,true,250016314468.57632,238142286437.18208,11874028031.39424,true,true,105530146377450668476.3873128794409712,99597330262413020844.761975922782296,5932816115037647631.6253369566586752,true,true,501345432392.56645,477646652556.07448,23698779836.49197,true,true,204485732151863326051.6072476450536144,192071675008848935442.518368308034816,12414057143014390609.0888793370187984,true,true
23,0x8ad599c3a0ff1de082011efddc58f1908eb6e6d8,25220623,200334,1105340349770446130,9,S23_P9,191160:204480,0xc36442b4a4522e871399cd717abdd847ab11fe88:191160:204480,0xc36442b4a4522e871399cd717abdd847ab11fe88,191160,204480,12459358629923232,0.0112719658090024,13320,9174,4146,4146,935387284528.7711711711711712,0.0000008462436794,460.2896712818771789,1098.4126151412887379,4.6968391758024145,74.3775051637660999,79.0743443395685144,74.3775051637660999,49574376490.143436,49016023458.795552,558353031.347884,true,true,23410273805131012264.1808108548305075,23121577247923159228.183694567737467,288696557207853035.9971162870930405,true,true,250016314468.57632,247216777423.89432,2799537044.682,true,true,105530146377450668476.3873128794409712,104126717220310913703.0131175296488336,1403429157139754773.3741953497921376,true,true,501345432392.56645,495731044030.38188,5614388362.18457,true,true,204485732151863326051.6072476450536144,201555607960443392763.0730021962594704,2930124191419933288.534245448794144,true,true
23,0x8ad599c3a0ff1de082011efddc58f1908eb6e6d8,25220623,200334,1105340349770446130,10,S23_P10,199020:200400,0xc36442b4a4522e871399cd717abdd847ab11fe88:199020:200400,0xc36442b4a4522e871399cd717abdd847ab11fe88,199020,200400,141975341384748246,0.1284449096735076,1380,1314,66,66,102880682162861.0478260869565217,0.0000930760215025,460.2896712818771789,1098.4126151412887379,55.8749012395333203,22.5194843597354479,78.3943855992687682,55.8749012395333203,49574376490.143436,43211724981.518964,6362651508.624472,true,true,23410273805131012264.1808108548305075,20129354759314870374.8350040147574675,3280919045816141889.34580684007304,true,true,250016314468.57632,218092827766.56344,31923486702.01288,true,true,105530146377450668476.3873128794409712,95524115253459791582.8378490086282448,10006031123990876893.5494638708127264,true,true,501345432392.56645,437712817547.88648,63632614844.67997,true,true,204485732151863326051.6072476450536144,188961062950008869787.6386428320058704,15524669201854456263.968604813047744,true,true
23,0x8ad599c3a0ff1de082011efddc58f1908eb6e6d8,25220623,200334,1105340349770446130,11,S23_P11,187740:201600,0xc36442b4a4522e871399cd717abdd847ab11fe88:187740:201600,0xc36442b4a4522e871399cd717abdd847ab11fe88,187740,201600,28516071604276433,0.0257984534900934,13860,12594,1266,1266,2057436623685.1683261183261183,0.0000018613602807,460.2896712818771789,1098.4126151412887379,10.902739451124896,67.211443712559443,78.114183163684339,67.211443712559443,49574376490.143436,48296454858.095172,1277921632.048264,true,true,23410273805131012264.1808108548305075,22749709687256505804.3185483522872721,660564117874506459.8622625025432354,true,true,250016314468.57632,243608465507.62476,6407848960.95156,true,true,105530146377450668476.3873128794409712,102321920077688273139.009810911287232,3208226299762395337.3775019681537392,true,true,501345432392.56645,488539426403.6088,12806005988.95765,true,true,204485732151863326051.6072476450536144,197781775788975358828.040502926069032,6703956362887967223.5667447189845824,true,true
23,0x8ad599c3a0ff1de082011efddc58f1908eb6e6d8,25220623,200334,1105340349770446130,12,S23_P12,197340:201960,0xc36442b4a4522e871399cd717abdd847ab11fe88:197340:201960,0xc36442b4a4522e871399cd717abdd847ab11fe88,197340,201960,14329546314904278,0.0129639222144385,4620,2994,1626,1626,3101633401494.4324675324675325,0.0000028060437694,460.2896712818771789,1098.4126151412887379,5.4102644145246747,40.343096884459112,45.7533612989837867,40.343096884459112,49574376490.143436,48932212741.201956,642163748.94148,true,true,23410273805131012264.1808108548305075,23078253377782587397.4139879915038628,332020427348424866.7668228633266447,true,true,250016314468.57632,246796531258.33608,3219783210.24024,true,true,105530146377450668476.3873128794409712,103916277992955662694.602949189238608,1613868384495005781.7843636902023632,true,true,501345432392.56645,494893419665.74688,6452012726.81957,true,true,204485732151863326051.6072476450536144,201115916556452401101.681142541386552,3369815595410924949.9261051036670624,true,true
23,0x8ad599c3a0ff1de082011efddc58f1908eb6e6d8,25220623,200334,1105340349770446130,13,S23_P13,189000:201540,0xc36442b4a4522e871399cd717abdd847ab11fe88:189000:201540,0xc36442b4a4522e871399cd717abdd847ab11fe88,189000,201540,14826952119053283,0.0134139246089519,12540,11334,1206,1206,1182372577276.9763157894736842,0.0000010696909577,460.2896712818771789,1098.4126151412887379,5.6003994105348696,32.9669653736374089,38.5673647841722785,32.9669653736374089,49574376490.143436,48909921953.709428,664454536.434008,true,true,23410273805131012264.1808108548305075,23066731358085624469.2570822675912393,343542447045387794.9237285872392682,true,true,250016314468.57632,246684758985.9528,3331555482.62352,true,true,105530146377450668476.3873128794409712,103860318391733629343.1592883159986048,1669827985717039133.2280245634423664,true,true,501345432392.56645,494670639866.59196,6674792525.97449,true,true,204485732151863326051.6072476450536144,200998979702243557792.3376779399408128,3486752449619768259.2695697051128016,true,true
23,0x8ad599c3a0ff1de082011efddc58f1908eb6e6d8,25220623,200334,1105340349770446130,14,S23_P14,188100:201120,0xc36442b4a4522e871399cd717abdd847ab11fe88:188100:201120,0xc36442b4a4522e871399cd717abdd847ab11fe88,188100,201120,18561516073464219,0.0167925798396114,13020,12234,786,786,1425615673845.178110599078341,0.0000012897526759,460.2896712818771789,1098.4126151412887379,7.0335627338307883,29.072129909368227,36.1056926431990153,29.072129909368227,49574376490.143436,48742560739.61586,831815750.527576,true,true,23410273805131012264.1808108548305075,22980228360905738531.562191100735645,430045444225273732.6186197540948625,true,true,250016314468.57632,245845546982.53848,4170767486.03784,true,true,105530146377450668476.3873128794409712,103440302086126148784.209771647932752,2089844291324519692.1775412315082192,true,true,501345432392.56645,492997983963.32332,8347448429.24313,true,true,204485732151863326051.6072476450536144,200121088482986007190.5131310075599792,4364643668877318861.0941166374936352,true,true
23,0x8ad599c3a0ff1de082011efddc58f1908eb6e6d8,25220623,200334,1105340349770446130,15,S23_P15,194040:201600,0xc36442b4a4522e871399cd717abdd847ab11fe88:194040:201600,0xc36442b4a4522e871399cd717abdd847ab11fe88,194040,201600,12855140492364825,0.0116300291534952,7560,6294,1266,1266,1700415409042.9662698412698413,0.0000015383636446,460.2896712818771789,1098.4126151412887379,4.8476337302739112,29.6011535484224421,34.4487872786963533,29.6011535484224421,49574376490.143436,48998286868.598808,576089621.544628,true,true,23410273805131012264.1808108548305075,23112408560145894153.8874348118018645,297865244985118110.293376043028643,true,true,250016314468.57632,247127842609.06232,2888471859.514,true,true,105530146377450668476.3873128794409712,104082177659756708937.4129034952244512,1447968717693959538.97440938421652,true,true,501345432392.56645,495553780332.58876,5791652059.97769,true,true,204485732151863326051.6072476450536144,201462554485240268586.00403583090416,3023177666623057465.6032118141494544,true,true
23,0x8ad599c3a0ff1de082011efddc58f1908eb6e6d8,25220623,200334,1105340349770446130,16,S23_P16,197520:201120,0xc36442b4a4522e871399cd717abdd847ab11fe88:197520:201120,0xc36442b4a4522e871399cd717abdd847ab11fe88,197520,201120,14428787474922800,0.0130537055649143,3600,2814,786,786,4007996520811.8888888888888889,0.0000036260293236,460.2896712818771789,1098.4126151412887379,5.4481856908466174,22.5054041831923089,27.9535898740389263,22.5054041831923089,49574376490.143436,48927765339.460664,646611150.682772,true,true,23410273805131012264.1808108548305075,23075954247341438571.6128834221791579,334319557789573692.5679274326513496,true,true,250016314468.57632,246774230781.47408,3242083687.10224,true,true,105530146377450668476.3873128794409712,103905112669400658155.756146242213248,1625033708050010320.6311666372277232,true,true,501345432392.56645,494848971230.60184,6496461161.96461,true,true,204485732151863326051.6072476450536144,201092585355909614595.553448165205448,3393146795953711456.0537994798481664,true,true
23,0x8ad599c3a0ff1de082011efddc58f1908eb6e6d8,25220623,200334,1105340349770446130,17,S23_P17,198540:200820,0xc36442b4a4522e871399cd717abdd847ab11fe88:198540:200820,0xc36442b4a4522e871399cd717abdd847ab11fe88,198540,200820,14018803323214909,0.0126827934274961,2280,1794,486,486,6148597948778.468859649122807,0.0000055626286963,460.2896712818771789,1098.4126151412887379,5.2885410104383794,14.4061748170261194,19.6947158274644988,14.4061748170261194,49574376490.143436,48946138402.833128,628238087.310308,true,true,23410273805131012264.1808108548305075,23085451458571021452.2373060718901102,324822346559990811.9435047829403973,true,true,250016314468.57632,246866358210.5072,3149956258.06912,true,true,105530146377450668476.3873128794409712,103951239678159667727.983276117973752,1578906699291000748.4040367614672192,true,true,501345432392.56645,495032596244.17972,6312836148.38673,true,true,204485732151863326051.6072476450536144,201188971485077357647.9781044254091968,3296760666785968403.6291432196444176,true,true
23,0x8ad599c3a0ff1de082011efddc58f1908eb6e6d8,25220623,200334,1105340349770446130,18,S23_P18,198540:200640,0xc36442b4a4522e871399cd717abdd847ab11fe88:198540:200640,0xc36442b4a4522e871399cd717abdd847ab11fe88,198540,200640,16630142684090819,0.0150452688057072,2100,1794,306,306,7919115563852.770952380952381,0.000007164413717,460.2896712818771789,1098.4126151412887379,6.2869635326034942,11.2651294569046482,17.5520929895081424,11.2651294569046482,49574376490.143436,48829113577.281496,745262912.86194,true,true,23410273805131012264.1808108548305075,23024963003889508436.7007456138927918,385310801241503827.4800652409377157,true,true,250016314468.57632,246279558936.32564,3736755532.25068,true,true,105530146377450668476.3873128794409712,103657488896191137714.1751289603179744,1872657481259530762.2121839191229968,true,true,501345432392.56645,493863019017.92668,7482413374.63977,true,true,204485732151863326051.6072476450536144,200575082330349932406.9524877642291776,3910649821513393644.6547598808244368,true,true
23,0x8ad599c3a0ff1de082011efddc58f1908eb6e6d8,25220623,200334,1105340349770446130,19,S23_P19,199800:200340,0xc36442b4a4522e871399cd717abdd847ab11fe88:199800:200340,0xc36442b4a4522e871399cd717abdd847ab11fe88,199800,200340,38211842648838261,0.0345702051470156,540,534,6,6,70762671571922.7055555555555556,0.0000640188984204,460.2896712818771789,1098.4126151412887379,9.9318063061233112,0.5573844521848735,10.4891907583081847,9.9318063061233112,49574376490.143436,47861944506.8803,1712431983.263136,true,true,23410273805131012264.1808108548305075,22990817042245433411.0374659807486679,419456762885578853.1433448740818396,true,true,250016314468.57632,241429330749.23492,8586983719.3414,true,true,105530146377450668476.3873128794409712,105082993330634759688.219603212736712,447153046815908788.1677096667042592,true,true,501345432392.56645,484196685720.64712,17148746671.91933,true,true,204485732151863326051.6072476450536144,203992441662984962244.075813974260136,493290488878363807.5314336707934784,true,true
23,0x8ad599c3a0ff1de082011efddc58f1908eb6e6d8,25220623,200334,1105340349770446130,20,S23_P20,200280:200340,0xc36442b4a4522e871399cd717abdd847ab11fe88:200280:200340,0xc36442b4a4522e871399cd717abdd847ab11fe88,200280,200340,74538950544704773,0.0674352931747989,60,54,6,6,1242315842411746.2166666666666667,0.0011239215529133,460.2896712818771789,1098.4126151412887379,3.0560077435914805,1.0876538853425596,4.1436616289340401,3.0560077435914805,49574376490.143436,46233950518.008944,3340425972.134492,true,true,23410273805131012264.1808108548305075,22597016007971007402.9464201385772958,813257797160004861.2343907162532117,true,true,250016314468.57632,239771891532.4022,10244422936.17412,true,true,105530146377450668476.3873128794409712,104656554670646621796.6142849584981936,873591706804046679.7730279209427776,true,true,501345432392.56645,485895799089.32112,15449633303.24533,true,true,204485732151863326051.6072476450536144,203522985665652337165.3327218170956736,962746486210988886.2745258279579408,true,true
24,0x8ad599c3a0ff1de082011efddc58f1908eb6e6d8,25210623,200190,972917199112920387,1,S24_P1,198300:201900,0xc36442b4a4522e871399cd717abdd847ab11fe88:198300:201900,0xc36442b4a4522e871399cd717abdd847ab11fe88,198300,201900,128693041688885584,0.1322754308447054,3600,1890,1710,1710,35748067135801.5511111111111111,0.0000367431752346,508.4910776529970061,928.9208091674069374,66.8274916072535188,336.4327516698788278,403.2602432771323466,336.4327516698788278,43953012275.402024,38143805966.269464,5809206309.13256,true,true,21689697684091677488.378698576847736,18820683747578572734.312413346101472,2869013936513104754.066285230746264,true,true,222095424476.34828,193017430524.78228,29077993951.566,true,true,106996214378012480071.7111793442573688,92158896819205927462.1159980470402484,14837317558806552609.5951812972171204,true,true,445914251895.1792,388260063348.17792,57654188547.00128,true,true,212801471070755010963.9084640030873744,182216406240806310903.164701584443956,30585064829948700060.7437624186434184,true,true
24,0x8ad599c3a0ff1de082011efddc58f1908eb6e6d8,25210623,200190,972917199112920387,2,S24_P2,198120:207240,0xc36442b4a4522e871399cd717abdd847ab11fe88:198120:207240,0xc36442b4a4522e871399cd717abdd847ab11fe88,198120,207240,22894220680805662,0.0235315201557543,9120,2070,7050,2070,2510331215000.6208333333333333,0.0000025802105434,508.4910776529970061,928.9208091674069374,10.8343009792660016,138.0817092561000363,148.9160102353660379,138.0817092561000363,43953012275.402024,42919601084.764976,1033411190.637048,true,true,21689697684091677488.378698576847736,21179305856266376715.42518915027892,510391827825300772.953509426568816,true,true,222095424476.34828,216928348315.37352,5167076160.97476,true,true,106996214378012480071.7111793442573688,104352609359328087310.5926537480645652,2643605018684392761.1185255961928036,true,true,445914251895.1792,435655950132.67628,10258301762.50292,true,true,212801471070755010963.9084640030873744,207382392653777975490.2944904854124292,5419078416977035473.6139735176749452,true,true
24,0x8ad599c3a0ff1de082011efddc58f1908eb6e6d8,25210623,200190,972917199112920387,3,S24_P3,198480:201960,0xc36442b4a4522e871399cd717abdd847ab11fe88:198480:201960,0xc36442b4a4522e871399cd717abdd847ab11fe88,198480,201960,46439203126569357,0.0477319171342755,3480,1710,1770,1710,13344598599588.8956896551724138,0.000013716068142,508.4910776529970061,928.9208091674069374,22.0577136560571329,102.1793698324243341,124.237083488481467,102.1793698324243341,43953012275.402024,41856801339.299696,2096210936.102328,true,true,21689697684091677488.378698576847736,20654406501851601587.6506863212982,1035291182240075900.728012255549536,true,true,222095424476.34828,211612297243.37748,10483127232.9708,true,true,106996214378012480071.7111793442573688,101634591980244450358.2002021868691516,5361622397768029713.5109771573882172,true,true,445914251895.1792,425107372247.52528,20806879647.65392,true,true,212801471070755010963.9084640030873744,201798455567258258041.462810924079254,11003015503496752922.4456530790081204,true,true
24,0x8ad599c3a0ff1de082011efddc58f1908eb6e6d8,25210623,200190,972917199112920387,4,S24_P4,199140:206280,0xc36442b4a4522e871399cd717abdd847ab11fe88:199140:206280,0xc36442b4a4522e871399cd717abdd847ab11fe88,199140,206280,20626635535267928,0.0212008129305091,7140,1050,6090,1050,2888884528749.0095238095238095,0.0000029693015309,508.4910776529970061,928.9208091674069374,8.4914742726411731,107.5287649362052686,116.0202392088464417,107.5287649362052686,43953012275.402024,43021957105.69632,931055169.705704,true,true,21689697684091677488.378698576847736,21229858349306651947.150725000823144,459839334785025541.227973576024592,true,true,222095424476.34828,217440211094.27328,4655213382.075,true,true,106996214378012480071.7111793442573688,104614431283610101651.1738934622081692,2381783094402378420.5372858820491996,true,true,445914251895.1792,436671933317.58784,9242318577.59136,true,true,212801471070755010963.9084640030873744,207919608973373121048.3073225324433592,4881862097381889915.6011414706440152,true,true
24,0x8ad599c3a0ff1de082011efddc58f1908eb6e6d8,25210623,200190,972917199112920387,5,S24_P5,199500:200940,0xc36442b4a4522e871399cd717abdd847ab11fe88:199500:200940,0xc36442b4a4522e871399cd717abdd847ab11fe88,199500,200940,74647662261764564,0.0767256065879258,1440,690,750,690,51838654348447.6138888888888889,0.0000532816712416,508.4910776529970061,928.9208091674069374,26.8400351963480195,85.2361423597055018,112.0761775560535213,85.2361423597055018,43953012275.402024,40583475929.998568,3369536345.403456,true,true,21689697684091677488.378698576847736,20025542495142556321.672245373257616,1664155188949121166.70645320359012,true,true,222095424476.34828,205239899719.97224,16855524756.37604,true,true,106996214378012480071.7111793442573688,98380574638247933424.381212287832504,8615639739764546647.3299670564248648,true,true,445914251895.1792,412470626135.08752,33443625760.09168,true,true,212801471070755010963.9084640030873744,195095459946648032114.658148815860924,17706011124106978849.2503151872264504,true,true
24,0x8ad599c3a0ff1de082011efddc58f1908eb6e6d8,25210623,200190,972917199112920387,6,S24_P6,193560:201120,0xc36442b4a4522e871399cd717abdd847ab11fe88:193560:201120,0xc36442b4a4522e871399cd717abdd847ab11fe88,193560,201120,52835280018729343,0.0543060396783027,7560,6630,930,930,6988793653271.0771164021164021,0.0000071833385818,508.4910776529970061,928.9208091674069374,25.7847841808403621,70.5450255011259907,96.3298096819663528,70.5450255011259907,43953012275.402024,41568085450.983852,2384926824.418172,true,true,21689697684091677488.378698576847736,20511815900852978697.152487364598344,1177881783238698791.226211212249392,true,true,222095424476.34828,210167750231.61192,11927674244.73636,true,true,106996214378012480071.7111793442573688,100896485442449441704.7667177087494768,6099728935563038366.944461635507892,true,true,445914251895.1792,422241989821.47432,23672262073.70488,true,true,212801471070755010963.9084640030873744,200279789035563158197.308349474491428,12521682035191852766.6001145285959464,true,true
24,0x8ad599c3a0ff1de082011efddc58f1908eb6e6d8,25210623,200190,972917199112920387,7,S24_P7,197100:207420,0xc36442b4a4522e871399cd717abdd847ab11fe88:197100:207420,0xc36442b4a4522e871399cd717abdd847ab11fe88,197100,207420,14236413679360489,0.0146327084076023,10320,3090,7230,3090,1379497449550.4349806201550388,0.0000014178981015,508.4910776529970061,928.9208091674069374,6.679111285791006,75.2094844017325145,81.8885956875235205,75.2094844017325145,43953012275.402024,43310403200.98156,642609074.420464,true,true,21689697684091677488.378698576847736,21372318411502835066.830471891154664,317379272588842421.548226685693072,true,true,222095424476.34828,218882575121.7812,3212849354.56708,true,true,106996214378012480071.7111793442573688,105352294111511535689.6102980707859988,1643920266500944382.10088127347137,true,true,445914251895.1792,439535118656.1952,6379133238.984,true,true,212801471070755010963.9084640030873744,209432968630276504885.6640828397824888,3368502440478506078.2443811633048856,true,true
24,0x8ad599c3a0ff1de082011efddc58f1908eb6e6d8,25210623,200190,972917199112920387,8,S24_P8,191880:202500,0xc36442b4a4522e871399cd717abdd847ab11fe88:191880:202500,0xc36442b4a4522e871399cd717abdd847ab11fe88,191880,202500,26626064536785294,0.0273672462169054,10620,8310,2310,2310,2507162385761.3271186440677966,0.0000025769535044,508.4910776529970061,928.9208091674069374,12.6477115280480334,68.5875461527847167,81.2352576808327501,68.5875461527847167,43953012275.402024,42751149926.494376,1201862348.907648,true,true,21689697684091677488.378698576847736,21096110396637919203.880655099305608,593587287453758284.498043477542128,true,true,222095424476.34828,216085914859.935,6009509616.41328,true,true,106996214378012480071.7111793442573688,103921734822756249519.3193774966038996,3074479555256230552.3918018476534692,true,true,445914251895.1792,433983938156.964,11930313738.2152,true,true,212801471070755010963.9084640030873744,206498055435613735466.5888704542216504,6303415635141275497.319593548865724,true,true
24,0x8ad599c3a0ff1de082011efddc58f1908eb6e6d8,25210623,200190,972917199112920387,9,S24_P9,187740:201600,0xc36442b4a4522e871399cd717abdd847ab11fe88:187740:201600,0xc36442b4a4522e871399cd717abdd847ab11fe88,187740,201600,28516071604276433,0.0293098648377032,13860,12450,1410,1410,2057436623685.1683261183261183,0.0000021147088627,508.4910776529970061,928.9208091674069374,13.571383646299161,50.4243410166143968,63.9957246629135578,50.4243410166143968,43953012275.402024,42665837033.214552,1287175242.187472,true,true,21689697684091677488.378698576847736,21053975712057590847.40556427357992,635721972034086640.973134303267816,true,true,222095424476.34828,215659240298.44032,6436184177.90796,true,true,106996214378012480071.7111793442573688,103703524776800239390.2980927669800152,3292689601212240681.4130865772773536,true,true,445914251895.1792,433137153367.72884,12777098527.45036,true,true,212801471070755010963.9084640030873744,206050075169449675387.9771848213922028,6751395901305335575.9312791816951716,true,true
24,0x8ad599c3a0ff1de082011efddc58f1908eb6e6d8,25210623,200190,972917199112920387,10,S24_P10,191160:204480,0xc36442b4a4522e871399cd717abdd847ab11fe88:191160:204480,0xc36442b4a4522e871399cd717abdd847ab11fe88,191160,204480,12459358629923232,0.0128061860159152,13320,9030,4290,4290,935387284528.7711711711711712,0.0000009614253766,508.4910776529970061,928.9208091674069374,5.8350793054962748,47.259437856891453,53.0945171623877278,47.259437856891453,43953012275.402024,43390616913.5736,562395361.828424,true,true,21689697684091677488.378698576847736,21411935181022647398.473967980438896,277762503069030089.90473059640884,true,true,222095424476.34828,219283655593.78984,2811768882.55844,true,true,106996214378012480071.7111793442573688,105557491997012383217.2775515967640164,1438722381000096854.4336277474933524,true,true,445914251895.1792,440331360187.95824,5582891707.22096,true,true,212801471070755010963.9084640030873744,209853670883070413916.5978945173022024,2947800187684597047.310569485785172,true,true
24,0x8ad599c3a0ff1de082011efddc58f1908eb6e6d8,25210623,200190,972917199112920387,11,S24_P11,197340:201960,0xc36442b4a4522e871399cd717abdd847ab11fe88:197340:201960,0xc36442b4a4522e871399cd717abdd847ab11fe88,197340,201960,14329546314904278,0.0147284335480651,4620,2850,1770,1770,3101633401494.4324675324675325,0.0000031879726295,508.4910776529970061,928.9208091674069374,6.7234279683133321,29.0693193819303782,35.7927473502437103,29.0693193819303782,43953012275.402024,43306199325.393424,646812950.0086,true,true,21689697684091677488.378698576847736,21370242325077427857.96732761850496,319455359014249630.411370958342776,true,true,222095424476.34828,218861554798.1616,3233869678.18668,true,true,106996214378012480071.7111793442573688,105341540088849525902.8549515647773784,1654674289162954168.8562277794799904,true,true,445914251895.1792,439493389137.32572,6420862757.85348,true,true,212801471070755010963.9084640030873744,209410918507207232970.8676556390892512,3390552563547777993.0408083639981232,true,true
24,0x8ad599c3a0ff1de082011efddc58f1908eb6e6d8,25210623,200190,972917199112920387,12,S24_P12,198000:200280,0xc36442b4a4522e871399cd717abdd847ab11fe88:198000:200280,0xc36442b4a4522e871399cd717abdd847ab11fe88,198000,200280,51032266777798470,0.0524528365048211,2280,2190,90,90,22382573148157.2236842105263158,0.000023005630046,508.4910776529970061,928.9208091674069374,24.8578293929628773,8.2142747643331062,33.0721041572959835,24.8578293929628773,43953012275.402024,41649472733.27388,2303539542.128144,true,true,21689697684091677488.378698576847736,20552011510758037841.29006837166316,1137686173333639647.088630205184576,true,true,222095424476.34828,210574978499.52304,11520445976.82524,true,true,106996214378012480071.7111793442573688,102710125738496430465.6893695470875148,4286088639516049606.021809797169854,true,true,445914251895.1792,423049716587.80592,22864535307.37328,true,true,212801471070755010963.9084640030873744,205406674515832370095.2160182224109588,7394796554922640868.6924457806764156,true,true
24,0x8ad599c3a0ff1de082011efddc58f1908eb6e6d8,25210623,200190,972917199112920387,13,S24_P13,188100:201120,0xc36442b4a4522e871399cd717abdd847ab11fe88:188100:201120,0xc36442b4a4522e871399cd717abdd847ab11fe88,188100,201120,18561516073464219,0.0190782073648077,13020,12090,930,930,1425615673845.178110599078341,0.0000014653001048,508.4910776529970061,928.9208091674069374,8.7458929497138619,23.7088516765099298,32.4547446262237917,23.7088516765099298,43953012275.402024,43115173958.5055,837838316.896524,true,true,21689697684091677488.378698576847736,21275897063667759187.102316237910328,413800620423918301.276382338937408,true,true,222095424476.34828,217906354238.27132,4189070238.07696,true,true,106996214378012480071.7111793442573688,104852881145941049035.1950560452282372,2143333232071431036.5161232990291316,true,true,445914251895.1792,437597213569.87404,8317038325.30516,true,true,212801471070755010963.9084640030873744,208408769557662681842.8136585177185736,4392701513092329121.0948054853688008,true,true
24,0x8ad599c3a0ff1de082011efddc58f1908eb6e6d8,25210623,200190,972917199112920387,14,S24_P14,189000:201540,0xc36442b4a4522e871399cd717abdd847ab11fe88:189000:201540,0xc36442b4a4522e871399cd717abdd847ab11fe88,189000,201540,14826952119053283,0.0152396854866705,12540,11190,1350,1350,1182372577276.9763157894736842,0.000001215285924,508.4910776529970061,928.9208091674069374,6.9602551434108158,24.7112956081680969,31.6715507515789127,24.7112956081680969,43953012275.402024,43283747126.450104,669265148.95192,true,true,21689697684091677488.378698576847736,21359153440438209736.96420142354964,330544243653467751.414497153298096,true,true,222095424476.34828,218749288262.43164,3346136213.91664,true,true,106996214378012480071.7111793442573688,105284104719754002770.8935992232152764,1712109658258477300.8175801210420924,true,true,445914251895.1792,439270519018.57444,6643732876.60476,true,true,212801471070755010963.9084640030873744,209293149559638049597.9725878190996636,3508321511116961365.9358761839877108,true,true
24,0x8ad599c3a0ff1de082011efddc58f1908eb6e6d8,25210623,200190,972917199112920387,15,S24_P15,194040:201600,0xc36442b4a4522e871399cd717abdd847ab11fe88:194040:201600,0xc36442b4a4522e871399cd717abdd847ab11fe88,194040,201600,12855140492364825,0.0132129851379807,7560,6150,1410,1410,1700415409042.9662698412698413,0.0000017477493569,508.4910776529970061,928.9208091674069374,6.0228023183159582,22.0204559429104378,28.043258261226396,22.0204559429104378,43953012275.402024,43372751895.598804,580260379.80322,true,true,21689697684091677488.378698576847736,21403112009254845580.985381936043944,286585674836831907.393316640803792,true,true,222095424476.34828,219194328617.99632,2901095858.35196,true,true,106996214378012480071.7111793442573688,105511790517561673958.3773200851327148,1484423860450806113.333859259124654,true,true,445914251895.1792,440154022180.43404,5760229714.74516,true,true,212801471070755010963.9084640030873744,209759978568084311519.1069650263112868,3041492502670699444.8014989767760876,true,true
24,0x8ad599c3a0ff1de082011efddc58f1908eb6e6d8,25210623,200190,972917199112920387,16,S24_P16,197520:201120,0xc36442b4a4522e871399cd717abdd847ab11fe88:197520:201120,0xc36442b4a4522e871399cd717abdd847ab11fe88,197520,201120,14428787474922800,0.0148304372541451,3600,2670,930,930,4007996520811.8888888888888889,0.0000041195659039,508.4910776529970061,928.9208091674069374,6.77066041592983,18.3319388760565143,25.1025992919863443,18.3319388760565143,43953012275.402024,43301719719.4017,651292556.000324,true,true,21689697684091677488.378698576847736,21368029772415521307.740741876864648,321667911676156180.637956699983088,true,true,222095424476.34828,218839155751.74004,3256268724.60824,true,true,106996214378012480071.7111793442573688,105330080568842639709.3573506028693076,1666133809169840362.3538287413880612,true,true,445914251895.1792,439448922573.10492,6465329322.07428,true,true,212801471070755010963.9084640030873744,209387421938522976510.3640102671615384,3414049132232034453.544453735925836,true,true
24,0x8ad599c3a0ff1de082011efddc58f1908eb6e6d8,25210623,200190,972917199112920387,17,S24_P17,199800:200340,0xc36442b4a4522e871399cd717abdd847ab11fe88:199800:200340,0xc36442b4a4522e871399cd717abdd847ab11fe88,199800,200340,38211842648838261,0.0392755341191201,540,390,150,150,70762671571922.7055555555555556,0.000072732470591,508.4910776529970061,928.9208091674069374,9.5746349428562643,10.037251497033365,19.6118864398896293,10.037251497033365,43953012275.402024,42228178831.871652,1724833443.530372,true,true,21689697684091677488.378698576847736,20837822789161886182.10819260274264,851874894929791306.270505974105096,true,true,222095424476.34828,213470161383.19908,8625263093.1492,true,true,106996214378012480071.7111793442573688,103052424171217268424.510524028692078,3943790206795211647.2006553155652908,true,true,445914251895.1792,428793252645.20104,17120999249.97816,true,true,212801471070755010963.9084640030873744,205109730084664403433.4614128665509432,7691740986090607530.4470511365364312,true,true
24,0x8ad599c3a0ff1de082011efddc58f1908eb6e6d8,25210623,200190,972917199112920387,18,S24_P18,198540:200820,0xc36442b4a4522e871399cd717abdd847ab11fe88:198540:200820,0xc36442b4a4522e871399cd717abdd847ab11fe88,198540,200820,14018803323214909,0.014409040497996,2280,1650,630,630,6148597948778.468859649122807,0.0000063197546044,508.4910776529970061,928.9208091674069374,6.4466048218245917,13.0728739258766937,19.5194787477012854,13.0728739258766937,43953012275.402024,43320225824.166876,632786451.235148,true,true,21689697684091677488.378698576847736,21377169911270851815.170885715861128,312527772820825673.207812860986608,true,true,222095424476.34828,218931690242.71056,3163734233.63772,true,true,106996214378012480071.7111793442573688,105377421617677091047.1758216325339812,1618792760335389024.5353577117233876,true,true,445914251895.1792,439632622418.02928,6281629477.14992,true,true,212801471070755010963.9084640030873744,209484489475198243385.997166678654952,3316981595556767577.9112973244324224,true,true
24,0x8ad599c3a0ff1de082011efddc58f1908eb6e6d8,25210623,200190,972917199112920387,19,S24_P19,198540:200640,0xc36442b4a4522e871399cd717abdd847ab11fe88:198540:200640,0xc36442b4a4522e871399cd717abdd847ab11fe88,198540,200640,16630142684090819,0.0170930709203761,2100,1650,450,450,7919115563852.770952380952381,0.0000081395575811,508.4910776529970061,928.9208091674069374,7.6633863226300795,11.7386613813711355,19.402047704001215,11.7386613813711355,43953012275.402024,43202353586.260376,750658689.141648,true,true,21689697684091677488.378698576847736,21318953740343802334.34670601834128,370743943747875154.031992558506456,true,true,222095424476.34828,218342293961.50528,3753130514.843,true,true,106996214378012480071.7111793442573688,105075891912146733920.7435646470378824,1920322465865746150.9676146972194864,true,true,445914251895.1792,438462578555.48724,7451673339.69196,true,true,212801471070755010963.9084640030873744,208866172325867013903.9790932645750164,3935298744887997059.929370738512358,true,true
24,0x8ad599c3a0ff1de082011efddc58f1908eb6e6d8,25210623,200190,972917199112920387,20,S24_P20,198060:200280,0xc36442b4a4522e871399cd717abdd847ab11fe88:198060:200280,0xc36442b4a4522e871399cd717abdd847ab11fe88,198060,200280,20137351957596495,0.0206979093143355,2220,2130,90,90,9070879260178.6013513513513514,0.000009323382574,508.4910776529970061,928.9208091674069374,9.5033655598179888,3.2308770397479891,12.7342425995659779,9.5033655598179888,43953012275.402024,43044042750.833488,908969524.568536,true,true,21689697684091677488.378698576847736,21240766192261562630.983646044034104,448931491830114857.395052532813632,true,true,222095424476.34828,217550654695.24504,4544769781.10324,true,true,106996214378012480071.7111793442573688,105306629211802785740.68546184368439,1689585166209694331.0257175005729788,true,true,445914251895.1792,436891156739.27384,9023095155.90536,true,true,212801471070755010963.9084640030873744,209860117112114769752.275413647080058,2941353958640241211.6330503560073164,true,true
25,0x8ad599c3a0ff1de082011efddc58f1908eb6e6d8,25200623,200271,1089972939876715435,1,S25_P1,188400:201360,0xc36442b4a4522e871399cd717abdd847ab11fe88:188400:201360,0xc36442b4a4522e871399cd717abdd847ab11fe88,188400,201360,193005976760443950,0.1770740994563355,12960,11871,1089,1089,14892436478429.3171296296296296,0.0000136631249581,455.6466263267462541,830.7971608046775384,80.26914348917239,299.4406586543588545,379.7098021435312445,299.4406586543588545,49039888418.765748,40362819424.319956,8677068994.445792,true,true,24340320582001763424.8776895751271454,20007495979136228896.2294592587610432,4332824602865534528.6482303163661022,true,true,247263399413.93592,203734311632.19588,43529087781.74004,true,true,116365294175503064356.4219806984719722,94635054301753362197.0609349992780506,21730239873749702159.3610456991939216,true,true,495773256276.18696,409093162265.84664,86680094010.34032,true,true,229207047725475124746.4700633187631713,184146388936665540301.2981278138092378,45060658788809584445.1719355049539335,true,true
25,0x8ad599c3a0ff1de082011efddc58f1908eb6e6d8,25200623,200271,1089972939876715435,2,S25_P2,198300:201900,0xc36442b4a4522e871399cd717abdd847ab11fe88:198300:201900,0xc36442b4a4522e871399cd717abdd847ab11fe88,198300,201900,128693041688885584,0.1180699419046511,3600,1971,1629,1629,35748067135801.5511111111111111,0.0000327972060846,455.6466263267462541,830.7971608046775384,50.4163064740533646,263.545277972023026,313.9615844460763906,263.545277972023026,49039888418.765748,43254267004.970496,5785621413.795252,true,true,24340320582001763424.8776895751271454,21451128938316520509.4482298114997044,2889191643685242915.429459763627441,true,true,247263399413.93592,218244442621.9786,29018956791.95732,true,true,116365294175503064356.4219806984719722,101817089043872805215.6305775742117216,14548205131630259140.7914031242602506,true,true,495773256276.18696,437960880059.46848,57812376216.71848,true,true,229207047725475124746.4700633187631713,199126798797907655201.9664449666835703,30080248927567469544.503618352079601,true,true
25,0x8ad599c3a0ff1de082011efddc58f1908eb6e6d8,25200623,200271,1089972939876715435,3,S25_P3,198120:207240,0xc36442b4a4522e871399cd717abdd847ab11fe88:198120:207240,0xc36442b4a4522e871399cd717abdd847ab11fe88,198120,207240,22894220680805662,0.0210043936351256,9120,2151,6969,2151,2510331215000.6208333333333333,0.0000023031133372,455.6466263267462541,830.7971608046775384,8.2097851403689153,106.1011984032687602,114.3109835436376755,106.1011984032687602,49039888418.765748,48010662648.300164,1029225770.465584,true,true,24340320582001763424.8776895751271454,23826319624425760522.949647306757343,514000957576002901.9280422683698024,true,true,247263399413.93592,242103141267.08676,5160258146.84916,true,true,116365294175503064356.4219806984719722,113763699249107689987.1965378995822935,2601594926395374369.2254427988896787,true,true,495773256276.18696,485487597950.3898,10285658325.79716,true,true,229207047725475124746.4700633187631713,223849124484564060318.1921794585695011,5357923240911064428.2778838601936702,true,true
25,0x8ad599c3a0ff1de082011efddc58f1908eb6e6d8,25200623,200271,1089972939876715435,4,S25_P4,198480:201960,0xc36442b4a4522e871399cd717abdd847ab11fe88:198480:201960,0xc36442b4a4522e871399cd717abdd847ab11fe88,198480,201960,46439203126569357,0.0426058312345094,3480,1791,1689,1689,13344598599588.8956896551724138,0.0000122430549524,455.6466263267462541,830.7971608046775384,16.9631601015067995,81.5480790145943838,98.5112391161011833,81.5480790145943838,49039888418.765748,46952171413.93964,2087717004.826108,true,true,24340320582001763424.8776895751271454,23297713334040232476.2545837927786319,1042607247961530948.6231057823485135,true,true,247263399413.93592,236795418444.72572,10467980969.2102,true,true,116365294175503064356.4219806984719722,111093509992004628413.3745418995719391,5271784183498435943.0474387989000331,true,true,495773256276.18696,474910190132.34984,20863066143.83712,true,true,229207047725475124746.4700633187631713,218341174358328453378.3825856186628646,10865873367146671368.0874777001003067,true,true
25,0x8ad599c3a0ff1de082011efddc58f1908eb6e6d8,25200623,200271,1089972939876715435,5,S25_P5,199140:206280,0xc36442b4a4522e871399cd717abdd847ab11fe88:199140:206280,0xc36442b4a4522e871399cd717abdd847ab11fe88,199140,206280,20626635535267928,0.0189239886428749,7140,1131,6009,1131,2888884528749.0095238095238095,0.0000026504185774,455.6466263267462541,830.7971608046775384,6.9164459985362725,83.9912584149551326,90.9077044134914051,83.9912584149551326,49039888418.765748,48112603949.087416,927284469.678332,true,true,24340320582001763424.8776895751271454,23877229453217348709.7476494678380963,463091128784414715.1300401072890491,true,true,247263399413.93592,242614276496.10952,4649122917.8264,true,true,116365294175503064356.4219806984719722,114021157495563177866.7299965633113708,2344136679939886489.6919841351606014,true,true,495773256276.18696,486506324478.39544,9266931797.79152,true,true,229207047725475124746.4700633187631713,224379719030872347074.0356776354330811,4827328694602777672.4343856833300902,true,true
25,0x8ad599c3a0ff1de082011efddc58f1908eb6e6d8,25200623,200271,1089972939876715435,6,S25_P6,193560:201120,0xc36442b4a4522e871399cd717abdd847ab11fe88:193560:201120,0xc36442b4a4522e871399cd717abdd847ab11fe88,193560,201120,52835280018729343,0.0484739373664684,7560,6711,849,849,6988793653271.0771164021164021,0.000006411896477,455.6466263267462541,830.7971608046775384,19.3977925927057366,55.2345668412697715,74.6323594339755081,55.2345668412697715,49039888418.765748,46664626722.43188,2375261696.333868,true,true,24340320582001763424.8776895751271454,23154116882485986166.6968430185598304,1186203699515777258.180846556567315,true,true,247263399413.93592,235353399886.27556,11909999527.66036,true,true,116365294175503064356.4219806984719722,110369160872614276915.8768191949819145,5996133302888787440.5451615034900577,true,true,495773256276.18696,472036889042.85036,23736367233.3366,true,true,229207047725475124746.4700633187631713,216845402840201169779.4869182330939603,12361644885273954966.983145085669211,true,true
25,0x8ad599c3a0ff1de082011efddc58f1908eb6e6d8,25200623,200271,1089972939876715435,7,S25_P7,191880:202500,0xc36442b4a4522e871399cd717abdd847ab11fe88:191880:202500,0xc36442b4a4522e871399cd717abdd847ab11fe88,191880,202500,26626064536785294,0.0244281885931929,10620,8391,2229,2229,2507162385761.3271186440677966,0.0000023002060822,455.6466263267462541,830.7971608046775384,9.575728834682263,55.6056958672634258,65.1814247019456888,55.6056958672634258,49039888418.765748,47842894093.829572,1196994324.936176,true,true,24340320582001763424.8776895751271454,23742536216108361847.7121148210249088,597784365893401577.1655747541022366,true,true,247263399413.93592,241261932111.74176,6001467302.19416,true,true,116365294175503064356.4219806984719722,113340101234622411883.2176847340794131,3025192940880652473.2042959643925591,true,true,495773256276.18696,483811056843.60032,11962199432.58664,true,true,229207047725475124746.4700633187631713,222975953186874626456.7869297600883457,6231094538600498289.6831335586748256,true,true
25,0x8ad599c3a0ff1de082011efddc58f1908eb6e6d8,25200623,200271,1089972939876715435,8,S25_P8,197100:207420,0xc36442b4a4522e871399cd717abdd847ab11fe88:197100:207420,0xc36442b4a4522e871399cd717abdd847ab11fe88,197100,207420,14236413679360489,0.0130612542371655,10320,3171,7149,3171,1379497449550.4349806201550388,0.0000012656254106,455.6466263267462541,830.7971608046775384,5.0711556461441159,57.1909038848163516,62.2620595309604675,57.1909038848163516,49039888418.765748,48399881537.656744,640006881.109004,true,true,24340320582001763424.8776895751271454,24020696762234806856.6037879371585656,319623819766956568.2739016379685798,true,true,247263399413.93592,244054654688.57776,3208744725.35816,true,true,116365294175503064356.4219806984719722,114746959423759935522.4998873633931624,1618334751743128833.9220933350788098,true,true,495773256276.18696,489377203338.14724,6396052938.03972,true,true,229207047725475124746.4700633187631713,225875082916028845031.0925266901436368,3331964809446279715.3775366286195345,true,true
25,0x8ad599c3a0ff1de082011efddc58f1908eb6e6d8,25200623,200271,1089972939876715435,9,S25_P9,187740:201600,0xc36442b4a4522e871399cd717abdd847ab11fe88:187740:201600,0xc36442b4a4522e871399cd717abdd847ab11fe88,187740,201600,28516071604276433,0.0261621830790605,13860,12531,1329,1329,2057436623685.1683261183261183,0.0000018876033968,455.6466263267462541,830.7971608046775384,10.2705552113017336,40.60967574514807,50.8802309564498036,40.60967574514807,49039888418.765748,47757926948.423656,1281961470.342092,true,true,24340320582001763424.8776895751271454,23700103800487787197.1748996178601685,640216781513976227.7027899572669769,true,true,247263399413.93592,240835890622.78836,6427508791.14756,true,true,116365294175503064356.4219806984719722,113125621133076246087.834862496462497,3239673042426818268.5871182020094752,true,true,495773256276.18696,482961971843.7636,12811284432.42336,true,true,229207047725475124746.4700633187631713,222533754897149743586.8758537433307662,6673292828325381159.5942095754324051,true,true
25,0x8ad599c3a0ff1de082011efddc58f1908eb6e6d8,25200623,200271,1089972939876715435,10,S25_P10,191160:204480,0xc36442b4a4522e871399cd717abdd847ab11fe88:191160:204480,0xc36442b4a4522e871399cd717abdd847ab11fe88,191160,204480,12459358629923232,0.0114308880285895,13320,9111,4209,4209,935387284528.7711711711711712,0.0000008581747769,455.6466263267462541,830.7971608046775384,4.4321229660684032,38.2669935412326498,42.699116507301053,38.2669935412326498,49039888418.765748,48479770353.619752,560118065.145996,true,true,24340320582001763424.8776895751271454,24060593770650896576.6422607173781536,279726811350866848.2354288577489918,true,true,247263399413.93592,244455199236.74748,2808200177.18844,true,true,116365294175503064356.4219806984719722,114948865932387025278.8487696903641215,1416428243116039077.5732110081078507,true,true,495773256276.18696,490175574048.1454,5597682228.04156,true,true,229207047725475124746.4700633187631713,226290955727707474740.9490106383921595,2916091997767650005.5210526803710118,true,true
25,0x8ad599c3a0ff1de082011efddc58f1908eb6e6d8,25200623,200271,1089972939876715435,11,S25_P11,197340:201960,0xc36442b4a4522e871399cd717abdd847ab11fe88:197340:201960,0xc36442b4a4522e871399cd717abdd847ab11fe88,197340,201960,14329546314904278,0.0131466991433063,4620,2931,1689,1689,3101633401494.4324675324675325,0.0000028456058752,455.6466263267462541,830.7971608046775384,5.1046947095687367,23.9258676389925357,29.0305623485612724,23.9258676389925357,49039888418.765748,48395694690.017872,644193728.747876,true,true,24340320582001763424.8776895751271454,24018606029475723333.7382938845143391,321714552526040091.1393956906128063,true,true,247263399413.93592,244033662657.97732,3229736755.9586,true,true,116365294175503064356.4219806984719722,114736378570125219155.8823600483473218,1628915605377845200.5396206501246504,true,true,495773256276.18696,489335362075.41116,6437894200.7758,true,true,229207047725475124746.4700633187631713,225853287986085034101.9267937605071575,3353759739390090644.5432695582560138,true,true
25,0x8ad599c3a0ff1de082011efddc58f1908eb6e6d8,25200623,200271,1089972939876715435,12,S25_P12,188100:201120,0xc36442b4a4522e871399cd717abdd847ab11fe88:188100:201120,0xc36442b4a4522e871399cd717abdd847ab11fe88,188100,201120,18561516073464219,0.0170293365957908,13020,12171,849,849,1425615673845.178110599078341,0.0000013079367585,455.6466263267462541,830.7971608046775384,6.6338267776556146,18.9193785301739681,25.5532053078295827,18.9193785301739681,49039888418.765748,48205443144.209592,834445274.556156,true,true,24340320582001763424.8776895751271454,23923593557658970165.2135024916759712,416727024342793259.6641870834511742,true,true,247263399413.93592,243079767748.84236,4183631665.09356,true,true,116365294175503064356.4219806984719722,114255671258410975169.315098533705543,2109622917092089187.1068821647664292,true,true,495773256276.18696,487434097273.37504,8339159002.81192,true,true,229207047725475124746.4700633187631713,224862956368644894775.9459577630929574,4344091356830229970.5241055556702139,true,true
25,0x8ad599c3a0ff1de082011efddc58f1908eb6e6d8,25200623,200271,1089972939876715435,13,S25_P13,189000:201540,0xc36442b4a4522e871399cd717abdd847ab11fe88:189000:201540,0xc36442b4a4522e871399cd717abdd847ab11fe88,189000,201540,14826952119053283,0.0136030460726212,12540,11271,1269,1269,1182372577276.9763157894736842,0.0000010847724141,455.6466263267462541,830.7971608046775384,5.2839029927572557,20.119822207250396,25.4037252000076517,20.119822207250396,49039888418.765748,48373333435.56302,666554983.202728,true,true,24340320582001763424.8776895751271454,24007438686390882431.2405016877050708,332881895610880993.6371878874220746,true,true,247263399413.93592,243921547626.5366,3341851787.39932,true,true,116365294175503064356.4219806984719722,114679869688192654605.4334617062795194,1685424487310409750.9885189921924528,true,true,495773256276.18696,489111895308.02028,6661360968.16668,true,true,229207047725475124746.4700633187631713,225736885530047258873.5988795945504886,3470162195427865872.8711837242126827,true,true
25,0x8ad599c3a0ff1de082011efddc58f1908eb6e6d8,25200623,200271,1089972939876715435,14,S25_P14,194040:201600,0xc36442b4a4522e871399cd717abdd847ab11fe88:194040:201600,0xc36442b4a4522e871399cd717abdd847ab11fe88,194040,201600,12855140492364825,0.0117939996692201,7560,6231,1329,1329,1700415409042.9662698412698413,0.0000015600528663,455.6466263267462541,830.7971608046775384,4.5742953031133948,17.9993689685539292,22.573664271667324,17.9993689685539292,49039888418.765748,48461977693.94368,577910724.822068,true,true,24340320582001763424.8776895751271454,24051707985484806632.9611492387342109,288612596516956791.9165403363929345,true,true,247263399413.93592,244365991196.96292,2897408216.973,true,true,116365294175503064356.4219806984719722,114903895170275893368.144273606330515,1461399005227170988.2777070921414572,true,true,495773256276.18696,489997762347.78892,5775493928.39804,true,true,229207047725475124746.4700633187631713,226198332405760910625.527147884555778,3008715319714214120.9429154342073933,true,true
25,0x8ad599c3a0ff1de082011efddc58f1908eb6e6d8,25200623,200271,1089972939876715435,15,S25_P15,197520:201120,0xc36442b4a4522e871399cd717abdd847ab11fe88:197520:201120,0xc36442b4a4522e871399cd717abdd847ab11fe88,197520,201120,14428787474922800,0.0132377483394724,3600,2751,849,849,4007996520811.8888888888888889,0.0000036771523165,455.6466263267462541,830.7971608046775384,5.1404389002058625,14.6618702271615284,19.8023091273673909,14.6618702271615284,49039888418.765748,48391233228.89948,648655189.866268,true,true,24340320582001763424.8776895751271454,24016377900533684377.9077004862008766,323942681468079046.9699890889262688,true,true,247263399413.93592,244011293798.5842,3252105615.35172,true,true,116365294175503064356.4219806984719722,114725103878673254500.8588202772981785,1640190296829809855.5631604211737937,true,true,495773256276.18696,489290776587.34672,6482479688.84024,true,true,229207047725475124746.4700633187631713,225830063571082933478.179838744657052,3376984154392191268.2902245741061193,true,true
25,0x8ad599c3a0ff1de082011efddc58f1908eb6e6d8,25200623,200271,1089972939876715435,16,S25_P16,198000:200280,0xc36442b4a4522e871399cd717abdd847ab11fe88:198000:200280,0xc36442b4a4522e871399cd717abdd847ab11fe88,198000,200280,51032266777798470,0.0468197557120736,2280,2271,9,9,22382573148157.2236842105263158,0.0000205349805755,455.6466263267462541,830.7971608046775384,18.7089753329633555,0.7698587649994871,19.4788340979628426,18.7089753329633555,49039888418.765748,46745683817.021184,2294204601.744564,true,true,24340320582001763424.8776895751271454,23565080069432555000.6911786395442402,775240512569208424.1865109355829052,true,true,247263399413.93592,235759902969.04892,11503496444.887,true,true,116365294175503064356.4219806984719722,115452119033161359883.7740647657940762,913175142341704472.647915932677896,true,true,495773256276.18696,472846850891.96484,22926405384.22212,true,true,229207047725475124746.4700633187631713,228196133943489740506.4690501122202471,1010913781985384240.0010132065429242,true,true
25,0x8ad599c3a0ff1de082011efddc58f1908eb6e6d8,25200623,200271,1089972939876715435,17,S25_P17,198540:200820,0xc36442b4a4522e871399cd717abdd847ab11fe88:198540:200820,0xc36442b4a4522e871399cd717abdd847ab11fe88,198540,200820,14018803323214909,0.0128616067521828,2280,1731,549,549,6148597948778.468859649122807,0.0000056410555931,455.6466263267462541,830.7971608046775384,4.9928056384348207,10.1274392525899541,15.1202448910247748,10.1274392525899541,49039888418.765748,48409664374.195988,630224044.56976,true,true,24340320582001763424.8776895751271454,24025582117114394400.1863718325872665,314738464887369024.6913177425398789,true,true,247263399413.93592,244103703817.93412,3159695596.0018,true,true,116365294175503064356.4219806984719722,114771682292546438296.2294008112122923,1593611882956626060.1925798872596799,true,true,495773256276.18696,489474968038.2366,6298288237.95036,true,true,229207047725475124746.4700633187631713,225926008237338050029.1641437645049188,3281039488137074717.3059195542582525,true,true
25,0x8ad599c3a0ff1de082011efddc58f1908eb6e6d8,25200623,200271,1089972939876715435,18,S25_P18,198540:200640,0xc36442b4a4522e871399cd717abdd847ab11fe88:198540:200640,0xc36442b4a4522e871399cd717abdd847ab11fe88,198540,200640,16630142684090819,0.0152573904137215,2100,1731,369,369,7919115563852.770952380952381,0.0000072654240065,455.6466263267462541,830.7971608046775384,5.9346986239127073,8.6437077052853063,14.5784063291980136,8.6437077052853063,49039888418.765748,48292269601.571804,747618817.193944,true,true,24340320582001763424.8776895751271454,23966954729673126994.2127553888227085,373365852328636430.6649341863044369,true,true,247263399413.93592,243515106437.48932,3748292976.4466,true,true,116365294175503064356.4219806984719722,114475033784720701132.2575979772134728,1890260390782363224.1643827212584994,true,true,495773256276.18696,488301788074.085,7471468202.10196,true,true,229207047725475124746.4700633187631713,225314912361414917499.5229934968661142,3892135364060207246.9470698218970571,true,true
25,0x8ad599c3a0ff1de082011efddc58f1908eb6e6d8,25200623,200271,1089972939876715435,19,S25_P19,199800:200340,0xc36442b4a4522e871399cd717abdd847ab11fe88:199800:200340,0xc36442b4a4522e871399cd717abdd847ab11fe88,199800,200340,38211842648838261,0.0350576067082549,540,471,69,69,70762671571922.7055555555555556,0.0000649214939042,455.6466263267462541,830.7971608046775384,9.0804384665561506,4.2440756542725973,13.3245141208287479,9.0804384665561506,49039888418.765748,47322042876.951748,1717845541.814,true,true,24340320582001763424.8776895751271454,23482424326011134555.7440407443937859,857896255990628869.1336488307333595,true,true,247263399413.93592,238650204109.35888,8613195304.57704,true,true,116365294175503064356.4219806984719722,113569827299285979931.3488774733239704,2795466876217084425.0731032251480018,true,true,495773256276.18696,478606208367.79988,17167047908.38708,true,true,229207047725475124746.4700633187631713,224495021343506625244.6799241000458535,4712026381968499501.7901392187173178,true,true
25,0x8ad599c3a0ff1de082011efddc58f1908eb6e6d8,25200623,200271,1089972939876715435,20,S25_P20,198060:200280,0xc36442b4a4522e871399cd717abdd847ab11fe88:198060:200280,0xc36442b4a4522e871399cd717abdd847ab11fe88,198060,200280,20137351957596495,0.0184750934824806,2220,2211,9,9,9070879260178.6013513513513514,0.0000083221141813,455.6466263267462541,830.7971608046775384,7.2057877638806609,0.3036764346095763,7.5094641984902372,7.2057877638806609,49039888418.765748,48134600113.868208,905288304.89754,true,true,24340320582001763424.8776895751271454,24031700694857232152.514982793820325,308619887144531272.3627067813068204,true,true,247263399413.93592,242724564744.84708,4538834669.08884,true,true,116365294175503064356.4219806984719722,116005648530102972473.840591986346932,359645645400091882.5813887121250402,true,true,495773256276.18696,486726139002.79952,9047117273.38744,true,true,229207047725475124746.4700633187631713,228808301939963711388.1793861134620968,398745785511413358.2906772053010745,true,true
26,0x8ad599c3a0ff1de082011efddc58f1908eb6e6d8,25190623,200225,1049852169665493396,1,S26_P1,188400:201360,0xc36442b4a4522e871399cd717abdd847ab11fe88:188400:201360,0xc36442b4a4522e871399cd717abdd847ab11fe88,188400,201360,193005976760443950,0.1838410990967805,12960,11825,1135,1135,14892436478429.3171296296296296,0.000014185269992,403.1956834236830256,807.0633093379936116,55.3489833248903817,289.3761836012643837,344.7251669261547654,289.3761836012643837,47625263810.051256,38946599286.038324,8678664524.012932,true,true,23445355532062151684.7681912728567438,19135135748604598793.1201762298781882,4310219783457552891.6480150429785556,true,true,241815051960.21212,198957172535.30328,42857879424.90884,true,true,114962750932285929662.5453875189562236,92994657500315027046.7543560718808496,21968093431970902615.791031447075374,true,true,485696059201.4148,401446729685.49176,84249329515.92304,true,true,228266529020648076349.839933027997668,183106448670128618881.9551510053654156,45160080350519457467.8847820226322524,true,true
26,0x8ad599c3a0ff1de082011efddc58f1908eb6e6d8,25190623,200225,1049852169665493396,2,S26_P2,198300:201900,0xc36442b4a4522e871399cd717abdd847ab11fe88:198300:201900,0xc36442b4a4522e871399cd717abdd847ab11fe88,198300,201900,128693041688885584,0.122582060034119,3600,1925,1675,1675,35748067135801.5511111111111111,0.0000340505722317,403.1956834236830256,807.0633093379936116,35.4111739233051894,249.226905212302779,284.6380791356079684,249.226905212302779,47625263810.051256,41839692546.401116,5785571263.65014,true,true,23445355532062151684.7681912728567438,20571375528704395842.4041951398059375,2873980003357755842.3639961330508063,true,true,241815051960.21212,213235158570.78664,28579893389.42548,true,true,114962750932285929662.5453875189562236,100282673300489835305.5355216572598624,14680077631796094357.0098658616963612,true,true,485696059201.4148,429383235680.348,56312823521.0668,true,true,228266529020648076349.839933027997668,198170391352189665180.3041599592113156,30096137668458411169.5357730687863524,true,true
26,0x8ad599c3a0ff1de082011efddc58f1908eb6e6d8,25190623,200225,1049852169665493396,3,S26_P3,198120:207240,0xc36442b4a4522e871399cd717abdd847ab11fe88:198120:207240,0xc36442b4a4522e871399cd717abdd847ab11fe88,198120,207240,22894220680805662,0.0218070899335287,9120,2105,7015,2105,2510331215000.6208333333333333,0.0000023911282822,403.1956834236830256,807.0633093379936116,5.9063544912747993,91.529590208810077,97.4359447000848763,91.529590208810077,47625263810.051256,46596303085.315448,1028960724.735808,true,true,23445355532062151684.7681912728567438,22934080476228287767.3894779981131098,511275055833863917.378713274743634,true,true,241815051960.21212,236723557153.52724,5091494806.68488,true,true,114962750932285929662.5453875189562236,112344853314616968794.8672448501576728,2617897617668960867.6781426687985508,true,true,485696059201.4148,475631672502.72572,10064386698.68908,true,true,228266529020648076349.839933027997668,222918734484996931868.176308144208426,5347794535651144481.663624883789242,true,true
26,0x8ad599c3a0ff1de082011efddc58f1908eb6e6d8,25190623,200225,1049852169665493396,4,S26_P4,198480:201960,0xc36442b4a4522e871399cd717abdd847ab11fe88:198480:201960,0xc36442b4a4522e871399cd717abdd847ab11fe88,198480,201960,46439203126569357,0.0442340402471768,3480,1745,1735,1735,13344598599588.8956896551724138,0.0000127109311055,403.1956834236830256,807.0633093379936116,12.1493524698322213,78.809313455245503,90.9586659250777243,78.809313455245503,47625263810.051256,45537981350.848028,2087282459.203228,true,true,23445355532062151684.7681912728567438,22408272710965355263.6411778470299457,1037082821096796421.1270134258267981,true,true,241815051960.21212,231491774050.56572,10323277909.6464,true,true,114962750932285929662.5453875189562236,109655096165968743815.459732242745844,5307654766317185847.0856552762103796,true,true,485696059201.4148,465303401762.87708,20392657438.53772,true,true,228266529020648076349.839933027997668,217416502179528694326.1186867874946436,10850026841119382023.7212462405030244,true,true
26,0x8ad599c3a0ff1de082011efddc58f1908eb6e6d8,25190623,200225,1049852169665493396,5,S26_P5,199140:206280,0xc36442b4a4522e871399cd717abdd847ab11fe88:199140:206280,0xc36442b4a4522e871399cd717abdd847ab11fe88,199140,206280,20626635535267928,0.0196471809377124,7140,1085,6055,1085,2888884528749.0095238095238095,0.0000027517060137,403.1956834236830256,807.0633093379936116,5.1731332906897341,74.1237024803221729,79.296835771011907,74.1237024803221729,47625263810.051256,46698221913.174788,927041896.876468,true,true,23445355532062151684.7681912728567438,22984720662076971528.368856012169067,460634869985180156.3993352606876768,true,true,241815051960.21212,237227645907.925,4587406052.28712,true,true,114962750932285929662.5453875189562236,112604045202140224070.8272965751997392,2358705730145705591.7180909437564844,true,true,485696059201.4148,476627547190.44796,9068512010.96684,true,true,228266529020648076349.839933027997668,223448525593680824044.727839238894566,4818003426967252305.112093789103102,true,true
26,0x8ad599c3a0ff1de082011efddc58f1908eb6e6d8,25190623,200225,1049852169665493396,6,S26_P6,193560:201120,0xc36442b4a4522e871399cd717abdd847ab11fe88:193560:201120,0xc36442b4a4522e871399cd717abdd847ab11fe88,193560,201120,52835280018729343,0.050326399797377,7560,6665,895,895,6988793653271.0771164021164021,0.0000066569311901,403.1956834236830256,807.0633093379936116,13.8757964607789404,55.2601037498058354,69.1359002105847758,55.2601037498058354,47625263810.051256,45250463523.823628,2374800286.227628,true,true,23445355532062151684.7681912728567438,22265435424344602063.2351202887942345,1179920107717549621.5330709840625093,true,true,241815051960.21212,230071194444.91072,11743857515.3014,true,true,114962750932285929662.5453875189562236,108924928134490417105.7538066813724688,6037822797795512556.7915808375837548,true,true,485696059201.4148,462501449037.66696,23194610163.74784,true,true,228266529020648076349.839933027997668,215921437205953613729.754274101336854,12345091814694462620.085658926660814,true,true
26,0x8ad599c3a0ff1de082011efddc58f1908eb6e6d8,25190623,200225,1049852169665493396,7,S26_P7,191880:202500,0xc36442b4a4522e871399cd717abdd847ab11fe88:191880:202500,0xc36442b4a4522e871399cd717abdd847ab11fe88,191880,202500,26626064536785294,0.0253617273994575,10620,8345,2275,2275,2507162385761.3271186440677966,0.0000023881099246,403.1956834236830256,807.0633093379936116,6.8842655407969182,53.5365995750511992,60.4208651158481174,53.5365995750511992,47625263810.051256,46428568191.763808,1196695618.287448,true,true,23445355532062151684.7681912728567438,22850740616940822255.2996119370725549,594614915121329429.4685793357841889,true,true,241815051960.21212,235894050996.83492,5921000963.3772,true,true,114962750932285929662.5453875189562236,111918344714616737214.9426795835118568,3044406217669192447.6027079354443668,true,true,485696059201.4148,473993181040.7812,11702878160.6336,true,true,228266529020648076349.839933027997668,222046789177012814990.821669729959424,6219739843635261359.018263298038244,true,true
26,0x8ad599c3a0ff1de082011efddc58f1908eb6e6d8,25190623,200225,1049852169665493396,8,S26_P8,197100:207420,0xc36442b4a4522e871399cd717abdd847ab11fe88:197100:207420,0xc36442b4a4522e871399cd717abdd847ab11fe88,197100,207420,14236413679360489,0.0135603983977063,10320,3125,7195,3125,1379497449550.4349806201550388,0.0000013139920928,403.1956834236830256,807.0633093379936116,3.6541167032896832,49.5720062047777241,53.2261229080674073,49.5720062047777241,47625263810.051256,46985432194.032328,639831616.018928,true,true,23445355532062151684.7681912728567438,23127426997445642948.9358176152672299,317928534616508735.8323736575895139,true,true,241815051960.21212,238648437972.24792,3166613987.9642,true,true,114962750932285929662.5453875189562236,113334591317588025956.9316281366131116,1628159614697903705.613759382343112,true,true,485696059201.4148,479435126693.49612,6260932507.91868,true,true,228266529020648076349.839933027997668,224941388257656486693.9859034623641556,3325140762991589655.8540295656335124,true,true
26,0x8ad599c3a0ff1de082011efddc58f1908eb6e6d8,25190623,200225,1049852169665493396,9,S26_P9,187740:201600,0xc36442b4a4522e871399cd717abdd847ab11fe88:187740:201600,0xc36442b4a4522e871399cd717abdd847ab11fe88,187740,201600,28516071604276433,0.0271619875904646,13860,12485,1375,1375,2057436623685.1683261183261183,0.0000019597393644,403.1956834236830256,807.0633093379936116,7.381180655966615,39.8013157118847946,47.1824963678514096,39.8013157118847946,47625263810.051256,46343617302.91664,1281646507.134616,true,true,23445355532062151684.7681912728567438,22808533220963058940.9725085702930582,636822311099092743.7956827025636856,true,true,241815051960.21212,235473986476.6848,6341065483.52732,true,true,114962750932285929662.5453875189562236,111702363106146080799.6081969440161512,3260387826139848862.9371905749400724,true,true,485696059201.4148,473163575179.05264,12532484022.36216,true,true,228266529020648076349.839933027997668,221605166014269082060.1431059345796244,6661363006378994289.6968270934180436,true,true
26,0x8ad599c3a0ff1de082011efddc58f1908eb6e6d8,25190623,200225,1049852169665493396,10,S26_P10,191160:204480,0xc36442b4a4522e871399cd717abdd847ab11fe88:191160:204480,0xc36442b4a4522e871399cd717abdd847ab11fe88,191160,204480,12459358629923232,0.011867726704697,13320,9065,4255,4255,935387284528.7711711711711712,0.0000008909704733,403.1956834236830256,807.0633093379936116,3.1946622469832881,36.0162199788625013,39.2108822258457894,36.0162199788625013,47625263810.051256,47065301093.614424,559962716.436832,true,true,23445355532062151684.7681912728567438,23167112564041857230.2744534965810409,278242968020294454.4937377762757029,true,true,241815051960.21212,239043608418.35252,2771443541.8596,true,true,114962750932285929662.5453875189562236,113537780449626823216.22599144414488,1424970482659106446.3193960748113436,true,true,485696059201.4148,480216184264.68832,5479874936.72648,true,true,228266529020648076349.839933027997668,225356503490849604733.3598123441377088,2910025529798471616.4801206838599592,true,true
26,0x8ad599c3a0ff1de082011efddc58f1908eb6e6d8,25190623,200225,1049852169665493396,11,S26_P11,197340:201960,0xc36442b4a4522e871399cd717abdd847ab11fe88:197340:201960,0xc36442b4a4522e871399cd717abdd847ab11fe88,197340,201960,14329546314904278,0.0136491086354282,4620,2885,1735,1735,3101633401494.4324675324675325,0.0000029543525185,403.1956834236830256,807.0633093379936116,3.6782224057505935,23.2457731372926848,26.9239955430432783,23.2457731372926848,47625263810.051256,46981246636.091852,644017173.959404,true,true,23445355532062151684.7681912728567438,23125347503508315179.9030290931206389,320008028553836504.8651621797361049,true,true,241815051960.21212,238627728569.61396,3187323390.59816,true,true,114962750932285929662.5453875189562236,113323942876058456829.6593276737033788,1638808056227472832.8860598452528448,true,true,485696059201.4148,479394196291.37012,6301862910.04468,true,true,228266529020648076349.839933027997668,224919632288541991975.6022304990293524,3346896732106084374.2377025289683156,true,true
26,0x8ad599c3a0ff1de082011efddc58f1908eb6e6d8,25190623,200225,1049852169665493396,12,S26_P12,188100:201120,0xc36442b4a4522e871399cd717abdd847ab11fe88:188100:201120,0xc36442b4a4522e871399cd717abdd847ab11fe88,188100,201120,18561516073464219,0.017680123554327,13020,12125,895,895,1425615673845.178110599078341,0.0000013579203959,403.1956834236830256,807.0633093379936116,4.7763786448430864,18.8831146509195422,23.6594932957626286,18.8831146509195422,47625263810.051256,46791040099.044952,834223711.006304,true,true,23445355532062151684.7681912728567438,23030839063803610072.4545820882161678,414516468258541612.313609184640576,true,true,241815051960.21212,237686763390.77748,4128288569.43464,true,true,114962750932285929662.5453875189562236,112840114954681198909.3430501706915208,2122635977604730753.2023373482647028,true,true,485696059201.4148,477534685843.66916,8161373357.74564,true,true,228266529020648076349.839933027997668,223930992882436226522.5150845060639592,4335536138211849827.3248485219337088,true,true
26,0x8ad599c3a0ff1de082011efddc58f1908eb6e6d8,25190623,200225,1049852169665493396,13,S26_P13,189000:201540,0xc36442b4a4522e871399cd717abdd847ab11fe88:189000:201540,0xc36442b4a4522e871399cd717abdd847ab11fe88,189000,201540,14826952119053283,0.0141228951536839,12540,11225,1315,1315,1182372577276.9763157894736842,0.0000011262276837,403.1956834236830256,807.0633093379936116,3.8070115721965923,19.7317434404048367,23.538755012601429,19.7317434404048367,47625263810.051256,46958890587.252364,666373222.798892,true,true,23445355532062151684.7681912728567438,23114239383257356346.3486884638777225,331116148804795338.4195028089790213,true,true,241815051960.21212,238517123792.08116,3297928168.13096,true,true,114962750932285929662.5453875189562236,113267072023626295328.5930764635387984,1695678908659634333.9523110554174252,true,true,485696059201.4148,479175599844.08796,6520459357.32684,true,true,228266529020648076349.839933027997668,224803436732755972835.8152585673435656,3463092287892103514.0246744606541024,true,true
26,0x8ad599c3a0ff1de082011efddc58f1908eb6e6d8,25190623,200225,1049852169665493396,14,S26_P14,194040:201600,0xc36442b4a4522e871399cd717abdd847ab11fe88:194040:201600,0xc36442b4a4522e871399cd717abdd847ab11fe88,194040,201600,12855140492364825,0.0122447148882502,7560,6185,1375,1375,1700415409042.9662698412698413,0.0000016196712815,403.1956834236830256,807.0633093379936116,3.2969080831541035,17.6222286131635831,20.9191366963176866,17.6222286131635831,47625263810.051256,47047512834.820256,577750975.231,true,true,23445355532062151684.7681912728567438,23158274072616273748.5371284469492611,287081459445877936.2310628259074827,true,true,241815051960.21212,238955594494.97912,2859457465.233,true,true,114962750932285929662.5453875189562236,113492525469328908148.7302471964829816,1470225462957021513.815140322473242,true,true,485696059201.4148,480042217584.45916,5653841616.95564,true,true,228266529020648076349.839933027997668,225264051298869928412.0922223285513668,3002477721778147937.7477106994463012,true,true
26,0x8ad599c3a0ff1de082011efddc58f1908eb6e6d8,25190623,200225,1049852169665493396,15,S26_P15,197520:201120,0xc36442b4a4522e871399cd717abdd847ab11fe88:197520:201120,0xc36442b4a4522e871399cd717abdd847ab11fe88,197520,201120,14428787474922800,0.0137436373346927,3600,2705,895,895,4007996520811.8888888888888889,0.0000038176770374,403.1956834236830256,807.0633093379936116,3.7039120907978598,14.6293186655867968,18.3332307563846566,14.6293186655867968,47625263810.051256,46976786356.280448,648477453.770808,true,true,23445355532062151684.7681912728567438,23123131051336724708.6942330265553918,322224480725426976.073958246301352,true,true,241815051960.21212,238605660872.23764,3209391087.97448,true,true,114962750932285929662.5453875189562236,113312596084324097330.645507638876774,1650154847961832331.8998798800794496,true,true,485696059201.4148,479350581700.88476,6345477500.53004,true,true,228266529020648076349.839933027997668,224896449392694039097.8533860264692028,3370079627954037251.9865470015284652,true,true
26,0x8ad599c3a0ff1de082011efddc58f1908eb6e6d8,25190623,200225,1049852169665493396,16,S26_P16,198000:200280,0xc36442b4a4522e871399cd717abdd847ab11fe88:198000:200280,0xc36442b4a4522e871399cd717abdd847ab11fe88,198000,200280,51645250054937805,0.0491928783377122,2280,2225,55,55,22651425462692.0197368421052632,0.0000215758238323,403.1956834236830256,807.0633093379936116,13.553576349533724,4.4443846901748093,17.9979610397085333,13.553576349533724,47625263810.051256,45303959104.291056,2321304705.7602,true,true,23445355532062151684.7681912728567438,22292011173180360085.749621029934672,1153344358881791599.0185702429220718,true,true,241815051960.21212,230335483529.26292,11479568430.9492,true,true,114962750932285929662.5453875189562236,111478491376999997690.5284417643509436,3484259555285931972.01694575460528,true,true,485696059201.4148,463022650779.44088,22673408421.97392,true,true,228266529020648076349.839933027997668,222971749681443628372.7240614108647504,5294779339204447977.1158716171329176,true,true
26,0x8ad599c3a0ff1de082011efddc58f1908eb6e6d8,25190623,200225,1049852169665493396,17,S26_P17,197880:201000,0xc36442b4a4522e871399cd717abdd847ab11fe88:197880:201000,0xc36442b4a4522e871399cd717abdd847ab11fe88,197880,201000,12051576383760682,0.011479307974951,3120,2345,775,775,3862684738384.833974358974359,0.0000036792653766,403.1956834236830256,807.0633093379936116,3.0893658596023168,10.9697069453880277,14.0590728049903445,10.9697069453880277,47625263810.051256,47083628868.42632,541634941.624936,true,true,23445355532062151684.7681912728567438,23176219172283717774.9484909677181306,269136359778433909.8197003051386132,true,true,241815051960.21212,239134292530.91572,2680759429.2964,true,true,114962750932285929662.5453875189562236,113584408348297876409.9245878685298636,1378342583988053252.62079965042636,true,true,485696059201.4148,480395432579.2836,5300626622.1312,true,true,228266529020648076349.839933027997668,225451758163666598519.7554476854566384,2814770856981477830.0844853425410296,true,true
26,0x8ad599c3a0ff1de082011efddc58f1908eb6e6d8,25190623,200225,1049852169665493396,18,S26_P18,198540:200820,0xc36442b4a4522e871399cd717abdd847ab11fe88:198540:200820,0xc36442b4a4522e871399cd717abdd847ab11fe88,198540,200820,14018803323214909,0.0133531212567591,2280,1685,595,595,6148597948778.468859649122807,0.0000058566321302,403.1956834236830256,807.0633093379936116,3.5978024563937399,10.4080535716926779,14.0058560280864178,10.4080535716926779,47625263810.051256,46995212547.9771,630051262.074156,true,true,23445355532062151684.7681912728567438,23132286764259079317.8659007259610679,313068767803072366.9022905468956759,true,true,241815051960.21212,238696827277.03116,3118224683.18096,true,true,114962750932285929662.5453875189562236,113359472255004941296.9545635474965684,1603278677280988365.5908239714596552,true,true,485696059201.4148,479530764528.01152,6165294673.40328,true,true,228266529020648076349.839933027997668,224992222294214953069.2326600165674616,3274306726433123280.6072730114302064,true,true
26,0x8ad599c3a0ff1de082011efddc58f1908eb6e6d8,25190623,200225,1049852169665493396,19,S26_P19,198540:200640,0xc36442b4a4522e871399cd717abdd847ab11fe88:198540:200640,0xc36442b4a4522e871399cd717abdd847ab11fe88,198540,200640,16630142684090819,0.0158404613188441,2100,1685,415,415,7919115563852.770952380952381,0.0000075430768185,403.1956834236830256,807.0633093379936116,4.2745279119280671,9.2192884554042177,13.4938163673322848,9.2192884554042177,47625263810.051256,46877846188.149008,747417621.902248,true,true,23445355532062151684.7681912728567438,23073970257538040406.7996050984091942,371385274524111277.9685861744475496,true,true,241815051960.21212,238116178994.99664,3698872965.21548,true,true,114962750932285929662.5453875189562236,113060913116720271074.689104752449762,1901837815565658587.8562827665064616,true,true,485696059201.4148,478383232161.52104,7312827039.89376,true,true,228266529020648076349.839933027997668,224382195663316476783.9514478028519864,3884333357331599565.8884852251456816,true,true
26,0x8ad599c3a0ff1de082011efddc58f1908eb6e6d8,25190623,200225,1049852169665493396,20,S26_P20,198060:200280,0xc36442b4a4522e871399cd717abdd847ab11fe88:198060:200280,0xc36442b4a4522e871399cd717abdd847ab11fe88,198060,200280,20137351957596495,0.0191811309624789,2220,2165,55,55,9070879260178.6013513513513514,0.0000086401490822,403.1956834236830256,807.0633093379936116,5.1866917223537366,1.7296162216083991,6.9163079439621357,5.1866917223537366,47625263810.051256,46720213495.75146,905050314.299796,true,true,23445355532062151684.7681912728567438,22995647340116070232.5080873441056876,449708191946081452.2601039287510562,true,true,241815051960.21212,237336420335.3866,4478631624.82552,true,true,114962750932285929662.5453875189562236,113614073792997165208.599235542686986,1348677139288764453.9461519762692376,true,true,485696059201.4148,476842457481.5704,8853601719.8444,true,true,228266529020648076349.839933027997668,226194188514534775356.2311363496577216,2072340506113300993.6087966783399464,true,true
27,0x8ad599c3a0ff1de082011efddc58f1908eb6e6d8,25180623,199924,979619355093585109,1,S27_P1,198300:201900,0xc36442b4a4522e871399cd717abdd847ab11fe88:198300:201900,0xc36442b4a4522e871399cd717abdd847ab11fe88,198300,201900,128693041688885584,0.1313704563101362,3600,1624,1976,1624,35748067135801.5511111111111111,0.0000364917934195,369.4642482378657092,821.2575574576586691,31.9748365464279962,270.9644992257221318,302.939335772150128,270.9644992257221318,44791227277.433968,38903013858.897504,5888213418.536464,true,true,21549775812470760447.7725318493605418,18718772053798491493.2571917358020975,2831003758672268954.5153401135584443,true,true,253414595417.75776,223455269615.13956,29959325802.6182,true,true,106971851395729363748.140380439379005,92427790181911565934.338068640750652,14544061213817797813.802311798628353,true,true,535787911309.4055,477283002357.42744,58504908951.97806,true,true,213317075458948805933.040593961283082,183622616425324865107.84162266816645,29694459033623940825.198971293116632,true,true
27,0x8ad599c3a0ff1de082011efddc58f1908eb6e6d8,25180623,199924,979619355093585109,2,S27_P2,198480:201960,0xc36442b4a4522e871399cd717abdd847ab11fe88:198480:201960,0xc36442b4a4522e871399cd717abdd847ab11fe88,198480,201960,46439203126569357,0.0474053548300226,3480,1444,2036,1444,13344598599588.8956896551724138,0.0000136222283994,369.4642482378657092,821.2575574576586691,10.9518946982276689,86.4676241018059911,97.41951880003366,86.4676241018059911,44791227277.433968,42666442728.6974,2124784548.736568,true,true,21549775812470760447.7725318493605418,20528201275833790169.4968970134452775,1021574536636970278.2756348359152643,true,true,253414595417.75776,242771905557.43732,10642689860.32044,true,true,106971851395729363748.140380439379005,101725598497349873514.066957183739181,5246252898379490234.073423255639824,true,true,535787911309.4055,513336782915.676,22451128393.7295,true,true,213317075458948805933.040593961283082,202643837290658685186.87569149758002,10673238168290120746.164902463703062,true,true
27,0x8ad599c3a0ff1de082011efddc58f1908eb6e6d8,25180623,199924,979619355093585109,3,S27_P3,193560:201120,0xc36442b4a4522e871399cd717abdd847ab11fe88:193560:201120,0xc36442b4a4522e871399cd717abdd847ab11fe88,193560,201120,52835280018729343,0.0539344999095918,7560,6364,1196,1196,6988793653271.0771164021164021,0.0000071341931097,369.4642482378657092,821.2575574576586691,12.5090800977241585,68.7518002026160761,81.2608803003402346,68.7518002026160761,44791227277.433968,42373798198.94436,2417429078.489608,true,true,21549775812470760447.7725318493605418,20387499345790563280.6644433985651009,1162276466680197167.1080884507954409,true,true,253414595417.75776,241292235377.77528,12122360039.98248,true,true,106971851395729363748.140380439379005,101002582049836104813.903797960312526,5969269345893258934.236582479066479,true,true,535787911309.4055,510231755016.4131,25556156292.9924,true,true,213317075458948805933.040593961283082,201169823535451907315.070558177245981,12147251923496898617.970035784037101,true,true
27,0x8ad599c3a0ff1de082011efddc58f1908eb6e6d8,25180623,199924,979619355093585109,4,S27_P4,198120:207240,0xc36442b4a4522e871399cd717abdd847ab11fe88:198120:207240,0xc36442b4a4522e871399cd717abdd847ab11fe88,198120,207240,22894220680805662,0.0233705270948005,9120,1804,7316,1804,2510331215000.6208333333333333,0.0000025625577955,369.4642482378657092,821.2575574576586691,5.3229368039228529,74.0770824263790178,79.4000192303018707,74.0770824263790178,44791227277.433968,43743721230.322716,1047506047.111252,true,true,21549775812470760447.7725318493605418,21046146036029131598.9383894677004425,503629776441628848.8341423816600993,true,true,253414595417.75776,248189015135.45104,5225580282.30672,true,true,106971851395729363748.140380439379005,104386347457309968023.066723561941856,2585503938419395725.073656877437149,true,true,535787911309.4055,524739644616.28195,11048266693.12355,true,true,213317075458948805933.040593961283082,208061734427322328011.290846812788696,5255341031626477921.749747148494386,true,true
27,0x8ad599c3a0ff1de082011efddc58f1908eb6e6d8,25180623,199924,979619355093585109,5,S27_P5,199140:206280,0xc36442b4a4522e871399cd717abdd847ab11fe88:199140:206280,0xc36442b4a4522e871399cd717abdd847ab11fe88,199140,206280,20626635535267928,0.021055765617552,7140,784,6356,784,2888884528749.0095238095238095,0.0000029489867812,369.4642482378657092,821.2575574576586691,4.3162409236319448,64.8043968654091731,69.1206377890411179,64.8043968654091731,44791227277.433968,43847472532.589352,943754744.844616,true,true,21549775812470760447.7725318493605418,21096028980224500114.5567676076712848,453746832246260333.215764241689257,true,true,253414595417.75776,248708363234.35088,4706232183.40688,true,true,106971851395729363748.140380439379005,104642517024475500202.330495838410233,2329334371253863545.809884600968772,true,true,535787911309.4055,525835633202.8714,9952278106.5341,true,true,213317075458948805933.040593961283082,208582828158422715022.464911047418847,4734247300526090910.575682913864235,true,true
27,0x8ad599c3a0ff1de082011efddc58f1908eb6e6d8,25180623,199924,979619355093585109,6,S27_P6,191880:202500,0xc36442b4a4522e871399cd717abdd847ab11fe88:191880:202500,0xc36442b4a4522e871399cd717abdd847ab11fe88,191880,202500,26626064536785294,0.0271800106830695,10620,8044,2576,2576,2507162385761.3271186440677966,0.0000025593230398,369.4642482378657092,821.2575574576586691,6.2044567936434037,56.0298870281766997,62.2343438218201034,56.0298870281766997,44791227277.433968,43572973384.999096,1218253892.434872,true,true,21549775812470760447.7725318493605418,20964052644469731613.2995262732946924,585723168001028834.4730055760658494,true,true,253414595417.75776,247333425062.35404,6081170355.40372,true,true,106971851395729363748.140380439379005,103964724485999701066.822809751498236,3007126909729662681.317570687880769,true,true,535787911309.4055,522935107332.72905,12852803976.67645,true,true,213317075458948805933.040593961283082,207203882520614147077.813169818965592,6113192938334658855.22742414231749,true,true
27,0x8ad599c3a0ff1de082011efddc58f1908eb6e6d8,25180623,199924,979619355093585109,7,S27_P7,187740:201600,0xc36442b4a4522e871399cd717abdd847ab11fe88:187740:201600,0xc36442b4a4522e871399cd717abdd847ab11fe88,187740,201600,28516071604276433,0.0291093386997772,13860,12184,1676,1676,2057436623685.1683261183261183,0.0000021002408874,369.4642482378657092,821.2575574576586691,6.6524214374842415,45.2327433136148443,51.8851647510990858,45.2327433136148443,44791227277.433968,43486498215.081816,1304729062.352152,true,true,21549775812470760447.7725318493605418,20922476022572115439.0266577046707083,627299789898645008.7458741446898335,true,true,253414595417.75776,246899685861.04992,6514909556.70784,true,true,106971851395729363748.140380439379005,103751175416135077582.94778957853362,3220675979594286165.192590860845385,true,true,535787911309.4055,522020795857.87725,13767115451.52825,true,true,213317075458948805933.040593961283082,206769292349856846630.343297663760329,6547783109091959302.697296297522753,true,true
27,0x8ad599c3a0ff1de082011efddc58f1908eb6e6d8,25180623,199924,979619355093585109,8,S27_P8,197100:207420,0xc36442b4a4522e871399cd717abdd847ab11fe88:197100:207420,0xc36442b4a4522e871399cd717abdd847ab11fe88,197100,207420,14236413679360489,0.0145325973862577,10320,2824,7496,2824,1379497449550.4349806201550388,0.0000014081974211,369.4642482378657092,821.2575574576586691,3.292975850862478,42.4046690427675967,45.6976448936300747,42.4046690427675967,44791227277.433968,44139851977.699748,651375299.73422,true,true,21549775812470760447.7725318493605418,21236601623448070497.5442475254349992,313174189022689950.2282843239255426,true,true,253414595417.75776,250169784959.93368,3244810457.82408,true,true,106971851395729363748.140380439379005,105364327715159927434.835979673860148,1607523680569436313.304400765518857,true,true,535787911309.4055,528922176706.45905,6865734602.94645,true,true,213317075458948805933.040593961283082,210050638397776476603.093509533839753,3266437061172329329.947084427443329,true,true
27,0x8ad599c3a0ff1de082011efddc58f1908eb6e6d8,25180623,199924,979619355093585109,9,S27_P9,199380:200100,0xc36442b4a4522e871399cd717abdd847ab11fe88:199380:200100,0xc36442b4a4522e871399cd717abdd847ab11fe88,199380,200100,86577812595972578,0.088379034311446,720,544,176,176,120246961938850.8027777777777778,0.0001227486587659,369.4642482378657092,821.2575574576586691,16.4891999030463126,23.2974723118532042,39.7866722148995168,23.2974723118532042,44791227277.433968,40829945947.1358,3961281330.298168,true,true,21549775812470760447.7725318493605418,19645227302945164301.8905922144670673,1904548509525596145.8819396348934745,true,true,253414595417.75776,233426615911.18856,19987979506.5692,true,true,106971851395729363748.140380439379005,97746488886489960684.761268889717489,9225362509239403063.379111549661516,true,true,535787911309.4055,494745027225.83464,41042884083.57086,true,true,213317075458948805933.040593961283082,195032682436039265829.220470964222997,18284393022909540103.820122997060085,true,true
27,0x8ad599c3a0ff1de082011efddc58f1908eb6e6d8,25180623,199924,979619355093585109,10,S27_P10,198000:200280,0xc36442b4a4522e871399cd717abdd847ab11fe88:198000:200280,0xc36442b4a4522e871399cd717abdd847ab11fe88,198000,200280,51645250054937805,0.0527197117803007,2280,1924,356,356,22651425462692.0197368421052632,0.0000231226806054,369.4642482378657092,821.2575574576586691,12.2184322352546116,25.9477609880135318,38.1661932232681434,25.9477609880135318,44791227277.433968,42428245826.077028,2362981451.35694,true,true,21549775812470760447.7725318493605418,20413678116622152473.197616829404101,1136097695848607974.5749150199564408,true,true,253414595417.75776,241567809406.359,11846786011.39876,true,true,106971851395729363748.140380439379005,101137108906165955052.342934926221322,5834742489563408695.797445513157683,true,true,535787911309.4055,510809709582.50845,24978201726.89705,true,true,213317075458948805933.040593961283082,201444143142466598425.755982490603496,11872932316482207507.284611470679586,true,true
27,0x8ad599c3a0ff1de082011efddc58f1908eb6e6d8,25180623,199924,979619355093585109,11,S27_P11,191160:204480,0xc36442b4a4522e871399cd717abdd847ab11fe88:191160:204480,0xc36442b4a4522e871399cd717abdd847ab11fe88,191160,204480,12459358629923232,0.0127185713156239,13320,8764,4556,4556,935387284528.7711711711711712,0.0000009548476964,369.4642482378657092,821.2575574576586691,2.8788986189486719,34.1677661074612582,37.0466647264099301,34.1677661074612582,44791227277.433968,44221159145.936456,570068131.497512,true,true,21549775812470760447.7725318493605418,21275693384073435541.2534003262425792,274082428397324906.5191315231179626,true,true,253414595417.75776,250575637869.5684,2838957548.18936,true,true,106971851395729363748.140380439379005,105565029795364193031.020701957020549,1406821600365170717.119678482358456,true,true,535787911309.4055,529779983779.3608,6007927530.0447,true,true,213317075458948805933.040593961283082,210458644217626320437.10717662260395,2858431241322485495.933417338679132,true,true
27,0x8ad599c3a0ff1de082011efddc58f1908eb6e6d8,25180623,199924,979619355093585109,12,S27_P12,197340:201960,0xc36442b4a4522e871399cd717abdd847ab11fe88:197340:201960,0xc36442b4a4522e871399cd717abdd847ab11fe88,197340,201960,14329546314904278,0.0146276676143616,4620,2584,2036,2036,3101633401494.4324675324675325,0.0000031661618213,369.4642482378657092,821.2575574576586691,3.3147010504939628,25.31030459851393,28.6250056490078928,25.31030459851393,44791227277.433968,44135589907.80788,655637369.626088,true,true,21549775812470760447.7725318493605418,21234553052777348843.1437543174133346,315222759693411604.6287775319472072,true,true,253414595417.75776,250148508016.74732,3266087401.01044,true,true,106971851395729363748.140380439379005,105353808997089453089.156261274970939,1618042398639910658.984119164408066,true,true,535787911309.4055,528877213976.03035,6910697333.37515,true,true,213317075458948805933.040593961283082,210029253358409722751.494784794943097,3287822100539083181.545809166339985,true,true
27,0x8ad599c3a0ff1de082011efddc58f1908eb6e6d8,25180623,199924,979619355093585109,13,S27_P13,188100:201120,0xc36442b4a4522e871399cd717abdd847ab11fe88:188100:201120,0xc36442b4a4522e871399cd717abdd847ab11fe88,188100,201120,18561516073464219,0.0189476820531899,13020,11824,1196,1196,1425615673845.178110599078341,0.0000014552751193,369.4642482378657092,821.2575574576586691,4.3044374559985932,23.2583514647563344,27.5627889207549276,23.2583514647563344,44791227277.433968,43941959825.887832,849267451.546136,true,true,21549775812470760447.7725318493605418,21141457625392858258.5474983616116781,408318187077902189.2250334877488637,true,true,253414595417.75776,249180992152.342,4233603265.41576,true,true,106971851395729363748.140380439379005,104875799244570928655.217358492466823,2096052151158435092.923021946912182,true,true,535787911309.4055,526833434375.36255,8954476934.04295,true,true,213317075458948805933.040593961283082,209057287042266379712.443208362733101,4259788416682426220.597385598549981,true,true
27,0x8ad599c3a0ff1de082011efddc58f1908eb6e6d8,25180623,199924,979619355093585109,14,S27_P14,189000:201540,0xc36442b4a4522e871399cd717abdd847ab11fe88:189000:201540,0xc36442b4a4522e871399cd717abdd847ab11fe88,189000,201540,14826952119053283,0.0151354217757742,12540,10924,1616,1616,1182372577276.9763157894736842,0.0000012069714335,369.4642482378657092,821.2575574576586691,3.4307722913761438,22.5304852604529967,25.9612575518291405,22.5304852604529967,44791227277.433968,44112832421.49682,678394855.937148,true,true,21549775812470760447.7725318493605418,21223610775842079959.5871122181881211,326165036628680488.1854196311724207,true,true,253414595417.75776,250034861874.9554,3379733542.80236,true,true,106971851395729363748.140380439379005,105297629287167694642.150483752318714,1674222108561669105.989896687060291,true,true,535787911309.4055,528637065602.87515,7150845706.53035,true,true,213317075458948805933.040593961283082,209915035676541904077.412313043666496,3402039782406901855.628280917616586,true,true
27,0x8ad599c3a0ff1de082011efddc58f1908eb6e6d8,25180623,199924,979619355093585109,15,S27_P15,194040:201600,0xc36442b4a4522e871399cd717abdd847ab11fe88:194040:201600,0xc36442b4a4522e871399cd717abdd847ab11fe88,194040,201600,12855140492364825,0.0131225872840546,7560,5884,1676,1676,1700415409042.9662698412698413,0.0000017357919688,369.4642482378657092,821.2575574576586691,2.971045554260499,19.9538338851145626,22.9248794393750616,19.9538338851145626,44791227277.433968,44203051035.328516,588176242.105452,true,true,21549775812470760447.7725318493605418,21266987024500471593.8684887768015402,282788787970288853.9040430725590016,true,true,253414595417.75776,250485267896.8936,2929327520.86416,true,true,106971851395729363748.140380439379005,105520330882893660117.116189710549642,1451520512835703631.024190728829363,true,true,535787911309.4055,529588954580.659,6198956728.7465,true,true,213317075458948805933.040593961283082,210367780756949171969.223979431314994,2949294701999633963.816614529968088,true,true
27,0x8ad599c3a0ff1de082011efddc58f1908eb6e6d8,25180623,199924,979619355093585109,16,S27_P16,197520:201120,0xc36442b4a4522e871399cd717abdd847ab11fe88:197520:201120,0xc36442b4a4522e871399cd717abdd847ab11fe88,197520,201120,14428787474922800,0.0147289734526983,3600,2404,1196,1196,4007996520811.8888888888888889,0.0000040913815146,369.4642482378657092,821.2575574576586691,3.3378538324001021,17.9986064431229084,21.3364602755230105,17.9986064431229084,44791227277.433968,44131048865.022856,660178412.411112,true,true,21549775812470760447.7725318493605418,21232369702381033049.003115748177569,317406110089727398.7694161011829728,true,true,253414595417.75776,250125834997.30088,3288760420.45688,true,true,106971851395729363748.140380439379005,105342600193001376650.325803946389319,1629251202727987097.814576492989686,true,true,535787911309.4055,528829301619.5891,6958609689.8164,true,true,213317075458948805933.040593961283082,210006465394670926503.732943030610231,3310610064277879429.307650930672851,true,true
27,0x8ad599c3a0ff1de082011efddc58f1908eb6e6d8,25180623,199924,979619355093585109,17,S27_P17,198540:200640,0xc36442b4a4522e871399cd717abdd847ab11fe88:198540:200640,0xc36442b4a4522e871399cd717abdd847ab11fe88,198540,200640,16630142684090819,0.0169761271024521,2100,1384,716,716,7919115563852.770952380952381,0.0000080838700488,369.4642482378657092,821.2575574576586691,3.8521273346826612,14.515339195311377,18.3674665299940382,14.515339195311377,44791227277.433968,44030328960.488488,760898316.94548,true,true,21549775812470760447.7725318493605418,21183944019405190404.5740154298230507,365831793065570043.1985164195374911,true,true,253414595417.75776,249622714227.61876,3791881190.139,true,true,106971851395729363748.140380439379005,105093959661448824135.401102390397911,1877891734280539612.739278048981094,true,true,535787911309.4055,527766330595.71515,8021580713.69035,true,true,213317075458948805933.040593961283082,209500924151755197847.806657977510685,3816151307193608085.233935983772397,true,true
27,0x8ad599c3a0ff1de082011efddc58f1908eb6e6d8,25180623,199924,979619355093585109,18,S27_P18,198540:200820,0xc36442b4a4522e871399cd717abdd847ab11fe88:198540:200820,0xc36442b4a4522e871399cd717abdd847ab11fe88,198540,200820,14018803323214909,0.0143104597212411,2280,1384,896,896,6148597948778.468859649122807,0.0000062765174216,369.4642482378657092,821.2575574576586691,3.2422228983771828,14.4092088020481857,17.6514317004253685,14.4092088020481857,44791227277.433968,44149808615.7796,641418661.654368,true,true,21549775812470760447.7725318493605418,21241388974536668773.3140954413106332,308386837934091674.4584364080499086,true,true,253414595417.75776,250219496802.19856,3195098615.5592,true,true,106971851395729363748.140380439379005,105388905484906603403.028267145513161,1582945910822760345.112113293865844,true,true,535787911309.4055,529027232378.512,6760678930.8935,true,true,213317075458948805933.040593961283082,210100605157243239875.069926180090645,3216470301705566057.970667781192437,true,true
27,0x8ad599c3a0ff1de082011efddc58f1908eb6e6d8,25180623,199924,979619355093585109,19,S27_P19,197880:201000,0xc36442b4a4522e871399cd717abdd847ab11fe88:197880:201000,0xc36442b4a4522e871399cd717abdd847ab11fe88,197880,201000,12051576383760682,0.0123023052996022,3120,2044,1076,1076,3862684738384.833974358974359,0.0000039430465704,369.4642482378657092,821.2575574576586691,2.7840028939813994,14.0095750280383296,16.793577922019729,14.0095750280383296,44791227277.433968,44239816999.588036,551410277.845932,true,true,21549775812470760447.7725318493605418,21284663892284521157.5958147458757129,265111920186239290.1767171034848289,true,true,253414595417.75776,250668735763.16284,2745859654.59492,true,true,106971851395729363748.140380439379005,105611083544394522602.584219515082148,1360767851334841145.556160924296857,true,true,535787911309.4055,529976793240.9135,5811118068.492,true,true,213317075458948805933.040593961283082,210552258713479450264.011335444803885,2764816745469355669.029258516479197,true,true
27,0x8ad599c3a0ff1de082011efddc58f1908eb6e6d8,25180623,199924,979619355093585109,20,S27_P20,198060:200280,0xc36442b4a4522e871399cd717abdd847ab11fe88:198060:200280,0xc36442b4a4522e871399cd717abdd847ab11fe88,198060,200280,20137351957596495,0.0205563026627549,2220,1864,356,356,9070879260178.6013513513513514,0.000009259595794,369.4642482378657092,821.2575574576586691,4.6742595553949262,10.0109818150461234,14.6852413704410496,10.0109818150461234,44791227277.433968,43869859005.02042,921368272.413548,true,true,21549775812470760447.7725318493605418,21106792221966500797.9732413644622927,442983590504259649.7992904848982491,true,true,253414595417.75776,248820371868.11012,4594223549.64764,true,true,106971851395729363748.140380439379005,104697789295507389820.250969340240705,2274062100221973927.8894110991383,true,true,535787911309.4055,526072068121.77435,9715843187.63115,true,true,213317075458948805933.040593961283082,208695249862646987136.810928190511547,4621825596301818796.229665770771535,true,true
28,0x8ad599c3a0ff1de082011efddc58f1908eb6e6d8,25170623,199805,1361243825513662849,1,S28_P1,198300:201900,0xc36442b4a4522e871399cd717abdd847ab11fe88:198300:201900,0xc36442b4a4522e871399cd717abdd847ab11fe88,198300,201900,128693041688885584,0.0945407716654461,3600,1505,2095,1505,35748067135801.5511111111111111,0.0000262613254626,347.15773911652916,727.6445440890792001,29.622587831826489,233.0421962107184625,262.6647840425449515,233.0421962107184625,63181231926.248355,57249679208.17237,5931552718.075985,true,true,29768328297630357428.819413590622168,26954007643911288112.2830898256982264,2814320653719069316.5363237649239416,true,true,323220302135.012,293878144757.2586,29342157377.7534,true,true,130489956478668524361.2310854374002812,115662362316106614899.1600196687957549,14827594162561909462.0710657686045263,true,true,654932950436.3436,594902558626.65665,60030391809.68695,true,true,250327024898180485621.7385876745888943,220912300405867663771.3864996532093682,29414724492312821850.3520880213795261,true,true
28,0x8ad599c3a0ff1de082011efddc58f1908eb6e6d8,25170623,199805,1361243825513662849,2,S28_P2,197700:199860,0xc36442b4a4522e871399cd717abdd847ab11fe88:197700:199860,0xc36442b4a4522e871399cd717abdd847ab11fe88,197700,199860,395884297364749718,0.2908254127179335,2160,2105,55,55,183279767298495.2398148148148148,0.0001346413947768,347.15773911652916,727.6445440890792001,112.5837383574095159,30.8027369606740492,143.3864753180835651,112.5837383574095159,63181231926.248355,44965621552.18972,18215610374.058635,true,true,29768328297630357428.819413590622168,21110941891516304404.9936641689492925,8657386406114053023.8257494216728755,true,true,323220302135.012,232642508460.8328,90577793674.1792,true,true,130489956478668524361.2310854374002812,105660532480604332474.8053859439506827,24829423998064191886.4256994934495985,true,true,654932950436.3436,470398563804.17496,184534386632.16864,true,true,250327024898180485621.7385876745888943,211407768997841779732.569374750444786,38919255900338705889.1692129241441083,true,true
28,0x8ad599c3a0ff1de082011efddc58f1908eb6e6d8,25170623,199805,1361243825513662849,3,S28_P3,198480:201960,0xc36442b4a4522e871399cd717abdd847ab11fe88:198480:201960,0xc36442b4a4522e871399cd717abdd847ab11fe88,198480,201960,46439203126569357,0.0341152718243152,3480,1325,2155,1325,13344598599588.8956896551724138,0.00000980323903,347.15773911652916,727.6445440890792001,10.1062402863799073,73.9728631015402036,84.0791033879201109,73.9728631015402036,63181231926.248355,61041136148.36628,2140095777.882075,true,true,29768328297630357428.819413590622168,28752773809540371216.665675346644352,1015554488089986212.153738243977816,true,true,323220302135.012,312638424759.34096,10581877375.67104,true,true,130489956478668524361.2310854374002812,125103747082820786748.0662483018236073,5386209395847737613.1648371355766739,true,true,654932950436.3436,633301204469.96195,21631745966.38165,true,true,250327024898180485621.7385876745888943,240511776815090869339.9905909099033497,9815248083089616281.7479967646855446,true,true
28,0x8ad599c3a0ff1de082011efddc58f1908eb6e6d8,25170623,199805,1361243825513662849,4,S28_P4,193560:201120,0xc36442b4a4522e871399cd717abdd847ab11fe88:193560:201120,0xc36442b4a4522e871399cd717abdd847ab11fe88,193560,201120,52835280018729343,0.0388139722130912,7560,6245,1315,1315,6988793653271.0771164021164021,0.0000051341233086,347.15773911652916,727.6445440890792001,11.5558941729434445,61.2141661321374125,72.770060305080857,61.2141661321374125,63181231926.248355,60746353595.670265,2434878330.57809,true,true,29768328297630357428.819413590622168,28612901371399498441.571812639931476,1155426926230858987.247600950690692,true,true,323220302135.012,311180493122.16896,12039809012.84304,true,true,130489956478668524361.2310854374002812,124364798012522352889.6425633638938417,6125158466146171471.5885220735064395,true,true,654932950436.3436,630319420800.67625,24613529635.66735,true,true,250327024898180485621.7385876745888943,239171298868730380008.9324955008521275,11155726029450105612.8060921737367668,true,true
28,0x8ad599c3a0ff1de082011efddc58f1908eb6e6d8,25170623,199805,1361243825513662849,5,S28_P5,198120:207240,0xc36442b4a4522e871399cd717abdd847ab11fe88:198120:207240,0xc36442b4a4522e871399cd717abdd847ab11fe88,198120,207240,22894220680805662,0.0168186038766175,9120,1685,7435,1685,2510331215000.6208333333333333,0.0000018441451619,347.15773911652916,727.6445440890792001,4.9108944695241244,52.3163144891661993,57.2272089586903237,52.3163144891661993,63181231926.248355,62126222646.72976,1055009279.518595,true,true,29768328297630357428.819413590622168,29267666564997809782.106258927785418,500661732632547646.71315466283675,true,true,323220302135.012,318004245211.15148,5216056923.86052,true,true,130489956478668524361.2310854374002812,127830125123445844458.1054499237399891,2659831355222679903.1256355136602921,true,true,654932950436.3436,644272386428.8624,10660564007.4812,true,true,250327024898180485621.7385876745888943,245471021828899899644.0537089708413171,4856003069280585977.6848787037475772,true,true
28,0x8ad599c3a0ff1de082011efddc58f1908eb6e6d8,25170623,199805,1361243825513662849,6,S28_P6,191880:202500,0xc36442b4a4522e871399cd717abdd847ab11fe88:191880:202500,0xc36442b4a4522e871399cd717abdd847ab11fe88,191880,202500,26626064536785294,0.019560099401544,10620,7925,2695,2695,2507162385761.3271186440677966,0.0000018418172694,347.15773911652916,727.6445440890792001,5.7251293236705052,46.742923138855118,52.4680524625256232,46.742923138855118,63181231926.248355,61954243768.678815,1226988157.56954,true,true,29768328297630357428.819413590622168,29186056688685949360.4019634138156364,582271608944408068.4174501768065316,true,true,323220302135.012,317153876911.07036,6066425223.94164,true,true,130489956478668524361.2310854374002812,127397367785625621565.2528505654621582,3092588693042902795.978234871938123,true,true,654932950436.3436,642534003044.50875,12398947391.83485,true,true,250327024898180485621.7385876745888943,244682518062050863065.8946290262595929,5644506836129622555.8439586483293014,true,true
28,0x8ad599c3a0ff1de082011efddc58f1908eb6e6d8,25170623,199805,1361243825513662849,7,S28_P7,199140:206280,0xc36442b4a4522e871399cd717abdd847ab11fe88:199140:206280,0xc36442b4a4522e871399cd717abdd847ab11fe88,199140,206280,20626635535267928,0.0151527853780968,7140,665,6475,665,2888884528749.0095238095238095,0.0000021222388485,347.15773911652916,727.6445440890792001,3.7951262576218565,46.3036146408147465,50.098740898436603,46.3036146408147465,63181231926.248355,62230720694.5185,950511231.729855,true,true,29768328297630357428.819413590622168,29317255109786846095.845603486661698,451073187843511332.97381010396047,true,true,323220302135.012,318520936747.9172,4699365387.0948,true,true,130489956478668524361.2310854374002812,128093194830743404895.0447294109863986,2396761647925119466.1863560264138826,true,true,654932950436.3436,645328587856.3284,9604362580.0152,true,true,250327024898180485621.7385876745888943,245950574545340103668.5578029070243409,4376450352840381953.1807847675645534,true,true
28,0x8ad599c3a0ff1de082011efddc58f1908eb6e6d8,25170623,199805,1361243825513662849,8,S28_P8,199380:200100,0xc36442b4a4522e871399cd717abdd847ab11fe88:199380:200100,0xc36442b4a4522e871399cd717abdd847ab11fe88,199380,200100,86577812595972578,0.0636019873686498,720,425,295,295,120246961938850.8027777777777778,0.0000883360935676,347.15773911652916,727.6445440890792001,13.5535617374945659,32.2317660145436683,45.7853277520382342,32.2317660145436683,63181231926.248355,59191110114.83441,3990121811.413945,true,true,29768328297630357428.819413590622168,27875003636209324923.2731838757336276,1893324661421032505.5462297148885404,true,true,323220302135.012,303486900061.38652,19733402073.62548,true,true,130489956478668524361.2310854374002812,120479213952505205411.2969502170586336,10010742526163318949.9341352203416476,true,true,654932950436.3436,614578130889.59965,40354819546.74395,true,true,250327024898180485621.7385876745888943,231177772075768413165.6987787513116172,19149252822412072456.0398089232772771,true,true
28,0x8ad599c3a0ff1de082011efddc58f1908eb6e6d8,25170623,199805,1361243825513662849,9,S28_P9,187740:201600,0xc36442b4a4522e871399cd717abdd847ab11fe88:187740:201600,0xc36442b4a4522e871399cd717abdd847ab11fe88,187740,201600,28516071604276433,0.0209485406433458,13860,12065,1795,1795,2057436623685.1683261183261183,0.0000015114387189,347.15773911652916,727.6445440890792001,6.1389982596124794,39.1679500758411226,45.306948335453602,39.1679500758411226,63181231926.248355,61867143991.035955,1314087935.2124,true,true,29768328297630357428.819413590622168,29144725104282217549.3207273343244332,623603193348139879.4986862562977348,true,true,323220302135.012,316723189870.19136,6497112264.82064,true,true,130489956478668524361.2310854374002812,127178284935515503551.8123965454715617,3311671543153020809.4186888919287195,true,true,654932950436.3436,641653517109.7329,13279433326.6107,true,true,250327024898180485621.7385876745888943,244283520481570614035.4202788465079146,6043504416609871586.3183088280809797,true,true
28,0x8ad599c3a0ff1de082011efddc58f1908eb6e6d8,25170623,199805,1361243825513662849,10,S28_P10,198000:200280,0xc36442b4a4522e871399cd717abdd847ab11fe88:198000:200280,0xc36442b4a4522e871399cd717abdd847ab11fe88,198000,200280,51645250054937805,0.0379397497251821,2280,1805,475,475,22651425462692.0197368421052632,0.0000166402411075,347.15773911652916,727.6445440890792001,11.2868072903332085,28.463895549903777,39.7507028402369855,28.463895549903777,63181231926.248355,60801200156.06411,2380031770.184245,true,true,29768328297630357428.819413590622168,28638925304073039800.2925237046101164,1129402993557317628.5268898860120516,true,true,323220302135.012,311451760175.257,11768541959.755,true,true,130489956478668524361.2310854374002812,124502227931125300749.6405379992202819,5987728547543223611.5905474381799993,true,true,654932950436.3436,630874247965.62625,24058702470.71735,true,true,250327024898180485621.7385876745888943,239420474234901155701.9438480299981338,10906550663279329919.7947396445907605,true,true
28,0x8ad599c3a0ff1de082011efddc58f1908eb6e6d8,25170623,199805,1361243825513662849,11,S28_P11,197100:207420,0xc36442b4a4522e871399cd717abdd847ab11fe88:197100:207420,0xc36442b4a4522e871399cd717abdd847ab11fe88,197100,207420,14236413679360489,0.0104583862292183,10320,2705,7615,2705,1379497449550.4349806201550388,0.0000010134095183,347.15773911652916,727.6445440890792001,3.0368540204329437,30.4742833088860798,33.5111373293190235,30.4742833088860798,63181231926.248355,62525200639.148095,656031287.10026,true,true,29768328297630357428.819413590622168,29456999475345314360.90026746525157,311328822285043067.919146125370598,true,true,323220302135.012,319976937736.16068,3243364398.85132,true,true,130489956478668524361.2310854374002812,128834996852490454193.023928865449695,1654959626178070168.2071565719505862,true,true,654932950436.3436,648304664043.8924,6628286392.4512,true,true,250327024898180485621.7385876745888943,247303709747842615994.6092617662166612,3023315150337869627.1293259083722331,true,true
28,0x8ad599c3a0ff1de082011efddc58f1908eb6e6d8,25170623,199805,1361243825513662849,12,S28_P12,191160:204480,0xc36442b4a4522e871399cd717abdd847ab11fe88:191160:204480,0xc36442b4a4522e871399cd717abdd847ab11fe88,191160,204480,12459358629923232,0.0091529220529039,13320,8645,4675,4675,935387284528.7711711711711712,0.0000006871563103,347.15773911652916,727.6445440890792001,2.6547627213289602,26.1158698436659019,28.7706325649948621,26.1158698436659019,63181231926.248355,62607091100.980145,574140825.26821,true,true,29768328297630357428.819413590622168,29495861285962758626.3935435526895824,272467011667598802.4258700379325856,true,true,323220302135.012,320381817449.10228,2838484685.90972,true,true,130489956478668524361.2310854374002812,129041401736497936976.8916563393607493,1448554742170587384.3394290980395319,true,true,654932950436.3436,649132182487.21245,5800767949.13115,true,true,250327024898180485621.7385876745888943,247680445219875047514.3749525161211565,2646579678305438107.3636351584677378,true,true
28,0x8ad599c3a0ff1de082011efddc58f1908eb6e6d8,25170623,199805,1361243825513662849,13,S28_P13,188100:201120,0xc36442b4a4522e871399cd717abdd847ab11fe88:188100:201120,0xc36442b4a4522e871399cd717abdd847ab11fe88,188100,201120,18561516073464219,0.0136357026754263,13020,11705,1315,1315,1425615673845.178110599078341,0.000001047288992,347.15773911652916,727.6445440890792001,3.9704500043896193,20.6503231729863392,24.6207731773759585,20.6503231729863392,63181231926.248355,62325888105.95366,855343820.294695,true,true,29768328297630357428.819413590622168,29362416360367855741.1861744257421976,405911937262501687.6332391648799704,true,true,323220302135.012,318991482508.4964,4228819626.5156,true,true,130489956478668524361.2310854374002812,128332849297622345747.8824127881949927,2157107181046178613.3486726492052885,true,true,654932950436.3436,646290422968.41285,8642527467.93075,true,true,250327024898180485621.7385876745888943,246387589990353315613.3608383837274471,3939434907827170008.3777492908614472,true,true
28,0x8ad599c3a0ff1de082011efddc58f1908eb6e6d8,25170623,199805,1361243825513662849,14,S28_P14,197340:201960,0xc36442b4a4522e871399cd717abdd847ab11fe88:197340:201960,0xc36442b4a4522e871399cd717abdd847ab11fe88,197340,201960,14329546314904278,0.0105268035353601,4620,2465,2155,2155,3101633401494.4324675324675325,0.0000022785289038,347.15773911652916,727.6445440890792001,3.0569027676316754,21.5174392764596446,24.57434204409132,21.5174392764596446,63181231926.248355,62520909422.33076,660322503.917595,true,true,29768328297630357428.819413590622168,29454963145469075024.978153506303018,313365152161282403.84126008431915,true,true,323220302135.012,319955718604.79228,3264583530.21972,true,true,130489956478668524361.2310854374002812,128824180905712244772.5287943115142517,1665775572956279588.7022911258860295,true,true,654932950436.3436,648261294026.0496,6671656410.294,true,true,250327024898180485621.7385876745888943,247283970876265788464.0948669853823865,3043054021914697157.6437206892065078,true,true
28,0x8ad599c3a0ff1de082011efddc58f1908eb6e6d8,25170623,199805,1361243825513662849,15,S28_P15,189000:201540,0xc36442b4a4522e871399cd717abdd847ab11fe88:189000:201540,0xc36442b4a4522e871399cd717abdd847ab11fe88,189000,201540,14826952119053283,0.0108922089056737,12540,10805,1735,1735,1182372577276.9763157894736842,0.0000008685972014,347.15773911652916,727.6445440890792001,3.1640202501610431,19.5310776643766078,22.6950979145376509,19.5310776643766078,63181231926.248355,62497987468.21437,683244458.033985,true,true,29768328297630357428.819413590622168,29444085449645567068.5440196799139228,324242847984790360.2753939107082452,true,true,323220302135.012,319842389204.2124,3377912930.7996,true,true,130489956478668524361.2310854374002812,128766417056388090381.7949153276043544,1723539422280433979.4361701097959268,true,true,654932950436.3436,648029659614.2401,6903290822.1035,true,true,250327024898180485621.7385876745888943,247178557808373751515.1481719482029225,3148467089806734106.5904157263859718,true,true
28,0x8ad599c3a0ff1de082011efddc58f1908eb6e6d8,25170623,199805,1361243825513662849,16,S28_P16,194040:201600,0xc36442b4a4522e871399cd717abdd847ab11fe88:194040:201600,0xc36442b4a4522e871399cd717abdd847ab11fe88,194040,201600,12855140492364825,0.0094436722146482,7560,5765,1795,1795,1700415409042.9662698412698413,0.0000012491629914,347.15773911652916,727.6445440890792001,2.739786156035612,17.2419306517568678,19.9817168077924798,17.2419306517568678,63181231926.248355,62588852412.164665,592379514.08369,true,true,29768328297630357428.819413590622168,29487206003196552952.4744168876297824,281122294433804476.3449967029923856,true,true,323220302135.012,320291644205.32364,2928657929.68836,true,true,130489956478668524361.2310854374002812,128995427227803082944.755946274699089,1494529250865441416.4751391627011922,true,true,654932950436.3436,648947883104.4784,5985067331.8652,true,true,250327024898180485621.7385876745888943,247596523076799768619.6790640775920741,2730501821380717002.0595235969968202,true,true
28,0x8ad599c3a0ff1de082011efddc58f1908eb6e6d8,25170623,199805,1361243825513662849,17,S28_P17,197520:201120,0xc36442b4a4522e871399cd717abdd847ab11fe88:197520:201120,0xc36442b4a4522e871399cd717abdd847ab11fe88,197520,201120,14428787474922800,0.0105997082994871,3600,2285,1315,1315,4007996520811.8888888888888889,0.0000029443634165,347.15773911652916,727.6445440890792001,3.0782691457707375,15.9751844175916444,19.0534535633623819,15.9751844175916444,63181231926.248355,62516335510.02754,664896416.220815,true,true,29768328297630357428.819413590622168,29452792578325049706.1778375064689796,315535719305307722.6415760841531884,true,true,323220302135.012,319933107268.81636,3287194866.19564,true,true,130489956478668524361.2310854374002812,128812655708692721703.3615111294505307,1677300769975802657.8695743079497505,true,true,654932950436.3436,648215079115.5079,6717871320.8357,true,true,250327024898180485621.7385876745888943,247262937934802365240.2807613657587506,3064086963378120381.4578263088301437,true,true
28,0x8ad599c3a0ff1de082011efddc58f1908eb6e6d8,25170623,199805,1361243825513662849,18,S28_P18,198540:200640,0xc36442b4a4522e871399cd717abdd847ab11fe88:198540:200640,0xc36442b4a4522e871399cd717abdd847ab11fe88,198540,200640,16630142684090819,0.0122168728132269,2100,1265,835,835,7919115563852.770952380952381,0.0000058175584825,347.15773911652916,727.6445440890792001,3.5451721330259055,13.8072256028900061,17.3523977359159116,13.8072256028900061,63181231926.248355,62414891529.39351,766340396.854845,true,true,29768328297630357428.819413590622168,29404652663078342399.1118679341332736,363675634552015029.7075456564888944,true,true,323220302135.012,319431543428.06636,3788758706.94564,true,true,130489956478668524361.2310854374002812,128557045786089322708.3218931891432815,1932910692579201652.9091922482569997,true,true,654932950436.3436,647189913021.19185,7743037415.15175,true,true,250327024898180485621.7385876745888943,246796541579772278979.8591016577276406,3530483318408206641.8794860168612537,true,true
28,0x8ad599c3a0ff1de082011efddc58f1908eb6e6d8,25170623,199805,1361243825513662849,19,S28_P19,198540:200820,0xc36442b4a4522e871399cd717abdd847ab11fe88:198540:200820,0xc36442b4a4522e871399cd717abdd847ab11fe88,198540,200820,14018803323214909,0.0102985248200666,2280,1265,1015,1015,6148597948778.468859649122807,0.0000045168968509,347.15773911652916,727.6445440890792001,2.9838427466928399,13.211908999460566,16.1957517461534059,13.211908999460566,63181231926.248355,62535229119.66244,646002806.585915,true,true,29768328297630357428.819413590622168,29461758464406589323.9865542318657624,306569833223768104.8328593587564056,true,true,323220302135.012,320026518175.43328,3193783959.57872,true,true,130489956478668524361.2310854374002812,128860269513633161621.0218976684096931,1629686965035362740.2091877689905881,true,true,654932950436.3436,648406000702.8626,6526949733.481,true,true,250327024898180485621.7385876745888943,247349832912900216927.5109771483707422,2977191985280268694.2276105262181521,true,true
28,0x8ad599c3a0ff1de082011efddc58f1908eb6e6d8,25170623,199805,1361243825513662849,20,S28_P20,198060:200280,0xc36442b4a4522e871399cd717abdd847ab11fe88:198060:200280,0xc36442b4a4522e871399cd717abdd847ab11fe88,198060,200280,20137351957596495,0.0147933467760617,2220,1745,475,475,9070879260178.6013513513513514,0.0000066636697189,347.15773911652916,727.6445440890792001,4.3118910377851577,10.9406919944579479,15.2525830322431056,10.9406919944579479,63181231926.248355,62253268565.36367,927963360.884685,true,true,29768328297630357428.819413590622168,29327955056021231799.0033071979674792,440373241609125629.8161063926546888,true,true,323220302135.012,318632423042.15572,4587879092.85628,true,true,130489956478668524361.2310854374002812,128149969256578738133.6037694734392253,2339987222089786227.6273159639610559,true,true,654932950436.3436,645556478354.1808,9376472082.1628,true,true,250327024898180485621.7385876745888943,246054091502143855132.2932938302991918,4272933396036630489.4452938442897025,true,true
29,0x8ad599c3a0ff1de082011efddc58f1908eb6e6d8,25160623,199689,1379256799613845358,1,S29_P1,198300:201900,0xc36442b4a4522e871399cd717abdd847ab11fe88:198300:201900,0xc36442b4a4522e871399cd717abdd847ab11fe88,198300,201900,128693041688885584,0.0933060773924886,3600,1389,2211,1389,35748067135801.5511111111111111,0.0000259183548312,343.5773079576119048,640.5993422292646822,29.1074883833817927,195.5434378979320999,224.6509262813138926,195.5434378979320999,63974370632.90274,58009082318.84139,5965288314.06135,true,true,29987890447135309848.0047796968133932,27189838401583970469.9033082309691006,2798052045551339378.1014714658442926,true,true,322561218201.376,292838869934.0408,29722348267.3352,true,true,147386823138308791388.5625995370788622,133101322514838901839.6410021822018319,14285500623469889548.9215973548770303,true,true,649934779885.95755,589525019581.6197,60409760304.33785,true,true,282912656216229954656.7604778353167597,257686507170555170633.9615057121375726,25226149045674784022.7989721231791871,true,true
29,0x8ad599c3a0ff1de082011efddc58f1908eb6e6d8,25160623,199689,1379256799613845358,2,S29_P2,197700:199860,0xc36442b4a4522e871399cd717abdd847ab11fe88:197700:199860,0xc36442b4a4522e871399cd717abdd847ab11fe88,197700,199860,395884297364749718,0.2870272580679585,2160,1989,171,171,183279767298495.2398148148148148,0.0001328829898463,343.5773079576119048,640.5993422292646822,111.4533416697631208,81.6582883745920149,193.1116300443551357,111.4533416697631208,63974370632.90274,45637647965.543788,18336722667.358952,true,true,29987890447135309848.0047796968133932,21380548689075762221.5859936985904232,8607341758059547626.41878599822297,true,true,322561218201.376,231156124633.80888,91405093567.56712,true,true,147386823138308791388.5625995370788622,104005063453903214827.3191934357518554,43381759684405576561.2434061013270068,true,true,649934779885.95755,464060135386.82656,185874644499.13099,true,true,282912656216229954656.7604778353167597,205737581548291093352.1969199943052823,77175074667938861304.5635578410114774,true,true
29,0x8ad599c3a0ff1de082011efddc58f1908eb6e6d8,25160623,199689,1379256799613845358,3,S29_P3,198480:201960,0xc36442b4a4522e871399cd717abdd847ab11fe88:198480:201960,0xc36442b4a4522e871399cd717abdd847ab11fe88,198480,201960,46439203126569357,0.0336697293350818,3480,1209,2271,1209,13344598599588.8956896551724138,0.000009675209579,343.5773079576119048,640.5993422292646822,9.8761339824727472,61.230070448581261,71.1062044310540082,61.230070448581261,63974370632.90274,61822081563.367935,2152289069.534805,true,true,29987890447135309848.0047796968133932,28978206705525661795.3077384074304219,1009683741609648052.6970412893829713,true,true,322561218201.376,311832557603.127,10728660598.249,true,true,147386823138308791388.5625995370788622,142274688587901482210.6880540650624023,5112134550407309177.8745454720164599,true,true,649934779885.95755,628165220743.5704,21769559142.38715,true,true,282912656216229954656.7604778353167597,273598803637470944766.3616973833638648,9313852578759009890.3987804519528949,true,true
29,0x8ad599c3a0ff1de082011efddc58f1908eb6e6d8,25160623,199689,1379256799613845358,4,S29_P4,193560:201120,0xc36442b4a4522e871399cd717abdd847ab11fe88:193560:201120,0xc36442b4a4522e871399cd717abdd847ab11fe88,193560,201120,52835280018729343,0.0383070651045707,7560,6129,1431,1431,6988793653271.0771164021164021,0.0000050670721038,343.5773079576119048,640.5993422292646822,11.3640575514227143,52.8697506707215858,64.2338082221443001,52.8697506707215858,63974370632.90274,61525621407.764975,2448749225.137765,true,true,29987890447135309848.0047796968133932,28839142718953434122.4478558867632969,1148747728181875725.5569238100500963,true,true,322561218201.376,310355220684.92432,12205997516.45168,true,true,147386823138308791388.5625995370788622,141570831620337497273.1924299132047665,5815991517971294115.3701696238740957,true,true,649934779885.95755,625164689176.8977,24770090709.05985,true,true,282912656216229954656.7604778353167597,272338946284275906378.7889531180815956,10573709931954048277.9715247172351641,true,true
29,0x8ad599c3a0ff1de082011efddc58f1908eb6e6d8,25160623,199689,1379256799613845358,5,S29_P5,191880:202500,0xc36442b4a4522e871399cd717abdd847ab11fe88:191880:202500,0xc36442b4a4522e871399cd717abdd847ab11fe88,191880,202500,26626064536785294,0.0193046462009394,10620,7809,2811,2811,2507162385761.3271186440677966,0.0000018177632958,343.5773079576119048,640.5993422292646822,5.6319134186846052,37.6407295325153786,43.2726429511999838,37.6407295325153786,63974370632.90274,62740387929.05313,1233982703.84961,true,true,29987890447135309848.0047796968133932,29408984828921075850.0263429683467952,578905618214233997.978436728466598,true,true,322561218201.376,316409386429.73788,6151831771.63812,true,true,147386823138308791388.5625995370788622,144455412622476609529.3073805895050494,2931410515832181859.2552189475738128,true,true,649934779885.95755,637456573778.50415,12478206107.4534,true,true,282912656216229954656.7604778353167597,277537092067023170886.2923810992768372,5375564149206783770.4680967360399225,true,true
29,0x8ad599c3a0ff1de082011efddc58f1908eb6e6d8,25160623,199689,1379256799613845358,6,S29_P6,198120:207240,0xc36442b4a4522e871399cd717abdd847ab11fe88:198120:207240,0xc36442b4a4522e871399cd717abdd847ab11fe88,198120,207240,22894220680805662,0.0165989543696398,9120,1569,7551,1569,2510331215000.6208333333333333,0.0000018200607861,343.5773079576119048,640.5993422292646822,4.8311396790846748,36.6063989534561994,41.4375386325408742,36.6063989534561994,63974370632.90274,62913346389.021105,1061024243.881635,true,true,29987890447135309848.0047796968133932,29490123214876165074.3274180529696404,497767232259144773.6773616438437528,true,true,322561218201.376,317271525585.23604,5289692616.13996,true,true,147386823138308791388.5625995370788622,144866217705279181068.6391699566639019,2520605433029610319.9234295804149603,true,true,649934779885.95755,639206090790.87805,10728689095.0795,true,true,282912656216229954656.7604778353167597,278284902362573002486.2306554515871073,4627753853656952170.5298223837296524,true,true
29,0x8ad599c3a0ff1de082011efddc58f1908eb6e6d8,25160623,199689,1379256799613845358,7,S29_P7,198000:200280,0xc36442b4a4522e871399cd717abdd847ab11fe88:198000:200280,0xc36442b4a4522e871399cd717abdd847ab11fe88,198000,200280,51645250054937805,0.0374442598864817,2280,1689,591,591,22651425462692.0197368421052632,0.0000164229210028,343.5773079576119048,640.5993422292646822,11.0996079113191465,28.5990389360130546,39.6986468473322011,28.5990389360130546,63974370632.90274,61580779584.815535,2393591048.087205,true,true,29987890447135309848.0047796968133932,28865016285073575402.1519197615290021,1122874162061734445.8528599352843911,true,true,322561218201.376,310630082745.442,11931135455.934,true,true,147386823138308791388.5625995370788622,141701783840936914861.245743258983083,5685039297371876527.3168562780957792,true,true,649934779885.95755,625723000169.3009,24211779716.65665,true,true,282912656216229954656.7604778353167597,272572919051894197831.9013779200041373,10339737164335756824.8590999153126224,true,true
29,0x8ad599c3a0ff1de082011efddc58f1908eb6e6d8,25160623,199689,1379256799613845358,8,S29_P8,187740:201600,0xc36442b4a4522e871399cd717abdd847ab11fe88:187740:201600,0xc36442b4a4522e871399cd717abdd847ab11fe88,187740,201600,28516071604276433,0.0206749545206231,13860,11949,1911,1911,2057436623685.1683261183261183,0.0000014916994604,343.5773079576119048,640.5993422292646822,6.0389109848232518,32.9370057921285542,38.975916776951806,32.9370057921285542,63974370632.90274,62652791727.00947,1321578905.89327,true,true,29987890447135309848.0047796968133932,29367892401152658471.8882135456414113,619998045982651376.1165661511719819,true,true,322561218201.376,315972763054.7354,6588455146.6406,true,true,147386823138308791388.5625995370788622,144247365925504223629.2735848879033736,3139457212804567759.2890146491754886,true,true,649934779885.95755,636570463483.8654,13364316402.09215,true,true,282912656216229954656.7604778353167597,277159080518006966329.3419920451394212,5753575698222988327.4184857901773385,true,true
29,0x8ad599c3a0ff1de082011efddc58f1908eb6e6d8,25160623,199689,1379256799613845358,9,S29_P9,199140:206280,0xc36442b4a4522e871399cd717abdd847ab11fe88:199140:206280,0xc36442b4a4522e871399cd717abdd847ab11fe88,199140,206280,20626635535267928,0.0149548913161369,7140,549,6591,549,2888884528749.0095238095238095,0.0000020945225933,343.5773079576119048,640.5993422292646822,3.5130567084107034,32.5496843423534101,36.0627410507641135,32.5496843423534101,63974370632.90274,63018440832.43447,955929800.46827,true,true,29987890447135309848.0047796968133932,29539425075074884670.4842118891979515,448465372060425177.5205678076154417,true,true,322561218201.376,317795401957.65408,4765816243.72192,true,true,147386823138308791388.5625995370788622,145115844699076338159.1921857771829206,2270978439232453229.3704137598959416,true,true,649934779885.95755,640269076570.5736,9665703315.38395,true,true,282912656216229954656.7604778353167597,278740209396059126158.3547047707101184,4172446820170828498.4057730646066413,true,true
29,0x8ad599c3a0ff1de082011efddc58f1908eb6e6d8,25160623,199689,1379256799613845358,10,S29_P10,197100:207420,0xc36442b4a4522e871399cd717abdd847ab11fe88:197100:207420,0xc36442b4a4522e871399cd717abdd847ab11fe88,197100,207420,14236413679360489,0.0103218006127259,10320,2589,7731,2589,1379497449550.4349806201550388,0.000001000174478,343.5773079576119048,640.5993422292646822,2.987799843347997,21.6940531598016634,24.6818530031496604,21.6940531598016634,63974370632.90274,63314598529.77406,659772103.12868,true,true,29987890447135309848.0047796968133932,29678361710093963703.4220632968512179,309528737041346144.5827163999621753,true,true,322561218201.376,319271778938.9936,3289439262.3824,true,true,147386823138308791388.5625995370788622,145819347761077789871.9663510734177611,1567475377231001516.5962484636611011,true,true,649934779885.95755,643264257286.8684,6670522599.08915,true,true,282912656216229954656.7604778353167597,280026966364652855962.0052194996044633,2885689851577098694.7552583357122964,true,true
29,0x8ad599c3a0ff1de082011efddc58f1908eb6e6d8,25160623,199689,1379256799613845358,11,S29_P11,188100:201120,0xc36442b4a4522e871399cd717abdd847ab11fe88:188100:201120,0xc36442b4a4522e871399cd717abdd847ab11fe88,188100,201120,18561516073464219,0.013457621581899,13020,11589,1431,1431,1425615673845.178110599078341,0.0000010336114886,343.5773079576119048,640.5993422292646822,3.9061487547728947,17.832308086713837,21.7384568414867317,17.832308086713837,63974370632.90274,63114150292.169925,860220340.732815,true,true,29987890447135309848.0047796968133932,29584324812166879561.2422747282181574,403565634968430286.7625049685952358,true,true,322561218201.376,318272511645.99248,4288706555.38352,true,true,147386823138308791388.5625995370788622,145343189133314475227.1314012594750925,2043634004994316161.4311982776037697,true,true,649934779885.95755,641237095565.49625,8697684320.4613,true,true,282912656216229954656.7604778353167597,279155459448992755973.8498797782190264,3757196767237198682.9105980570977333,true,true
29,0x8ad599c3a0ff1de082011efddc58f1908eb6e6d8,25160623,199689,1379256799613845358,12,S29_P12,197340:201960,0xc36442b4a4522e871399cd717abdd847ab11fe88:197340:201960,0xc36442b4a4522e871399cd717abdd847ab11fe88,197340,201960,14329546314904278,0.0103893243947872,4620,2349,2271,2271,3101633401494.4324675324675325,0.000002248771514,343.5773079576119048,640.5993422292646822,3.0075221298024276,17.7728312644483723,20.7803533942507999,17.7728312644483723,63974370632.90274,63310282431.635235,664088201.267505,true,true,29987890447135309848.0047796968133932,29676336511821785600.7006047234874973,311553935313524247.3041749733258959,true,true,322561218201.376,319250261334.51956,3310956866.85644,true,true,147386823138308791388.5625995370788622,145809094301279941865.5127473851239689,1577728837028849523.0498521519548933,true,true,649934779885.95755,643220609466.78985,6714170419.1677,true,true,282912656216229954656.7604778353167597,280008174318314221845.8187692090097351,2904481897915732810.9417086263070246,true,true
29,0x8ad599c3a0ff1de082011efddc58f1908eb6e6d8,25160623,199689,1379256799613845358,13,S29_P13,189000:201540,0xc36442b4a4522e871399cd717abdd847ab11fe88:189000:201540,0xc36442b4a4522e871399cd717abdd847ab11fe88,189000,201540,14826952119053283,0.0107499576026773,12540,10689,1851,1851,1182372577276.9763157894736842,0.0000008572533973,343.5773079576119048,640.5993422292646822,3.1128946764854132,16.477450894427642,19.5903455709130552,16.477450894427642,63974370632.90274,63287230137.25879,687140495.64395,true,true,29987890447135309848.0047796968133932,29665522155236150139.4083835956620838,322368291899159708.5963961011513094,true,true,322561218201.376,319135339285.59032,3425878915.78568,true,true,147386823138308791388.5625995370788622,145754332951210215538.9819778613005762,1632490187098575849.580621675778286,true,true,649934779885.95755,642987491069.0346,6947288816.92295,true,true,282912656216229954656.7604778353167597,279907828380051927101.9518588330553433,3004827836178027554.8086190022614164,true,true
29,0x8ad599c3a0ff1de082011efddc58f1908eb6e6d8,25160623,199689,1379256799613845358,14,S29_P14,197520:201120,0xc36442b4a4522e871399cd717abdd847ab11fe88:197520:201120,0xc36442b4a4522e871399cd717abdd847ab11fe88,197520,201120,14428787474922800,0.0104612770290221,3600,2169,1431,1431,4007996520811.8888888888888889,0.0000029059102858,343.5773079576119048,640.5993422292646822,3.0285405375978812,13.7966480001707891,16.8251885377686703,13.7966480001707891,63974370632.90274,63305683045.375405,668687587.527335,true,true,29987890447135309848.0047796968133932,29674178888056430219.1548448585278796,313711559078879628.8499348382855136,true,true,322561218201.376,319227332342.9744,3333885858.4016,true,true,147386823138308791388.5625995370788622,145798168468337610703.3023394333871077,1588654669971180685.2602601036917545,true,true,649934779885.95755,643174098614.4234,6760681271.53415,true,true,282912656216229954656.7604778353167597,279988150986691704748.0039511542549947,2924505229538249908.756526681061765,true,true
29,0x8ad599c3a0ff1de082011efddc58f1908eb6e6d8,25160623,199689,1379256799613845358,15,S29_P15,198540:200640,0xc36442b4a4522e871399cd717abdd847ab11fe88:198540:200640,0xc36442b4a4522e871399cd717abdd847ab11fe88,198540,200640,16630142684090819,0.0120573215145626,2100,1149,951,951,7919115563852.770952380952381,0.0000057415816736,343.5773079576119048,640.5993422292646822,3.4571370376810617,12.4858803683197597,15.9430174060008214,12.4858803683197597,63974370632.90274,63203660055.22499,770710577.67775,true,true,29987890447135309848.0047796968133932,29626316916273982256.8845985691107367,361573530861327591.1201811277026565,true,true,322561218201.376,318718729304.82512,3842488896.55088,true,true,147386823138308791388.5625995370788622,145555814754735844939.7617610937234405,1831008383572946448.8008384433554217,true,true,649934779885.95755,642142360505.98255,7792419379.975,true,true,282912656216229954656.7604778353167597,279544326842080430132.6862902502043965,3368329374149524524.0741875851123632,true,true
29,0x8ad599c3a0ff1de082011efddc58f1908eb6e6d8,25160623,199689,1379256799613845358,16,S29_P16,199380:200100,0xc36442b4a4522e871399cd717abdd847ab11fe88:199380:200100,0xc36442b4a4522e871399cd717abdd847ab11fe88,199380,200100,28857312275253063,0.0209223636115713,720,309,411,309,40079600382295.9208333333333333,0.0000290588383494,343.5773079576119048,640.5993422292646822,3.666857278658577,11.903240096243888,15.570097374902465,11.903240096243888,63974370632.90274,62636976524.68398,1337394108.21876,true,true,29987890447135309848.0047796968133932,29360473320539050651.4693399969501711,627417126596259196.5354396998632221,true,true,322561218201.376,315893931677.66316,6667286523.71284,true,true,147386823138308791388.5625995370788622,144209803700896988023.8470273629103114,3177019437411803364.7155721741685508,true,true,649934779885.95755,636410667020.813,13524112865.14455,true,true,282912656216229954656.7604778353167597,277090882515138085197.6169786692302349,5821773701091869459.1434991660865248,true,true
29,0x8ad599c3a0ff1de082011efddc58f1908eb6e6d8,25160623,199689,1379256799613845358,17,S29_P17,198060:200280,0xc36442b4a4522e871399cd717abdd847ab11fe88:198060:200280,0xc36442b4a4522e871399cd717abdd847ab11fe88,198060,200280,20137351957596495,0.0146001469510496,2220,1629,591,591,9070879260178.6013513513513514,0.0000065766427707,343.5773079576119048,640.5993422292646822,4.2419905297409652,10.9683850732688683,15.2103756030098335,10.9683850732688683,63974370632.90274,63041116776.540445,933253856.362295,true,true,29987890447135309848.0047796968133932,29550063260254475454.8974353168693353,437827186880834393.1073443799440579,true,true,322561218201.376,317908441411.21836,4652776790.15764,true,true,147386823138308791388.5625995370788622,145169708430335647723.5585605480317323,2217114707973143665.0040389890471299,true,true,649934779885.95755,640498432613.0929,9436347272.86465,true,true,282912656216229954656.7604778353167597,278838542363679343782.6696172333056492,4074113852550610874.0908606020111105,true,true
29,0x8ad599c3a0ff1de082011efddc58f1908eb6e6d8,25160623,199689,1379256799613845358,18,S29_P18,188640:199740,0xc36442b4a4522e871399cd717abdd847ab11fe88:188640:199740,0xc36442b4a4522e871399cd717abdd847ab11fe88,188640,199740,54022728109693686,0.0391679983921911,11100,11049,51,51,4866912442314.7464864864864865,0.0000035286485038,343.5773079576119048,640.5993422292646822,11.6283369420696021,3.322070053085722,14.9504069951553241,11.6283369420696021,63974370632.90274,61470582011.217395,2503788621.685345,true,true,29987890447135309848.0047796968133932,28813324877369348055.7881786995951404,1174565569765961792.2166009972182528,true,true,322561218201.376,310080957334.11996,12480260867.25604,true,true,147386823138308791388.5625995370788622,143874873072459750795.3069286188860266,3511950065849040593.2556709181928356,true,true,649934779885.95755,624607569406.14495,25327210479.8126,true,true,282912656216229954656.7604778353167597,278505501927191275441.2759794534270985,4407154289038679215.4844983818896612,true,true
29,0x8ad599c3a0ff1de082011efddc58f1908eb6e6d8,25160623,199689,1379256799613845358,19,S29_P19,198540:200820,0xc36442b4a4522e871399cd717abdd847ab11fe88:198540:200820,0xc36442b4a4522e871399cd717abdd847ab11fe88,198540,200820,14002033464506758,0.0101518683601393,2280,1149,1131,1131,6141242747590.6833333333333333,0.0000044525738422,343.5773079576119048,640.5993422292646822,2.906650952965873,11.626634966494089,14.533285919459962,11.626634966494089,63974370632.90274,63325460845.836175,648909787.066565,true,true,29987890447135309848.0047796968133932,29683457637575886372.5105042989286375,304432809559423475.4942753978847557,true,true,322561218201.376,319325930926.77576,3235287274.60024,true,true,147386823138308791388.5625995370788622,145845151867732065265.2960646781326937,1541671270576726123.2665348589461685,true,true,649934779885.95755,643374102058.8599,6560677827.09765,true,true,282912656216229954656.7604778353167597,280074263941456874953.8098671739284686,2838392274773079702.9506106613882911,true,true
29,0x8ad599c3a0ff1de082011efddc58f1908eb6e6d8,25160623,199689,1379256799613845358,20,S29_P20,197700:199800,0xc36442b4a4522e871399cd717abdd847ab11fe88:197700:199800,0xc36442b4a4522e871399cd717abdd847ab11fe88,197700,199800,17698880824245652,0.0128321867466601,2100,1989,111,111,8428038487736.0247619047619048,0.0000061105651175,343.5773079576119048,640.5993422292646822,3.7225862883844871,2.2973037902502618,6.0198900786347489,3.7225862883844871,63974370632.90274,63154129209.907625,820241422.995115,true,true,29987890447135309848.0047796968133932,29603080342106886986.0003125615272486,384810105028422862.0044671352861446,true,true,322561218201.376,318471810858.79204,4089407342.58396,true,true,147386823138308791388.5625995370788622,145613729159318129885.5454886419820941,1773093978990661503.0171108950967681,true,true,649934779885.95755,641641433470.16235,8293346415.7952,true,true,282912656216229954656.7604778353167597,280323918056620466579.3249267324247645,2588738159609488077.4355511028919952,true,true
30,0x8ad599c3a0ff1de082011efddc58f1908eb6e6d8,25150623,199708,1620500760969764193,1,S30_P1,198300:201900,0xc36442b4a4522e871399cd717abdd847ab11fe88:198300:201900,0xc36442b4a4522e871399cd717abdd847ab11fe88,198300,201900,128693041688885584,0.0794156008984971,3600,1408,2192,1408,35748067135801.5511111111111111,0.0000220598891385,308.0705639551931632,548.2040915813919177,24.2191865391662695,148.7236009063260206,172.9427874454922901,148.7236009063260206,74994365256.27702,69039507742.015925,5954857514.261095,true,true,35266495871389856693.3316006147123416,32465785555562414017.2284086345228868,2800710315827442676.1031919801894548,true,true,380236269886.77804,350460915628.998,29775354257.78004,true,true,173568954102049021198.4347135709123475,159360027105186555043.0836108976047606,14208926996862466155.3511026733075869,true,true,765924636109.5946,705855991489.9298,60068644619.6648,true,true,330115098170543732428.6143448129848582,302547393424155220619.4454419260040582,27567704746388511809.1689028869808,true,true
30,0x8ad599c3a0ff1de082011efddc58f1908eb6e6d8,25150623,199708,1620500760969764193,2,S30_P2,197700:199860,0xc36442b4a4522e871399cd717abdd847ab11fe88:197700:199860,0xc36442b4a4522e871399cd717abdd847ab11fe88,197700,199860,395884297364749718,0.2442975078443275,2160,2008,152,152,183279767298495.2398148148148148,0.0001131006980761,308.0705639551931632,548.2040915813919177,91.9307579423133015,60.384158901671737,152.3149168439850385,91.9307579423133015,74994365256.27702,56681230969.730735,18313134286.546285,true,true,35266495871389856693.3316006147123416,26648097211206565254.4233441604590828,8618398660183291438.9082564542532588,true,true,380236269886.77804,288529190038.48216,91707079848.29588,true,true,173568954102049021198.4347135709123475,129901271839257570384.4873724595202131,43667682262791450813.9473411113921344,true,true,765924636109.5946,580995367242.3708,184929268867.2238,true,true,330115098170543732428.6143448129848582,257388694470719397975.0192692310841158,72726403699824334453.5950755819007424,true,true
30,0x8ad599c3a0ff1de082011efddc58f1908eb6e6d8,25150623,199708,1620500760969764193,3,S30_P3,199200:200160,0xc36442b4a4522e871399cd717abdd847ab11fe88:199200:200160,0xc36442b4a4522e871399cd717abdd847ab11fe88,199200,200160,183371228247628305,0.1131571380058424,960,508,452,452,191011696091279.484375,0.0001178720187561,308.0705639551931632,548.2040915813919177,27.0767824971943329,70.6934954713608709,97.7702779685552038,70.6934954713608709,74994365256.27702,66509956092.042445,8484409164.234575,true,true,35266495871389856693.3316006147123416,31275840064186822575.1733954013583748,3990655807203034118.1582052133539668,true,true,380236269886.77804,337799888057.44788,42436381829.33016,true,true,173568954102049021198.4347135709123475,153282475511819843853.0087044122347081,20286478590229177345.4260091586776394,true,true,765924636109.5946,680332870853.68485,85591765255.90975,true,true,330115098170543732428.6143448129848582,291244670646051664020.3965180347901382,38870427524492068408.21782677819472,true,true
30,0x8ad599c3a0ff1de082011efddc58f1908eb6e6d8,25150623,199708,1620500760969764193,4,S30_P4,198480:201960,0xc36442b4a4522e871399cd717abdd847ab11fe88:198480:201960,0xc36442b4a4522e871399cd717abdd847ab11fe88,198480,201960,46439203126569357,0.0286573164574008,3480,1228,2252,1228,13344598599588.8956896551724138,0.000008234861051,308.0705639551931632,548.2040915813919177,8.2662308258092352,46.9836762599473291,55.2499070857565643,46.9836762599473291,74994365256.27702,72845648533.49737,2148716722.77965,true,true,35266495871389856693.3316006147123416,34255852648650654805.915113804835366,1010643222739201887.4164868098769756,true,true,380236269886.77804,369495681282.49192,10740588604.28612,true,true,173568954102049021198.4347135709123475,168441379611810256649.0493237390669,5127574490238764549.3853898318454475,true,true,765924636109.5946,744249577929.5677,21675058180.0269,true,true,330115098170543732428.6143448129848582,320016324373207311185.5906996599326454,10098773797336421243.0236451530522128,true,true
30,0x8ad599c3a0ff1de082011efddc58f1908eb6e6d8,25150623,199708,1620500760969764193,5,S30_P5,193560:201120,0xc36442b4a4522e871399cd717abdd847ab11fe88:193560:201120,0xc36442b4a4522e871399cd717abdd847ab11fe88,193560,201120,52835280018729343,0.0326042920134828,7560,6148,1412,1412,6988793653271.0771164021164021,0.0000043127370388,308.0705639551931632,548.2040915813919177,9.4543232219797091,41.2698145750160163,50.7241377969957254,41.2698145750160163,74994365256.27702,72549696395.59307,2444668860.68395,true,true,35266495871389856693.3316006147123416,34116656615984312884.270995406251254,1149839255405543809.0606052084610876,true,true,380236269886.77804,368016049251.81332,12220220634.96472,true,true,173568954102049021198.4347135709123475,167735157065434969237.385258547076065,5833797036614051961.0494550238362825,true,true,765924636109.5946,741263826376.86125,24660809732.73335,true,true,330115098170543732428.6143448129848582,318637966736575225419.2873209324994472,11477131433968507009.327023880485411,true,true
30,0x8ad599c3a0ff1de082011efddc58f1908eb6e6d8,25150623,199708,1620500760969764193,6,S30_P6,191880:202500,0xc36442b4a4522e871399cd717abdd847ab11fe88:191880:202500,0xc36442b4a4522e871399cd717abdd847ab11fe88,191880,202500,26626064536785294,0.0164307633653016,10620,7828,2792,2792,2507162385761.3271186440677966,0.0000015471528593,308.0705639551931632,548.2040915813919177,4.6863102420748989,28.4008247121445138,33.0871349542194127,28.4008247121445138,74994365256.27702,73762405722.87397,1231959533.40305,true,true,35266495871389856693.3316006147123416,34687040213320138536.4276945217126372,579455658069718156.9039060929997044,true,true,380236269886.77804,374078625017.70296,6157644869.07508,true,true,173568954102049021198.4347135709123475,170629056379783045503.3636925346073906,2939897722265975695.0710210363049569,true,true,765924636109.5946,753498285739.53315,12426350370.06145,true,true,330115098170543732428.6143448129848582,324305465147124200704.3607767648670562,5809633023419531724.253568048117802,true,true
30,0x8ad599c3a0ff1de082011efddc58f1908eb6e6d8,25150623,199708,1620500760969764193,7,S30_P7,198000:200280,0xc36442b4a4522e871399cd717abdd847ab11fe88:198000:200280,0xc36442b4a4522e871399cd717abdd847ab11fe88,198000,200280,51645250054937805,0.0318699326151698,2280,1708,572,572,22651425462692.0197368421052632,0.0000139780406207,308.0705639551931632,548.2040915813919177,9.2343165233662727,22.5700208193617179,31.8043373427279906,22.5700208193617179,74994365256.27702,72604760308.04003,2389604948.23699,true,true,35266495871389856693.3316006147123416,34142554766236571445.1912253550363464,1123941105153285248.1403752596759952,true,true,380236269886.77804,368291350301.51904,11944919585.259,true,true,173568954102049021198.4347135709123475,167866553832163891876.4418411330054006,5702400269885129321.9928724379069469,true,true,765924636109.5946,741819338559.2111,24105297550.3835,true,true,330115098170543732428.6143448129848582,318894185418065952315.7318219579399812,11220912752477780112.882522855044877,true,true
30,0x8ad599c3a0ff1de082011efddc58f1908eb6e6d8,25150623,199708,1620500760969764193,8,S30_P8,187740:201600,0xc36442b4a4522e871399cd717abdd847ab11fe88:187740:201600,0xc36442b4a4522e871399cd717abdd847ab11fe88,187740,201600,28516071604276433,0.0175970738743815,13860,11968,1892,1892,2057436623685.1683261183261183,0.0000012696301497,308.0705639551931632,548.2040915813919177,5.024856150292337,25.5785443520496661,30.6034005023420031,25.5785443520496661,74994365256.27702,73674955700.66798,1319409555.60904,true,true,35266495871389856693.3316006147123416,34645908532617081585.420728572804512,620587338772775107.9108720419078296,true,true,380236269886.77804,373641483768.21656,6594786118.56148,true,true,173568954102049021198.4347135709123475,170420370475296336269.9598236363900178,3148583626752684928.4748899345223297,true,true,765924636109.5946,752616104991.73735,13308531117.85725,true,true,330115098170543732428.6143448129848582,323895038438529070172.618569556740245,6220059732014662255.9957752562446132,true,true
30,0x8ad599c3a0ff1de082011efddc58f1908eb6e6d8,25150623,199708,1620500760969764193,9,S30_P9,198120:207240,0xc36442b4a4522e871399cd717abdd847ab11fe88:198120:207240,0xc36442b4a4522e871399cd717abdd847ab11fe88,198120,207240,22894220680805662,0.0141278678987506,9120,1588,7532,1588,2510331215000.6208333333333333,0.0000015491083222,308.0705639551931632,548.2040915813919177,4.0201748988311139,25.5459127000944649,29.5660875989255788,25.5459127000944649,74994365256.27702,73935076384.67661,1059288871.60041,true,true,35266495871389856693.3316006147123416,34768255291731006434.7082767056752812,498240579658850258.6233239090370604,true,true,380236269886.77804,374941746025.57832,5294523861.19972,true,true,173568954102049021198.4347135709123475,171041109130789205438.1789783404944512,2527844971259815760.2557352304178963,true,true,765924636109.5946,755240117662.2837,10684518447.3109,true,true,330115098170543732428.6143448129848582,325116638993521879882.8701775999186024,4998459177021852545.7441672130662558,true,true
30,0x8ad599c3a0ff1de082011efddc58f1908eb6e6d8,25150623,199708,1620500760969764193,10,S30_P10,196260:203820,0xc36442b4a4522e871399cd717abdd847ab11fe88:196260:203820,0xc36442b4a4522e871399cd717abdd847ab11fe88,196260,203820,21007520500722385,0.0129635980474028,7560,3448,4112,3448,2778772553005.6064814814814815,0.0000017147616465,308.0705639551931632,548.2040915813919177,3.684569042513174,23.2649272770097021,26.9494963195228761,23.2649272770097021,74994365256.27702,74022372834.31356,971992421.96346,true,true,35266495871389856693.3316006147123416,34809315075277725704.43956484927247,457180796112130988.8920357654398716,true,true,380236269886.77804,375378102150.08348,4858167736.69456,true,true,173568954102049021198.4347135709123475,171249429481161629134.4212725646330824,2319524620887392064.0134410062792651,true,true,765924636109.5946,756120708900.93955,9803927208.65505,true,true,330115098170543732428.6143448129848582,325527134030757363762.287268934653549,4587964139786368666.3270758783313092,true,true
30,0x8ad599c3a0ff1de082011efddc58f1908eb6e6d8,25150623,199708,1620500760969764193,11,S30_P11,199140:206280,0xc36442b4a4522e871399cd717abdd847ab11fe88:199140:206280,0xc36442b4a4522e871399cd717abdd847ab11fe88,199140,206280,20626635535267928,0.0127285565252831,7140,568,6572,568,2888884528749.0095238095238095,0.0000017827109979,308.0705639551931632,548.2040915813919177,2.9785382530915888,22.8086609996309402,25.787199252722529,22.8086609996309402,74994365256.27702,74039996123.102945,954369133.174075,true,true,35266495871389856693.3316006147123416,34817604018638080016.138214394126416,448891852751776677.1933862205859256,true,true,380236269886.77804,375466192436.87648,4770077449.90156,true,true,173568954102049021198.4347135709123475,171291484926645231398.2756443740747727,2277469175403789800.1590691968375748,true,true,765924636109.5946,756298479810.777,9626156298.8176,true,true,330115098170543732428.6143448129848582,325610035995052310021.8150369123574136,4505062175491422406.7993079006274446,true,true
30,0x8ad599c3a0ff1de082011efddc58f1908eb6e6d8,25150623,199708,1620500760969764193,12,S30_P12,199260:200100,0xc36442b4a4522e871399cd717abdd847ab11fe88:199260:200100,0xc36442b4a4522e871399cd717abdd847ab11fe88,199260,200100,52439044825834091,0.0323597779703928,840,448,392,392,62427434316469.155952380952381,0.0000385235452028,308.0705639551931632,548.2040915813919177,6.9959805725254928,17.1213023069937519,24.1172828795192447,17.1213023069937519,74994365256.27702,72568030615.00268,2426334641.27434,true,true,35266495871389856693.3316006147123416,34125279769122175081.5408589953994636,1141216102267681611.790741619312878,true,true,380236269886.77804,368107714424.71732,12128555462.06072,true,true,173568954102049021198.4347135709123475,167778907243158489953.8041604731538563,5790046858890531244.6305530977584912,true,true,765924636109.5946,741448790657.7348,24475845451.8598,true,true,330115098170543732428.6143448129848582,318723265960437233365.500505599675639,11391832210106499063.1138392133092192,true,true
30,0x8ad599c3a0ff1de082011efddc58f1908eb6e6d8,25150623,199708,1620500760969764193,13,S30_P13,188100:201120,0xc36442b4a4522e871399cd717abdd847ab11fe88:188100:201120,0xc36442b4a4522e871399cd717abdd847ab11fe88,188100,201120,18561516073464219,0.0114541853484576,13020,11608,1412,1412,1425615673845.178110599078341,0.000000879737738,308.0705639551931632,548.2040915813919177,3.2506388282035743,13.9562522580269233,17.2068910862304976,13.9562522580269233,74994365256.27702,74135547665.561075,858817590.715945,true,true,35266495871389856693.3316006147123416,34862546763456587495.4445665411132572,403949107933269197.8870340735990844,true,true,380236269886.77804,375943804073.73492,4292465813.04312,true,true,173568954102049021198.4347135709123475,171519505002141250835.7261404355668898,2049449099907770362.7085731353454577,true,true,765924636109.5946,757262324608.05455,8662311501.54005,true,true,330115098170543732428.6143448129848582,326059706750719297539.5056567487786544,4055391419824434889.1086880642062038,true,true
30,0x8ad599c3a0ff1de082011efddc58f1908eb6e6d8,25150623,199708,1620500760969764193,14,S30_P14,189000:201540,0xc36442b4a4522e871399cd717abdd847ab11fe88:189000:201540,0xc36442b4a4522e871399cd717abdd847ab11fe88,189000,201540,14826952119053283,0.0091496113276617,12540,10708,1832,1832,1182372577276.9763157894736842,0.0000007296340772,308.0705639551931632,548.2040915813919177,2.5906370229817006,12.8182831370947253,15.4089201600764259,12.8182831370947253,74994365256.27702,74308342595.054155,686022661.222865,true,true,35266495871389856693.3316006147123416,34943820971872421327.7395110571151332,322674899517435365.5920895575972084,true,true,380236269886.77804,376807496863.69576,3428773023.08228,true,true,173568954102049021198.4347135709123475,171931855897227373950.0521593392524064,1637098204821647248.3825542316599411,true,true,765924636109.5946,759005295347.3944,6919340762.2002,true,true,330115098170543732428.6143448129848582,326873678722709425484.7229638960268944,3241419447834306943.8913809169579638,true,true
30,0x8ad599c3a0ff1de082011efddc58f1908eb6e6d8,25150623,199708,1620500760969764193,15,S30_P15,197520:201120,0xc36442b4a4522e871399cd717abdd847ab11fe88:197520:201120,0xc36442b4a4522e871399cd717abdd847ab11fe88,197520,201120,14428787474922800,0.0089039066333348,3600,2188,1412,1412,4007996520811.8888888888888889,0.0000024733073981,308.0705639551931632,548.2040915813919177,2.5204493748090344,10.800110522155495,13.3205598969645294,10.800110522155495,74994365256.27702,74326765273.50539,667599982.77163,true,true,35266495871389856693.3316006147123416,34952486215692781450.8304943316689028,314009655697075242.5011062830434388,true,true,380236269886.77804,376899578910.4256,3336690976.35244,true,true,173568954102049021198.4347135709123475,171975819072531655812.5436624925791288,1593135029517365385.8910510783332187,true,true,765924636109.5946,759191120577.2329,6733515532.3617,true,true,330115098170543732428.6143448129848582,326960520654190012585.9692042284627598,3154577516353719842.6451405845220984,true,true
30,0x8ad599c3a0ff1de082011efddc58f1908eb6e6d8,25150623,199708,1620500760969764193,16,S30_P16,198540:200640,0xc36442b4a4522e871399cd717abdd847ab11fe88:198540:200640,0xc36442b4a4522e871399cd717abdd847ab11fe88,198540,200640,16630142684090819,0.0102623479634399,2100,1168,932,932,7919115563852.770952380952381,0.0000048868323635,308.0705639551931632,548.2040915813919177,2.900085991568044,9.7629015976007573,12.6629875891688013,9.7629015976007573,74994365256.27702,74224910673.76649,769454582.51053,true,true,35266495871389856693.3316006147123416,34904578479388975581.2174846955417812,361917392000881112.1141159191705604,true,true,380236269886.77804,376390476170.19488,3845793716.58316,true,true,173568954102049021198.4347135709123475,171732757288038487869.3972050136506784,1836196814010533329.0375085572616691,true,true,765924636109.5946,758163729818.1436,7760906291.451,true,true,330115098170543732428.6143448129848582,326480535894875333861.8450438690441518,3634562275668398566.7693009439407064,true,true
30,0x8ad599c3a0ff1de082011efddc58f1908eb6e6d8,25150623,199708,1620500760969764193,17,S30_P17,198060:200280,0xc36442b4a4522e871399cd717abdd847ab11fe88:198060:200280,0xc36442b4a4522e871399cd717abdd847ab11fe88,198060,200280,20137351957596495,0.0124266229566875,2220,1648,572,572,9070879260178.6013513513513514,0.0000055975779084,308.0705639551931632,548.2040915813919177,3.5300475083721677,8.6593576677297903,12.189405176101958,8.6593576677297903,74994365256.27702,74062634930.85986,931730325.41716,true,true,35266495871389856693.3316006147123416,34828252099346335059.6878612254713456,438243772043521633.643739389240996,true,true,380236269886.77804,375579352504.10116,4656917382.67688,true,true,173568954102049021198.4347135709123475,171345509105389957153.9566855802245084,2223444996659064044.4780279906878391,true,true,765924636109.5946,756526842839.431,9397793270.1636,true,true,330115098170543732428.6143448129848582,325716547189112084085.565014020973339,4398550981431648343.0493307920115192,true,true
30,0x8ad599c3a0ff1de082011efddc58f1908eb6e6d8,25150623,199708,1620500760969764193,18,S30_P18,198120:199740,0xc36442b4a4522e871399cd717abdd847ab11fe88:198120:199740,0xc36442b4a4522e871399cd717abdd847ab11fe88,198120,199740,25939954945749140,0.0160073698022985,1620,1588,32,32,16012317867746.382716049382716,0.0000098810924706,308.0705639551931632,548.2040915813919177,4.5636079459935785,0.8431480788468904,5.4067560248404689,4.5636079459935785,74994365256.27702,73794151746.89477,1200213509.38225,true,true,35266495871389856693.3316006147123416,34701971851742411801.5029169017941032,564524019647444891.8286837129182384,true,true,380236269886.77804,374237314137.43536,5998955749.34268,true,true,173568954102049021198.4347135709123475,172272148745352763249.2993943865804805,1296805356696257949.135319184331867,true,true,765924636109.5946,753818530808.66745,12106105300.92715,true,true,330115098170543732428.6143448129848582,328631119746639534424.6436971723125564,1483978423904198003.9706476406723018,true,true
30,0x8ad599c3a0ff1de082011efddc58f1908eb6e6d8,25150623,199708,1620500760969764193,19,S30_P19,197700:199800,0xc36442b4a4522e871399cd717abdd847ab11fe88:197700:199800,0xc36442b4a4522e871399cd717abdd847ab11fe88,197700,199800,17698880824245652,0.0109218590021852,2100,2008,92,92,8428038487736.0247619047619048,0.0000052008852391,308.0705639551931632,548.2040915813919177,3.0979167697715724,1.6067464809334173,4.7046632507049897,3.0979167697715724,74994365256.27702,74175461090.89813,818904165.37889,true,true,35266495871389856693.3316006147123416,34881320180801500055.092479107785852,385175690588356638.2391215069264896,true,true,380236269886.77804,376143308095.04508,4092961791.73296,true,true,173568954102049021198.4347135709123475,171821894111062733238.3379865695746255,1747059990986287960.096727001337722,true,true,765924636109.5946,757664933300.96185,8259702808.63275,true,true,330115098170543732428.6143448129848582,327677631314548372390.5769884742141482,2437466855995360038.03735633877071,true,true
30,0x8ad599c3a0ff1de082011efddc58f1908eb6e6d8,25150623,199708,1620500760969764193,20,S30_P20,199560:199800,0xc36442b4a4522e871399cd717abdd847ab11fe88:199560:199800,0xc36442b4a4522e871399cd717abdd847ab11fe88,199560,199800,28399366806914648,0.0175250561375358,240,148,92,92,118330695028811.0333333333333333,0.0000730210672397,308.0705639551931632,548.2040915813919177,1.8482853128584186,2.5805671443105712,4.4288524571689898,2.5805671443105712,74994365256.27702,73680355599.83101,1314009656.44601,true,true,35266495871389856693.3316006147123416,34648448284893730893.1720913826469452,618047586496125800.1595092320653964,true,true,380236269886.77804,373668476677.28044,6567793209.4976,true,true,173568954102049021198.4347135709123475,170771804774133234165.4360638513990558,2797149327915787032.9986497195132917,true,true,765924636109.5946,754379016103.981,11545620005.6136,true,true,330115098170543732428.6143448129848582,326204368815868443853.7870309308549164,3910729354675288574.8273138821299418,true,true
