snapshot_index,pool_address,block_number,current_tick,active_liquidity,rank,position_label,range_key,position_key,owner,tick_lower,tick_upper,position_liquidity,active_liquidity_share,range_width,distance_to_lower_tick,distance_to_upper_tick,distance_to_nearest_edge,liquidity_density,normalized_liquidity_density,zero_for_one_base_auc_bps,one_for_zero_base_auc_bps,zero_for_one_lsis_bps,one_for_zero_lsis_bps,total_lsis_bps,max_directional_lsis_bps,zero_for_one_depth_10bps_base,zero_for_one_depth_10bps_counterfactual,zero_for_one_depth_10bps_delta,zero_for_one_depth_10bps_base_breached,zero_for_one_depth_10bps_counterfactual_breached,one_for_zero_depth_10bps_base,one_for_zero_depth_10bps_counterfactual,one_for_zero_depth_10bps_delta,one_for_zero_depth_10bps_base_breached,one_for_zero_depth_10bps_counterfactual_breached,zero_for_one_depth_50bps_base,zero_for_one_depth_50bps_counterfactual,zero_for_one_depth_50bps_delta,zero_for_one_depth_50bps_base_breached,zero_for_one_depth_50bps_counterfactual_breached,one_for_zero_depth_50bps_base,one_for_zero_depth_50bps_counterfactual,one_for_zero_depth_50bps_delta,one_for_zero_depth_50bps_base_breached,one_for_zero_depth_50bps_counterfactual_breached,zero_for_one_depth_100bps_base,zero_for_one_depth_100bps_counterfactual,zero_for_one_depth_100bps_delta,zero_for_one_depth_100bps_base_breached,zero_for_one_depth_100bps_counterfactual_breached,one_for_zero_depth_100bps_base,one_for_zero_depth_100bps_counterfactual,one_for_zero_depth_100bps_delta,one_for_zero_depth_100bps_base_breached,one_for_zero_depth_100bps_counterfactual_breached
1,0xcbcdf9626bc03e24f779434178a73a0b4bad62ed,25539170,265489,29091721244315257,1,S1_P1,263700:267360,0xc36442b4a4522e871399cd717abdd847ab11fe88:263700:267360,0xc36442b4a4522e871399cd717abdd847ab11fe88,263700,267360,2808707304810798,0.0965466182362668,3660,1789,1871,1789,767406367434.6442622950819672,0.0000263788574416,442.528561358627209,508.158156991135548,41.9516656255891782,77.0948220934092979,119.0464877189984761,77.0948220934092979,50207658.56241921,45363710.045415952,4843948.517003258,true,true,16907786717540672986.4470693127170936,15255549058871485455.1119928427296912,1652237658669187531.3350764699874024,true,true,251937288.95793731,227526510.01960115,24410778.93833616,true,true,83035768715116470605.8843535924694234,74958114835069581806.5227801806960316,8077653880046888799.3615734117733918,true,true,506110687.64567355,457734423.93284057,48376263.71283298,true,true,163413745933596270329.4503482660628228,146841470141711301700.5958874482230824,16572275791884968628.8544608178397404,true,true
1,0xcbcdf9626bc03e24f779434178a73a0b4bad62ed,25539170,265489,29091721244315257,2,S1_P2,264600:266700,0xc36442b4a4522e871399cd717abdd847ab11fe88:264600:266700,0xc36442b4a4522e871399cd717abdd847ab11fe88,264600,266700,2330950055690659,0.0801241712759139,2100,889,1211,889,1109976216995.5519047619047619,0.0000381543672742,442.528561358627209,508.158156991135548,27.8804642765258606,49.1706885814794612,77.0511528580053218,49.1706885814794612,50207658.56241921,46187611.537970348,4020047.024448862,true,true,16907786717540672986.4470693127170936,15536563378640057386.33007054875486,1371223338900615600.1169987639622336,true,true,251937288.95793731,231690438.40103882,20246850.55689849,true,true,83035768715116470605.8843535924694234,76329800626277413175.6437260411105452,6705968088839057430.2406275513588782,true,true,506110687.64567355,465878200.07140382,40232487.57426973,true,true,163413745933596270329.4503482660628228,149659105878504798290.7516313877075976,13754640055091472038.6987168783552252,true,true
1,0xcbcdf9626bc03e24f779434178a73a0b4bad62ed,25539170,265489,29091721244315257,3,S1_P3,264660:267660,0xc36442b4a4522e871399cd717abdd847ab11fe88:264660:267660,0xc36442b4a4522e871399cd717abdd847ab11fe88,264660,267660,1860454169582933,0.0639513267007699,3000,829,2171,829,620151389860.9776666666666667,0.0000213171089003,442.528561358627209,508.158156991135548,21.4796619347279861,51.4071275460263728,72.8867894807543589,51.4071275460263728,50207658.56241921,46998983.9229162,3208674.63950301,true,true,16907786717540672986.4470693127170936,15813343371134567857.4323458330068416,1094443346406105129.014723479710252,true,true,251937288.95793731,235785689.16991259,16151599.78802472,true,true,83035768715116470605.8843535924694234,77681698062362401642.5572645602488616,5354070652754068963.3270890322205618,true,true,506110687.64567355,473900335.47551492,32210352.17015863,true,true,163413745933596270329.4503482660628228,152434514183064788839.5787610926623452,10979231750531481489.8715871734004776,true,true
1,0xcbcdf9626bc03e24f779434178a73a0b4bad62ed,25539170,265489,29091721244315257,4,S1_P4,264060:269880,0xc36442b4a4522e871399cd717abdd847ab11fe88:264060:269880,0xc36442b4a4522e871399cd717abdd847ab11fe88,264060,269880,1531050297289209,0.0526283847020014,5820,1429,4391,1429,263067061389.8984536082474227,0.0000090426777838,442.528561358627209,508.158156991135548,21.1012407624647739,45.4185976184809254,66.5198383809456993,45.4185976184809254,50207658.56241921,47567038.660661712,2640619.901757498,true,true,16907786717540672986.4470693127170936,16007384611412181522.2533673645526406,900402106128491464.193701948164453,true,true,251937288.95793731,238649804.5318415,13287484.42609581,true,true,83035768715116470605.8843535924694234,78628746707550030790.4178740314555124,4407022007566439815.466479561013911,true,true,506110687.64567355,479518316.06642,26592371.57925355,true,true,163413745933596270329.4503482660628228,154377962547682335515.0602241415174938,9035783385913934814.390124124545329,true,true
1,0xcbcdf9626bc03e24f779434178a73a0b4bad62ed,25539170,265489,29091721244315257,5,S1_P5,264600:266460,0xc36442b4a4522e871399cd717abdd847ab11fe88:264600:266460,0xc36442b4a4522e871399cd717abdd847ab11fe88,264600,266460,2063615429423960,0.0709348000447793,1860,889,971,889,1109470660980.6236559139784946,0.0000381369892714,442.528561358627209,508.158156991135548,24.553509827058748,38.2532815439322497,62.8067913709909977,38.2532815439322497,50207658.56241921,46648632.166565876,3559026.395853334,true,true,16907786717540672986.4470693127170936,15693824254716500030.5567692915849184,1213962462824172955.8903000211321752,true,true,251937288.95793731,234017859.24581663,17919429.71212068,true,true,83035768715116470605.8843535924694234,77097864191835653793.5950824226248338,5937904523280816812.2892711698445896,true,true,506110687.64567355,470435937.21113687,35674750.43453668,true,true,163413745933596270329.4503482660628228,151236045872838133599.803260271431003,12177700060758136729.6470879946318198,true,true
1,0xcbcdf9626bc03e24f779434178a73a0b4bad62ed,25539170,265489,29091721244315257,6,S1_P6,264720:266700,0xc36442b4a4522e871399cd717abdd847ab11fe88:264720:266700,0xc36442b4a4522e871399cd717abdd847ab11fe88,264720,266700,1438045783780983,0.0494314438016275,1980,769,1211,769,726285749384.3348484848484848,0.0000249653756574,442.528561358627209,508.158156991135548,16.0101190552318329,29.3515414385719518,45.3616604938037847,29.3515414385719518,50207658.56241921,47727423.7633552,2480234.79906401,true,true,16907786717540672986.4470693127170936,16061974091136775229.949253196538223,845812626403897756.4978161161788706,true,true,251937288.95793731,239458141.55544746,12479147.40248985,true,true,83035768715116470605.8843535924694234,78896195375517018609.558394244192923,4139573339599451996.3259593482765004,true,true,506110687.64567355,481104900.41326805,25005787.2324055,true,true,163413745933596270329.4503482660628228,154926749653943715017.844962347514275,8486996279652555311.6053859185485478,true,true
1,0xcbcdf9626bc03e24f779434178a73a0b4bad62ed,25539170,265489,29091721244315257,7,S1_P7,264420:265860,0xc36442b4a4522e871399cd717abdd847ab11fe88:264420:265860,0xc36442b4a4522e871399cd717abdd847ab11fe88,264420,265860,1491636762516364,0.0512735822672521,1440,1069,371,371,1035858862858.5861111111111111,0.0000356066543523,442.528561358627209,508.158156991135548,18.7633289856266767,15.1708377880887543,33.934166773715431,18.7633289856266767,50207658.56241921,47635006.830048964,2572651.732370246,true,true,16907786717540672986.4470693127170936,16030218924145562224.1507661859223404,877567793395110762.2963031267947532,true,true,251937288.95793731,238992374.72496434,12944914.23297297,true,true,83035768715116470605.8843535924694234,78742054911394291782.7646064303723204,4293713803722178823.119747162097103,true,true,506110687.64567355,480190650.44781521,25920037.19785834,true,true,163413745933596270329.4503482660628228,154610486062223910899.980986456298882,8803259871372359429.4693618097639408,true,true
1,0xcbcdf9626bc03e24f779434178a73a0b4bad62ed,25539170,265489,29091721244315257,8,S1_P8,261780:268560,0xc36442b4a4522e871399cd717abdd847ab11fe88:261780:268560,0xc36442b4a4522e871399cd717abdd847ab11fe88,261780,268560,794204255030087,0.0273000091111928,6780,3709,3071,3071,117139270653.4051622418879056,0.0000040265500164,442.528561358627209,508.158156991135548,11.2405971657646677,21.1874568772125104,32.4280540429771781,21.1874568772125104,50207658.56241921,48837713.932127632,1369944.630291578,true,true,16907786717540672986.4470693127170936,16440699444646508417.673641471079001,467087272894164568.7734278416380926,true,true,251937288.95793731,245049346.98820469,6887941.96973262,true,true,83035768715116470605.8843535924694234,80748665077429449530.8760227951300192,2287103637687021075.0083307973394042,true,true,506110687.64567355,492091530.13306247,14019157.51261108,true,true,163413745933596270329.4503482660628228,158726125929431363916.3853448121119096,4687620004164906413.0650034539509132,true,true
1,0xcbcdf9626bc03e24f779434178a73a0b4bad62ed,25539170,265489,29091721244315257,9,S1_P9,253800:267180,0xc36442b4a4522e871399cd717abdd847ab11fe88:253800:267180,0xc36442b4a4522e871399cd717abdd847ab11fe88,253800,267180,802245669375144,0.0275764250123876,13380,11689,1691,1691,59958570207.4098654708520179,0.0000020610183118,442.528561358627209,508.158156991135548,11.3573336347794571,18.6911375609257964,30.0484711957052535,18.6911375609257964,50207658.56241921,48823846.761696564,1383811.800722646,true,true,16907786717540672986.4470693127170936,16435924983737866039.4877881742608788,471861733802806946.9592811384562148,true,true,251937288.95793731,244979468.61486782,6957820.34306949,true,true,83035768715116470605.8843535924694234,80725582943907691610.416410626688296,2310185771208778995.4679429657811274,true,true,506110687.64567355,491954068.31035103,14156619.33532252,true,true,163413745933596270329.4503482660628228,158678674615847836231.952022705316335,4735071317748434097.4983255607464878,true,true
1,0xcbcdf9626bc03e24f779434178a73a0b4bad62ed,25539170,265489,29091721244315257,10,S1_P10,264780:266700,0xc36442b4a4522e871399cd717abdd847ab11fe88:264780:266700,0xc36442b4a4522e871399cd717abdd847ab11fe88,264780,266700,938477171090951,0.0322592521497619,1920,709,1211,709,488790193276.5369791666666667,0.000016801693828,442.528561358627209,508.158156991135548,10.036302196987778,18.8169743707374122,28.8532765677251902,18.8169743707374122,50207658.56241921,48588919.496028236,1618739.066390974,true,true,16907786717540672986.4470693127170936,16355862112126049905.5300518315268988,551924605414623080.9170174811901948,true,true,251937288.95793731,243797110.02433619,8140178.93360112,true,true,83035768715116470605.8843535924694234,80333431877637256825.1063040187030912,2702336837479213780.7780495737663322,true,true,506110687.64567355,489629023.02768545,16481664.6179881,true,true,163413745933596270329.4503482660628228,157874671160258873209.1887154250036586,5539074773337397120.2616328410591642,true,true
1,0xcbcdf9626bc03e24f779434178a73a0b4bad62ed,25539170,265489,29091721244315257,11,S1_P11,256980:270840,0xc36442b4a4522e871399cd717abdd847ab11fe88:256980:270840,0xc36442b4a4522e871399cd717abdd847ab11fe88,256980,270840,625578436978542,0.0215036584368752,13860,8509,5351,5351,45135529363.5311688311688312,0.0000015514905077,442.528561358627209,508.158156991135548,8.8067200696123557,16.3576663307647135,25.1643864003770692,16.3576663307647135,50207658.56241921,49128503.563420564,1079154.998998646,true,true,16907786717540672986.4470693127170936,16539751842412143024.9370263688316494,368034875128529961.5100429438854442,true,true,251937288.95793731,246512436.51448934,5424852.44344797,true,true,83035768715116470605.8843535924694234,81234114377083575214.5960451835047254,1801654338032895391.288308408964698,true,true,506110687.64567355,494970008.15949854,11140679.48617501,true,true,163413745933596270329.4503482660628228,159721346320911566813.612588102928222,3692399612684703515.8377601631346008,true,true
1,0xcbcdf9626bc03e24f779434178a73a0b4bad62ed,25539170,265489,29091721244315257,12,S1_P12,-887220:887220,0xc36442b4a4522e871399cd717abdd847ab11fe88:-887220:887220,0xc36442b4a4522e871399cd717abdd847ab11fe88,-887220,887220,449906951035076,0.0154651196901246,1774440,1152709,621731,621731,253548697.6370437997340006,0.0000000087154932,442.528561358627209,508.158156991135548,6.2986449689727558,11.5388096001040865,17.8374545690768423,11.5388096001040865,50207658.56241921,49431442.455840116,776216.106579094,true,true,16907786717540672986.4470693127170936,16643318624994279527.451770684434516,264468092546393458.9952986282825776,true,true,251937288.95793731,248036377.68794255,3900911.26999476,true,true,83035768715116470605.8843535924694234,81739933924324054835.9562299494301086,1295834790792415769.9281236430393148,true,true,506110687.64567355,497969624.414726,8141063.23094755,true,true,163413745933596270329.4503482660628228,160758136379904815027.549049851292351,2655609553691455301.9012984147704718,true,true
1,0xcbcdf9626bc03e24f779434178a73a0b4bad62ed,25539170,265489,29091721244315257,13,S1_P13,262860:266640,0xc36442b4a4522e871399cd717abdd847ab11fe88:262860:266640,0xc36442b4a4522e871399cd717abdd847ab11fe88,262860,266640,477686396607149,0.0164200114732122,3780,2629,1151,1151,126372062594.4838624338624339,0.0000043439183792,442.528561358627209,508.158156991135548,6.6933996344503643,9.1944146386120967,15.887814273062461,9.1944146386120967,50207658.56241921,49383537.894288412,824120.668130798,true,true,16907786717540672986.4470693127170936,16626572944244189083.3280826182735158,281213773296483903.1189866944435778,true,true,251937288.95793731,247795505.38215836,4141783.57577895,true,true,83035768715116470605.8843535924694234,81659948636027238438.6860550122193856,1375820079089232167.1982985802500378,true,true,506110687.64567355,497495329.96527713,8615357.68039642,true,true,163413745933596270329.4503482660628228,160594204555325340353.9599035553618706,2819541378270929975.4904447107009522,true,true
1,0xcbcdf9626bc03e24f779434178a73a0b4bad62ed,25539170,265489,29091721244315257,14,S1_P14,262080:265800,0xc36442b4a4522e871399cd717abdd847ab11fe88:262080:265800,0xc36442b4a4522e871399cd717abdd847ab11fe88,262080,265800,642603780185699,0.0220888882713074,3720,3409,311,311,172742951662.8223118279569892,0.0000059378731912,442.528561358627209,508.158156991135548,9.0512807035337018,5.6714661604461026,14.7227468639798044,9.0512807035337018,50207658.56241921,49099143.956281172,1108514.606138038,true,true,16907786717540672986.4470693127170936,16530027874293000852.7576552938052792,377758843247672133.6894140189118144,true,true,251937288.95793731,246364708.00385279,5572580.95408452,true,true,83035768715116470605.8843535924694234,81185090844252425050.2111372415418,1850677870864045555.6732163509276234,true,true,506110687.64567355,494679320.15606873,11431367.48960482,true,true,163413745933596270329.4503482660628228,159620840043859622096.4721180745112996,3792905889736648232.9782301915515232,true,true
1,0xcbcdf9626bc03e24f779434178a73a0b4bad62ed,25539170,265489,29091721244315257,15,S1_P15,262740:266220,0xc36442b4a4522e871399cd717abdd847ab11fe88:262740:266220,0xc36442b4a4522e871399cd717abdd847ab11fe88,262740,266220,495933970841349,0.0170472543262891,3480,2749,731,731,142509761736.0198275862068966,0.0000048986363007,442.528561358627209,508.158156991135548,6.9530933434287367,7.6068723262049122,14.5599656696336489,7.6068723262049122,50207658.56241921,49352070.6596649,855587.90275431,true,true,16907786717540672986.4470693127170936,16616092712928340632.4556426697407194,291694004612332353.9914266429763742,true,true,251937288.95793731,247637144.51182235,4300144.44611496,true,true,83035768715116470605.8843535924694234,81607352758484936179.1486235782640932,1428415956631534426.7357300142053302,true,true,506110687.64567355,497183590.12206239,8927097.52361116,true,true,163413745933596270329.4503482660628228,160486470931647965300.742694594565858,2927275001948305028.7076536714969648,true,true
1,0xcbcdf9626bc03e24f779434178a73a0b4bad62ed,25539170,265489,29091721244315257,16,S1_P16,262440:265560,0xc36442b4a4522e871399cd717abdd847ab11fe88:262440:265560,0xc36442b4a4522e871399cd717abdd847ab11fe88,262440,265560,841515594360228,0.0289262909984973,3120,3049,71,71,269716536653.9192307692307692,0.0000092712471149,442.528561358627209,508.158156991135548,11.9281851479771191,2.0754828700659775,14.0036680180430966,11.9281851479771191,50207658.56241921,48756126.966316144,1451531.596103066,true,true,16907786717540672986.4470693127170936,16412870513059203759.1622551974389314,494916204481469227.2848141152781622,true,true,251937288.95793731,244638713.12894489,7298575.82899242,true,true,83035768715116470605.8843535924694234,80960129194873397213.6884521211291842,2075639520243073392.1959014713402392,true,true,506110687.64567355,491283877.89357131,14826809.75210224,true,true,163413745933596270329.4503482660628228,160585230523353912708.4942317680262942,2828515410242357620.9561164980365286,true,true
1,0xcbcdf9626bc03e24f779434178a73a0b4bad62ed,25539170,265489,29091721244315257,17,S1_P17,265440:267420,0xc36442b4a4522e871399cd717abdd847ab11fe88:265440:267420,0xc36442b4a4522e871399cd717abdd847ab11fe88,265440,267420,425912909287713,0.0146403475308612,1980,49,1931,49,215107529943.2893939393939394,0.0000073941149146,442.528561358627209,508.158156991135548,0.5925412218536798,10.2201005319853695,10.8126417538390493,10.2201005319853695,50207658.56241921,49472819.222023516,734839.340395694,true,true,16907786717540672986.4470693127170936,16657474114347442969.2874684572595732,250312603193230017.1596008554575204,true,true,251937288.95793731,249293077.55837486,2644211.39956245,true,true,83035768715116470605.8843535924694234,81809062480474830212.4024660516363198,1226706234641640393.4818875408331036,true,true,506110687.64567355,502701020.40017415,3409667.2454994,true,true,163413745933596270329.4503482660628228,160899811825012189076.4989922266936794,2513934108584081252.9513560393691434,true,true
1,0xcbcdf9626bc03e24f779434178a73a0b4bad62ed,25539170,265489,29091721244315257,18,S1_P18,264480:265680,0xc36442b4a4522e871399cd717abdd847ab11fe88:264480:265680,0xc36442b4a4522e871399cd717abdd847ab11fe88,264480,265680,585064487251152,0.020111030294073,1200,1009,191,191,487553739375.96,0.0000167591919117,442.528561358627209,508.158156991135548,7.083566480854852,3.4910917224081385,10.5746582032629905,7.083566480854852,50207658.56241921,49198368.419304588,1009290.143114622,true,true,16907786717540672986.4470693127170936,16563812108701146686.1094294145127682,343974608839526300.3376398982043254,true,true,251937288.95793731,246864058.83267275,5073230.12526456,true,true,83035768715116470605.8843535924694234,81356390245588547087.571730971942204,1679378469527923518.3126226205272194,true,true,506110687.64567355,495661789.97071367,10448897.67495988,true,true,163413745933596270329.4503482660628228,159998655867400977011.4134782837348658,3415090066195293318.036869982327957,true,true
1,0xcbcdf9626bc03e24f779434178a73a0b4bad62ed,25539170,265489,29091721244315257,19,S1_P19,264600:266400,0xc36442b4a4522e871399cd717abdd847ab11fe88:264600:266400,0xc36442b4a4522e871399cd717abdd847ab11fe88,264600,266400,356088557015255,0.0122402024282024,1800,889,911,889,197826976119.5861111111111111,0.0000068001124601,442.528561358627209,508.158156991135548,4.1004906979155999,6.0768977242951784,10.1773884222107783,6.0768977242951784,50207658.56241921,49593228.446875596,614430.115543614,true,true,16907786717540672986.4470693127170936,16698402877133979332.4841649106058516,209383840406693653.962904402111242,true,true,251937288.95793731,248850050.51776025,3087238.44017706,true,true,83035768715116470605.8843535924694234,82010102588396818424.8568075764595006,1025666126719652181.0275460160099228,true,true,506110687.64567355,499571749.94641619,6538937.69925736,true,true,163413745933596270329.4503482660628228,161311916551438529607.8170138975095176,2101829382157740721.6333343685533052,true,true
1,0xcbcdf9626bc03e24f779434178a73a0b4bad62ed,25539170,265489,29091721244315257,20,S1_P20,247440:265500,0xc36442b4a4522e871399cd717abdd847ab11fe88:247440:265500,0xc36442b4a4522e871399cd717abdd847ab11fe88,247440,265500,618621156618901,0.0212645086010435,18060,18049,11,11,34253663157.1927464008859358,0.0000011774367996,442.528561358627209,508.158156991135548,8.7068553248442105,0.245582682610854,8.9524380074550645,8.7068553248442105,50207658.56241921,49140501.147253616,1067157.415165594,true,true,16907786717540672986.4470693127170936,16627189830585179974.9533030555961966,280596886955493011.493766257120897,true,true,251937288.95793731,246572796.32980943,5364492.62812788,true,true,83035768715116470605.8843535924694234,82683788494122259101.6630197532098168,351980220994211504.2213338392596066,true,true,506110687.64567355,495088849.80701555,11021837.838658,true,true,163413745933596270329.4503482660628228,163040545909606620292.6013981602906742,373200023989650036.8489501057721486,true,true
2,0xcbcdf9626bc03e24f779434178a73a0b4bad62ed,25529170,265832,30285596645824830,1,S2_P1,263700:267360,0xc36442b4a4522e871399cd717abdd847ab11fe88:263700:267360,0xc36442b4a4522e871399cd717abdd847ab11fe88,263700,267360,2808707304810798,0.0927406957722263,3660,2132,1528,1528,767406367434.6442622950819672,0.0000253389879159,462.8803590486661232,545.4635426992963913,45.5602887377194576,98.7322520414943758,144.2925407792138334,98.7322520414943758,51380599.6128067,46615911.965877588,4764687.646929112,true,true,17981925418294403869.6283502932434844,16310247752811565459.6285802748291062,1671677665482838409.9997700184143782,true,true,257951602.1895989,234372675.20153849,23578926.98806041,true,true,93990715150545179986.387993458186087,85330698444230881675.180113144604764,8660016706314298311.207880313581323,true,true,511397496.6159579,462011651.55043724,49385845.06552066,true,true,195929767283605979710.8698893561895879,179068839057761456543.5164708085953412,16860928225844523167.3534185475942467,true,true
2,0xcbcdf9626bc03e24f779434178a73a0b4bad62ed,25529170,265832,30285596645824830,2,S2_P2,264060:269880,0xc36442b4a4522e871399cd717abdd847ab11fe88:264060:269880,0xc36442b4a4522e871399cd717abdd847ab11fe88,264060,269880,1531050297289209,0.0505537439197282,5820,1772,4048,1772,263067061389.8984536082474227,0.0000086862102955,462.8803590486661232,545.4635426992963913,23.5892492791289141,96.8371526010720927,120.4264018802010068,96.8371526010720927,51380599.6128067,48781706.179789384,2598893.433017316,true,true,17981925418294403869.6283502932434844,17068906785358915311.7962939704129952,913018632935488557.8320563228304892,true,true,257951602.1895989,245042287.83456803,12909314.35503087,true,true,93990715150545179986.387993458186087,89299140776703967121.929888420138958,4691574373841212864.458105038047129,true,true,511397496.6159579,484657306.90004339,26740189.71591451,true,true,195929767283605979710.8698893561895879,186742005629098402576.3172959463739994,9187761654507577134.5525934098155885,true,true
2,0xcbcdf9626bc03e24f779434178a73a0b4bad62ed,25529170,265832,30285596645824830,3,S2_P3,264660:267660,0xc36442b4a4522e871399cd717abdd847ab11fe88:264660:267660,0xc36442b4a4522e871399cd717abdd847ab11fe88,264660,267660,1860454169582933,0.0614303291211341,3000,1172,1828,1172,620151389860.9776666666666667,0.0000204767763737,462.8803590486661232,545.4635426992963913,26.1131498821699584,70.9786510032850048,97.0918008854549632,70.9786510032850048,51380599.6128067,48223328.024289292,3157271.588517408,true,true,17981925418294403869.6283502932434844,16873172411170760626.7367208265864401,1108753007123643242.8916294666570443,true,true,257951602.1895989,242281473.10828661,15670129.08131229,true,true,93990715150545179986.387993458186087,88280980579340694125.001884277160167,5709734571204485861.38610918102592,true,true,511397496.6159579,478815540.92271476,32581955.69324314,true,true,195929767283605979710.8698893561895879,184764589842244606012.8653968645653963,11165177441361373698.0044924916241916,true,true
2,0xcbcdf9626bc03e24f779434178a73a0b4bad62ed,25529170,265832,30285596645824830,4,S2_P4,264600:266700,0xc36442b4a4522e871399cd717abdd847ab11fe88:264600:266700,0xc36442b4a4522e871399cd717abdd847ab11fe88,264600,266700,2330950055690659,0.0769656309878909,2100,1232,868,868,1109976216995.5519047619047619,0.0000366503004704,462.8803590486661232,545.4635426992963913,33.5889230138903455,52.6108557522415146,86.1997787661318601,52.6108557522415146,51380599.6128067,47425777.520831248,3954822.091975452,true,true,17981925418294403869.6283502932434844,16593951971099261195.7378971335385496,1387973447195142673.8904531597049348,true,true,257951602.1895989,238349834.87944958,19601767.31014932,true,true,93990715150545179986.387993458186087,86820875196664555670.975226614977991,7169839953880624315.412766843208096,true,true,511397496.6159579,470475274.82569367,40922221.79026423,true,true,195929767283605979710.8698893561895879,181939281639754548744.510940556095288,13990485643851430966.3589488000942999,true,true
2,0xcbcdf9626bc03e24f779434178a73a0b4bad62ed,25529170,265832,30285596645824830,5,S2_P5,264600:266460,0xc36442b4a4522e871399cd717abdd847ab11fe88:264600:266460,0xc36442b4a4522e871399cd717abdd847ab11fe88,264600,266460,2063615429423960,0.0681385099840339,1860,1232,628,628,1109470660980.6236559139784946,0.0000366336075183,462.8803590486661232,545.4635426992963913,29.5576031757645297,36.830228572677743,66.3878317484422727,36.830228572677743,51380599.6128067,47878944.5046689,3501655.1081378,true,true,17981925418294403869.6283502932434844,16752774179811100046.195415614403054,1229151238483303823.4329346788404304,true,true,257951602.1895989,240581942.09536709,17369660.09423181,true,true,93990715150545179986.387993458186087,87651332144005994129.55873632659626,6339383006539185856.829257131589827,true,true,511397496.6159579,475213559.23980125,36183937.37615665,true,true,195929767283605979710.8698893561895879,183544778882692830649.7934706116814848,12384988400913149061.0764187445081031,true,true
2,0xcbcdf9626bc03e24f779434178a73a0b4bad62ed,25529170,265832,30285596645824830,6,S2_P6,264720:266700,0xc36442b4a4522e871399cd717abdd847ab11fe88:264720:266700,0xc36442b4a4522e871399cd717abdd847ab11fe88,264720,266700,1438045783780983,0.0474828282433469,1980,1112,868,868,726285749384.3348484848484848,0.0000239812263855,462.8803590486661232,545.4635426992963913,19.6621747956810639,31.649002921183645,51.3111777168647089,31.649002921183645,51380599.6128067,48939359.23523898,2441240.37756772,true,true,17981925418294403869.6283502932434844,17123949807917847369.8006981759712829,857975610376556499.8276521172722015,true,true,257951602.1895989,245822883.0457448,12128719.1438541,true,true,93990715150545179986.387993458186087,89585956494532237581.367285837193126,4404758656012942405.020707620992961,true,true,511397496.6159579,486306849.31605476,25090647.29990314,true,true,195929767283605979710.8698893561895879,187300214742671905827.7689141984419382,8629552540934073883.1009751577476497,true,true
2,0xcbcdf9626bc03e24f779434178a73a0b4bad62ed,25529170,265832,30285596645824830,7,S2_P7,261780:268560,0xc36442b4a4522e871399cd717abdd847ab11fe88:261780:268560,0xc36442b4a4522e871399cd717abdd847ab11fe88,261780,268560,794204255030087,0.0262238272640924,6780,4052,2728,2728,117139270653.4051622418879056,0.0000038678211304,462.8803590486661232,545.4635426992963913,12.0581507172803759,36.0649089422518231,48.123059659532199,36.0649089422518231,51380599.6128067,50030827.99613874,1349771.61666796,true,true,17981925418294403869.6283502932434844,17506213283566780216.5418939341532001,475712134727623653.0864563590902843,true,true,257951602.1895989,251240269.82148494,6711332.36811396,true,true,93990715150545179986.387993458186087,91564972707794207775.694173970558554,2425742442750972210.693819487627533,true,true,511397496.6159579,497729634.19560125,13667862.42035665,true,true,195929767283605979710.8698893561895879,191164048988890333851.9772524695662365,4765718294715645858.8926368866233514,true,true
2,0xcbcdf9626bc03e24f779434178a73a0b4bad62ed,25529170,265832,30285596645824830,8,S2_P8,256980:270840,0xc36442b4a4522e871399cd717abdd847ab11fe88:256980:270840,0xc36442b4a4522e871399cd717abdd847ab11fe88,256980,270840,625578436978542,0.0206559720217625,13860,8852,5008,5008,45135529363.5311688311688312,0.0000014903298717,462.8803590486661232,545.4635426992963913,9.4454929148601567,32.7150849848694175,42.1605778997295742,32.7150849848694175,51380599.6128067,50317486.81167011,1063112.80113659,true,true,17981925418294403869.6283502932434844,17607300143845349387.2399784247974004,374625274449054482.388371868446084,true,true,257951602.1895989,252662677.38582386,5288924.80377504,true,true,93990715150545179986.387993458186087,92081423732386549524.198640102378345,1909291418158630462.189353355807742,true,true,511397496.6159579,500696781.7710913,10700714.8448666,true,true,195929767283605979710.8698893561895879,192175870309972749140.8511375535040745,3753896973633230570.0187518026855134,true,true
2,0xcbcdf9626bc03e24f779434178a73a0b4bad62ed,25529170,265832,30285596645824830,9,S2_P9,253800:267180,0xc36442b4a4522e871399cd717abdd847ab11fe88:253800:267180,0xc36442b4a4522e871399cd717abdd847ab11fe88,253800,267180,802245669375144,0.0264893466936449,13380,12032,1348,1348,59958570207.4098654708520179,0.0000019797718007,462.8803590486661232,545.4635426992963913,12.1834648883585821,23.4463535464190931,35.6298184347776752,23.4463535464190931,51380599.6128067,50017156.68567401,1363442.92713269,true,true,17981925418294403869.6283502932434844,17501642252488518843.789673255097048,480283165805885025.8386770381464364,true,true,257951602.1895989,251172431.32872533,6779170.86087357,true,true,93990715150545179986.387993458186087,91540432834084877845.200914103591152,2450282316460302141.187079354594935,true,true,511397496.6159579,497586899.19978707,13810597.41617083,true,true,195929767283605979710.8698893561895879,191115791003118723621.5678985491790038,4813976280487256089.3019908070105841,true,true
2,0xcbcdf9626bc03e24f779434178a73a0b4bad62ed,25529170,265832,30285596645824830,10,S2_P10,265740:267300,0xc36442b4a4522e871399cd717abdd847ab11fe88:265740:267300,0xc36442b4a4522e871399cd717abdd847ab11fe88,265740,267300,1019405787891708,0.0336597558176964,1560,92,1468,92,653465248648.5307692307692308,0.0000215767665498,462.8803590486661232,545.4635426992963913,2.6362012158799683,31.8707587884888329,34.5069600043688012,31.8707587884888329,51380599.6128067,49648998.263911776,1731601.348894924,true,true,17981925418294403869.6283502932434844,17372520276284628928.711497199672883,609405142009774940.9168530935706014,true,true,257951602.1895989,250259701.19071322,7691900.99888568,true,true,93990715150545179986.387993458186087,90874110370945016969.221949912539712,3116604779600163017.166043545646375,true,true,511397496.6159579,499191583.38778661,12205913.22817129,true,true,195929767283605979710.8698893561895879,189812674837359588663.4482236866048061,6117092446246391047.4216656695847818,true,true
2,0xcbcdf9626bc03e24f779434178a73a0b4bad62ed,25529170,265832,30285596645824830,11,S2_P11,264780:266700,0xc36442b4a4522e871399cd717abdd847ab11fe88:264780:266700,0xc36442b4a4522e871399cd717abdd847ab11fe88,264780,266700,938477171090951,0.030987574128586,1920,1052,868,868,488790193276.5369791666666667,0.0000161393615253,462.8803590486661232,545.4635426992963913,12.4660313966345464,20.3826396463083192,32.8486710429428656,20.3826396463083192,51380599.6128067,49786180.339785836,1594419.273020864,true,true,17981925418294403869.6283502932434844,17420449894901908168.9966291641179681,561475523392495700.6317211291255163,true,true,257951602.1895989,250024384.65355154,7927217.53604736,true,true,93990715150545179986.387993458186087,91122546151390268208.022212502916066,2868168999154911778.365780955270021,true,true,511397496.6159579,495169678.40340611,16227818.21255179,true,true,195929767283605979710.8698893561895879,190298309666075668540.8576946496424262,5631457617530311170.0121947065471617,true,true
2,0xcbcdf9626bc03e24f779434178a73a0b4bad62ed,25529170,265832,30285596645824830,12,S2_P12,265680:266280,0xc36442b4a4522e871399cd717abdd847ab11fe88:265680:266280,0xc36442b4a4522e871399cd717abdd847ab11fe88,265680,266280,1789698713647089,0.059094054991775,600,152,448,152,2982831189411.815,0.000098490091653,462.8803590486661232,545.4635426992963913,7.2007772036282707,24.6172071985687172,31.8179844021969879,24.6172071985687172,51380599.6128067,48343267.043179336,3037332.569627364,true,true,17981925418294403869.6283502932434844,16915099876767349840.2425409841159032,1066825541527054029.3858093091275812,true,true,257951602.1895989,243254361.44411744,14697240.74548146,true,true,93990715150545179986.387993458186087,88499941897790913206.659434265197346,5490773252754266779.728559192988741,true,true,511397496.6159579,482555078.86303631,28842417.75292159,true,true,195929767283605979710.8698893561895879,185189390563709883759.0328301276054354,10740376719896095951.8370592285841525,true,true
2,0xcbcdf9626bc03e24f779434178a73a0b4bad62ed,25529170,265832,30285596645824830,13,S2_P13,-887220:887220,0xc36442b4a4522e871399cd717abdd847ab11fe88:-887220:887220,0xc36442b4a4522e871399cd717abdd847ab11fe88,-887220,887220,449906951035076,0.0148554758982138,1774440,1153052,621388,621388,253548697.6370437997340006,0.0000000083719235,462.8803590486661232,545.4635426992963913,6.7542303029162919,22.5191926494143198,29.2734229523306117,22.5191926494143198,51380599.6128067,50616076.54196698,764523.07083972,true,true,17981925418294403869.6283502932434844,17712470542872252656.9208986863290106,269454875422151212.7074516069144738,true,true,257951602.1895989,254145985.38964121,3805616.79995769,true,true,93990715150545179986.387993458186087,92618591131335051703.34960801493459,1372124019210128283.038385443251497,true,true,511397496.6159579,503704499.40970195,7692997.20625595,true,true,195929767283605979710.8698893561895879,193229980578055818945.355049539854063,2699786705550160765.5148398163355249,true,true
2,0xcbcdf9626bc03e24f779434178a73a0b4bad62ed,25529170,265832,30285596645824830,14,S2_P14,264420:265860,0xc36442b4a4522e871399cd717abdd847ab11fe88:264420:265860,0xc36442b4a4522e871399cd717abdd847ab11fe88,264420,265860,1491636762516364,0.0492523485655681,1440,1412,28,28,1035858862858.5861111111111111,0.0000342030198372,462.8803590486661232,545.4635426992963913,21.9235553624365588,1.6430475951543426,23.5666029575909014,21.9235553624365588,51380599.6128067,48848516.556758028,2532083.056048672,true,true,17981925418294403869.6283502932434844,17092358810836090819.6415876650229584,889566607458313049.986762628220526,true,true,257951602.1895989,245372938.42332251,12578663.76627639,true,true,93990715150545179986.387993458186087,91811392299521909544.458063251991654,2179322851023270441.929930206194433,true,true,511397496.6159579,485356251.9377063,26041244.6782516,true,true,195929767283605979710.8698893561895879,193567085697117179417.5362273215329638,2362681586488800293.3336620346566241,true,true
2,0xcbcdf9626bc03e24f779434178a73a0b4bad62ed,25529170,265832,30285596645824830,15,S2_P15,261600:268320,0xc36442b4a4522e871399cd717abdd847ab11fe88:261600:268320,0xc36442b4a4522e871399cd717abdd847ab11fe88,261600,268320,326152573608745,0.0107692305825419,6720,4232,2488,2488,48534609167.9680059523809524,0.0000016025640748,462.8803590486661232,545.4635426992963913,4.8767702505137962,13.5316128699600063,18.4083831204738025,13.5316128699600063,51380599.6128067,50826395.928598945,554203.684207755,true,true,17981925418294403869.6283502932434844,17786894028693841402.9410185885350282,195031389600562466.6873317047084562,true,true,257951602.1895989,255191809.38235046,2759792.80724844,true,true,93990715150545179986.387993458186087,92996557558174541075.834664430010868,994157592370638910.553329028175219,true,true,511397496.6159579,505821916.01208205,5575580.60387585,true,true,195929767283605979710.8698893561895879,193972629436511111107.4611828356797971,1957137847094868603.4087065205097908,true,true
2,0xcbcdf9626bc03e24f779434178a73a0b4bad62ed,25529170,265832,30285596645824830,16,S2_P16,265440:267420,0xc36442b4a4522e871399cd717abdd847ab11fe88:265440:267420,0xc36442b4a4522e871399cd717abdd847ab11fe88,265440,267420,425912909287713,0.0140632167253812,1980,392,1588,392,215107529943.2893939393939394,0.0000071026347098,462.8803590486661232,545.4635426992963913,3.5054800007031529,13.6668746518042473,17.1723546525074002,13.6668746518042473,51380599.6128067,50656857.997111045,723741.615695655,true,true,17981925418294403869.6283502932434844,17727015225906488502.4130402510697764,254910192387915367.215310042173708,true,true,257951602.1895989,254348769.61640537,3602832.57319353,true,true,93990715150545179986.387993458186087,92691969054612047159.333046512984269,1298746095933132827.054946945201818,true,true,511397496.6159579,504115493.90305835,7282002.71289955,true,true,195929767283605979710.8698893561895879,193373972937204563868.3031050099852619,2555794346401415842.566784346204326,true,true
2,0xcbcdf9626bc03e24f779434178a73a0b4bad62ed,25529170,265832,30285596645824830,17,S2_P17,262860:266640,0xc36442b4a4522e871399cd717abdd847ab11fe88:262860:266640,0xc36442b4a4522e871399cd717abdd847ab11fe88,262860,266640,477686396607149,0.0157727253054796,3780,2972,808,808,126372062594.4838624338624339,0.0000041726786522,462.8803590486661232,545.4635426992963913,7.1777555577477535,9.7797407848366966,16.9574963425844501,9.7797407848366966,51380599.6128067,50568861.713300965,811737.899505735,true,true,17981925418294403869.6283502932434844,17696124723431715686.3774053168554338,285800694862688183.2509449763880506,true,true,257951602.1895989,253911285.67405661,4040316.51554229,true,true,93990715150545179986.387993458186087,92533785164304099716.873060607660134,1456929986241080269.514932850525953,true,true,511397496.6159579,503229005.42774575,8168491.18821215,true,true,195929767283605979710.8698893561895879,193063359167044861816.8308939074330144,2866408116561117894.0389954487565735,true,true
2,0xcbcdf9626bc03e24f779434178a73a0b4bad62ed,25529170,265832,30285596645824830,18,S2_P18,265740:266100,0xc36442b4a4522e871399cd717abdd847ab11fe88:265740:266100,0xc36442b4a4522e871399cd717abdd847ab11fe88,265740,266100,1422604458279788,0.0469729711755871,360,92,268,92,3951679050777.1888888888888889,0.0001304804754877,462.8803590486661232,545.4635426992963913,3.6838437990839439,12.8740794106673345,16.5579232097512784,12.8740794106673345,51380599.6128067,48965533.9888745,2415065.6239322,true,true,17981925418294403869.6283502932434844,17133373170748042888.382310394529635,848552247546360981.2460398987138494,true,true,257951602.1895989,247183027.13440181,10768575.05519709,true,true,93990715150545179986.387993458186087,89633584097055090078.251788438776411,4357131053490089908.136205019409676,true,true,511397496.6159579,494254894.73351765,17142601.88244025,true,true,195929767283605979710.8698893561895879,187446067492841388257.7547395260489783,8483699790764591453.1151498301406096,true,true
2,0xcbcdf9626bc03e24f779434178a73a0b4bad62ed,25529170,265832,30285596645824830,19,S2_P19,262740:266220,0xc36442b4a4522e871399cd717abdd847ab11fe88:262740:266220,0xc36442b4a4522e871399cd717abdd847ab11fe88,262740,266220,495933970841349,0.0163752418894385,3480,3092,388,388,142509761736.0198275862068966,0.0000047055292786,462.8803590486661232,545.4635426992963913,7.4563731381690656,5.9995761604862336,13.4559492986552992,7.4563731381690656,51380599.6128067,50537850.7995316,842748.8132751,true,true,17981925418294403869.6283502932434844,17684889981104553631.7349634659846318,297035437189850237.8933868272588526,true,true,257951602.1895989,253757293.22666723,4194308.96293167,true,true,93990715150545179986.387993458186087,92477910289733117404.209870297642545,1512804860812062582.178123160543542,true,true,511397496.6159579,502916713.84138825,8480782.77456965,true,true,195929767283605979710.8698893561895879,192953792701586212081.0719017507533891,2975974582019767629.7979876054361988,true,true
2,0xcbcdf9626bc03e24f779434178a73a0b4bad62ed,25529170,265832,30285596645824830,20,S2_P20,264600:266400,0xc36442b4a4522e871399cd717abdd847ab11fe88:264600:266400,0xc36442b4a4522e871399cd717abdd847ab11fe88,264600,266400,356088557015255,0.011757686704328,1800,1232,568,568,197826976119.5861111111111111,0.0000065320481691,462.8803590486661232,545.4635426992963913,4.9093297846197836,5.7293499775230416,10.6386797621428252,5.7293499775230416,51380599.6128067,50775526.15605377,605073.45675293,true,true,17981925418294403869.6283502932434844,17768961593998552392.0731794814277444,212963824295851477.55517081181574,true,true,257951602.1895989,254938878.44273684,3012723.74686206,true,true,93990715150545179986.387993458186087,92905168135041275437.529753519035707,1085547015503904548.85823993915038,true,true,511397496.6159579,505309869.8827326,6087626.7332253,true,true,195929767283605979710.8698893561895879,193792954814135706506.9005721995781693,2136812469470273203.9693171566114186,true,true
3,0xcbcdf9626bc03e24f779434178a73a0b4bad62ed,25519170,265899,31884642675748575,1,S3_P1,263700:267360,0xc36442b4a4522e871399cd717abdd847ab11fe88:263700:267360,0xc36442b4a4522e871399cd717abdd847ab11fe88,263700,267360,2808707304810798,0.088089659130698,3660,2199,1461,1461,767406367434.6442622950819672,0.0000240682128772,461.2524533379803022,558.1903290096071935,45.5887924094659831,103.359107625918571,148.9479000353845541,103.359107625918571,53914107.8348385,49162451.305786056,4751656.529052444,true,true,19067376443959008984.5706042233890291,17317124569100322352.3686527220211715,1750251874858686632.2019515013678576,true,true,265700500.24894187,241696261.23514706,24004239.01379481,true,true,104121046988431961110.9421726226157331,95758397445699787153.8264603378251963,8362649542732173957.1157122847905368,true,true,525803691.69283315,478284505.06698152,47519186.62585163,true,true,212650406793038686944.8507434610392571,195956448065245149461.8753613460358363,16693958727793537482.9753821150034208,true,true
3,0xcbcdf9626bc03e24f779434178a73a0b4bad62ed,25519170,265899,31884642675748575,2,S3_P2,264060:269880,0xc36442b4a4522e871399cd717abdd847ab11fe88:264060:269880,0xc36442b4a4522e871399cd717abdd847ab11fe88,264060,269880,1531050297289209,0.048018424194345,5820,1839,3981,1839,263067061389.8984536082474227,0.0000082505883495,461.2524533379803022,558.1903290096071935,23.6636312224993466,111.3495978277751711,135.0132290502745177,111.3495978277751711,53914107.8348385,51323308.441425175,2590799.393413325,true,true,19067376443959008984.5706042233890291,18108231469998490762.5167838740187531,959144973960518222.053820349370276,true,true,265700500.24894187,252613959.53140313,13086540.71753874,true,true,104121046988431961110.9421726226157331,99561361178520052254.7394729859227058,4559685809911908856.2026996366930273,true,true,525803691.69283315,500474647.99538395,25329043.6974492,true,true,212650406793038686944.8507434610392571,203559063082511906328.1264862547557946,9091343710526780616.7242572062834625,true,true
3,0xcbcdf9626bc03e24f779434178a73a0b4bad62ed,25519170,265899,31884642675748575,3,S3_P3,265860:267180,0xc36442b4a4522e871399cd717abdd847ab11fe88:265860:267180,0xc36442b4a4522e871399cd717abdd847ab11fe88,265860,267180,3011272554760745,0.0944427254645421,1320,39,1281,39,2281267086939.9583333333333333,0.0000715475192913,461.2524533379803022,558.1903290096071935,3.5180204202577769,100.3835842674116675,103.9016046876694444,100.3835842674116675,53914107.8348385,48820223.789148928,5093884.045689572,true,true,19067376443959008984.5706042233890291,17196597771131201011.0675212055613661,1870778672827807973.503083017827663,true,true,265700500.24894187,249973267.61507726,15727232.63386461,true,true,104121046988431961110.9421726226157331,95155664114271416127.0067068470689627,8965382874160544983.9354657755467704,true,true,525803691.69283315,508315487.6729713,17488204.01986185,true,true,212650406793038686944.8507434610392571,194750619470660081867.3606879903688464,17899787322378605077.4900554706704107,true,true
3,0xcbcdf9626bc03e24f779434178a73a0b4bad62ed,25519170,265899,31884642675748575,4,S3_P4,264660:267660,0xc36442b4a4522e871399cd717abdd847ab11fe88:264660:267660,0xc36442b4a4522e871399cd717abdd847ab11fe88,264660,267660,1860454169582933,0.0583495380049528,3000,1239,1761,1239,620151389860.9776666666666667,0.0000194498460017,461.2524533379803022,558.1903290096071935,26.5506952859093918,74.9844883508190694,101.5351836367284612,74.9844883508190694,53914107.8348385,50765838.290143855,3148269.544694645,true,true,19067376443959008984.5706042233890291,17899570754817791709.0560891156686121,1167805689141217275.514515107720417,true,true,265700500.24894187,249798319.20454106,15902181.04440081,true,true,104121046988431961110.9421726226157331,98580730342167185534.3247721869293728,5540316646264775576.6174004356863603,true,true,525803691.69283315,494778252.17841251,31025439.51442064,true,true,212650406793038686944.8507434610392571,201599815061912545886.8465964240623716,11050591731126141058.0041470369768855,true,true
3,0xcbcdf9626bc03e24f779434178a73a0b4bad62ed,25519170,265899,31884642675748575,5,S3_P5,264600:266700,0xc36442b4a4522e871399cd717abdd847ab11fe88:264600:266700,0xc36442b4a4522e871399cd717abdd847ab11fe88,264600,266700,2330950055690659,0.0731057292815007,2100,1299,801,801,1109976216995.5519047619047619,0.0000348122520388,461.2524533379803022,558.1903290096071935,34.1094708095355386,52.6476953976566871,86.7571662071922257,52.6476953976566871,53914107.8348385,49969603.037051812,3944504.797786688,true,true,19067376443959008984.5706042233890291,17601758346114014443.9177778484266651,1465618097844994540.652826374962364,true,true,265700500.24894187,245777591.64718451,19922908.60175736,true,true,104121046988431961110.9421726226157331,97180289089927530784.9301138762090145,6940757898504430326.0120587464067186,true,true,525803691.69283315,486599090.67092342,39204601.02190973,true,true,212650406793038686944.8507434610392571,198800163306019849508.4134911686561089,13850243487018837436.4372522923831482,true,true
3,0xcbcdf9626bc03e24f779434178a73a0b4bad62ed,25519170,265899,31884642675748575,6,S3_P6,264600:266460,0xc36442b4a4522e871399cd717abdd847ab11fe88:264600:266460,0xc36442b4a4522e871399cd717abdd847ab11fe88,264600,266460,2063615429423960,0.0647212970334946,1860,1299,561,561,1109470660980.6236559139784946,0.0000347963962546,461.2524533379803022,558.1903290096071935,30.0103077644586185,35.5591909234651186,65.5694986879237371,35.5591909234651186,53914107.8348385,50422000.824371145,3492107.010467355,true,true,19067376443959008984.5706042233890291,17770398181968689571.8064747482996414,1296978261990319412.7641294750893877,true,true,265700500.24894187,248062099.85582705,17638400.39311482,true,true,104121046988431961110.9421726226157331,97975975045494891663.8197519367736202,6145071942937069447.1224206858421129,true,true,525803691.69283315,491247689.81508377,34556001.87774938,true,true,212650406793038686944.8507434610392571,200391045917290265803.07681691491318,12259360875748421141.7739265461260771,true,true
3,0xcbcdf9626bc03e24f779434178a73a0b4bad62ed,25519170,265899,31884642675748575,7,S3_P7,264720:266700,0xc36442b4a4522e871399cd717abdd847ab11fe88:264720:266700,0xc36442b4a4522e871399cd717abdd847ab11fe88,264720,266700,1438045783780983,0.0451015179440841,1980,1179,801,801,726285749384.3348484848484848,0.0000227785444162,461.2524533379803022,558.1903290096071935,20.0196162862593942,31.667670238372187,51.6872865246315812,31.667670238372187,53914107.8348385,51480701.433419555,2433406.401418945,true,true,19067376443959008984.5706042233890291,18167309730394080569.5408672141793894,900066713564928415.0297370092096397,true,true,265700500.24894187,253408955.37367178,12291544.87527009,true,true,104121046988431961110.9421726226157331,99838323310888814383.9234439823689097,4282723677543146727.0187286402468234,true,true,525803691.69283315,502009936.78661175,23793754.9062214,true,true,212650406793038686944.8507434610392571,204112076409800871647.1696809349918108,8538330383237815297.6810625260474463,true,true
3,0xcbcdf9626bc03e24f779434178a73a0b4bad62ed,25519170,265899,31884642675748575,8,S3_P8,261780:268560,0xc36442b4a4522e871399cd717abdd847ab11fe88:261780:268560,0xc36442b4a4522e871399cd717abdd847ab11fe88,261780,268560,794204255030087,0.0249086766662798,6780,4119,2661,2661,117139270653.4051622418879056,0.000003673846116,461.2524533379803022,558.1903290096071935,12.0409608900188843,39.0207184589395564,51.0616793489584407,39.0207184589395564,53914107.8348385,52570235.690061385,1343872.144777115,true,true,19067376443959008984.5706042233890291,18572043259528293303.7856235475154376,495333184430715680.7849806758735915,true,true,265700500.24894187,258912425.02870733,6788075.22023454,true,true,104121046988431961110.9421726226157331,101755497408892612680.5249025037811447,2365549579539348430.4172701188345884,true,true,525803691.69283315,512649981.45381825,13153710.2390149,true,true,212650406793038686944.8507434610392571,207938060871307383259.5154018779953945,4712345921731303685.3353415830438626,true,true
3,0xcbcdf9626bc03e24f779434178a73a0b4bad62ed,25519170,265899,31884642675748575,9,S3_P9,256980:270840,0xc36442b4a4522e871399cd717abdd847ab11fe88:256980:270840,0xc36442b4a4522e871399cd717abdd847ab11fe88,256980,270840,625578436978542,0.019620054812606,13860,8919,4941,4941,45135529363.5311688311688312,0.0000014155883703,461.2524533379803022,558.1903290096071935,9.4310656425771006,38.3763332421722992,47.8073988847493998,38.3763332421722992,53914107.8348385,52855577.317915655,1058530.516922845,true,true,19067376443959008984.5706042233890291,18677763860234061549.8243112013047423,389612583724947434.7462930220842868,true,true,265700500.24894187,260353809.01243754,5346691.23650433,true,true,104121046988431961110.9421726226157331,102257669861366769823.9930502509329164,1863377127065191286.9491223716828167,true,true,525803691.69283315,515440114.87414725,10363576.8186859,true,true,212650406793038686944.8507434610392571,208939308796249047811.8960350483733431,3711097996789639132.954708412665914,true,true
3,0xcbcdf9626bc03e24f779434178a73a0b4bad62ed,25519170,265899,31884642675748575,10,S3_P10,265740:267300,0xc36442b4a4522e871399cd717abdd847ab11fe88:265740:267300,0xc36442b4a4522e871399cd717abdd847ab11fe88,265740,267300,1019405787891708,0.0319716861267217,1560,159,1401,159,653465248648.5307692307692308,0.0000204946705941,461.2524533379803022,558.1903290096071935,4.2113795134797134,33.0262755710571527,37.2376550845368661,33.0262755710571527,53914107.8348385,52189150.23654904,1724957.59828946,true,true,19067376443959008984.5706042233890291,18430990535946376577.6199960504665096,636385908012632406.9506081729225195,true,true,265700500.24894187,257122050.22354454,8578450.02539733,true,true,104121046988431961110.9421726226157331,101084848592451369603.8214586306205826,3036198395980591507.1207139919951505,true,true,525803691.69283315,509846056.23499835,15957635.4578348,true,true,212650406793038686944.8507434610392571,206600333988818314376.8946306051791307,6050072804220372567.9561128558601264,true,true
3,0xcbcdf9626bc03e24f779434178a73a0b4bad62ed,25519170,265899,31884642675748575,11,S3_P11,253800:267180,0xc36442b4a4522e871399cd717abdd847ab11fe88:253800:267180,0xc36442b4a4522e871399cd717abdd847ab11fe88,253800,267180,802245669375144,0.0251608800366244,13380,12099,1281,1281,59958570207.4098654708520179,0.0000018804843077,461.2524533379803022,558.1903290096071935,12.1661463558778556,24.1622925088998934,36.328438864777749,24.1622925088998934,53914107.8348385,52556628.20256565,1357479.63227285,true,true,19067376443959008984.5706042233890291,18567099481545189488.219718990567315,500276962413819496.3508852328217141,true,true,265700500.24894187,258843679.89334088,6856820.35560099,true,true,104121046988431961110.9421726226157331,101731462022992407699.7921115028295449,2389584965439553411.1500611197861882,true,true,525803691.69283315,512516959.41017105,13286732.2826621,true,true,212650406793038686944.8507434610392571,207890293471508492414.1609453404682868,4760113321530194530.6897981205709703,true,true
3,0xcbcdf9626bc03e24f779434178a73a0b4bad62ed,25519170,265899,31884642675748575,12,S3_P12,264780:266700,0xc36442b4a4522e871399cd717abdd847ab11fe88:264780:266700,0xc36442b4a4522e871399cd717abdd847ab11fe88,264780,266700,938477171090951,0.0294335169641012,1920,1119,801,801,488790193276.5369791666666667,0.0000153299567521,461.2524533379803022,558.1903290096071935,12.7104103649024668,20.3853741727107876,33.0957845376132544,20.3853741727107876,53914107.8348385,52326098.59600532,1588009.23883318,true,true,19067376443959008984.5706042233890291,18481512863337697719.1121066550650132,585863580621311265.4584975683240159,true,true,265700500.24894187,257679225.31600928,8021274.93293259,true,true,104121046988431961110.9421726226157331,101325764709764060221.0573207913096175,2795282278667900889.8848518313061156,true,true,525803691.69283315,510264014.5359962,15539677.15683695,true,true,212650406793038686944.8507434610392571,207081073913696648610.3645479499094837,5569332879342038334.4861955111297734,true,true
3,0xcbcdf9626bc03e24f779434178a73a0b4bad62ed,25519170,265899,31884642675748575,13,S3_P13,-887220:887220,0xc36442b4a4522e871399cd717abdd847ab11fe88:-887220:887220,0xc36442b4a4522e871399cd717abdd847ab11fe88,-887220,887220,449906951035076,0.01411045924555,1774440,1153119,621321,621321,253548697.6370437997340006,0.0000000079520633,461.2524533379803022,558.1903290096071935,6.7424306121912907,25.9691049065250817,32.7115355187163724,25.9691049065250817,53914107.8348385,53152835.478654465,761272.356184035,true,true,19067376443959008984.5706042233890291,18787380146498560603.3478532372169225,279996297460448381.2227509861721066,true,true,265700500.24894187,261855487.59628622,3845012.65265565,true,true,104121046988431961110.9421726226157331,102780831942606435387.6094367865442085,1340215045825525723.3327358360715246,true,true,525803691.69283315,518348254.0963162,7455437.59651695,true,true,212650406793038686944.8507434610392571,209981993681286359885.6982490377808887,2668413111752327059.1524944232583684,true,true
3,0xcbcdf9626bc03e24f779434178a73a0b4bad62ed,25519170,265899,31884642675748575,14,S3_P14,265680:266280,0xc36442b4a4522e871399cd717abdd847ab11fe88:265680:266280,0xc36442b4a4522e871399cd717abdd847ab11fe88,265680,266280,1789698713647089,0.0561304303092702,600,219,381,219,2982831189411.815,0.0000935507171821,461.2524533379803022,558.1903290096071935,9.6555570194722973,22.5627772860445091,32.2183343055168064,22.5627772860445091,53914107.8348385,50885584.012712435,3028523.822126065,true,true,19067376443959008984.5706042233890291,17944371800723816842.0032600781616284,1123004643235192142.5673441452274007,true,true,265700500.24894187,250403144.75723783,15297355.49170404,true,true,104121046988431961110.9421726226157331,98791337053746315578.3480435057027852,5329709934685645532.5941291169129479,true,true,525803691.69283315,496007515.99316855,29796175.6996646,true,true,212650406793038686944.8507434610392571,202020752614900604760.189453066941392,10629654178138082184.6612903940978651,true,true
3,0xcbcdf9626bc03e24f779434178a73a0b4bad62ed,25519170,265899,31884642675748575,15,S3_P15,265440:267420,0xc36442b4a4522e871399cd717abdd847ab11fe88:265440:267420,0xc36442b4a4522e871399cd717abdd847ab11fe88,265440,267420,425912909287713,0.0133579326454758,1980,459,1521,459,215107529943.2893939393939394,0.000006746430629,461.2524533379803022,558.1903290096071935,3.854261027755723,14.2100668999048132,18.0643279276605362,14.2100668999048132,53914107.8348385,53193435.94473824,720671.89010026,true,true,19067376443959008984.5706042233890291,18802442054887524445.3134499158195729,264934389071484539.2571543075694562,true,true,265700500.24894187,262060528.75114643,3639971.49779544,true,true,104121046988431961110.9421726226157331,102852319867121042821.8558781262858102,1268727121310918289.0862944963299229,true,true,525803691.69283315,518745655.6507066,7058036.04212655,true,true,212650406793038686944.8507434610392571,210124391318561036662.876608092302688,2526015474477650281.9741353687365691,true,true
3,0xcbcdf9626bc03e24f779434178a73a0b4bad62ed,25519170,265899,31884642675748575,16,S3_P16,262860:266640,0xc36442b4a4522e871399cd717abdd847ab11fe88:262860:266640,0xc36442b4a4522e871399cd717abdd847ab11fe88,262860,266640,477686396607149,0.0149817076974953,3780,3039,741,741,126372062594.4838624338624339,0.0000039634147348,461.2524533379803022,558.1903290096071935,7.1655413377720326,9.7156081122110337,16.8811494499830663,9.7156081122110337,53914107.8348385,53105829.57046159,808278.26437691,true,true,19067376443959008984.5706042233890291,18770201385595521624.0889875564916348,297175058363487360.4816166668973943,true,true,265700500.24894187,261618042.59285357,4082457.6560883,true,true,104121046988431961110.9421726226157331,102698119932119495565.5345317475908645,1422927056312465545.4076408750248686,true,true,525803691.69283315,517888297.21989905,7915394.4729341,true,true,212650406793038686944.8507434610392571,209817128562146683293.6864306192018526,2833278230892003651.1643128418374045,true,true
3,0xcbcdf9626bc03e24f779434178a73a0b4bad62ed,25519170,265899,31884642675748575,17,S3_P17,265740:266100,0xc36442b4a4522e871399cd717abdd847ab11fe88:265740:266100,0xc36442b4a4522e871399cd717abdd847ab11fe88,265740,266100,1422604458279788,0.0446172307071774,360,159,201,159,3951679050777.1888888888888889,0.0001239367519644,461.2524533379803022,558.1903290096071935,5.8891460060519882,10.3906779320455785,16.2798239380975667,10.3906779320455785,53914107.8348385,51506832.85403294,2407274.98080556,true,true,19067376443959008984.5706042233890291,18176863726526752219.9327407848569286,890512717432256764.6378634385321005,true,true,265700500.24894187,253738212.12442538,11962288.12451649,true,true,104121046988431961110.9421726226157331,99884292552396654600.7826529597902137,4236754436035306510.1595196628255194,true,true,525803691.69283315,503434025.1368281,22369666.55600505,true,true,212650406793038686944.8507434610392571,204565778513309679481.1871715088331726,8084628279729007463.6635719522060845,true,true
3,0xcbcdf9626bc03e24f779434178a73a0b4bad62ed,25519170,265899,31884642675748575,18,S3_P18,262740:266220,0xc36442b4a4522e871399cd717abdd847ab11fe88:262740:266220,0xc36442b4a4522e871399cd717abdd847ab11fe88,262740,266220,495933970841349,0.0155540074851946,3480,3159,321,321,142509761736.0198275862068966,0.0000044695423808,461.2524533379803022,558.1903290096071935,7.4439008825739405,5.3525082145216805,12.796409097095621,7.4439008825739405,53914107.8348385,53074952.5674126,839155.2674259,true,true,19067376443959008984.5706042233890291,18758531192486088606.8291178999169223,308845251472920377.7414863234721068,true,true,265700500.24894187,261462025.01837336,4238475.23056851,true,true,104121046988431961110.9421726226157331,102643700749767029284.1109946991171849,1477346238664931826.8311779234985482,true,true,525803691.69283315,517586124.0298778,8217567.66295535,true,true,212650406793038686944.8507434610392571,209709175247125395167.7966084487614384,2941231545913291777.0541350122778187,true,true
3,0xcbcdf9626bc03e24f779434178a73a0b4bad62ed,25519170,265899,31884642675748575,19,S3_P19,264600:266400,0xc36442b4a4522e871399cd717abdd847ab11fe88:264600:266400,0xc36442b4a4522e871399cd717abdd847ab11fe88,264600,266400,356088557015255,0.0111680272109838,1800,1299,501,501,197826976119.5861111111111111,0.0000062044595617,461.2524533379803022,558.1903290096071935,4.9772463203886846,5.4553619091692944,10.432608229557979,5.4553619091692944,53914107.8348385,53311585.54071924,602522.29411926,true,true,19067376443959008984.5706042233890291,18846109886979416307.4378489353843983,221266556979592677.1327552880046308,true,true,265700500.24894187,262657367.70968522,3043132.53925665,true,true,104121046988431961110.9421726226157331,103060341017984257602.3266407547704842,1060705970447703508.6155318678452489,true,true,525803691.69283315,519902071.25325005,5901620.4395831,true,true,212650406793038686944.8507434610392571,210538699369619271752.6932212828952796,2111707423419415192.1575221781439775,true,true
3,0xcbcdf9626bc03e24f779434178a73a0b4bad62ed,25519170,265899,31884642675748575,20,S3_P20,265860:265980,0xc36442b4a4522e871399cd717abdd847ab11fe88:265860:265980,0xc36442b4a4522e871399cd717abdd847ab11fe88,265860,265980,381559309478309,0.0119668679796284,120,39,81,39,3179660912319.2416666666666667,0.0000997238998302,461.2524533379803022,558.1903290096071935,0.4437787707944597,1.2096491113251738,1.6534278821196335,1.2096491113251738,53914107.8348385,53268486.65688228,645621.17795622,true,true,19067376443959008984.5706042233890291,18830141246564600963.4776813760698377,237235197394408021.0929228473191914,true,true,265700500.24894187,263739235.28948039,1961264.95946148,true,true,104121046988431961110.9421726226157331,103137969679841946594.4364343494637932,983077308590014516.5057382731519399,true,true,525803691.69283315,523603725.47935185,2199966.2134813,true,true,212650406793038686944.8507434610392571,211201919283544851505.6071221869646328,1448487509493835439.2436212740746243,true,true
4,0xcbcdf9626bc03e24f779434178a73a0b4bad62ed,25509170,266016,36606298107242182,1,S4_P1,264060:269880,0xc36442b4a4522e871399cd717abdd847ab11fe88:264060:269880,0xc36442b4a4522e871399cd717abdd847ab11fe88,264060,269880,1531050297289209,0.0418247781516675,5820,1956,3864,1956,263067061389.8984536082474227,0.0000071863879986,440.3042257347283721,635.7246729521729703,22.3035603484945301,175.4128193814339222,197.7163797299284523,175.4128193814339222,61541095.491650835,58966481.163588485,2574614.32806235,true,true,21937932328547886106.434158108031344,21020709144407022577.6975834245891665,917223184140863528.7365746834421775,true,true,306801606.62447612,293632971.9667436,13168634.65773252,true,true,109966632888536735463.0011598504639032,105424002696997654172.1990892620099816,4542630191539081290.8020705884539216,true,true,599139583.5650641,573481293.82987555,25658289.73518855,true,true,219031466046497855788.9296194138629596,209808865594414792962.6484542021502258,9222600452083062826.2811652117127338,true,true
4,0xcbcdf9626bc03e24f779434178a73a0b4bad62ed,25509170,266016,36606298107242182,2,S4_P2,263700:267360,0xc36442b4a4522e871399cd717abdd847ab11fe88:263700:267360,0xc36442b4a4522e871399cd717abdd847ab11fe88,263700,267360,2808707304810798,0.0767274335302188,3660,2316,1344,1344,767406367434.6442622950819672,0.0000209637796531,440.3042257347283721,635.7246729521729703,42.8570201121928293,133.9151221967027904,176.7721423088956197,133.9151221967027904,61541095.491650835,56817727.04170233,4723368.449948505,true,true,21937932328547886106.434158108031344,20254685146201232940.0398057304217235,1683247182346653166.3943523776096205,true,true,306801606.62447612,282702086.58210689,24099520.04236923,true,true,109966632888536735463.0011598504639032,101644451994681353426.3846945144841456,8322180893855382036.6164653359797576,true,true,599139583.5650641,552195142.6489996,46944440.9160645,true,true,219031466046497855788.9296194138629596,202202223450387456256.6365171198471026,16829242596110399532.293102294015857,true,true
4,0xcbcdf9626bc03e24f779434178a73a0b4bad62ed,25509170,266016,36606298107242182,3,S4_P3,265860:267180,0xc36442b4a4522e871399cd717abdd847ab11fe88:265860:267180,0xc36442b4a4522e871399cd717abdd847ab11fe88,265860,267180,3011272554760745,0.0822610509792301,1320,156,1164,156,2281267086939.9583333333333333,0.0000623189780146,440.3042257347283721,635.7246729521729703,11.6837180101627515,127.2273900983874729,138.9111081085502244,127.2273900983874729,61541095.491650835,56477031.905416035,5064063.5862348,true,true,21937932328547886106.434158108031344,20133312119108465921.1437953147111565,1804620209439420185.2903627933201875,true,true,306801606.62447612,281341398.13224569,25460208.49223043,true,true,109966632888536735463.0011598504639032,101046042293498481462.3070504799671152,8920590595038254000.694109370496788,true,true,599139583.5650641,553789102.01792815,45350481.54713595,true,true,219031466046497855788.9296194138629596,201005280322531612102.103713302982107,18026185723966243686.8259061108808526,true,true
4,0xcbcdf9626bc03e24f779434178a73a0b4bad62ed,25509170,266016,36606298107242182,4,S4_P4,264660:267660,0xc36442b4a4522e871399cd717abdd847ab11fe88:264660:267660,0xc36442b4a4522e871399cd717abdd847ab11fe88,264660,267660,1860454169582933,0.0508233354854,3000,1356,1644,1356,620151389860.9776666666666667,0.0000169411118285,440.3042257347283721,635.7246729521729703,25.7603584470710683,99.7002417246617158,125.4606001717327841,99.7002417246617158,61541095.491650835,58412514.7199403,3128580.771710535,true,true,21937932328547886106.434158108031344,20823097391805232881.0759486763553255,1114834936742653225.3582094316760185,true,true,306801606.62447612,290808750.83493713,15992855.78953899,true,true,109966632888536735463.0011598504639032,104448715122722442625.9903118745782464,5517917765814292837.0108479758856568,true,true,599139583.5650641,567980491.41394345,31159092.15112065,true,true,219031466046497855788.9296194138629596,207838891206453435063.5773050736595904,11192574840044420725.3523143402033692,true,true
4,0xcbcdf9626bc03e24f779434178a73a0b4bad62ed,25509170,266016,36606298107242182,5,S4_P5,264600:266700,0xc36442b4a4522e871399cd717abdd847ab11fe88:264600:266700,0xc36442b4a4522e871399cd717abdd847ab11fe88,264600,266700,2330950055690659,0.0636762026267142,2100,1416,684,684,1109976216995.5519047619047619,0.0000303220012508,440.3042257347283721,635.7246729521729703,33.0326767233278415,60.8030361082886169,93.8357128316164584,60.8030361082886169,61541095.491650835,57621243.63185653,3919851.859794305,true,true,21937932328547886106.434158108031344,20541169935571591824.0957675978105185,1396762392976294282.3383905102208255,true,true,306801606.62447612,286781862.69513596,20019743.92934016,true,true,109966632888536735463.0011598504639032,103056688937353475479.848582905445216,6909943951183259983.1525769450186872,true,true,599139583.5650641,560138295.6044146,39001287.9606495,true,true,219031466046497855788.9296194138629596,205035446053475884616.8621066225989908,13996019993021971172.0675127912639688,true,true
4,0xcbcdf9626bc03e24f779434178a73a0b4bad62ed,25509170,266016,36606298107242182,6,S4_P6,256980:270840,0xc36442b4a4522e871399cd717abdd847ab11fe88:256980:270840,0xc36442b4a4522e871399cd717abdd847ab11fe88,256980,270840,625578436978542,0.0170893662928123,13860,9036,4824,4824,45135529363.5311688311688312,0.000001232999011,440.3042257347283721,635.7246729521729703,8.8351354721563457,66.8000252527451026,75.6351607249014483,66.8000252527451026,61541095.491650835,60489159.20200725,1051936.289643585,true,true,21937932328547886106.434158108031344,21563186276514437166.411411679836278,374746052033448940.022746428195066,true,true,306801606.62447612,301413778.45629029,5387828.16818583,true,true,109966632888536735463.0011598504639032,108108616155688416649.4945859132292768,1858016732848318813.5065739372346264,true,true,599139583.5650641,588639964.20556095,10499619.35950315,true,true,219031466046497855788.9296194138629596,215251171706128786211.839822043984831,3780294340369069577.0897973698781286,true,true
4,0xcbcdf9626bc03e24f779434178a73a0b4bad62ed,25509170,266016,36606298107242182,7,S4_P7,261780:268560,0xc36442b4a4522e871399cd717abdd847ab11fe88:261780:268560,0xc36442b4a4522e871399cd717abdd847ab11fe88,261780,268560,794204255030087,0.021695836402342,6780,4236,2544,2544,117139270653.4051622418879056,0.0000031999758706,440.3042257347283721,635.7246729521729703,11.2810806436388363,55.3273646426010367,66.608445286239873,55.3273646426010367,61541095.491650835,60205599.395499565,1335496.09615127,true,true,21937932328547886106.434158108031344,21462120466160342427.753202604145374,475811862387543678.68095550388597,true,true,306801606.62447612,299963070.59241599,6838536.03206013,true,true,109966632888536735463.0011598504639032,107608240795812003967.2783778689501312,2358392092724731495.722781981513772,true,true,599139583.5650641,585813260.4857905,13326323.0792736,true,true,219031466046497855788.9296194138629596,214234813148706807275.684731040257646,4796652897791048513.2448883736053136,true,true
4,0xcbcdf9626bc03e24f779434178a73a0b4bad62ed,25509170,266016,36606298107242182,8,S4_P8,264600:266460,0xc36442b4a4522e871399cd717abdd847ab11fe88:264600:266460,0xc36442b4a4522e871399cd717abdd847ab11fe88,264600,266460,2063615429423960,0.0563732345559327,1860,1416,444,444,1109470660980.6236559139784946,0.0000303081906215,440.3042257347283721,635.7246729521729703,29.0465720407855345,37.0133487646438788,66.0599208054294133,37.0133487646438788,61541095.491650835,58070845.880285555,3470249.61136528,true,true,21937932328547886106.434158108031344,20701627084848720736.687656552506774,1236305243699165369.74650155552457,true,true,306801606.62447612,289068838.19190605,17732768.43257007,true,true,109966632888536735463.0011598504639032,103847499597022012999.123568306255256,6119133291514722463.8775915442086472,true,true,599139583.5650641,564591956.05834265,34547627.50672145,true,true,219031466046497855788.9296194138629596,206626861028751017212.5572118313122148,12404605017746838576.3724075825507448,true,true
4,0xcbcdf9626bc03e24f779434178a73a0b4bad62ed,25509170,266016,36606298107242182,9,S4_P9,-887220:887220,0xc36442b4a4522e871399cd717abdd847ab11fe88:-887220:887220,0xc36442b4a4522e871399cd717abdd847ab11fe88,-887220,887220,449906951035076,0.0122904247164525,1774440,1153236,621204,621204,253548697.6370437997340006,0.0000000069263682,440.3042257347283721,635.7246729521729703,6.3162107390392462,55.5264895886757669,61.8427003277150131,55.5264895886757669,61541095.491650835,60784563.084883985,756532.40676685,true,true,21937932328547886106.434158108031344,21668375807844059332.3794280592012405,269556520703826774.0547300488301035,true,true,306801606.62447612,302925892.22274974,3875714.40172638,true,true,109966632888536735463.0011598504639032,108630057548937157671.294153899711168,1336575339599577791.7070059507527352,true,true,599139583.5650641,591586422.62211075,7553160.94295335,true,true,219031466046497855788.9296194138629596,216311160717144631955.054529025895278,2720305329353223833.8750903879676816,true,true
4,0xcbcdf9626bc03e24f779434178a73a0b4bad62ed,25509170,266016,36606298107242182,10,S4_P10,264720:266700,0xc36442b4a4522e871399cd717abdd847ab11fe88:264720:266700,0xc36442b4a4522e871399cd717abdd847ab11fe88,264720,266700,1438045783780983,0.0392841084222193,1980,1296,684,684,726285749384.3348484848484848,0.0000198404587991,440.3042257347283721,635.7246729521729703,19.4673270397008385,36.3933823215461536,55.8607093612469921,36.3933823215461536,61541095.491650835,59122886.372603985,2418209.11904685,true,true,21937932328547886106.434158108031344,21076524983691104984.920756240555868,861407344856781121.513401867475476,true,true,306801606.62447612,294431066.79099059,12370539.83348553,true,true,109966632888536735463.0011598504639032,105699508340894458448.2557359274281592,4267124547642277014.745423923035744,true,true,599139583.5650641,575035871.1577614,24103712.4073027,true,true,219031466046497855788.9296194138629596,210366059329248735954.883225839647324,8665406717249119834.0463935742156356,true,true
4,0xcbcdf9626bc03e24f779434178a73a0b4bad62ed,25509170,266016,36606298107242182,11,S4_P11,265920:266220,0xc36442b4a4522e871399cd717abdd847ab11fe88:265920:266220,0xc36442b4a4522e871399cd717abdd847ab11fe88,265920,266220,4563573523651778,0.124666348678096,300,96,204,96,15211911745505.9266666666666667,0.0004155544955937,440.3042257347283721,635.7246729521729703,11.6030748962288936,42.1214313768774446,53.7245062731063382,42.1214313768774446,61541095.491650835,53866056.188716175,7675039.30293466,true,true,21937932328547886106.434158108031344,19201342551468924755.296652354630369,2736589777078961351.137505753400975,true,true,306801606.62447612,272184327.96040235,34617278.66407377,true,true,109966632888536735463.0011598504639032,96466423172657669324.8577583082138392,13500209715879066138.143401542250064,true,true,599139583.5650641,545817533.0291279,53322050.5359362,true,true,219031466046497855788.9296194138629596,192795768946450094210.6015596066020984,26235697100047761578.3280598072608612,true,true
4,0xcbcdf9626bc03e24f779434178a73a0b4bad62ed,25509170,266016,36606298107242182,12,S4_P12,265740:267300,0xc36442b4a4522e871399cd717abdd847ab11fe88:265740:267300,0xc36442b4a4522e871399cd717abdd847ab11fe88,265740,267300,1019405787891708,0.0278478251175589,1560,276,1284,276,653465248648.5307692307692308,0.0000178511699472,440.3042257347283721,635.7246729521729703,6.1943135594993119,41.6953241191574229,47.8896376786567348,41.6953241191574229,61541095.491650835,59826896.573261795,1714198.91838904,true,true,21937932328547886106.434158108031344,21327126944063625450.3875077325372885,610805384484260656.0466503754940555,true,true,306801606.62447612,298026638.11814285,8774968.50633327,true,true,109966632888536735463.0011598504639032,106940227813702347275.1787678735607112,3026405074834388187.822391976903192,true,true,599139583.5650641,582443532.26435385,16696051.30071025,true,true,219031466046497855788.9296194138629596,212879391742695152235.068653412699695,6152074303802703553.8609660011632646,true,true
4,0xcbcdf9626bc03e24f779434178a73a0b4bad62ed,25509170,266016,36606298107242182,13,S4_P13,253800:267180,0xc36442b4a4522e871399cd717abdd847ab11fe88:253800:267180,0xc36442b4a4522e871399cd717abdd847ab11fe88,253800,267180,802245669375144,0.0219155093755964,13380,12216,1164,1164,59958570207.4098654708520179,0.0000016379304466,440.3042257347283721,635.7246729521729703,11.3984197074219691,29.9350574834512387,41.3334771908732078,29.9350574834512387,61541095.491650835,60192076.92683601,1349018.564814825,true,true,21937932328547886106.434158108031344,21457396367691781494.127726671152246,480535960856104612.306431436879098,true,true,306801606.62447612,299893874.68413362,6907731.9403425,true,true,109966632888536735463.0011598504639032,107584341893134800162.2694395307161784,2382290995401935300.7317203197477248,true,true,599139583.5650641,585678438.0956747,13461145.4693894,true,true,219031466046497855788.9296194138629596,214186372101418130922.3015702423545708,4845093945079724866.6280491715083888,true,true
4,0xcbcdf9626bc03e24f779434178a73a0b4bad62ed,25509170,266016,36606298107242182,14,S4_P14,264780:266700,0xc36442b4a4522e871399cd717abdd847ab11fe88:264780:266700,0xc36442b4a4522e871399cd717abdd847ab11fe88,264780,266700,938477171090951,0.0256370411545461,1920,1236,684,684,488790193276.5369791666666667,0.0000133526256013,440.3042257347283721,635.7246729521729703,12.3892794933119683,23.3514619847388138,35.7407414780507821,23.3514619847388138,61541095.491650835,59962988.309628005,1578107.18202283,true,true,21937932328547886106.434158108031344,21375822351079601528.968830991971482,562109977468284577.465327116059862,true,true,306801606.62447612,298722391.66054865,8079214.96392747,true,true,109966632888536735463.0011598504639032,107180253501435074745.2116874650380768,2786379387101660717.7894723854258264,true,true,599139583.5650641,583396019.38784,15743564.1772241,true,true,219031466046497855788.9296194138629596,213366264379549445730.0575187316910092,5665201666948410058.8721006821719504,true,true
4,0xcbcdf9626bc03e24f779434178a73a0b4bad62ed,25509170,266016,36606298107242182,15,S4_P15,265680:266280,0xc36442b4a4522e871399cd717abdd847ab11fe88:265680:266280,0xc36442b4a4522e871399cd717abdd847ab11fe88,265680,266280,1789698713647089,0.048890458915129,600,336,264,264,2982831189411.815,0.0000814840981919,440.3042257347283721,635.7246729521729703,12.6554743815357034,20.2974942706841908,32.9529686522198942,20.2974942706841908,61541095.491650835,58531507.161075415,3009588.33057542,true,true,21937932328547886106.434158108031344,20865620891583096509.6480710421183015,1072311436964789596.7860870659130425,true,true,306801606.62447612,291415147.37544149,15386459.24903463,true,true,109966632888536735463.0011598504639032,104658117888162663677.0010107471175248,5308515000374071786.0001491033463784,true,true,599139583.5650641,569328146.89060505,29811436.67445905,true,true,219031466046497855788.9296194138629596,208462372898116545879.1728756975270902,10569093148381309909.7567437163358694,true,true
4,0xcbcdf9626bc03e24f779434178a73a0b4bad62ed,25509170,266016,36606298107242182,16,S4_P16,265440:267420,0xc36442b4a4522e871399cd717abdd847ab11fe88:265440:267420,0xc36442b4a4522e871399cd717abdd847ab11fe88,265440,267420,425912909287713,0.0116349625968721,1980,576,1404,576,215107529943.2893939393939394,0.0000058762437358,440.3042257347283721,635.7246729521729703,4.164127562882573,17.9672386766344764,22.1313662395170494,17.9672386766344764,61541095.491650835,60824910.440488705,716185.05116213,true,true,21937932328547886106.434158108031344,21682698581487982885.977577617290573,255233747059903220.456580490740771,true,true,306801606.62447612,303132405.06556913,3669201.55890699,true,true,109966632888536735463.0011598504639032,108701339740800125615.4003608739255224,1265293147736609847.6007989765383808,true,true,599139583.5650641,591989019.1016885,7150564.4633756,true,true,219031466046497855788.9296194138629596,216456029468107618696.3271594147576452,2575436578390237092.6024599991053144,true,true
4,0xcbcdf9626bc03e24f779434178a73a0b4bad62ed,25509170,266016,36606298107242182,17,S4_P17,262860:266640,0xc36442b4a4522e871399cd717abdd847ab11fe88:262860:266640,0xc36442b4a4522e871399cd717abdd847ab11fe88,262860,266640,477686396607149,0.0130492953755584,3780,3156,624,624,126372062594.4838624338624339,0.0000034521945438,440.3042257347283721,635.7246729521729703,6.7125702446267985,10.9101560205901384,17.6227262652169369,10.9101560205901384,61541095.491650835,60737850.265396175,803245.22625466,true,true,21937932328547886106.434158108031344,21651907820407605672.747805116179387,286024508140280433.686352991851957,true,true,306801606.62447612,302686566.61629695,4115040.00817917,true,true,109966632888536735463.0011598504639032,108547576576566484633.8256834927932952,1419056311970250829.175476357670608,true,true,599139583.5650641,591120379.53818245,8019204.02688165,true,true,219031466046497855788.9296194138629596,216143413343390520326.4313387625106332,2888052703107335462.4982806513523264,true,true
4,0xcbcdf9626bc03e24f779434178a73a0b4bad62ed,25509170,266016,36606298107242182,18,S4_P18,265740:266100,0xc36442b4a4522e871399cd717abdd847ab11fe88:265740:266100,0xc36442b4a4522e871399cd717abdd847ab11fe88,265740,266100,1422604458279788,0.0388622868696559,360,276,84,84,3951679050777.1888888888888889,0.0001079507968602,440.3042257347283721,635.7246729521729703,8.6717884919798005,5.5846250891730021,14.2564135811528026,8.6717884919798005,61541095.491650835,59148853.85501686,2392241.636633975,true,true,21937932328547886106.434158108031344,21085637247629155809.063099757042883,852295080918730297.371058350988461,true,true,306801606.62447612,294563677.94701355,12237928.67746257,true,true,109966632888536735463.0011598504639032,106309617079926574151.1703609554408856,3657015808610161311.8307988950230176,true,true,599139583.5650641,575852846.90014015,23286736.66492395,true,true,219031466046497855788.9296194138629596,213493709160625154956.3458985633560918,5537756885872700832.5837208505068678,true,true
4,0xcbcdf9626bc03e24f779434178a73a0b4bad62ed,25509170,266016,36606298107242182,19,S4_P19,262740:266220,0xc36442b4a4522e871399cd717abdd847ab11fe88:262740:266220,0xc36442b4a4522e871399cd717abdd847ab11fe88,262740,266220,495933970841349,0.0135477771991163,3480,3276,204,204,142509761736.0198275862068966,0.000003893039425,440.3042257347283721,635.7246729521729703,6.9733353983742816,4.4087763298039715,11.3821117281782531,6.9733353983742816,61541095.491650835,60707165.811661205,833929.67998963,true,true,21937932328547886106.434158108031344,21640844537957095145.6574063516609365,297087790590790960.7767517563704075,true,true,306801606.62447612,302529459.23174498,4272147.39273114,true,true,109966632888536735463.0011598504639032,108493444971945923758.822684993699748,1473187916590811704.1784748567641552,true,true,599139583.5650641,590814253.82756085,8325329.73750325,true,true,219031466046497855788.9296194138629596,216205921998352547798.3739362754028446,2825544048145307990.555683138460115,true,true
4,0xcbcdf9626bc03e24f779434178a73a0b4bad62ed,25509170,266016,36606298107242182,20,S4_P20,265920:266040,0xc36442b4a4522e871399cd717abdd847ab11fe88:265920:266040,0xc36442b4a4522e871399cd717abdd847ab11fe88,265920,266040,395482807623221,0.0108036821004028,120,96,24,24,3295690063526.8416666666666667,0.00009003068417,440.3042257347283721,635.7246729521729703,0.9921092788771365,0.4586003394899734,1.4507096183671099,0.9921092788771365,61541095.491650835,60876080.295509675,665015.19614116,true,true,21937932328547886106.434158108031344,21707368518989138625.2683855347317495,230563809558747481.1657725732995945,true,true,306801606.62447612,303789600.44681054,3012006.17766558,true,true,109966632888536735463.0011598504639032,109487058790079898761.6424500123681792,479574098456836701.358709838095724,true,true,599139583.5650641,594612608.42982255,4526975.13524155,true,true,219031466046497855788.9296194138629596,218505040724529428816.0336604135588886,526425321968426972.895959000304071,true,true
5,0xcbcdf9626bc03e24f779434178a73a0b4bad62ed,25499170,266122,35540227597876013,1,S5_P1,264060:269880,0xc36442b4a4522e871399cd717abdd847ab11fe88:264060:269880,0xc36442b4a4522e871399cd717abdd847ab11fe88,264060,269880,1531050297289209,0.0430793610725416,5820,2062,3758,2062,263067061389.8984536082474227,0.0000074019520743,428.373119662501423,760.0167202861233043,21.2304341661026856,253.6193677439535404,274.849801910056226,253.6193677439535404,59526475.920802595,56955109.45687441,2571366.463928185,true,true,21404168564596631199.16957414262117,20482002474666206112.7157677017387739,922166089930425086.4538064408823961,true,true,306131479.66862402,293287126.17390407,12844353.49471995,true,true,109824504002228908867.3346991821205515,105114075116884229497.4291830984509303,4710428885344679369.9055160836696212,true,true,613864211.59851235,588187687.98342115,25676523.6150912,true,true,217348654547346209974.1667763588137387,208325065663667598391.9606981789449826,9023588883678611582.2060781798687561,true,true
5,0xcbcdf9626bc03e24f779434178a73a0b4bad62ed,25499170,266122,35540227597876013,2,S5_P2,263700:267360,0xc36442b4a4522e871399cd717abdd847ab11fe88:263700:267360,0xc36442b4a4522e871399cd717abdd847ab11fe88,263700,267360,2808707304810798,0.0790289622393598,3660,2422,1238,1238,767406367434.6442622950819672,0.0000215926126337,428.373119662501423,760.0167202861233043,40.8712773983135211,175.3474149190522758,216.2186923173657969,175.3474149190522758,59526475.920802595,54801632.09426405,4724843.826538545,true,true,21404168564596631199.16957414262117,19712723564849921898.487406861686657,1691444999746709300.682167280934513,true,true,306131479.66862402,282571403.91879062,23560075.7498334,true,true,109824504002228908867.3346991821205515,101201086460094201191.9500317997857236,8623417542134707675.3846673823348279,true,true,613864211.59851235,567035251.13792665,46828960.4605857,true,true,217348654547346209974.1667763588137387,200830261908635969670.6806665014887323,16518392638710240303.4861098573250064,true,true
5,0xcbcdf9626bc03e24f779434178a73a0b4bad62ed,25499170,266122,35540227597876013,3,S5_P3,265860:267180,0xc36442b4a4522e871399cd717abdd847ab11fe88:265860:267180,0xc36442b4a4522e871399cd717abdd847ab11fe88,265860,267180,3011272554760745,0.0847285669870248,1320,262,1058,262,2281267086939.9583333333333333,0.0000641883083235,428.373119662501423,760.0167202861233043,17.1144115918814789,164.0711270856071256,181.1855386774886045,164.0711270856071256,59526475.920802595,54459442.09785768,5067033.822944915,true,true,21404168564596631199.16957414262117,19590864357923943586.1049645379806303,1813304206672687613.0646096046405397,true,true,306131479.66862402,280872579.52894823,25258900.13967579,true,true,109824504002228908867.3346991821205515,100582805870666017492.1666406567800684,9241698131562891375.1680585253404831,true,true,613864211.59851235,564807651.42270755,49056560.1758048,true,true,217348654547346209974.1667763588137387,199645928275217264190.5516117579931147,17702726272128945783.615164600820624,true,true
5,0xcbcdf9626bc03e24f779434178a73a0b4bad62ed,25499170,266122,35540227597876013,4,S5_P4,-887220:887220,0xc36442b4a4522e871399cd717abdd847ab11fe88:-887220:887220,0xc36442b4a4522e871399cd717abdd847ab11fe88,-887220,887220,449908688640812,0.0126591392078676,1774440,1153342,621098,621098,253549676.8787966907869525,0.0000000071341602,428.373119662501423,760.0167202861233043,5.9980903324660054,161.1385157047322187,167.1366060371982241,161.1385157047322187,59526475.920802595,58771836.39986865,754639.520933945,true,true,21404168564596631199.16957414262117,21133340831053238096.4974558249980442,270827733543393102.6721183176231258,true,true,306131479.66862402,302356805.62167848,3774674.04694554,true,true,109824504002228908867.3346991821205515,108438507169006095984.5524847017508791,1385996833222812882.7822144803696724,true,true,613864211.59851235,606286391.82248655,7577819.7760258,true,true,217348654547346209974.1667763588137387,214693326331020415181.2525120372220564,2655328216325794792.9142643215916823,true,true
5,0xcbcdf9626bc03e24f779434178a73a0b4bad62ed,25499170,266122,35540227597876013,5,S5_P5,264660:267660,0xc36442b4a4522e871399cd717abdd847ab11fe88:264660:267660,0xc36442b4a4522e871399cd717abdd847ab11fe88,264660,267660,1860454169582933,0.0523478406112998,3000,1462,1538,1462,620151389860.9776666666666667,0.0000174492802038,428.373119662501423,760.0167202861233043,25.109393785894527,134.6941374108336939,159.8035311967282209,134.6941374108336939,59526475.920802595,56400635.513674305,3125840.40712829,true,true,21404168564596631199.16957414262117,20283754186960638237.5425791284160668,1120414377635992961.6269950142051032,true,true,306131479.66862402,290524211.14739369,15607268.52123033,true,true,109824504002228908867.3346991821205515,104103221412697552302.0776173888884429,5721282589531356565.2570817932321086,true,true,613864211.59851235,582708041.14273425,31156170.4557781,true,true,217348654547346209974.1667763588137387,206389041383207759791.1861275911657494,10959613164138450182.9806487676479893,true,true
5,0xcbcdf9626bc03e24f779434178a73a0b4bad62ed,25499170,266122,35540227597876013,6,S5_P6,256980:270840,0xc36442b4a4522e871399cd717abdd847ab11fe88:256980:270840,0xc36442b4a4522e871399cd717abdd847ab11fe88,256980,270840,625578436978542,0.0176019817333958,13860,9142,4718,4718,45135529363.5311688311688312,0.000001269984252,428.373119662501423,760.0167202861233043,8.3926717659256645,107.2072792869987468,115.5999510529244113,107.2072792869987468,59526475.920802595,58476919.251445585,1049556.66935701,true,true,21404168564596631199.16957414262117,21027391418022196015.031121593107101,376777146574435184.138452549514069,true,true,306131479.66862402,300882874.26769349,5248605.40093053,true,true,109824504002228908867.3346991821205515,107897744534324967660.0645318128441995,1926759467903941207.270167369276352,true,true,613864211.59851235,603334468.45249995,10529743.1460124,true,true,217348654547346209974.1667763588137387,213657304427070856182.6588458549912975,3691350120275353791.5079305038224412,true,true
5,0xcbcdf9626bc03e24f779434178a73a0b4bad62ed,25499170,266122,35540227597876013,7,S5_P7,264600:266700,0xc36442b4a4522e871399cd717abdd847ab11fe88:264600:266700,0xc36442b4a4522e871399cd717abdd847ab11fe88,264600,266700,2330950055690659,0.0655862444682252,2100,1522,578,578,1109976216995.5519047619047619,0.0000312315449849,428.373119662501423,760.0167202861233043,32.1725007974619811,72.1455655136110111,104.3180663110729922,72.1455655136110111,59526475.920802595,55607800.07269479,3918675.848107805,true,true,21404168564596631199.16957414262117,20000587556156755444.3919126653981314,1403581008439875754.7776614772230386,true,true,306131479.66862402,286578073.81946609,19553405.84915793,true,true,109824504002228908867.3346991821205515,102661774448940733421.5230210088648299,7162729553288175445.8116781732557216,true,true,613864211.59851235,574911983.68922025,38952227.9092921,true,true,217348654547346209974.1667763588137387,203628085616616296223.1004762491123958,13720568930729913751.0663001097013429,true,true
5,0xcbcdf9626bc03e24f779434178a73a0b4bad62ed,25499170,266122,35540227597876013,8,S5_P8,261780:268560,0xc36442b4a4522e871399cd717abdd847ab11fe88:261780:268560,0xc36442b4a4522e871399cd717abdd847ab11fe88,261780,268560,794204255030087,0.0223466282775733,6780,4342,2438,2438,117139270653.4051622418879056,0.0000032959628728,428.373119662501423,760.0167202861233043,10.7198155370915328,79.9089977348597898,90.6288132719513226,79.9089977348597898,59526475.920802595,58193734.27226379,1332741.648538805,true,true,21404168564596631199.16957414262117,20925844959853714602.6562544669249598,478323604742916596.5133196756962102,true,true,306131479.66862402,299468174.27359736,6663305.39502666,true,true,109824504002228908867.3346991821205515,107378814691381079961.8585036367100481,2445689310847828905.4761955454105034,true,true,613864211.59851235,600504907.7867598,13359303.81175255,true,true,217348654547346209974.1667763588137387,212663239353511224335.7860978310723478,4685415193834985638.3806785277413909,true,true
5,0xcbcdf9626bc03e24f779434178a73a0b4bad62ed,25499170,266122,35540227597876013,9,S5_P9,266040:268200,0xc36442b4a4522e871399cd717abdd847ab11fe88:266040:268200,0xc36442b4a4522e871399cd717abdd847ab11fe88,266040,268200,883221633991913,0.0248513218312844,2160,82,2078,82,408898904625.8856481481481481,0.0000115052415886,428.373119662501423,760.0167202861233043,1.8524039646838173,77.9687848684210334,79.8211888331048507,77.9687848684210334,59526475.920802595,58044250.85671399,1482225.064088605,true,true,21404168564596631199.16957414262117,20872263422923194067.8174140217078543,531905141673437131.3521601209133157,true,true,306131479.66862402,299746121.76066146,6385357.90796256,true,true,109824504002228908867.3346991821205515,107104984820054758624.3602612070016615,2719519182174150242.97443797511889,true,true,613864211.59851235,604555790.44439435,9308421.154118,true,true,217348654547346209974.1667763588137387,212138630285811236676.7795976512823602,5210024261534973297.3871787075313785,true,true
5,0xcbcdf9626bc03e24f779434178a73a0b4bad62ed,25499170,266122,35540227597876013,10,S5_P10,264600:266460,0xc36442b4a4522e871399cd717abdd847ab11fe88:264600:266460,0xc36442b4a4522e871399cd717abdd847ab11fe88,264600,266460,2063615429423960,0.0580642153666818,1860,1522,338,338,1109470660980.6236559139784946,0.0000312173200896,428.373119662501423,760.0167202861233043,28.2650407456542188,39.1514313150173428,67.4164720606715616,39.1514313150173428,59526475.920802595,56058422.63704207,3468053.283760525,true,true,21404168564596631199.16957414262117,20161529423994377428.3704553190366858,1242639140602253770.7991188235844842,true,true,306131479.66862402,288820245.40081868,17311234.26780534,true,true,109824504002228908867.3346991821205515,103480579247548152967.8268706344489599,6343924754680755899.5078285476715916,true,true,613864211.59851235,579337111.9685282,34527099.62998415,true,true,217348654547346209974.1667763588137387,205236292214790107539.5689501970442835,12112362332556102434.5978261617694552,true,true
5,0xcbcdf9626bc03e24f779434178a73a0b4bad62ed,25499170,266122,35540227597876013,11,S5_P11,265740:267300,0xc36442b4a4522e871399cd717abdd847ab11fe88:265740:267300,0xc36442b4a4522e871399cd717abdd847ab11fe88,265740,267300,1019405787891708,0.0286831530575969,1560,382,1178,382,653465248648.5307692307692308,0.0000183866365754,428.373119662501423,760.0167202861233043,7.4728624305263162,55.5315811135740959,63.0044435441004121,55.5315811135740959,59526475.920802595,57815449.83737045,1711026.083432145,true,true,21404168564596631199.16957414262117,20790444154727814561.0740197649701075,613724409868816638.0955543776510625,true,true,306131479.66862402,297579104.27348639,8552375.39513763,true,true,109824504002228908867.3346991821205515,106686091574410910710.7912575202712676,3138412427817998156.5434416618492839,true,true,613864211.59851235,596732173.52623695,17132038.0722754,true,true,217348654547346209974.1667763588137387,211336308730121384470.5663583924253558,6012345817224825503.6004179663883829,true,true
5,0xcbcdf9626bc03e24f779434178a73a0b4bad62ed,25499170,266122,35540227597876013,12,S5_P12,264720:266700,0xc36442b4a4522e871399cd717abdd847ab11fe88:264720:266700,0xc36442b4a4522e871399cd717abdd847ab11fe88,264720,266700,1438045783780983,0.0404624809962366,1980,1402,578,578,726285749384.3348484848484848,0.0000204355964627,428.373119662501423,760.0167202861233043,18.9946401706579898,43.5355867653642764,62.5302269360222662,43.5355867653642764,59526475.920802595,57111565.856455725,2414910.06434687,true,true,21404168564596631199.16957414262117,20538213324976648249.8934255545657868,865955239619982949.2761485880553832,true,true,306131479.66862402,294067254.30892283,12064225.35970119,true,true,109824504002228908867.3346991821205515,105399660057796330587.1493554049630079,4424843944432578280.1853437771575436,true,true,613864211.59851235,589737998.07142255,24126213.5270898,true,true,217348654547346209974.1667763588137387,208872056567283994344.6876680704194869,8476597980062215629.4791082883942518,true,true
5,0xcbcdf9626bc03e24f779434178a73a0b4bad62ed,25499170,266122,35540227597876013,13,S5_P13,253800:267180,0xc36442b4a4522e871399cd717abdd847ab11fe88:253800:267180,0xc36442b4a4522e871399cd717abdd847ab11fe88,253800,267180,802245669375144,0.0225728905974448,13380,12322,1058,1058,59958570207.4098654708520179,0.0000016870620775,428.373119662501423,760.0167202861233043,10.8315011909576136,39.5098566487984398,50.3413578397560534,39.5098566487984398,59526475.920802595,58180299.615769125,1346176.30503347,true,true,21404168564596631199.16957414262117,20920996325725993542.8791724845075337,483172238870637656.2904016581136363,true,true,306131479.66862402,299400890.64659516,6730589.02202886,true,true,109824504002228908867.3346991821205515,107354006311042997995.4040919592712817,2470497691185910871.9306072228492698,true,true,613864211.59851235,600370122.49938685,13494089.0991255,true,true,217348654547346209974.1667763588137387,212615798232340825389.8933983365177442,4732856315005384584.2733780222959945,true,true
5,0xcbcdf9626bc03e24f779434178a73a0b4bad62ed,25499170,266122,35540227597876013,14,S5_P14,265920:266220,0xc36442b4a4522e871399cd717abdd847ab11fe88:265920:266220,0xc36442b4a4522e871399cd717abdd847ab11fe88,265920,266220,4563573523651778,0.1284058609665322,300,202,98,98,15211911745505.9266666666666667,0.0004280195365551,428.373119662501423,760.0167202861233043,21.2771994374085373,27.3523169878271774,48.6295164252357147,27.3523169878271774,59526475.920802595,51829253.18822153,7697222.732581065,true,true,21404168564596631199.16957414262117,18655790775201828987.9432689785277339,2748377789394802211.2263051640934361,true,true,306131479.66862402,267855438.59300762,38276041.0756164,true,true,109824504002228908867.3346991821205515,97219847282711838174.4525524669786516,12604656719517070692.8821467151418999,true,true,613864211.59851235,541202474.9826781,72661736.61583425,true,true,217348654547346209974.1667763588137387,198092138325013868549.3088474580784041,19256516222332341424.8579289007353346,true,true
5,0xcbcdf9626bc03e24f779434178a73a0b4bad62ed,25499170,266122,35540227597876013,15,S5_P15,264780:266700,0xc36442b4a4522e871399cd717abdd847ab11fe88:264780:266700,0xc36442b4a4522e871399cd717abdd847ab11fe88,264780,266700,938477171090951,0.0264060540554061,1920,1342,578,578,488790193276.5369791666666667,0.0000137531531539,428.373119662501423,760.0167202861233043,12.1004051956650406,28.0579324822289284,40.158337677893969,28.0579324822289284,59526475.920802595,57951442.66103936,1575033.259763235,true,true,21404168564596631199.16957414262117,20839212138746425606.5974200418785063,564956425850205592.5721541007426637,true,true,306131479.66862402,298258010.438948,7873469.22967602,true,true,109824504002228908867.3346991821205515,106935000483456682793.2087428248952907,2889503518772226074.1259563572252608,true,true,613864211.59851235,598087118.3396587,15777093.25885365,true,true,217348654547346209974.1667763588137387,211813061813893582199.6701844078371164,5535592733452627774.4965919509766223,true,true
5,0xcbcdf9626bc03e24f779434178a73a0b4bad62ed,25499170,266122,35540227597876013,16,S5_P16,265680:266280,0xc36442b4a4522e871399cd717abdd847ab11fe88:265680:266280,0xc36442b4a4522e871399cd717abdd847ab11fe88,265680,266280,1789698713647089,0.0503569851576878,600,442,158,158,2982831189411.815,0.0000839283085961,428.373119662501423,760.0167202861233043,14.5652384876084321,16.7064776180997034,31.2717161057081355,16.7064776180997034,59526475.920802595,56519757.0256578,3006718.895144795,true,true,21404168564596631199.16957414262117,20326463618826973393.1393582791838031,1077704945769657806.0302158634373669,true,true,306131479.66862402,291117592.1521601,15013887.51646392,true,true,109824504002228908867.3346991821205515,104349343236045341034.5332488019477651,5475160766183567832.8014503801727864,true,true,613864211.59851235,583883528.36885725,29980683.2296551,true,true,217348654547346209974.1667763588137387,207873866201493886354.9304587136924834,9474788345852323619.2363176451212553,true,true
5,0xcbcdf9626bc03e24f779434178a73a0b4bad62ed,25499170,266122,35540227597876013,17,S5_P17,265440:267420,0xc36442b4a4522e871399cd717abdd847ab11fe88:265440:267420,0xc36442b4a4522e871399cd717abdd847ab11fe88,265440,267420,425912909287713,0.0119839668475608,1980,682,1298,682,215107529943.2893939393939394,0.0000060525085089,428.373119662501423,760.0167202861233043,4.3286397347035606,24.3945481152151262,28.7231878499186868,24.3945481152151262,59526475.920802595,58812020.53832523,714455.382477365,true,true,21404168564596631199.16957414262117,21147795297452697085.5985512650252221,256373267143934113.5710228775959479,true,true,306131479.66862402,302557938.53256623,3573541.13605779,true,true,109824504002228908867.3346991821205515,108512424994407023538.7985358752879819,1312079007821885328.5361633068325696,true,true,613864211.59851235,606689872.4529856,7174339.14552675,true,true,217348654547346209974.1667763588137387,214834893536857526627.2736214920573574,2513761010488683346.8931548667563813,true,true
5,0xcbcdf9626bc03e24f779434178a73a0b4bad62ed,25499170,266122,35540227597876013,18,S5_P18,262860:266640,0xc36442b4a4522e871399cd717abdd847ab11fe88:262860:266640,0xc36442b4a4522e871399cd717abdd847ab11fe88,262860,266640,477686396607149,0.0134407241847741,3780,3262,518,518,126372062594.4838624338624339,0.0000035557471388,428.373119662501423,760.0167202861233043,6.3747342749635053,12.8516977999603117,19.226432074923817,12.8516977999603117,59526475.920802595,58725161.057709285,801314.86309331,true,true,21404168564596631199.16957414262117,21116492243675977557.3277667625447625,287676320920653641.8418073800764075,true,true,306131479.66862402,302123640.60640583,4007839.06221819,true,true,109824504002228908867.3346991821205515,108353016583351481663.5686698185640955,1471487418877427203.766029363556456,true,true,613864211.59851235,605819343.22582735,8044868.372685,true,true,217348654547346209974.1667763588137387,214529491400292983667.7249484688419202,2819163147053226306.4418278899718185,true,true
5,0xcbcdf9626bc03e24f779434178a73a0b4bad62ed,25499170,266122,35540227597876013,19,S5_P19,264600:266400,0xc36442b4a4522e871399cd717abdd847ab11fe88:264600:266400,0xc36442b4a4522e871399cd717abdd847ab11fe88,264600,266400,356088557015255,0.0100193099786602,1800,1522,278,278,197826976119.5861111111111111,0.0000055662833215,428.373119662501423,760.0167202861233043,4.6436372998986516,5.5302290243340352,10.1738663242326868,5.5302290243340352,59526475.920802595,58929279.347140565,597196.57366203,true,true,21404168564596631199.16957414262117,21189775413080356534.5473181430662085,214393151516274664.6222559995549615,true,true,306131479.66862402,303143947.26647042,2987532.4021536,true,true,109824504002228908867.3346991821205515,108727480948053318997.8072361389061704,1097023054175589869.5274630432143811,true,true,613864211.59851235,607864514.597158,5999697.00135435,true,true,217348654547346209974.1667763588137387,215284577011173859977.2721570011784475,2064077536172349996.8946193576352912,true,true
5,0xcbcdf9626bc03e24f779434178a73a0b4bad62ed,25499170,266122,35540227597876013,20,S5_P20,262740:266220,0xc36442b4a4522e871399cd717abdd847ab11fe88:262740:266220,0xc36442b4a4522e871399cd717abdd847ab11fe88,262740,266220,495933970841349,0.0139541585510552,3480,3382,98,98,142509761736.0198275862068966,0.0000040098156756,428.373119662501423,760.0167202861233043,6.6225576809963011,2.9193197477629312,9.5418774287592323,6.6225576809963011,59526475.920802595,58694593.057751355,831882.86305124,true,true,21404168564596631199.16957414262117,21105520974719408055.6253135226066368,298647589877223143.5442606200145332,true,true,306131479.66862402,301970679.34235828,4160800.32626574,true,true,109824504002228908867.3346991821205515,108449081828097028524.2201125531065368,1375422174131880343.1145866290140147,true,true,613864211.59851235,605512661.4957188,8351550.10279355,true,true,217348654547346209974.1667763588137387,215297371529022699836.6395667579532233,2051283018323510137.5272096008605154,true,true
6,0xcbcdf9626bc03e24f779434178a73a0b4bad62ed,25489170,266056,37084130213133588,1,S6_P1,264060:269880,0xc36442b4a4522e871399cd717abdd847ab11fe88:264060:269880,0xc36442b4a4522e871399cd717abdd847ab11fe88,264060,269880,1531050297289209,0.0412858624023216,5820,1996,3824,1996,263067061389.8984536082474227,0.0000070937907908,435.1102862638238922,677.2970870723265175,21.9162187375547447,205.1011257709433577,227.0173445084981024,205.1011257709433577,62145038.580558525,59583183.600489955,2561854.98006857,true,true,22261199236913548446.2967561962065192,21342237724770237791.6037815679104356,918961512143310654.6929746282960836,true,true,309901430.06889137,296740978.12908266,13160451.93980871,true,true,110421881130563116301.8420287344718028,105877250314611884461.7487629867207606,4544630815951231840.0932657477510422,true,true,610627570.5448298,585266472.2650699,25361098.2797599,true,true,218663992703872391422.1091190018770038,209744618163938447227.4225150315962553,8919374539933944194.6866039702807485,true,true
6,0xcbcdf9626bc03e24f779434178a73a0b4bad62ed,25489170,266056,37084130213133588,2,S6_P2,263700:267360,0xc36442b4a4522e871399cd717abdd847ab11fe88:263700:267360,0xc36442b4a4522e871399cd717abdd847ab11fe88,263700,267360,2808707304810798,0.0757387941598823,3660,2356,1304,1304,767406367434.6442622950819672,0.0000206936596065,435.1102862638238922,677.2970870723265175,42.1212084983864662,149.5521147405802222,191.6733232389666884,149.5521147405802222,62145038.580558525,57446084.11820589,4698954.462352635,true,true,22261199236913548446.2967561962065192,20575129178205047230.0634076643412206,1686070058708501216.2333485318652986,true,true,309901430.06889137,285744426.79987595,24157003.26901542,true,true,110421881130563116301.8420287344718028,102053090186039624039.3188628027812102,8368790944523492262.5231659316905926,true,true,610627570.5448298,564250133.8987834,46377436.6460464,true,true,218663992703872391422.1091190018770038,202372407660342152797.6227988859466139,16291585043530238624.4863201159303899,true,true
6,0xcbcdf9626bc03e24f779434178a73a0b4bad62ed,25489170,266056,37084130213133588,3,S6_P3,265860:267180,0xc36442b4a4522e871399cd717abdd847ab11fe88:265860:267180,0xc36442b4a4522e871399cd717abdd847ab11fe88,265860,267180,3011272554760745,0.081201110487264,1320,196,1124,196,2281267086939.9583333333333333,0.0000615159927934,435.1102862638238922,677.2970870723265175,13.9363886217995846,141.1677204973031877,155.1041091191027723,141.1677204973031877,62145038.580558525,57107578.215228355,5037460.36533017,true,true,22261199236913548446.2967561962065192,20453721413488536686.2634801371726998,1807477823425011760.0332760590338194,true,true,309901430.06889137,284000916.41619299,25900513.65269838,true,true,110421881130563116301.8420287344718028,101444030060630475735.102352328955039,8977851069932640566.7396764055167638,true,true,610627570.5448298,563892475.7345792,46735094.8102506,true,true,218663992703872391422.1091190018770038,201209445436377744559.191872821208251,17454547267494646862.9172461806687528,true,true
6,0xcbcdf9626bc03e24f779434178a73a0b4bad62ed,25489170,266056,37084130213133588,4,S6_P4,264660:267660,0xc36442b4a4522e871399cd717abdd847ab11fe88:264660:267660,0xc36442b4a4522e871399cd717abdd847ab11fe88,264660,267660,1860454169582933,0.0501684725754749,3000,1396,1604,1396,620151389860.9776666666666667,0.0000167228241918,435.1102862638238922,677.2970870723265175,25.5554736589162299,112.6895782709883219,138.2450519299045518,112.6895782709883219,62145038.580558525,59031726.8550998,3113311.725458725,true,true,22261199236913548446.2967561962065192,21144323795907748112.1509173510428238,1116875441005800334.1458388451636954,true,true,309901430.06889137,293906397.30363971,15995032.76525166,true,true,110421881130563116301.8420287344718028,104894297923983132499.7062916317171288,5527583206579983802.135737102754674,true,true,610627570.5448298,579834667.967881,30792902.5769488,true,true,218663992703872391422.1091190018770038,207838087635766267788.0732729596630879,10825905068106123634.0358460422139159,true,true
6,0xcbcdf9626bc03e24f779434178a73a0b4bad62ed,25489170,266056,37084130213133588,5,S6_P5,264600:266700,0xc36442b4a4522e871399cd717abdd847ab11fe88:264600:266700,0xc36442b4a4522e871399cd717abdd847ab11fe88,264600,266700,2330950055690659,0.0628557294533805,2100,1456,644,644,1109976216995.5519047619047619,0.0000299312997397,435.1102862638238922,677.2970870723265175,32.7566974880365026,65.2555227069047081,98.0122201949412107,65.2555227069047081,62145038.580558525,58245640.191584005,3899398.38897452,true,true,22261199236913548446.2967561962065192,20862109468920618689.4473606011114634,1399089767992929756.8493955950950558,true,true,309901430.06889137,289857027.64013084,20044402.42876053,true,true,110421881130563116301.8420287344718028,103486784707938091422.35003695183905,6935096422625024879.4919917826327528,true,true,610627570.5448298,572091550.77998995,38536019.76483985,true,true,218663992703872391422.1091190018770038,205121892847027831326.9871468810026688,13542099856844560095.121972120874335,true,true
6,0xcbcdf9626bc03e24f779434178a73a0b4bad62ed,25489170,266056,37084130213133588,6,S6_P6,-887220:887220,0xc36442b4a4522e871399cd717abdd847ab11fe88:-887220:887220,0xc36442b4a4522e871399cd717abdd847ab11fe88,-887220,887220,449908688640812,0.0121321084263013,1774440,1153276,621164,621164,253549676.8787966907869525,0.0000000068371477,435.1102862638238922,677.2970870723265175,6.1953207258729227,85.4512309812705273,91.64655170714345,85.4512309812705273,62145038.580558525,61391977.52891266,753061.051645865,true,true,22261199236913548446.2967561962065192,21991364718684772556.571759211714577,269834518228775889.7249969844919422,true,true,309901430.06889137,306037297.77926141,3864132.28962996,true,true,110421881130563116301.8420287344718028,109088949012947097680.1636726564343224,1332932117616018621.6783560780374804,true,true,610627570.5448298,603156656.0222954,7470914.5225344,true,true,218663992703872391422.1091190018770038,216030154203075103193.3367242531008592,2633838500797288228.7723947487761446,true,true
6,0xcbcdf9626bc03e24f779434178a73a0b4bad62ed,25489170,266056,37084130213133588,7,S6_P7,256980:270840,0xc36442b4a4522e871399cd717abdd847ab11fe88:256980:270840,0xc36442b4a4522e871399cd717abdd847ab11fe88,256980,270840,625578436978542,0.0168691683850519,13860,9076,4784,4784,45135529363.5311688311688312,0.0000012171117161,435.1102862638238922,677.2970870723265175,8.6680792475095408,81.719459220905859,90.3875384684153998,81.719459220905859,62145038.580558525,61097996.42320131,1047042.157357215,true,true,22261199236913548446.2967561962065192,21885715928403665059.1791310350195704,375483308509883387.1176251611869488,true,true,309901430.06889137,304527725.25434879,5373704.81454258,true,true,110421881130563116301.8420287344718028,108568150837465694750.7552964822750256,1853730293097421551.0867322521967772,true,true,610627570.5448298,600243484.9511597,10384085.5936701,true,true,218663992703872391422.1091190018770038,215005088226244405640.4683653709938487,3658904477627985781.6407536308831551,true,true
6,0xcbcdf9626bc03e24f779434178a73a0b4bad62ed,25489170,266056,37084130213133588,8,S6_P8,261780:268560,0xc36442b4a4522e871399cd717abdd847ab11fe88:261780:268560,0xc36442b4a4522e871399cd717abdd847ab11fe88,261780,268560,794204255030087,0.0214162837436272,6780,4276,2504,2504,117139270653.4051622418879056,0.000003158743915,435.1102862638238922,677.2970870723265175,11.0708916530304783,64.1887505511556652,75.2596422041861435,64.1887505511556652,62145038.580558525,60815812.29429069,1329226.286267835,true,true,22261199236913548446.2967561962065192,21784560116951167179.3980008353666022,476639119962381266.898755360839917,true,true,309901430.06889137,303078248.52740255,6823181.54148882,true,true,110421881130563116301.8420287344718028,108068052233437241106.7993534399540538,2353828897125875195.042675294517749,true,true,610627570.5448298,597449231.21002025,13178339.33480955,true,true,218663992703872391422.1091190018770038,214022932985896315228.136866128394515,4641059717976076193.9722528734824888,true,true
6,0xcbcdf9626bc03e24f779434178a73a0b4bad62ed,25489170,266056,37084130213133588,9,S6_P9,264600:266460,0xc36442b4a4522e871399cd717abdd847ab11fe88:264600:266460,0xc36442b4a4522e871399cd717abdd847ab11fe88,264600,266460,2063615429423960,0.0556468607343288,1860,1456,404,404,1109470660980.6236559139784946,0.0000299176670615,435.1102862638238922,677.2970870723265175,28.796659934386337,38.2353472862547195,67.0320072206410565,38.2353472862547195,62145038.580558525,58692587.79387295,3452450.786685575,true,true,22261199236913548446.2967561962065192,21022570251639948339.353442542980108,1238628985273600106.9433136532264112,true,true,309901430.06889137,292158019.95435395,17743410.11453742,true,true,110421881130563116301.8420287344718028,104287023326221939843.8744090767842938,6134857804341176457.967619657687509,true,true,610627570.5448298,576488810.18782515,34138760.35700465,true,true,218663992703872391422.1091190018770038,206664203997499375785.7133105202252305,11999788706373015636.3958084816517733,true,true
6,0xcbcdf9626bc03e24f779434178a73a0b4bad62ed,25489170,266056,37084130213133588,10,S6_P10,266040:268200,0xc36442b4a4522e871399cd717abdd847ab11fe88:266040:268200,0xc36442b4a4522e871399cd717abdd847ab11fe88,266040,268200,883221633991913,0.0238167008074822,2160,16,2144,16,408898904625.8856481481481481,0.0000110262503738,435.1102862638238922,677.2970870723265175,0.4216985217695227,63.3248578341467442,63.7465563559162669,63.3248578341467442,62145038.580558525,60792372.07844171,1352666.502116815,true,true,22261199236913548446.2967561962065192,21730979646041598854.5275994468838868,530219590871949591.7691567493226324,true,true,309901430.06889137,307640619.11452613,2260810.95436524,true,true,110421881130563116301.8420287344718028,107803960895929674265.6487379833538336,2617920234633442036.1932907511179692,true,true,610627570.5448298,608375567.28004895,2252003.26478085,true,true,218663992703872391422.1091190018770038,213505097478769771675.5739602341558645,5158895225102619746.5351587677211393,true,true
6,0xcbcdf9626bc03e24f779434178a73a0b4bad62ed,25489170,266056,37084130213133588,11,S6_P11,264720:266700,0xc36442b4a4522e871399cd717abdd847ab11fe88:264720:266700,0xc36442b4a4522e871399cd717abdd847ab11fe88,264720,266700,1438045783780983,0.0387779294139057,1980,1336,644,644,726285749384.3348484848484848,0.0000195848128353,435.1102862638238922,677.2970870723265175,19.3170501442312996,39.2559856694313497,58.5730358136626493,39.2559856694313497,62145038.580558525,59738699.06511727,2406339.515441255,true,true,22261199236913548446.2967561962065192,21398075878065073500.9036138697795894,863123358848474945.3931423264269298,true,true,309901430.06889137,297541087.17712826,12360342.89176311,true,true,110421881130563116301.8420287344718028,106154303380943525601.5426709672563448,4267577749619590700.299357767215458,true,true,610627570.5448298,586801592.5631181,23825977.9817117,true,true,218663992703872391422.1091190018770038,210283588246574884730.284080117766068,8380404457297506691.8250388841109358,true,true
6,0xcbcdf9626bc03e24f779434178a73a0b4bad62ed,25489170,266056,37084130213133588,12,S6_P12,265920:266220,0xc36442b4a4522e871399cd717abdd847ab11fe88:265920:266220,0xc36442b4a4522e871399cd717abdd847ab11fe88,265920,266220,4563573523651778,0.1230600123940768,300,136,164,136,15211911745505.9266666666666667,0.0004102000413136,435.1102862638238922,677.2970870723265175,15.6369772676198829,37.9326741591250099,53.5696514267448928,37.9326741591250099,62145038.580558525,54513869.58437742,7631168.996181105,true,true,22261199236913548446.2967561962065192,19521822340134273788.423600451106443,2739376896779274657.8731557451000762,true,true,309901430.06889137,271913866.9707326,37987563.09815877,true,true,110421881130563116301.8420287344718028,96818487514509285737.48631059161283,13603393616053830564.3557181428589728,true,true,610627570.5448298,545715819.1528157,64911751.3920141,true,true,218663992703872391422.1091190018770038,193975016412062595623.8226068360343524,24688976291809795798.2865121658426514,true,true
6,0xcbcdf9626bc03e24f779434178a73a0b4bad62ed,25489170,266056,37084130213133588,13,S6_P13,265740:267300,0xc36442b4a4522e871399cd717abdd847ab11fe88:265740:267300,0xc36442b4a4522e871399cd717abdd847ab11fe88,265740,267300,1019405787891708,0.0274890035719559,1560,316,1244,316,653465248648.5307692307692308,0.0000176211561359,435.1102862638238922,677.2970870723265175,6.7385807314515617,46.7473271157008284,53.4859078471523901,46.7473271157008284,62145038.580558525,60438937.90800929,1706100.672549235,true,true,22261199236913548446.2967561962065192,21649210902345851565.7025237850624486,611988334567696880.5942324111440706,true,true,309901430.06889137,301141834.92989345,8759595.13899792,true,true,110421881130563116301.8420287344718028,107399637462726474916.8195718651365838,3022243667836641385.022456869335219,true,true,610627570.5448298,593839341.0146839,16788229.5301459,true,true,218663992703872391422.1091190018770038,212713370335688193241.9894458372549469,5950622368184198180.1196731646220569,true,true
6,0xcbcdf9626bc03e24f779434178a73a0b4bad62ed,25489170,266056,37084130213133588,14,S6_P14,253800:267180,0xc36442b4a4522e871399cd717abdd847ab11fe88:253800:267180,0xc36442b4a4522e871399cd717abdd847ab11fe88,253800,267180,802245669375144,0.0216331262123285,13380,12256,1124,1124,59958570207.4098654708520179,0.0000016168255764,435.1102862638238922,677.2970870723265175,11.186194868239272,33.4817755988354052,44.6679704670746772,33.4817755988354052,62145038.580558525,60802283.361141495,1342755.21941703,true,true,22261199236913548446.2967561962065192,21779766529213970803.1953996277247046,481432707699577643.1013565684818146,true,true,309901430.06889137,303009006.59085731,6892423.47803406,true,true,110421881130563116301.8420287344718028,108044196874891915840.8079809369654308,2377684255671200461.034047797506372,true,true,610627570.5448298,597316037.94089115,13311532.60393865,true,true,218663992703872391422.1091190018770038,213976167729813873706.347039523943105,4687824974058517715.7620794779338988,true,true
6,0xcbcdf9626bc03e24f779434178a73a0b4bad62ed,25489170,266056,37084130213133588,15,S6_P15,264780:266700,0xc36442b4a4522e871399cd717abdd847ab11fe88:264780:266700,0xc36442b4a4522e871399cd717abdd847ab11fe88,264780,266700,938477171090951,0.0253067057444045,1920,1276,644,644,488790193276.5369791666666667,0.0000131805759085,435.1102862638238922,677.2970870723265175,12.2941827402596999,25.2552017909337948,37.5493845311934947,25.2552017909337948,62145038.580558525,60574410.72348373,1570627.857074795,true,true,22261199236913548446.2967561962065192,21698069093075737845.7000159479760542,563130143837810600.596740248230465,true,true,309901430.06889137,301837855.47425624,8063574.59463513,true,true,110421881130563116301.8420287344718028,107639973486821216434.4615253134146314,2781907643741899867.3805034210571714,true,true,610627570.5448298,595060333.28349565,15567237.26133415,true,true,218663992703872391422.1091190018770038,213183837524898511819.6730647482976616,5480155178973879602.4360542535793422,true,true
6,0xcbcdf9626bc03e24f779434178a73a0b4bad62ed,25489170,266056,37084130213133588,16,S6_P16,265680:266280,0xc36442b4a4522e871399cd717abdd847ab11fe88:265680:266280,0xc36442b4a4522e871399cd717abdd847ab11fe88,265680,266280,1789698713647089,0.0482605012807677,600,376,224,224,2982831189411.815,0.0000804341688013,435.1102862638238922,677.2970870723265175,13.4613055875663725,19.4490248450120984,32.9103304325784709,19.4490248450120984,62145038.580558525,59150338.52864059,2994700.051917935,true,true,22261199236913548446.2967561962065192,21186953367719737815.9709896381555344,1074245869193810630.3257665580509848,true,true,309901430.06889137,294515330.28500318,15386099.78388819,true,true,110421881130563116301.8420287344718028,105105595164161953289.5992053628031236,5316285966401163012.2428233716686792,true,true,610627570.5448298,581001580.74928385,29625989.79554595,true,true,218663992703872391422.1091190018770038,208700038306277372733.6301875142105246,9963954397595018688.4789314876664792,true,true
6,0xcbcdf9626bc03e24f779434178a73a0b4bad62ed,25489170,266056,37084130213133588,17,S6_P17,265440:267420,0xc36442b4a4522e871399cd717abdd847ab11fe88:265440:267420,0xc36442b4a4522e871399cd717abdd847ab11fe88,265440,267420,425912909287713,0.0114850451349368,1980,616,1364,616,215107529943.2893939393939394,0.0000058005278459,435.1102862638238922,677.2970870723265175,4.2426465654279463,20.3470726857223243,24.5897192511502706,20.3470726857223243,62145038.580558525,61432161.21487017,712877.365688355,true,true,22261199236913548446.2967561962065192,22005590208649001990.670292239245892,255609028264546455.6264639569606272,true,true,309901430.06889137,306243449.8412117,3657980.22767967,true,true,110421881130563116301.8420287344718028,109160070130083237852.843601290252786,1261811000479878448.9984274442190168,true,true,610627570.5448298,603554643.797705,7072926.7471248,true,true,218663992703872391422.1091190018770038,216170328843838117077.0645395475952975,2493663860034274345.0445794542817063,true,true
6,0xcbcdf9626bc03e24f779434178a73a0b4bad62ed,25489170,266056,37084130213133588,18,S6_P18,262860:266640,0xc36442b4a4522e871399cd717abdd847ab11fe88:262860:266640,0xc36442b4a4522e871399cd717abdd847ab11fe88,262860,266640,477686396607149,0.0128811541179945,3780,3196,584,584,126372062594.4838624338624339,0.0000034077127296,435.1102862638238922,677.2970870723265175,6.5842887623057584,11.7175522994682184,18.3018410617739768,11.7175522994682184,62145038.580558525,61345502.97690397,799535.603654555,true,true,22261199236913548446.2967561962065192,21974648396073153856.2949662017808964,286550840840394590.0017899944256228,true,true,309901430.06889137,305798649.02301629,4102781.04587508,true,true,110421881130563116301.8420287344718028,109006554078064920052.8512259467914306,1415327052498196248.9908027876803722,true,true,610627570.5448298,602695864.6797744,7931705.8650554,true,true,218663992703872391422.1091190018770038,215867922395259903372.9689912134267629,2796070308612488049.1401277884502409,true,true
6,0xcbcdf9626bc03e24f779434178a73a0b4bad62ed,25489170,266056,37084130213133588,19,S6_P19,265740:266100,0xc36442b4a4522e871399cd717abdd847ab11fe88:265740:266100,0xc36442b4a4522e871399cd717abdd847ab11fe88,265740,266100,1422604458279788,0.0383615430671733,360,316,44,44,3951679050777.1888888888888889,0.0001065598418533,435.1102862638238922,677.2970870723265175,9.4388749137829437,3.2558484801702937,12.6947233939532374,9.4388749137829437,62145038.580558525,59764479.843364385,2380558.73719414,true,true,22261199236913548446.2967561962065192,21407331865523762107.835362182779712,853867371389786338.4613940134268072,true,true,309901430.06889137,297673850.42057933,12227579.64831204,true,true,110421881130563116301.8420287344718028,107685244283269646460.8566324527971262,2736636847293469840.9853962816746766,true,true,610627570.5448298,587237539.0999085,23390031.4449213,true,true,218663992703872391422.1091190018770038,215512687822589897186.3911985064570476,3151304881282494235.7179204954199562,true,true
6,0xcbcdf9626bc03e24f779434178a73a0b4bad62ed,25489170,266056,37084130213133588,20,S6_P20,262740:266220,0xc36442b4a4522e871399cd717abdd847ab11fe88:262740:266220,0xc36442b4a4522e871399cd717abdd847ab11fe88,262740,266220,495933970841349,0.0133732129617459,3480,3316,164,164,142509761736.0198275862068966,0.0000038428772879,435.1102862638238922,677.2970870723265175,6.8402191948353785,4.0004695710813439,10.8406887659167224,6.8402191948353785,62145038.580558525,61314931.09428039,830107.486278135,true,true,22261199236913548446.2967561962065192,21963762235718102982.993041686058422,297437001195445463.3037145101480972,true,true,309901430.06889137,305641745.2475684,4259684.82132297,true,true,110421881130563116301.8420287344718028,108952513997170841867.1332202046164788,1469367133392274434.708808529855324,true,true,610627570.5448298,602393060.22160745,8234510.32322235,true,true,218663992703872391422.1091190018770038,216061193967357522006.1365178479173373,2602798736514869415.9726011539596665,true,true
7,0xcbcdf9626bc03e24f779434178a73a0b4bad62ed,25479170,266017,36889381757457302,1,S7_P1,264060:269880,0xc36442b4a4522e871399cd717abdd847ab11fe88:264060:269880,0xc36442b4a4522e871399cd717abdd847ab11fe88,264060,269880,1531050297289209,0.0415038210007329,5820,1957,3863,1957,263067061389.8984536082474227,0.0000071312407218,436.1892553918294367,630.7472234725020261,21.8619475571966966,172.9492864590604307,194.8112340162571273,172.9492864590604307,62011876.0851837,59437533.25530506,2574342.82987864,true,true,22112611649068681785.049047526274472,21195185965944912200.015629130220762,917425683123769585.03341839605371,true,true,309365405.01473681,296179440.38911877,13185964.62561804,true,true,110840190662287677406.3524234020941004,106298819315573249711.293092001646922,4541371346714427695.0593314004471784,true,true,604487183.6374459,578822823.1194161,25664360.5180298,true,true,220741333968496077229.5411262042682015,211510807174446347430.2996798496872786,9230526794049729799.2414463545809229,true,true
7,0xcbcdf9626bc03e24f779434178a73a0b4bad62ed,25479170,266017,36889381757457302,2,S7_P2,263700:267360,0xc36442b4a4522e871399cd717abdd847ab11fe88:263700:267360,0xc36442b4a4522e871399cd717abdd847ab11fe88,263700,267360,2808707304810798,0.0761386385729549,3660,2317,1343,1343,767406367434.6442622950819672,0.0000208029067139,436.1892553918294367,630.7472234725020261,41.9793419680111079,132.1175362759186346,174.0968782439297425,132.1175362759186346,62011876.0851837,57289011.530632015,4722864.554551685,true,true,22112611649068681785.049047526274472,20428452091698688079.768012734491318,1684159557369993705.281034791783154,true,true,309365405.01473681,285224878.38863636,24140526.62610045,true,true,110840190662287677406.3524234020941004,102520082148313080669.6768926819904668,8320108513974596736.6755307201036336,true,true,604487183.6374459,557519405.78077115,46967777.85667475,true,true,220741333968496077229.5411262042682015,203894262031119278269.016563812103256,16847071937376798960.5245623921649455,true,true
7,0xcbcdf9626bc03e24f779434178a73a0b4bad62ed,25479170,266017,36889381757457302,3,S7_P3,265860:267180,0xc36442b4a4522e871399cd717abdd847ab11fe88:265860:267180,0xc36442b4a4522e871399cd717abdd847ab11fe88,265860,267180,3011272554760745,0.0816297918615024,1320,157,1163,157,2281267086939.9583333333333333,0.0000618407514102,436.1892553918294367,630.7472234725020261,11.6612333906934894,125.5096349242199436,137.170868314913433,125.5096349242199436,62011876.0851837,56948353.78567196,5063522.29951174,true,true,22112611649068681785.049047526274472,20306866923457624344.30914174404002,1805744725611057440.739905782234452,true,true,309365405.01473681,283790140.27949621,25575264.7352406,true,true,110840190662287677406.3524234020941004,101921841061919319727.4645193089835931,8918349600368357678.8879040931105073,true,true,604487183.6374459,559079924.47691735,45407259.16052855,true,true,220741333968496077229.5411262042682015,202695509831102017013.6396195395828553,18045824137394060215.9015066646853462,true,true
7,0xcbcdf9626bc03e24f779434178a73a0b4bad62ed,25479170,266017,36889381757457302,4,S7_P4,264660:267660,0xc36442b4a4522e871399cd717abdd847ab11fe88:264660:267660,0xc36442b4a4522e871399cd717abdd847ab11fe88,264660,267660,1860454169582933,0.0504333247386787,3000,1357,1643,1357,620151389860.9776666666666667,0.0000168111082462,436.1892553918294367,630.7472234725020261,25.3359708279238313,98.3839712143728874,123.7199420422967187,98.3839712143728874,62011876.0851837,58883626.1840733,3128249.9011104,true,true,22112611649068681785.049047526274472,20997337677124677161.025792564953166,1115273971944004624.023254961321306,true,true,309365405.01473681,293349814.00772933,16015591.00700748,true,true,110840190662287677406.3524234020941004,105323675492680995920.6910870363279538,5516515169606681485.6613363657661466,true,true,604487183.6374459,573318650.9594525,31168532.6779934,true,true,220741333968496077229.5411262042682015,209538637113275569772.4203175471701615,11202696855220507457.12080865709804,true,true
7,0xcbcdf9626bc03e24f779434178a73a0b4bad62ed,25479170,266017,36889381757457302,5,S7_P5,264600:266700,0xc36442b4a4522e871399cd717abdd847ab11fe88:264600:266700,0xc36442b4a4522e871399cd717abdd847ab11fe88,264600,266700,2330950055690659,0.0631875608817827,2100,1417,683,683,1109976216995.5519047619047619,0.0000300893147056,436.1892553918294367,630.7472234725020261,32.4783942975259616,59.944905420880464,92.4232997184064256,59.944905420880464,62011876.0851837,58092440.54231563,3919435.54286807,true,true,22112611649068681785.049047526274472,20715105534605937073.515234257522916,1397506114462744711.533813268751556,true,true,309365405.01473681,289314375.50396159,20051029.51077522,true,true,110840190662287677406.3524234020941004,103932016482552408918.4517052122316723,6908174179735268487.9007181898624281,true,true,604487183.6374459,565470430.3889592,39016753.2484867,true,true,220741333968496077229.5411262042682015,206731620581960101281.7571983453732397,14009713386535975947.7839278588949618,true,true
7,0xcbcdf9626bc03e24f779434178a73a0b4bad62ed,25479170,266017,36889381757457302,6,S7_P6,256980:270840,0xc36442b4a4522e871399cd717abdd847ab11fe88:256980:270840,0xc36442b4a4522e871399cd717abdd847ab11fe88,256980,270840,625578436978542,0.0169582250277773,13860,9037,4823,4823,45135529363.5311688311688312,0.0000012235371593,436.1892553918294367,630.7472234725020261,8.6598934229240508,65.6811825886842676,74.3410760116083184,65.6811825886842676,62011876.0851837,60960049.881281905,1051826.203901795,true,true,22112611649068681785.049047526274472,21737785521802712057.790698696564772,374826127265969727.2583488297097,true,true,309365405.01473681,303971900.17309169,5393504.84164512,true,true,110840190662287677406.3524234020941004,108982684804790470373.2667122424229673,1857505857497207033.0857111596711331,true,true,604487183.6374459,593986935.6662598,10500247.9711861,true,true,220741333968496077229.5411262042682015,216958166888787817321.1964178925035151,3783167079708259908.3447083117646864,true,true
7,0xcbcdf9626bc03e24f779434178a73a0b4bad62ed,25479170,266017,36889381757457302,7,S7_P7,261780:268560,0xc36442b4a4522e871399cd717abdd847ab11fe88:261780:268560,0xc36442b4a4522e871399cd717abdd847ab11fe88,261780,268560,794204255030087,0.0215293457681637,6780,4237,2543,2543,117139270653.4051622418879056,0.0000031754197298,436.1892553918294367,630.7472234725020261,11.0579016533364226,54.5431444093633292,65.6010460626997518,54.5431444093633292,62011876.0851837,60676519.94333307,1335356.14185063,true,true,22112611649068681785.049047526274472,21636728598782525271.061534961892516,475883050286156513.987512564381956,true,true,309365405.01473681,302519339.16466661,6846065.8500702,true,true,110840190662287677406.3524234020941004,108482461105586634656.3545634928175149,2357729556701042749.9978599092765855,true,true,604487183.6374459,591159556.1246069,13327627.512839,true,true,220741333968496077229.5411262042682015,215941057011748111015.3053856191087536,4800276956747966214.2357405851594479,true,true
7,0xcbcdf9626bc03e24f779434178a73a0b4bad62ed,25479170,266017,36889381757457302,8,S7_P8,264600:266460,0xc36442b4a4522e871399cd717abdd847ab11fe88:264600:266460,0xc36442b4a4522e871399cd717abdd847ab11fe88,264600,266460,2063615429423960,0.0559406347059962,1860,1417,443,443,1109470660980.6236559139784946,0.000030075610057,436.1892553918294367,630.7472234725020261,28.5604781449510516,36.474314358701175,65.0347925036522266,36.474314358701175,62011876.0851837,58541994.14562244,3469881.93956126,true,true,22112611649068681785.049047526274472,20875756138569774096.22662740567049,1236855510498907688.822420120603982,true,true,309365405.01473681,291606551.19305897,17758853.82167784,true,true,110840190662287677406.3524234020941004,104722611277421934239.0649261987713969,6117579384865743167.2874972033227035,true,true,604487183.6374459,569927760.26523715,34559423.37220875,true,true,220741333968496077229.5411262042682015,208325068951706860611.4095296554926578,12416265016789216618.1315965487755437,true,true
7,0xcbcdf9626bc03e24f779434178a73a0b4bad62ed,25479170,266017,36889381757457302,9,S7_P9,-887220:887220,0xc36442b4a4522e871399cd717abdd847ab11fe88:-887220:887220,0xc36442b4a4522e871399cd717abdd847ab11fe88,-887220,887220,449908688640812,0.012196156921222,1774440,1153237,621203,621203,253549676.8787966907869525,0.0000000068732428,436.1892553918294367,630.7472234725020261,6.1909136806957228,53.9086937304875659,60.0996074111832887,53.9086937304875659,62011876.0851837,61255419.815431635,756456.269752065,true,true,22112611649068681785.049047526274472,21843056238050735532.828246326671578,269555411017946252.220801199602894,true,true,309365405.01473681,305485796.49956207,3879608.51517474,true,true,110840190662287677406.3524234020941004,109503970042157634899.4910278872577709,1336220620130042506.8613955148363295,true,true,604487183.6374459,596933766.42250265,7553417.21494325,true,true,220741333968496077229.5411262042682015,218019024057213156301.7986305440300978,2722309911282920927.7424956602381037,true,true
7,0xcbcdf9626bc03e24f779434178a73a0b4bad62ed,25479170,266017,36889381757457302,10,S7_P10,264720:266700,0xc36442b4a4522e871399cd717abdd847ab11fe88:264720:266700,0xc36442b4a4522e871399cd717abdd847ab11fe88,264720,266700,1438045783780983,0.0389826479943725,1980,1297,683,683,726285749384.3348484848484848,0.0000196882060578,436.1892553918294367,630.7472234725020261,19.150241260556767,35.8838396937317021,55.0340809542884691,35.8838396937317021,62011876.0851837,59593921.765880775,2417954.319302925,true,true,22112611649068681785.049047526274472,21250622904602450579.255175674414214,861988744466231205.793871851860258,true,true,309365405.01473681,296978837.69713667,12386567.31760014,true,true,110840190662287677406.3524234020941004,106574221508451521692.0940589241948348,4265969153836155714.2583644778992656,true,true,604487183.6374459,580378166.2952887,24109017.3421572,true,true,220741333968496077229.5411262042682015,212068598848588534979.215532321178452,8672735119907542250.3255938830897495,true,true
7,0xcbcdf9626bc03e24f779434178a73a0b4bad62ed,25479170,266017,36889381757457302,11,S7_P11,265920:266220,0xc36442b4a4522e871399cd717abdd847ab11fe88:265920:266220,0xc36442b4a4522e871399cd717abdd847ab11fe88,265920,266220,4563573523651778,0.1237096775884361,300,97,203,97,15211911745505.9266666666666667,0.0004123655919615,436.1892553918294367,630.7472234725020261,11.6636408273464467,41.3546801796374287,53.0183210069838754,41.3546801796374287,62011876.0851837,54337603.285314205,7674272.799869495,true,true,22112611649068681785.049047526274472,19374558880266831112.054329368164332,2738052768801850672.99471815811014,true,true,309365405.01473681,274506970.70811482,34858434.30662199,true,true,110840190662287677406.3524234020941004,97343109361083847516.3415628726916315,13497081301203829890.0108605294024689,true,true,604487183.6374459,550573288.25509025,53913895.38235565,true,true,220741333968496077229.5411262042682015,194561692882188156817.9050079753109387,26179641086307920411.6361182289572628,true,true
7,0xcbcdf9626bc03e24f779434178a73a0b4bad62ed,25479170,266017,36889381757457302,12,S7_P12,265740:267300,0xc36442b4a4522e871399cd717abdd847ab11fe88:265740:267300,0xc36442b4a4522e871399cd717abdd847ab11fe88,265740,267300,1019405787891708,0.0276341250334355,1560,277,1283,277,653465248648.5307692307692308,0.0000177141827137,436.1892553918294367,630.7472234725020261,6.148943762180127,41.1257866674050958,47.2747304295852228,41.1257866674050958,62011876.0851837,60297857.14476744,1714018.94041626,true,true,22112611649068681785.049047526274472,21501627117072053149.874156552683794,610984531996628635.174890973590678,true,true,309365405.01473681,300580176.2764541,8785228.73828271,true,true,110840190662287677406.3524234020941004,107814646450445526355.9350610037986209,3025544211842151050.4173623982954795,true,true,604487183.6374459,587770688.89278355,16716494.74466235,true,true,220741333968496077229.5411262042682015,214584424858675914683.2147447571755718,6156909109820162546.3263814470926297,true,true
7,0xcbcdf9626bc03e24f779434178a73a0b4bad62ed,25479170,266017,36889381757457302,13,S7_P13,253800:267180,0xc36442b4a4522e871399cd717abdd847ab11fe88:253800:267180,0xc36442b4a4522e871399cd717abdd847ab11fe88,253800,267180,802245669375144,0.0217473330035673,13380,12217,1163,1163,59958570207.4098654708520179,0.000001625361211,436.1892553918294367,630.7472234725020261,11.1729489411475581,29.5288045683412402,40.7017535094887983,29.5288045683412402,62011876.0851837,60662998.901162755,1348877.184020945,true,true,22112611649068681785.049047526274472,21631923470945081948.897943025630296,480688178123599836.151104500644176,true,true,309365405.01473681,302450054.84554859,6915350.16918822,true,true,110840190662287677406.3524234020941004,108458525728454851068.7029986288700308,2381664933832826337.6494247732240696,true,true,604487183.6374459,591024772.89116525,13462410.74628065,true,true,220741333968496077229.5411262042682015,215892534524717197308.7871812851531416,4848799443778879920.7539449191150599,true,true
7,0xcbcdf9626bc03e24f779434178a73a0b4bad62ed,25479170,266017,36889381757457302,14,S7_P14,264780:266700,0xc36442b4a4522e871399cd717abdd847ab11fe88:264780:266700,0xc36442b4a4522e871399cd717abdd847ab11fe88,264780,266700,938477171090951,0.0254403062990134,1920,1237,683,683,488790193276.5369791666666667,0.0000132501595307,436.1892553918294367,630.7472234725020261,12.1889671313306777,23.0318051516771863,35.220772283007864,23.0318051516771863,62011876.0851837,60433934.48035933,1577941.60482437,true,true,22112611649068681785.049047526274472,21550133133358055529.965018958821286,562478515710626255.084028567453186,true,true,309365405.01473681,301276930.09490027,8088474.91983654,true,true,110840190662287677406.3524234020941004,108054561357332843822.323152728997157,2785629304954833584.0292706730969434,true,true,604487183.6374459,588741649.41996735,15745534.21747855,true,true,220741333968496077229.5411262042682015,215071664129205542352.3841001255392361,5669669839290534877.1570260787289654,true,true
7,0xcbcdf9626bc03e24f779434178a73a0b4bad62ed,25479170,266017,36889381757457302,15,S7_P15,265680:266280,0xc36442b4a4522e871399cd717abdd847ab11fe88:265680:266280,0xc36442b4a4522e871399cd717abdd847ab11fe88,265680,266280,1789698713647089,0.0485152807768402,600,337,263,263,2982831189411.815,0.0000808588012947,436.1892553918294367,630.7472234725020261,12.5434214286732364,19.9747300652763483,32.5181514939495847,19.9747300652763483,62011876.0851837,59002605.84147417,3009270.24370953,true,true,22112611649068681785.049047526274472,21040050483198810844.55461813288683,1072561165869870940.494429393387642,true,true,309365405.01473681,293957488.02151358,15407916.99322323,true,true,110840190662287677406.3524234020941004,105533121934647720975.8283913951769029,5307068727639956430.5240320069171975,true,true,604487183.6374459,574643819.7529999,29843363.884446,true,true,220741333968496077229.5411262042682015,210169524964813979021.5082469199298027,10571809003682098208.0328792843383988,true,true
7,0xcbcdf9626bc03e24f779434178a73a0b4bad62ed,25479170,266017,36889381757457302,16,S7_P16,265440:267420,0xc36442b4a4522e871399cd717abdd847ab11fe88:265440:267420,0xc36442b4a4522e871399cd717abdd847ab11fe88,265440,267420,425912909287713,0.0115456776176959,1980,577,1403,577,215107529943.2893939393939394,0.000005831150312,436.1892553918294367,630.7472234725020261,4.1132363567767257,17.7315927204753639,21.8448290772520896,17.7315927204753639,62011876.0851837,61295765.861765395,716110.223418305,true,true,22112611649068681785.049047526274472,21857517645412610984.335105812714564,255094003656070800.713941713559908,true,true,309365405.01473681,305692729.49444753,3672675.52028928,true,true,110840190662287677406.3524234020941004,109575222085944818029.7316187755229193,1264968576342859376.6208046265711811,true,true,604487183.6374459,597336546.81433255,7150636.82311335,true,true,220741333968496077229.5411262042682015,218164032235299331197.4590697005870119,2577301733196746032.0820565036811896,true,true
7,0xcbcdf9626bc03e24f779434178a73a0b4bad62ed,25479170,266017,36889381757457302,17,S7_P17,249420:266460,0xc36442b4a4522e871399cd717abdd847ab11fe88:249420:266460,0xc36442b4a4522e871399cd717abdd847ab11fe88,249420,266460,623615688469922,0.0169050187007771,17040,16597,443,443,36597164816.3099765258215962,0.0000009920785623,436.1892553918294367,630.7472234725020261,8.6321519586677297,10.7116482972266286,19.3438002558943583,10.7116482972266286,62011876.0851837,60963350.054593355,1048526.030590345,true,true,22112611649068681785.049047526274472,21738901046924624579.148046160104836,373710602144057205.901001366169636,true,true,309365405.01473681,303988760.29937483,5376644.71536198,true,true,110840190662287677406.3524234020941004,108988471169403638350.7746552395431072,1851719492884039055.5777681625509932,true,true,604487183.6374459,594019744.86810245,10467438.76934345,true,true,220741333968496077229.5411262042682015,216970033493270846627.7071987837133377,3771300475225230601.8339274205548638,true,true
7,0xcbcdf9626bc03e24f779434178a73a0b4bad62ed,25479170,266017,36889381757457302,18,S7_P18,262860:266640,0xc36442b4a4522e871399cd717abdd847ab11fe88:262860:266640,0xc36442b4a4522e871399cd717abdd847ab11fe88,262860,266640,477686396607149,0.0129491570161808,3780,3157,623,623,126372062594.4838624338624339,0.0000034257029143,436.1892553918294367,630.7472234725020261,6.5793523327479607,10.7674600501326344,17.3468123828805951,10.7674600501326344,62011876.0851837,61208714.81793686,803161.26724684,true,true,22112611649068681785.049047526274472,21826411538532508685.59387031171688,286200110536173099.455177214557592,true,true,309365405.01473681,305246429.45950643,4118975.55523038,true,true,110840190662287677406.3524234020941004,109421552937357249382.8168794107650982,1418637724930428023.5355439913290022,true,true,604487183.6374459,596467743.83042485,8019439.80702105,true,true,220741333968496077229.5411262042682015,217851218599980013986.9460048123413437,2890115368516063242.5951213919268578,true,true
7,0xcbcdf9626bc03e24f779434178a73a0b4bad62ed,25479170,266017,36889381757457302,19,S7_P19,265740:266100,0xc36442b4a4522e871399cd717abdd847ab11fe88:265740:266100,0xc36442b4a4522e871399cd717abdd847ab11fe88,265740,266100,1422604458279788,0.038564063437908,360,277,83,83,3951679050777.1888888888888889,0.0001071223984386,436.1892553918294367,630.7472234725020261,8.6084245804873889,5.4270849774615431,14.035509557948932,8.6084245804873889,62011876.0851837,59619886.478607935,2391989.606575765,true,true,22112611649068681785.049047526274472,21260158522083996271.807039306131912,852453126984685513.24200822014256,true,true,309365405.01473681,297111651.93347522,12253753.08126159,true,true,110840190662287677406.3524234020941004,107207891669246377626.7169094890301859,3632298993041299779.6355139130639145,true,true,604487183.6374459,581175350.0749029,23311833.562543,true,true,220741333968496077229.5411262042682015,215284524177740344430.5676030984694395,5456809790755732798.973523105798762,true,true
7,0xcbcdf9626bc03e24f779434178a73a0b4bad62ed,25479170,266017,36889381757457302,20,S7_P20,262740:266220,0xc36442b4a4522e871399cd717abdd847ab11fe88:262740:266220,0xc36442b4a4522e871399cd717abdd847ab11fe88,262740,266220,495933970841349,0.0134438135640778,3480,3277,203,203,142509761736.0198275862068966,0.0000038631648173,436.1892553918294367,630.7472234725020261,6.8349252109292901,4.3334067761754494,11.1683319871047395,6.8349252109292901,62011876.0851837,61178033.584371235,833842.500812465,true,true,22112611649068681785.049047526274472,21815654689282278890.194339051076268,296956959786402894.854708475198204,true,true,309365405.01473681,305089100.19088994,4276304.82384687,true,true,110840190662287677406.3524234020941004,109367415279992762327.2504274844654472,1472775382294915079.1019959176286532,true,true,604487183.6374459,596161650.8025592,8325532.8348867,true,true,220741333968496077229.5411262042682015,217919925134301463623.3731340994599086,2821408834194613606.1679921048082929,true,true
8,0xcbcdf9626bc03e24f779434178a73a0b4bad62ed,25469170,265905,32080171386319343,1,S8_P1,263700:267360,0xc36442b4a4522e871399cd717abdd847ab11fe88:263700:267360,0xc36442b4a4522e871399cd717abdd847ab11fe88,263700,267360,2808707304810798,0.0875527524771447,3660,2205,1455,1455,767406367434.6442622950819672,0.0000239215170703,453.1054497034692444,549.8587014346390657,43.9038956655010102,101.1698663459027458,145.073762011403756,101.1698663459027458,54228343.391262905,49477665.5616543,4750677.829608605,true,true,19410180538503955071.903651009155599,17668951642981178071.59811711383562,1741228895522777000.305533895319979,true,true,269266197.18702932,245292729.70630904,23973467.48072028,true,true,107187748183678008222.975334846421494,98815865882989814172.819602023487092,8371882300688194050.155732822934402,true,true,534178166.75548495,487145997.45792086,47032169.29756409,true,true,218033059264261033023.95245333557519,201366360513986080928.48561480132925,16666698750274952095.46683853424594,true,true
8,0xcbcdf9626bc03e24f779434178a73a0b4bad62ed,25469170,265905,32080171386319343,2,S8_P2,264060:269880,0xc36442b4a4522e871399cd717abdd847ab11fe88:264060:269880,0xc36442b4a4522e871399cd717abdd847ab11fe88,264060,269880,1531050297289209,0.0477257518001331,5820,1845,3975,1845,263067061389.8984536082474227,0.0000082003009966,453.1054497034692444,549.8587014346390657,22.8361041849113817,108.729720197790403,131.5658243827017847,108.729720197790403,54228343.391262905,51638391.776627255,2589951.61463565,true,true,19410180538503955071.903651009155599,18462995509890232815.030797572428984,947185028613722256.872853436726615,true,true,269266197.18702932,256202187.27690287,13064009.91012645,true,true,107187748183678008222.975334846421494,102624061188873836328.888389141816908,4563686994804171894.086945704604586,true,true,534178166.75548495,508836228.066085,25341938.68939995,true,true,218033059264261033023.95245333557519,208956978031467245748.31349427176765,9076081232793787275.63895906380754,true,true
8,0xcbcdf9626bc03e24f779434178a73a0b4bad62ed,25469170,265905,32080171386319343,3,S8_P3,265860:267180,0xc36442b4a4522e871399cd717abdd847ab11fe88:265860:267180,0xc36442b4a4522e871399cd717abdd847ab11fe88,265860,267180,3011272554760745,0.0938670968586193,1320,45,1275,45,2281267086939.9583333333333333,0.0000711114370141,453.1054497034692444,549.8587014346390657,3.957864566944336,98.2051265648731513,102.1629911318174873,98.2051265648731513,54228343.391262905,49135543.61919398,5092799.772068925,true,true,19410180538503955071.903651009155599,17552697471939188656.1479370477608352,1857483066564766415.7557139613947638,true,true,269266197.18702932,251879674.32671459,17386522.86031473,true,true,107187748183678008222.975334846421494,98212084720763342000.961517397005222,8975663462914666222.013817449416272,true,true,534178166.75548495,514267020.8695551,19911145.88592985,true,true,218033059264261033023.95245333557519,200162292680379970836.24526686968488,17870766583881062187.70718646589031,true,true
8,0xcbcdf9626bc03e24f779434178a73a0b4bad62ed,25469170,265905,32080171386319343,4,S8_P4,264660:267660,0xc36442b4a4522e871399cd717abdd847ab11fe88:264660:267660,0xc36442b4a4522e871399cd717abdd847ab11fe88,264660,267660,1860454169582933,0.05799389745082,3000,1245,1755,1245,620151389860.9776666666666667,0.0000193312991503,453.1054497034692444,549.8587014346390657,25.7711488336763391,73.4685795986410854,99.2397284323174245,73.4685795986410854,54228343.391262905,51081105.18073662,3147238.210526285,true,true,19410180538503955071.903651009155599,18258306867556184352.194542024146653,1151873670947770719.709108985008946,true,true,269266197.18702932,253389687.46520156,15876509.72182776,true,true,107187748183678008222.975334846421494,101642178749782576783.135913478420808,5545569433895431439.839421368000686,true,true,534178166.75548495,503400650.1677369,30777516.58774805,true,true,218033059264261033023.95245333557519,207000973592221720600.39391923168401,11032085672039312423.55853410389118,true,true
8,0xcbcdf9626bc03e24f779434178a73a0b4bad62ed,25469170,265905,32080171386319343,5,S8_P5,264600:266700,0xc36442b4a4522e871399cd717abdd847ab11fe88:264600:266700,0xc36442b4a4522e871399cd717abdd847ab11fe88,264600,266700,2330950055690659,0.0726601497111919,2100,1305,795,795,1109976216995.5519047619047619,0.000034600071291,453.1054497034692444,549.8587014346390657,33.0986725391449918,51.4104843613371748,84.5091569004821666,51.4104843613371748,54228343.391262905,50285078.09860902,3943265.292653885,true,true,19410180538503955071.903651009155599,17966367542206178840.047938053625221,1443812996297776231.855712955530378,true,true,269266197.18702932,249372150.34249568,19894046.84453364,true,true,107187748183678008222.975334846421494,100239853134127485952.512750594931588,6947895049550522270.462584251489906,true,true,534178166.75548495,495425483.303213,38752683.45227195,true,true,218033059264261033023.95245333557519,204205805880678959285.59956188627106,13827253383582073738.35289144930413,true,true
8,0xcbcdf9626bc03e24f779434178a73a0b4bad62ed,25469170,265905,32080171386319343,6,S8_P6,264600:266460,0xc36442b4a4522e871399cd717abdd847ab11fe88:264600:266460,0xc36442b4a4522e871399cd717abdd847ab11fe88,264600,266460,2063615429423960,0.0643268205949795,1860,1305,555,555,1109470660980.6236559139784946,0.0000345843121478,453.1054497034692444,549.8587014346390657,29.1189572628202668,34.6519541052620107,63.7709113680822775,34.6519541052620107,54228343.391262905,50737384.717897005,3490958.6733659,true,true,19410180538503955071.903651009155599,18132458750025506872.542674992458109,1277721788478448199.36097601669749,true,true,269266197.18702932,251654950.31924399,17611246.86778533,true,true,107187748183678008222.975334846421494,101036632369062686981.468713256705134,6151115814615321241.50662158971636,true,true,534178166.75548495,500050930.5497717,34127236.20571325,true,true,218033059264261033023.95245333557519,205794179337227948412.95107032781309,12238879927033084611.0013830077621,true,true
8,0xcbcdf9626bc03e24f779434178a73a0b4bad62ed,25469170,265905,32080171386319343,7,S8_P7,264720:266700,0xc36442b4a4522e871399cd717abdd847ab11fe88:264720:266700,0xc36442b4a4522e871399cd717abdd847ab11fe88,264720,266700,1438045783780983,0.044826624099466,1980,1185,795,795,726285749384.3348484848484848,0.0000226397091411,453.1054497034692444,549.8587014346390657,19.4365598387088855,30.940165424252305,50.3767252629611905,30.940165424252305,54228343.391262905,51795733.02208071,2432610.369182195,true,true,19410180538503955071.903651009155599,18520507157172047117.924084157366741,889673381331907953.979566851788858,true,true,269266197.18702932,256996164.26262689,12270032.92440243,true,true,107187748183678008222.975334846421494,102901288789696553117.01640012041415,4286459393981455105.958934726007344,true,true,534178166.75548495,510372041.8231131,23806124.93237185,true,true,218033059264261033023.95245333557519,209509087636508706395.36180890912663,8523971627752326628.59064442644856,true,true
8,0xcbcdf9626bc03e24f779434178a73a0b4bad62ed,25469170,265905,32080171386319343,8,S8_P8,261780:268560,0xc36442b4a4522e871399cd717abdd847ab11fe88:261780:268560,0xc36442b4a4522e871399cd717abdd847ab11fe88,261780,268560,794204255030087,0.0247568582307754,6780,4125,2655,2655,117139270653.4051622418879056,0.0000036514540163,453.1054497034692444,549.8587014346390657,11.5888876316933592,38.2611457129179707,49.8500333446113299,38.2611457129179707,54228343.391262905,52884909.96206804,1343433.429194865,true,true,19410180538503955071.903651009155599,18919493610349399743.00291027093816,490686928154555328.900740738217439,true,true,269266197.18702932,262491615.33264044,6774581.85438888,true,true,107187748183678008222.975334846421494,104820393989981865694.907533543141018,2367354193696142528.067801303280476,true,true,534178166.75548495,521016307.7368652,13161859.01861975,true,true,218033059264261033023.95245333557519,213328705402947135867.66289469981765,4704353861313897156.28955863575754,true,true
8,0xcbcdf9626bc03e24f779434178a73a0b4bad62ed,25469170,265905,32080171386319343,9,S8_P9,256980:270840,0xc36442b4a4522e871399cd717abdd847ab11fe88:256980:270840,0xc36442b4a4522e871399cd717abdd847ab11fe88,256980,270840,625578436978542,0.0195004705381755,13860,8925,4935,4935,45135529363.5311688311688312,0.0000014069603563,453.1054497034692444,549.8587014346390657,9.0762195426779551,37.383671342005441,46.4598908846833961,37.383671342005441,54228343.391262905,53170158.25895003,1058185.132312875,true,true,19410180538503955071.903651009155599,19023721070201301873.016000195468103,386459468302653198.887650813687496,true,true,269266197.18702932,263930298.5142866,5335898.67274272,true,true,107187748183678008222.975334846421494,105322971989161166991.926075174523712,1864776194516841231.049259671897782,true,true,534178166.75548495,523807739.4127597,10370427.34272525,true,true,218033059264261033023.95245333557519,214328232998969591045.75331800180324,3704826265291441978.19913533377195,true,true
8,0xcbcdf9626bc03e24f779434178a73a0b4bad62ed,25469170,265905,32080171386319343,10,S8_P10,265740:267300,0xc36442b4a4522e871399cd717abdd847ab11fe88:265740:267300,0xc36442b4a4522e871399cd717abdd847ab11fe88,265740,267300,1019405787891708,0.0317768186340312,1560,165,1395,165,653465248648.5307692307692308,0.0000203697555346,453.1054497034692444,549.8587014346390657,4.2570078955294944,32.376959580860812,36.6339674763903064,32.376959580860812,54228343.391262905,52503949.313426785,1724394.07783612,true,true,19410180538503955071.903651009155599,18779937102988321242.930959359224199,630243435515633828.9726916499314,true,true,269266197.18702932,260651662.31850401,8614534.86852531,true,true,107187748183678008222.975334846421494,104149109128941546042.046631525055664,3038639054736462180.92870332136583,true,true,534178166.75548495,518101721.8940242,16076444.86146075,true,true,218033059264261033023.95245333557519,211993196553634367280.55574522738797,6039862710626665743.39670810818722,true,true
8,0xcbcdf9626bc03e24f779434178a73a0b4bad62ed,25469170,265905,32080171386319343,11,S8_P11,253800:267180,0xc36442b4a4522e871399cd717abdd847ab11fe88:253800:267180,0xc36442b4a4522e871399cd717abdd847ab11fe88,253800,267180,802245669375144,0.0250075244210592,13380,12105,1275,1275,59958570207.4098654708520179,0.0000018690227519,453.1054497034692444,549.8587014346390657,11.7094458135404518,23.6781844002424207,35.3876302137828725,23.6781844002424207,54228343.391262905,52871306.927877355,1357036.46338555,true,true,19410180538503955071.903651009155599,18914235455795327173.912485487997001,495945082708627897.991165521158598,true,true,269266197.18702932,262422825.4075298,6843371.77949952,true,true,107187748183678008222.975334846421494,104796420426263245493.1022107104674,2391327757414762729.873124135954094,true,true,534178166.75548495,520883060.9803185,13295105.77516645,true,true,218033059264261033023.95245333557519,213281043000599113026.0758200834649,4752016263661919997.87663325211029,true,true
8,0xcbcdf9626bc03e24f779434178a73a0b4bad62ed,25469170,265905,32080171386319343,12,S8_P12,264780:266700,0xc36442b4a4522e871399cd717abdd847ab11fe88:264780:266700,0xc36442b4a4522e871399cd717abdd847ab11fe88,264780,266700,938477171090951,0.0292541196176766,1920,1125,795,795,488790193276.5369791666666667,0.0000152365206342,453.1054497034692444,549.8587014346390657,12.3442309564222866,19.9181117277507269,32.2623426841730135,19.9181117277507269,54228343.391262905,52640852.801499545,1587490.58976336,true,true,19410180538503955071.903651009155599,18830201929985082130.858501279808604,579978608518872941.045149729346995,true,true,269266197.18702932,261260254.68267548,8005942.50435384,true,true,107187748183678008222.975334846421494,104390327753685512614.849691479351546,2797420429992495608.125643367069948,true,true,534178166.75548495,518628996.789567,15549169.96591795,true,true,218033059264261033023.95245333557519,212473191811886183632.98539926198896,5559867452374849390.96705407358623,true,true
8,0xcbcdf9626bc03e24f779434178a73a0b4bad62ed,25469170,265905,32080171386319343,13,S8_P13,-887220:887220,0xc36442b4a4522e871399cd717abdd847ab11fe88:-887220:887220,0xc36442b4a4522e871399cd717abdd847ab11fe88,-887220,887220,449908688640812,0.014024510131909,1774440,1153125,621315,621315,253549676.8787966907869525,0.000000007903626,453.1054497034692444,549.8587014346390657,6.4887696895272548,25.3230108463433553,31.8117805358706101,25.3230108463433553,54228343.391262905,53467316.3565626,761027.034700305,true,true,19410180538503955071.903651009155599,19132430157053959149.923957777970968,277750381449995921.979693231184631,true,true,269266197.18702932,265429083.43779752,3837113.7492318,true,true,107187748183678008222.975334846421494,105846619909504700186.747536419057382,1341128274173308036.227798427364112,true,true,534178166.75548495,526717703.83206875,7460462.9234162,true,true,218033059264261033023.95245333557519,215369191231023999553.69978114969686,2663868033237033470.25267218587833,true,true
8,0xcbcdf9626bc03e24f779434178a73a0b4bad62ed,25469170,265905,32080171386319343,14,S8_P14,265680:266280,0xc36442b4a4522e871399cd717abdd847ab11fe88:265680:266280,0xc36442b4a4522e871399cd717abdd847ab11fe88,265680,266280,1789698713647089,0.055788315221106,600,225,375,225,2982831189411.815,0.0000929805253685,453.1054497034692444,549.8587014346390657,9.6558996884445761,21.8895575027091842,31.5454571911537603,21.8895575027091842,54228343.391262905,51200811.438584015,3027531.95267889,true,true,19410180538503955071.903651009155599,18302236107146027748.791225600902197,1107944431357927323.112425408253402,true,true,269266197.18702932,253993802.39136416,15272394.79566516,true,true,107187748183678008222.975334846421494,101853097778592677095.235600753056108,5334650405085331127.739734093365386,true,true,534178166.75548495,504688525.80641435,29489640.9490706,true,true,218033059264261033023.95245333557519,207421157300085208552.88401354770989,10611901964175824471.0684397878653,true,true
8,0xcbcdf9626bc03e24f779434178a73a0b4bad62ed,25469170,265905,32080171386319343,15,S8_P15,249420:266460,0xc36442b4a4522e871399cd717abdd847ab11fe88:249420:266460,0xc36442b4a4522e871399cd717abdd847ab11fe88,249420,266460,623615688469922,0.0194392879314811,17040,16485,555,555,36597164816.3099765258215962,0.0000011408032824,453.1054497034692444,549.8587014346390657,9.04713211708077,10.188322104889924,19.235454221970694,10.188322104889924,54228343.391262905,53173478.42237749,1054864.968885415,true,true,19410180538503955071.903651009155599,19025046622059990479.861007670288776,385133916443964592.042643338866823,true,true,269266197.18702932,263947205.02387022,5318992.1631591,true,true,107187748183678008222.975334846421494,105328882701205888628.259956973342166,1858865482472119594.715377873079328,true,true,534178166.75548495,523840320.4721742,10337846.28331075,true,true,218033059264261033023.95245333557519,214339874949820869379.68519845032692,3693184314440163644.26725488524827,true,true
8,0xcbcdf9626bc03e24f779434178a73a0b4bad62ed,25469170,265905,32080171386319343,16,S8_P16,265440:267420,0xc36442b4a4522e871399cd717abdd847ab11fe88:265440:267420,0xc36442b4a4522e871399cd717abdd847ab11fe88,265440,267420,425912909287713,0.0132765160185318,1980,465,1515,465,215107529943.2893939393939394,0.0000067053111205,453.1054497034692444,549.8587014346390657,3.7891327751644401,13.9346864139955123,17.7238191891599524,13.9346864139955123,54228343.391262905,53507906.504589585,720436.88667332,true,true,19410180538503955071.903651009155599,19147267605644695542.818723274078148,262912932859259529.084927735077451,true,true,269266197.18702932,265633846.10338985,3632351.08363947,true,true,107187748183678008222.975334846421494,105918261700899907893.571077087230578,1269486482778100329.404257759190916,true,true,534178166.75548495,527115399.57151505,7062767.1839699,true,true,218033059264261033023.95245333557519,215511363918093248816.4142112079574,2521695346167784207.53824212761779,true,true
8,0xcbcdf9626bc03e24f779434178a73a0b4bad62ed,25469170,265905,32080171386319343,17,S8_P17,262860:266640,0xc36442b4a4522e871399cd717abdd847ab11fe88:262860:266640,0xc36442b4a4522e871399cd717abdd847ab11fe88,262860,266640,477686396607149,0.01489039415827,3780,3045,735,735,126372062594.4838624338624339,0.0000039392577138,453.1054497034692444,549.8587014346390657,6.8958769367723107,9.4882408345749917,16.3841177713473024,9.4882408345749917,54228343.391262905,53420328.73895165,808014.652311255,true,true,19410180538503955071.903651009155599,19115344613718246097.034868642751581,294835924785708974.868782366404018,true,true,269266197.18702932,265192157.33203958,4074039.85498974,true,true,107187748183678008222.975334846421494,105763835609821922621.670676890033904,1423912573856085601.30465795638759,true,true,534178166.75548495,526257478.3159538,7920688.43953115,true,true,218033059264261033023.95245333557519,215204584626821087856.4627576094277,2828474637439945167.48969572614749,true,true
8,0xcbcdf9626bc03e24f779434178a73a0b4bad62ed,25469170,265905,32080171386319343,18,S8_P18,265740:266100,0xc36442b4a4522e871399cd717abdd847ab11fe88:265740:266100,0xc36442b4a4522e871399cd717abdd847ab11fe88,265740,266100,1422604458279788,0.0443452885942642,360,165,195,165,3951679050777.1888888888888889,0.0001231813572063,453.1054497034692444,549.8587014346390657,5.9535149716552429,9.946488573452664,15.9000035451079069,9.946488573452664,54228343.391262905,51821855.854629525,2406487.53663338,true,true,19410180538503955071.903651009155599,18530315127730414101.824610153969661,879865410773540970.079040855185938,true,true,269266197.18702932,257253301.86286439,12012895.32416493,true,true,107187748183678008222.975334846421494,102947259169548271110.163686083626216,4240489014129737112.811648762795278,true,true,534178166.75548495,511638952.8119007,22539213.94358425,true,true,218033059264261033023.95245333557519,210036351191885129672.99342310624804,7996708072375903350.95903022932715,true,true
8,0xcbcdf9626bc03e24f779434178a73a0b4bad62ed,25469170,265905,32080171386319343,19,S8_P19,262740:266220,0xc36442b4a4522e871399cd717abdd847ab11fe88:262740:266220,0xc36442b4a4522e871399cd717abdd847ab11fe88,262740,266220,495933970841349,0.0154592057775864,3480,3165,315,315,142509761736.0198275862068966,0.0000044423005108,453.1054497034692444,549.8587014346390657,7.1637264389700504,5.1805306801269187,12.3442571190969691,7.1637264389700504,54228343.391262905,53389461.82123742,838881.570025485,true,true,19410180538503955071.903651009155599,19104125794488052068.593239587161112,306054744015903003.310411421994487,true,true,269266197.18702932,265036397.60457494,4229799.58245438,true,true,107187748183678008222.975334846421494,105709474891031584374.423598548298672,1478273292646423848.551736298122822,true,true,534178166.75548495,525955102.16937295,8223064.586112,true,true,218033059264261033023.95245333557519,215096892474617199347.24395734580089,2936166789643833676.7084959897743,true,true
8,0xcbcdf9626bc03e24f779434178a73a0b4bad62ed,25469170,265905,32080171386319343,20,S8_P20,264600:266400,0xc36442b4a4522e871399cd717abdd847ab11fe88:264600:266400,0xc36442b4a4522e871399cd717abdd847ab11fe88,264600,266400,356088557015255,0.0110999580621664,1800,1305,495,495,197826976119.5861111111111111,0.0000061666433679,453.1054497034692444,549.8587014346390657,4.8259377124683685,5.312237857872326,10.1381755703406945,5.312237857872326,54228343.391262905,53626017.5321036,602325.859159305,true,true,19410180538503955071.903651009155599,19190509106075837708.548584087527186,219671432428117363.355066921628413,true,true,269266197.18702932,266229307.07673524,3036890.11029408,true,true,107187748183678008222.975334846421494,106126332832496550738.235581554641402,1061415351181457484.739753291780092,true,true,534178166.75548495,528272473.36099835,5905693.3944866,true,true,218033059264261033023.95245333557519,215924977409994985663.06605501792904,2108081854266047360.88639831764615,true,true
9,0xcbcdf9626bc03e24f779434178a73a0b4bad62ed,25459170,265989,37316518004399151,1,S9_P1,264060:269880,0xc36442b4a4522e871399cd717abdd847ab11fe88:264060:269880,0xc36442b4a4522e871399cd717abdd847ab11fe88,264060,269880,1531050297289209,0.0410287556065311,5820,1929,3891,1929,263067061389.8984536082474227,0.0000070496143654,439.967929590149335,603.4131542907628146,22.0959414727421304,151.3144819952707574,173.4104234680128878,151.3144819952707574,62897983.344825445,60319215.61772219,2578767.727103255,true,true,22325596929723910451.3237898742469856,21409492302122055300.3992732623521168,916104627601855150.9245166118948688,true,true,307047529.197227,294162720.73716317,12884808.46006383,true,true,111442781990679666317.7528267203618208,106833679619505722359.7914951282288416,4609102371173943957.9613315921329792,true,true,591885889.40091395,566002046.0902585,25883843.31065545,true,true,222186109093335632093.1979972409320922,212848586355105403305.437411300541006,9337522738230228787.7605859403910862,true,true
9,0xcbcdf9626bc03e24f779434178a73a0b4bad62ed,25459170,265989,37316518004399151,2,S9_P2,263700:267360,0xc36442b4a4522e871399cd717abdd847ab11fe88:263700:267360,0xc36442b4a4522e871399cd717abdd847ab11fe88,263700,267360,2808707304810798,0.0752671324929,3660,2289,1371,1371,767406367434.6442622950819672,0.0000205647902986,439.967929590149335,603.4131542907628146,42.4413979792562494,120.9904294210672205,163.4318274003234699,120.9904294210672205,62897983.344825445,58166830.01315494,4731153.331670505,true,true,22325596929723910451.3237898742469856,20645139675072158451.445503871975992,1680457254651751999.8782860022709936,true,true,307047529.197227,283521881.04800786,23525648.14921914,true,true,111442781990679666317.7528267203618208,102994204525775342303.151830953262592,8448577464904324014.6009957670992288,true,true,591885889.40091395,544552861.24157375,47333028.1593402,true,true,222186109093335632093.1979972409320922,205073382275240755909.9328335301885015,17112726818094876183.2651637107435907,true,true
9,0xcbcdf9626bc03e24f779434178a73a0b4bad62ed,25459170,265989,37316518004399151,3,S9_P3,265860:267180,0xc36442b4a4522e871399cd717abdd847ab11fe88:265860:267180,0xc36442b4a4522e871399cd717abdd847ab11fe88,265860,267180,3011272554760745,0.0806954323660571,1320,129,1191,129,2281267086939.9583333333333333,0.0000611329033076,439.967929590149335,603.4131542907628146,9.9291414741087248,115.5708312868730126,125.4999727609817374,115.5708312868730126,62897983.344825445,57825635.921742755,5072347.42308269,true,true,22325596929723910451.3237898742469856,20524020791023264978.042083832157088,1801576138700645473.2817060420898976,true,true,307047529.197227,283184323.98854684,23863205.20868016,true,true,111442781990679666317.7528267203618208,102386983126237903203.3561544232452608,9055798864441763114.39667229711656,true,true,591885889.40091395,549617887.03892775,42268002.3619862,true,true,222186109093335632093.1979972409320922,203845645664657296447.4335838997549941,18340463428678335645.7644133411770981,true,true
9,0xcbcdf9626bc03e24f779434178a73a0b4bad62ed,25459170,265989,37316518004399151,4,S9_P4,264660:267660,0xc36442b4a4522e871399cd717abdd847ab11fe88:264660:267660,0xc36442b4a4522e871399cd717abdd847ab11fe88,264660,267660,1860454169582933,0.0498560495211158,3000,1329,1671,1329,620151389860.9776666666666667,0.0000166186831737,439.967929590149335,603.4131542907628146,25.4378321148087215,89.2472667122550991,114.6850988270638206,89.2472667122550991,62897983.344825445,59764149.07335256,3133834.271472885,true,true,22325596929723910451.3237898742469856,21212487163350109895.8444449281031888,1113109766373800555.4793449461437968,true,true,307047529.197227,291408696.35054462,15638832.84668238,true,true,111442781990679666317.7528267203618208,105842732901470902003.4167807714786176,5600049089208764314.3360459488832032,true,true,591885889.40091395,560456762.14665075,31429127.2542632,true,true,222186109093335632093.1979972409320922,210840842662470058004.543935978466033,11345266430865574088.6540612624660592,true,true
9,0xcbcdf9626bc03e24f779434178a73a0b4bad62ed,25459170,265989,37316518004399151,5,S9_P5,264600:266700,0xc36442b4a4522e871399cd717abdd847ab11fe88:264600:266700,0xc36442b4a4522e871399cd717abdd847ab11fe88,264600,266700,2330950055690659,0.0624642967871726,2100,1389,711,711,1109976216995.5519047619047619,0.000029744903232,439.967929590149335,603.4131542907628146,32.6270986556455238,56.5851318156546919,89.2122304713002157,56.5851318156546919,62897983.344825445,58971261.72168623,3926721.623139215,true,true,22325596929723910451.3237898742469856,20931105916041723578.6085629677664112,1394491013682186872.7152269064805744,true,true,307047529.197227,287487435.3297959,19560093.8674311,true,true,111442781990679666317.7528267203618208,104428137850789841661.4497087722922432,7014644139889824656.3031179480695776,true,true,591885889.40091395,552553742.8929559,39332146.50795805,true,true,222186109093335632093.1979972409320922,207975433696698595019.3702966767042026,14210675396637037073.8277005642278896,true,true
9,0xcbcdf9626bc03e24f779434178a73a0b4bad62ed,25459170,265989,37316518004399151,6,S9_P6,256980:270840,0xc36442b4a4522e871399cd717abdd847ab11fe88:256980:270840,0xc36442b4a4522e871399cd717abdd847ab11fe88,256980,270840,625578436978542,0.0167641160117028,13860,9009,4851,4851,45135529363.5311688311688312,0.0000012095321798,439.967929590149335,603.4131542907628146,8.7567130436159557,55.5398914429373451,64.2966044865533008,55.5398914429373451,62897983.344825445,61843610.51243121,1054372.832394235,true,true,22325596929723910451.3237898742469856,21951401418912032590.7702067637951392,374195510811877860.5535831104518464,true,true,307047529.197227,301766848.36745795,5280680.82976905,true,true,111442781990679666317.7528267203618208,109558881235213388185.1453960908627488,1883900755466278132.607430629499072,true,true,591885889.40091395,581290209.151118,10595680.24979595,true,true,222186109093335632093.1979972409320922,218370370796625227167.502262589481989,3815738296710404925.6957346514501032,true,true
9,0xcbcdf9626bc03e24f779434178a73a0b4bad62ed,25459170,265989,37316518004399151,7,S9_P7,264600:266460,0xc36442b4a4522e871399cd717abdd847ab11fe88:264600:266460,0xc36442b4a4522e871399cd717abdd847ab11fe88,264600,266460,2063615429423960,0.0553003211387698,1860,1389,471,471,1109470660980.6236559139784946,0.000029731355451,439.967929590149335,603.4131542907628146,28.6925485112327701,35.5389998257803742,64.2315483370131443,35.5389998257803742,62897983.344825445,59422317.362708105,3475665.98211734,true,true,22325596929723910451.3237898742469856,21091139426324027348.4313840702833648,1234457503399883102.8924058039636208,true,true,307047529.197227,289713791.09095964,17333738.10626736,true,true,111442781990679666317.7528267203618208,105231736785080341229.8906121474906976,6211045205599325087.8622145728711232,true,true,591885889.40091395,557041709.12328655,34844180.2776274,true,true,222186109093335632093.1979972409320922,209602986106302303516.878872618830185,12583122987033328576.3191246221019072,true,true
9,0xcbcdf9626bc03e24f779434178a73a0b4bad62ed,25459170,265989,37316518004399151,8,S9_P8,261780:268560,0xc36442b4a4522e871399cd717abdd847ab11fe88:261780:268560,0xc36442b4a4522e871399cd717abdd847ab11fe88,261780,268560,794204255030087,0.021282914309863,6780,4209,2571,2571,117139270653.4051622418879056,0.0000031390729071,439.967929590149335,603.4131542907628146,11.1798120961490715,48.4377240511646182,59.6175361473136897,48.4377240511646182,62897983.344825445,61559891.966604515,1338091.37822093,true,true,22325596929723910451.3237898742469856,21850575511200776366.0170802295314976,475021418523134085.306709644715488,true,true,307047529.197227,300347138.35483277,6700390.84239423,true,true,111442781990679666317.7528267203618208,109051290647949983469.2758587674154432,2391491342729682848.4769679529463776,true,true,591885889.40091395,578438451.2872346,13447438.11367935,true,true,222186109093335632093.1979972409320922,217341897757920742707.2437258057983582,4844211335414889385.954271435133734,true,true
9,0xcbcdf9626bc03e24f779434178a73a0b4bad62ed,25459170,265989,37316518004399151,9,S9_P9,264720:266700,0xc36442b4a4522e871399cd717abdd847ab11fe88:264720:266700,0xc36442b4a4522e871399cd717abdd847ab11fe88,264720,266700,1438045783780983,0.0385364407153812,1980,1269,711,711,726285749384.3348484848484848,0.0000194628488462,439.967929590149335,603.4131542907628146,19.2185401690704233,33.9661894351685818,53.1847296042390051,33.9661894351685818,62897983.344825445,60475675.288471595,2422308.05635385,true,true,22325596929723910451.3237898742469856,21465451904456487918.3478304439977328,860145025267422532.9759594302492528,true,true,307047529.197227,294941485.34911127,12106043.84811573,true,true,111442781990679666317.7528267203618208,107113474854764128579.208841072803136,4329307135915537738.5439856475586848,true,true,591885889.40091395,567569387.04847645,24316502.3524375,true,true,222186109093335632093.1979972409320922,213415597127696301018.2231138191396298,8770511965639331074.9748834217924624,true,true
9,0xcbcdf9626bc03e24f779434178a73a0b4bad62ed,25459170,265989,37316518004399151,10,S9_P10,265920:266220,0xc36442b4a4522e871399cd717abdd847ab11fe88:265920:266220,0xc36442b4a4522e871399cd717abdd847ab11fe88,265920,266220,4563573523651778,0.1222936588862281,300,69,231,69,15211911745505.9266666666666667,0.0004076455296208,439.967929590149335,603.4131542907628146,8.6141827244469076,43.5231003822716482,52.1372831067185558,43.5231003822716482,62897983.344825445,55209433.09651082,7688550.248314625,true,true,22325596929723910451.3237898742469856,19595367285232747584.7998226291566672,2730229644491162866.5239672450903184,true,true,307047529.197227,276574248.69517139,30473280.50205561,true,true,111442781990679666317.7528267203618208,97748550229568977480.4061257473033152,13694231761110688837.3467009730585056,true,true,591885889.40091395,549636536.33404225,42249353.0668717,true,true,222186109093335632093.1979972409320922,195189574089266850330.1233709162038915,26996535004068781763.0746263247282007,true,true
9,0xcbcdf9626bc03e24f779434178a73a0b4bad62ed,25459170,265989,37316518004399151,11,S9_P11,-887220:887220,0xc36442b4a4522e871399cd717abdd847ab11fe88:-887220:887220,0xc36442b4a4522e871399cd717abdd847ab11fe88,-887220,887220,449908688640812,0.0120565559891674,1774440,1153209,621231,621231,253549676.8787966907869525,0.0000000067945695,439.967929590149335,603.4131542907628146,6.2610536986853106,40.6131000835798375,46.8741537822651481,40.6131000835798375,62897983.344825445,62139534.687862945,758448.6569625,true,true,22325596929723910451.3237898742469856,22056408706604934362.2141272132639552,269188223118976089.1096626609830304,true,true,307047529.197227,303247589.93696714,3799939.26025986,true,true,111442781990679666317.7528267203618208,110087916117244684430.7347008768852896,1354865873434981887.0181258434765312,true,true,591885889.40091395,584263110.21455665,7622779.1863573,true,true,222186109093335632093.1979972409320922,219441937739193522966.157509854123031,2744171354142109127.0404873868090612,true,true
9,0xcbcdf9626bc03e24f779434178a73a0b4bad62ed,25459170,265989,37316518004399151,12,S9_P12,265740:267300,0xc36442b4a4522e871399cd717abdd847ab11fe88:265740:267300,0xc36442b4a4522e871399cd717abdd847ab11fe88,265740,267300,1019405787891708,0.0273178164096536,1560,249,1311,249,653465248648.5307692307692308,0.0000175114207754,439.967929590149335,603.4131542907628146,5.7241734843433194,37.8204823715012295,43.5446558558445489,37.8204823715012295,62897983.344825445,61180825.390386445,1717157.954439,true,true,22325596929723910451.3237898742469856,21715636154636539529.4093425365841376,609960775087370921.914447337662848,true,true,307047529.197227,298453632.86889917,8593896.32832783,true,true,111442781990679666317.7528267203618208,108373320293373610708.0942916684521824,3069461697306055609.6585350519096384,true,true,591885889.40091395,575240914.4927931,16644974.90812085,true,true,222186109093335632093.1979972409320922,215968351888088696838.9422106086968951,6217757205246935254.2557866322351971,true,true
9,0xcbcdf9626bc03e24f779434178a73a0b4bad62ed,25459170,265989,37316518004399151,13,S9_P13,253800:267180,0xc36442b4a4522e871399cd717abdd847ab11fe88:253800:267180,0xc36442b4a4522e871399cd717abdd847ab11fe88,253800,267180,802245669375144,0.0214984063968822,13380,12189,1191,1191,59958570207.4098654708520179,0.0000016067568309,439.967929590149335,603.4131542907628146,11.296046483667896,27.3360390920150502,38.6320855756829462,27.3360390920150502,62897983.344825445,61546190.44700905,1351792.897816395,true,true,22325596929723910451.3237898742469856,21845770479354026368.9628228989911696,479826450369884082.360966975255816,true,true,307047529.197227,300279456.54582647,6768072.65140053,true,true,111442781990679666317.7528267203618208,109027063210532920369.7696461452974592,2415718780146745947.9831805750643616,true,true,591885889.40091395,578302531.0678148,13583358.33309915,true,true,222186109093335632093.1979972409320922,217292815304301545029.8493159349840391,4893293789034087063.3486813059480531,true,true
9,0xcbcdf9626bc03e24f779434178a73a0b4bad62ed,25459170,265989,37316518004399151,14,S9_P14,264780:266700,0xc36442b4a4522e871399cd717abdd847ab11fe88:264780:266700,0xc36442b4a4522e871399cd717abdd847ab11fe88,264780,266700,938477171090951,0.0251491087935996,1920,1209,711,711,488790193276.5369791666666667,0.0000130984941633,439.967929590149335,603.4131542907628146,12.2281974092098278,21.8306552366566944,34.0588526458665222,21.8306552366566944,62897983.344825445,61316604.100133275,1581379.24469217,true,true,22325596929723910451.3237898742469856,21764145339085252290.8634604794377808,561451590638658160.4603293948092048,true,true,307047529.197227,299133686.64306125,7913842.55416575,true,true,111442781990679666317.7528267203618208,108616966612473055997.7672382762030272,2825815378206610319.9855884441587936,true,true,591885889.40091395,576000246.7270698,15885642.67384415,true,true,222186109093335632093.1979972409320922,216461948298275196760.1214214880265685,5724160795060435333.0765757529055237,true,true
9,0xcbcdf9626bc03e24f779434178a73a0b4bad62ed,25459170,265989,37316518004399151,15,S9_P15,265680:266280,0xc36442b4a4522e871399cd717abdd847ab11fe88:265680:266280,0xc36442b4a4522e871399cd717abdd847ab11fe88,265680,266280,1789698713647089,0.0479599600754847,600,309,291,291,2982831189411.815,0.0000799332667925,439.967929590149335,603.4131542907628146,11.9023992218433947,20.3753451709859976,32.2777443928293923,20.3753451709859976,62897983.344825445,59882935.404212535,3015047.94061291,true,true,22325596929723910451.3237898742469856,21254779417531791541.8892417774136976,1070817512192118909.434548096833288,true,true,307047529.197227,291999589.19666087,15047940.00056613,true,true,111442781990679666317.7528267203618208,106055506384642636494.4140405186739296,5387275606037029823.3387862016878912,true,true,591885889.40091395,561995743.99681855,29890145.4040954,true,true,222186109093335632093.1979972409320922,211355278039907586212.3849749587419302,10830831053428045880.813022282190162,true,true
9,0xcbcdf9626bc03e24f779434178a73a0b4bad62ed,25459170,265989,37316518004399151,16,S9_P16,249420:266460,0xc36442b4a4522e871399cd717abdd847ab11fe88:249420:266460,0xc36442b4a4522e871399cd717abdd847ab11fe88,249420,266460,623615688469922,0.0167115187005499,17040,16569,471,471,36597164816.3099765258215962,0.0000009807229284,439.967929590149335,603.4131542907628146,8.7286619397932793,10.4418481565363041,19.1705100963295834,10.4418481565363041,62897983.344825445,61847706.223066995,1050277.12175845,true,true,22325596929723910451.3237898742469856,21952542321354584534.5316359683546336,373054608369325916.792153905892352,true,true,307047529.197227,301783542.47882528,5263986.71840172,true,true,111442781990679666317.7528267203618208,109564842175153981750.6942294935492096,1877939815525684567.0585972268126112,true,true,591885889.40091395,581323474.1186758,10562415.28223815,true,true,222186109093335632093.1979972409320922,218382352689619647895.6549925385228586,3803756403715984197.5430047024092336,true,true
9,0xcbcdf9626bc03e24f779434178a73a0b4bad62ed,25459170,265989,37316518004399151,17,S9_P17,262860:266640,0xc36442b4a4522e871399cd717abdd847ab11fe88:262860:266640,0xc36442b4a4522e871399cd717abdd847ab11fe88,262860,266640,477686396607149,0.0128009370153677,3780,3129,651,651,126372062594.4838624338624339,0.0000033864912739,439.967929590149335,603.4131542907628146,6.6537597715615987,10.2644608352791735,16.9182206068407722,10.2644608352791735,62897983.344825445,62092829.53064895,805153.814176495,true,true,22325596929723910451.3237898742469856,22039926906207475181.2766096417421504,285670023516435270.0471802325048352,true,true,307047529.197227,303013324.30372178,4034204.89350522,true,true,111442781990679666317.7528267203618208,110004229920631931906.1339012703981248,1438552070047734411.618925449963696,true,true,591885889.40091395,583792807.74740295,8093081.653511,true,true,222186109093335632093.1979972409320922,219272489662257887029.5618855506955602,2913619431077745063.636111690236532,true,true
9,0xcbcdf9626bc03e24f779434178a73a0b4bad62ed,25459170,265989,37316518004399151,18,S9_P18,265740:266100,0xc36442b4a4522e871399cd717abdd847ab11fe88:265740:266100,0xc36442b4a4522e871399cd717abdd847ab11fe88,265740,266100,1422604458279788,0.0381226474054219,360,249,111,111,3951679050777.1888888888888889,0.0001058962427928,439.967929590149335,603.4131542907628146,8.01141393015116,6.7375744551733628,14.7489883853245228,8.01141393015116,62897983.344825445,60501655.550423395,2396327.79440205,true,true,22325596929723910451.3237898742469856,21474397403742281574.7809509774514384,851199525981628876.5428388967955472,true,true,307047529.197227,295070840.73580454,11976688.46142246,true,true,111442781990679666317.7528267203618208,107430473166298253167.6365913724725344,4012308824381413150.1162353478892864,true,true,591885889.40091395,568645818.691062,23240070.70985195,true,true,222186109093335632093.1979972409320922,215504877890692646732.5280535864627215,6681231202642985360.6699436544693707,true,true
9,0xcbcdf9626bc03e24f779434178a73a0b4bad62ed,25459170,265989,37316518004399151,19,S9_P19,262740:266220,0xc36442b4a4522e871399cd717abdd847ab11fe88:262740:266220,0xc36442b4a4522e871399cd717abdd847ab11fe88,262740,266220,495933970841349,0.013289931573543,3480,3249,231,231,142509761736.0198275862068966,0.0000038189458545,439.967929590149335,603.4131542907628146,6.9121123347718304,4.54771073093385,11.4598230657056804,6.9121123347718304,62897983.344825445,62062550.08698611,835433.257839335,true,true,22325596929723910451.3237898742469856,22028952737351818180.4658394886051184,296644192372092270.8579503856418672,true,true,307047529.197227,302859600.63862043,4187928.55860657,true,true,111442781990679666317.7528267203618208,109949249182027624792.8117425064775776,1493532808652041524.9410842138842432,true,true,591885889.40091395,583484088.715703,8401800.68521095,true,true,222186109093335632093.1979972409320922,219266917401335224377.7095925231070221,2919191692000407715.4884047178250701,true,true
9,0xcbcdf9626bc03e24f779434178a73a0b4bad62ed,25459170,265989,37316518004399151,20,S9_P20,265920:266040,0xc36442b4a4522e871399cd717abdd847ab11fe88:265920:266040,0xc36442b4a4522e871399cd717abdd847ab11fe88,265920,266040,789420147386776,0.0211547108252092,120,69,51,51,6578501228223.1333333333333333,0.0001762892568767,439.967929590149335,603.4131542907628146,1.4757477603965088,1.7741494599540062,3.249897220350515,1.7741494599540062,62897983.344825445,61568492.427156515,1329490.91766893,true,true,22325596929723910451.3237898742469856,21853323979282918993.474181129747328,472272950440991457.8496087444996576,true,true,307047529.197227,301872325.86814556,5175203.32908144,true,true,111442781990679666317.7528267203618208,109779499251601711755.1662600843646656,1663282739077954562.5865666359971552,true,true,591885889.40091395,584679882.30557935,7206007.0953346,true,true,222186109093335632093.1979972409320922,220110461884540394141.4825189083347729,2075647208795237951.7154783325973193,true,true
10,0xcbcdf9626bc03e24f779434178a73a0b4bad62ed,25449170,266104,34897508319886429,1,S10_P1,264060:269880,0xc36442b4a4522e871399cd717abdd847ab11fe88:264060:269880,0xc36442b4a4522e871399cd717abdd847ab11fe88,264060,269880,1531050297289209,0.0438727683150013,5820,2044,3776,2044,263067061389.8984536082474227,0.0000075382763428,439.7156615286439849,688.3047395824590831,21.9574625119413235,211.895472783072274,233.8529352950135975,211.895472783072274,59991114.253694305,57426042.35302235,2565071.900671955,true,true,20998533539917447055.6070504840233562,20077208369330542833.2789858413775142,921325170586904222.328064642645842,true,true,302422887.06504779,289640245.0710779,12782641.99396989,true,true,107150338703365760331.2903523304624759,102409418140701498491.7550274068770052,4740920562664261839.5353249235854707,true,true,595547759.7559379,570444333.8365306,25103425.9194073,true,true,215580235324497100922.1367218427502695,206517910176903309431.9157036323242185,9062325147593791490.221018210426051,true,true
10,0xcbcdf9626bc03e24f779434178a73a0b4bad62ed,25449170,266104,34897508319886429,2,S10_P2,263700:267360,0xc36442b4a4522e871399cd717abdd847ab11fe88:263700:267360,0xc36442b4a4522e871399cd717abdd847ab11fe88,263700,267360,2808707304810798,0.0804844655115463,3660,2404,1256,1256,767406367434.6442622950819672,0.0000219902911234,439.7156615286439849,688.3047395824590831,42.2292481005375934,149.7579866503718752,191.9872347509094686,149.7579866503718752,59991114.253694305,55284070.028300025,4707044.22539428,true,true,20998533539917447055.6070504840233562,19308676455696636077.2620337920443604,1689857084220810978.3450166919789958,true,true,302422887.06504779,278981303.82134918,23441583.24369861,true,true,107150338703365760331.2903523304624759,98464390527377370744.2659317082691269,8685948175988389587.024420622193349,true,true,595547759.7559379,549810012.43192445,45737747.32401345,true,true,215580235324497100922.1367218427502695,198968761094124696055.191586070840802,16611474230372404866.9451357719094675,true,true
10,0xcbcdf9626bc03e24f779434178a73a0b4bad62ed,25449170,266104,34897508319886429,3,S10_P3,265860:267180,0xc36442b4a4522e871399cd717abdd847ab11fe88:265860:267180,0xc36442b4a4522e871399cd717abdd847ab11fe88,265860,267180,3011272554760745,0.0862890418180591,1320,244,1076,244,2281267086939.9583333333333333,0.0000653704862258,439.7156615286439849,688.3047395824590831,16.7296115386024444,140.5491234630320033,157.2787350016344477,140.5491234630320033,59991114.253694305,54944871.59339777,5046242.660296535,true,true,20998533539917447055.6070504840233562,19186630071899779654.872105685456533,1811903468017667400.7349447985668232,true,true,302422887.06504779,277291987.81728257,25130899.24776522,true,true,107150338703365760331.2903523304624759,97840193513342738681.0085259637113525,9310145190023021650.2818263667511234,true,true,595547759.7559379,548000835.0016715,47546924.7542664,true,true,215580235324497100922.1367218427502695,197773445542018341258.644755525166865,17806789782478759663.4919663175834045,true,true
10,0xcbcdf9626bc03e24f779434178a73a0b4bad62ed,25449170,266104,34897508319886429,4,S10_P4,264660:267660,0xc36442b4a4522e871399cd717abdd847ab11fe88:264660:267660,0xc36442b4a4522e871399cd717abdd847ab11fe88,264660,267660,1860454169582933,0.0533119485932682,3000,1444,1556,1444,620151389860.9776666666666667,0.0000177706495311,439.7156615286439849,688.3047395824590831,25.878393765609524,113.9813678517297932,139.8597616173393172,113.9813678517297932,59991114.253694305,56873667.776348825,3117446.47734548,true,true,20998533539917447055.6070504840233562,19879235497023104928.8098237620616908,1119298042894342126.7972267219616654,true,true,302422887.06504779,286891377.40223828,15531509.66280951,true,true,107150338703365760331.2903523304624759,101391061939065362257.1113683609568828,5759276764300398074.1789839695055931,true,true,595547759.7559379,565093110.20045605,30454649.55548185,true,true,215580235324497100922.1367218427502695,204570336467193578836.6510507820704135,11009898857303522085.485671060679856,true,true
10,0xcbcdf9626bc03e24f779434178a73a0b4bad62ed,25449170,266104,34897508319886429,5,S10_P5,-887220:887220,0xc36442b4a4522e871399cd717abdd847ab11fe88:-887220:887220,0xc36442b4a4522e871399cd717abdd847ab11fe88,-887220,887220,449908688640812,0.0128922868795315,1774440,1153324,621116,621116,253549676.8787966907869525,0.0000000072655524,439.7156615286439849,688.3047395824590831,6.2070119948808798,97.5537358532127226,103.7607478480936024,97.5537358532127226,59991114.253694305,59238136.661578,752977.592116305,true,true,20998533539917447055.6070504840233562,20727812620977700183.2978679872307272,270720918939746872.309182496792629,true,true,302422887.06504779,298665478.84347416,3757408.22157363,true,true,107150338703365760331.2903523304624759,105756180185020285916.8231148974377046,1394158518345474414.4672374330247713,true,true,595547759.7559379,588135837.4111777,7411922.3447602,true,true,215580235324497100922.1367218427502695,212914601814700822713.937808180579006,2665633509796278208.1989136621712635,true,true
10,0xcbcdf9626bc03e24f779434178a73a0b4bad62ed,25449170,266104,34897508319886429,6,S10_P6,264600:266700,0xc36442b4a4522e871399cd717abdd847ab11fe88:264600:266700,0xc36442b4a4522e871399cd717abdd847ab11fe88,264600,266700,2330950055690659,0.066794168635884,2100,1504,596,596,1109976216995.5519047619047619,0.0000318067469695,439.7156615286439849,688.3047395824590831,33.155700166970663,62.9453653521944853,96.1010655191651483,62.9453653521944853,59991114.253694305,56084984.946540375,3906129.30715393,true,true,20998533539917447055.6070504840233562,19596043030490701946.1032177987807661,1402490509426745109.5038326852425901,true,true,302422887.06504779,282966173.75978366,19456713.30526413,true,true,107150338703365760331.2903523304624759,99937975497953562851.0256711175023445,7212363205412197480.2646812129601314,true,true,595547759.7559379,557486248.08729605,38061511.66864185,true,true,215580235324497100922.1367218427502695,201789948845696204676.8070119660597395,13790286478800896245.32970987669053,true,true
10,0xcbcdf9626bc03e24f779434178a73a0b4bad62ed,25449170,266104,34897508319886429,7,S10_P7,256980:270840,0xc36442b4a4522e871399cd717abdd847ab11fe88:256980:270840,0xc36442b4a4522e871399cd717abdd847ab11fe88,256980,270840,625578436978542,0.0179261634167175,13860,9124,4736,4736,45135529363.5311688311688312,0.0000012933739839,439.7156615286439849,688.3047395824590831,8.6846246905822633,85.8088115767532731,94.4934362673355364,85.8088115767532731,59991114.253694305,58943304.58792334,1047809.665770965,true,true,20998533539917447055.6070504840233562,20622273146836060327.9521929050404741,376260393081386727.6548575789828821,true,true,302422887.06504779,297198598.32020402,5224288.74484377,true,true,107150338703365760331.2903523304624759,105212008756247065698.7500783433764847,1938329947118694632.5402739870859912,true,true,595547759.7559379,585249105.3978833,10298654.3580546,true,true,215580235324497100922.1367218427502695,211874441546015616123.717109197939418,3705793778481484798.4196126448108515,true,true
10,0xcbcdf9626bc03e24f779434178a73a0b4bad62ed,25449170,266104,34897508319886429,8,S10_P8,261780:268560,0xc36442b4a4522e871399cd717abdd847ab11fe88:261780:268560,0xc36442b4a4522e871399cd717abdd847ab11fe88,261780,268560,794204255030087,0.0227581937297657,6780,4324,2456,2456,117139270653.4051622418879056,0.0000033566657419,439.7156615286439849,688.3047395824590831,11.0919158482251197,66.0586934857354291,77.1506093339605488,66.0586934857354291,59991114.253694305,58660515.357621895,1330598.89607241,true,true,20998533539917447055.6070504840233562,20520685240179748505.6718564900000978,477848299737698549.9351939940232584,true,true,302422887.06504779,295790533.97583389,6632353.0892139,true,true,107150338703365760331.2903523304624759,104689743582146259119.3719003825784194,2460595121219501211.9184519478840565,true,true,595547759.7559379,582482221.74424165,13065538.01169625,true,true,215580235324497100922.1367218427502695,210876315153554671639.6354928596910075,4703920170942429282.501228983059262,true,true
10,0xcbcdf9626bc03e24f779434178a73a0b4bad62ed,25449170,266104,34897508319886429,9,S10_P9,266040:268200,0xc36442b4a4522e871399cd717abdd847ab11fe88:266040:268200,0xc36442b4a4522e871399cd717abdd847ab11fe88,266040,268200,883221633991913,0.0253090170764028,2160,64,2096,64,408898904625.8856481481481481,0.0000117171375354,439.7156615286439849,688.3047395824590831,1.5255762502526677,64.8345811909340866,66.3601574411867543,64.8345811909340866,59991114.253694305,58511298.421707145,1479815.83198716,true,true,20998533539917447055.6070504840233562,20467194152985148693.6420783768550994,531339386932298361.9649721071682568,true,true,302422887.06504779,296624100.06135851,5798787.00368928,true,true,107150338703365760331.2903523304624759,104414145268544329841.308240017253447,2736193434821430489.9821123132090289,true,true,595547759.7559379,588037265.485028,7510494.2709099,true,true,215580235324497100922.1367218427502695,210349550075992624767.8957720616684245,5230685248504476154.240949781081845,true,true
10,0xcbcdf9626bc03e24f779434178a73a0b4bad62ed,25449170,266104,34897508319886429,10,S10_P10,264600:266460,0xc36442b4a4522e871399cd717abdd847ab11fe88:264600:266460,0xc36442b4a4522e871399cd717abdd847ab11fe88,264600,266460,2063615429423960,0.0591336037664329,1860,1504,356,356,1109470660980.6236559139784946,0.0000317922600895,439.7156615286439849,688.3047395824590831,29.1339303788338428,35.1501778072798381,64.2841081861136809,35.1501778072798381,59991114.253694305,56532820.53550014,3458293.718194165,true,true,20998533539917447055.6070504840233562,19756881503639472311.7107724838545378,1241652036277974743.8962780001688184,true,true,302422887.06504779,285196288.74884273,17226598.31620506,true,true,107150338703365760331.2903523304624759,100763427440200793064.1424612294442925,6386911263164967267.1478911010181834,true,true,595547759.7559379,561802958.08295675,33744801.67298115,true,true,215580235324497100922.1367218427502695,203372567406847906776.4084629185842485,12207667917649194145.728258924166021,true,true
10,0xcbcdf9626bc03e24f779434178a73a0b4bad62ed,25449170,266104,34897508319886429,11,S10_P11,264720:266700,0xc36442b4a4522e871399cd717abdd847ab11fe88:264720:266700,0xc36442b4a4522e871399cd717abdd847ab11fe88,264720,266700,1438045783780983,0.0412076922684337,1980,1384,596,596,726285749384.3348484848484848,0.0000208119657921,439.7156615286439849,688.3047395824590831,19.5771079919027949,37.866897028559472,57.4440050204622669,37.866897028559472,59991114.253694305,57581708.96223022,2409405.291464085,true,true,20998533539917447055.6070504840233562,20133181903511475814.6311081963719169,865351636405971240.9759422876514393,true,true,302422887.06504779,290416277.45001398,12006609.61503381,true,true,107150338703365760331.2903523304624759,102697092746630968779.3067888623410161,4453245956734791551.9835634681214598,true,true,595547759.7559379,571958720.1186025,23589039.6373354,true,true,215580235324497100922.1367218427502695,207067871462756645320.3883620132519215,8512363861740455601.748359829498348,true,true
10,0xcbcdf9626bc03e24f779434178a73a0b4bad62ed,25449170,266104,34897508319886429,12,S10_P12,265740:267300,0xc36442b4a4522e871399cd717abdd847ab11fe88:265740:267300,0xc36442b4a4522e871399cd717abdd847ab11fe88,265740,267300,1019405787891708,0.0292114204414645,1560,364,1196,364,653465248648.5307692307692308,0.0000187252695138,439.7156615286439849,688.3047395824590831,7.4928052565700454,46.8667607912428736,54.359566047812919,46.8667607912428736,59991114.253694305,58282819.855708215,1708294.39798609,true,true,20998533539917447055.6070504840233562,20385212421665904268.5892871365973358,613321118251542787.0177633474260204,true,true,302422887.06504779,293910470.24485919,8512416.8201886,true,true,107150338703365760331.2903523304624759,103992615251427392273.7978047817261025,3157723451938368057.4925475487363734,true,true,595547759.7559379,578800206.58675975,16747553.16917815,true,true,215580235324497100922.1367218427502695,209543872464684691515.9823373253190565,6036362859812409406.154384517431213,true,true
10,0xcbcdf9626bc03e24f779434178a73a0b4bad62ed,25449170,266104,34897508319886429,13,S10_P13,265920:266220,0xc36442b4a4522e871399cd717abdd847ab11fe88:265920:266220,0xc36442b4a4522e871399cd717abdd847ab11fe88,265920,266220,4563573523651778,0.1307707553737071,300,184,116,116,15211911745505.9266666666666667,0.0004359025179124,439.7156615286439849,688.3047395824590831,20.3536033274572715,27.9855773210117928,48.3391806484690643,27.9855773210117928,59991114.253694305,52342472.06180687,7648642.191887435,true,true,20998533539917447055.6070504840233562,18252577086516502638.3610284398627391,2745956453400944417.2460220441606171,true,true,302422887.06504779,264351669.24959648,38071217.81545131,true,true,107150338703365760331.2903523304624759,93840370177363259624.1771934550505751,13309968526002500707.1131588754119008,true,true,595547759.7559379,524378531.1061579,71169228.64978,true,true,215580235324497100922.1367218427502695,193705422667431421165.322853825186511,21874812657065679756.8138680175637585,true,true
10,0xcbcdf9626bc03e24f779434178a73a0b4bad62ed,25449170,266104,34897508319886429,14,S10_P14,253800:267180,0xc36442b4a4522e871399cd717abdd847ab11fe88:253800:267180,0xc36442b4a4522e871399cd717abdd847ab11fe88,253800,267180,802245669375144,0.0229886231997252,13380,12304,1076,1076,59958570207.4098654708520179,0.0000017181332735,439.7156615286439849,688.3047395824590831,11.207437747305965,33.4023549584996761,44.6097927058056411,33.4023549584996761,59991114.253694305,58646849.03991258,1344265.213781725,true,true,20998533539917447055.6070504840233562,20515952907413872562.3514413902538856,482580632503574493.2556090937694706,true,true,302422887.06504779,295723484.37573887,6699402.68930892,true,true,107150338703365760331.2903523304624759,104664845320423175366.1047796479199832,2485493382942584965.1855726825424927,true,true,595547759.7559379,582350443.4924281,13197316.2635098,true,true,215580235324497100922.1367218427502695,210828735583237291174.486908216207501,4751499741259809747.6498136265427685,true,true
10,0xcbcdf9626bc03e24f779434178a73a0b4bad62ed,25449170,266104,34897508319886429,15,S10_P15,264780:266700,0xc36442b4a4522e871399cd717abdd847ab11fe88:264780:266700,0xc36442b4a4522e871399cd717abdd847ab11fe88,264780,266700,938477171090951,0.0268923833325991,1920,1324,596,596,488790193276.5369791666666667,0.0000140064496524,439.7156615286439849,688.3047395824590831,12.4719906486543924,24.3932585227959066,36.865249171450299,24.3932585227959066,59991114.253694305,58418980.062890275,1572134.19080403,true,true,20998533539917447055.6070504840233562,20434020505966725575.825313291456306,564513033950721479.7817371925670502,true,true,302422887.06504779,294586245.13427177,7836641.93077602,true,true,107150338703365760331.2903523304624759,104243074214476260715.1129240376786871,2907264488889499616.1774282927837888,true,true,595547759.7559379,580118447.17264605,15429312.58329185,true,true,215580235324497100922.1367218427502695,210022625995156247891.1091351718617365,5557609329340853031.027586670888533,true,true
10,0xcbcdf9626bc03e24f779434178a73a0b4bad62ed,25449170,266104,34897508319886429,16,S10_P16,265440:267420,0xc36442b4a4522e871399cd717abdd847ab11fe88:265440:267420,0xc36442b4a4522e871399cd717abdd847ab11fe88,265440,267420,425912909287713,0.0122046796402655,1980,664,1316,664,215107529943.2893939393939394,0.0000061639796163,439.7156615286439849,688.3047395824590831,4.4323875084668689,20.4794614552286386,24.9118489636955075,20.4794614552286386,59991114.253694305,59277682.90453578,713431.349158525,true,true,20998533539917447055.6070504840233562,20742222738367418887.3572640985253045,256310801550028168.2497863854980517,true,true,302422887.06504779,298865750.41466966,3557136.65037813,true,true,107150338703365760331.2903523304624759,105830548634362771860.86506550386015,1319790069002988470.4252868266023259,true,true,595547759.7559379,588530461.652764,7017298.1031739,true,true,215580235324497100922.1367218427502695,213056727765592938681.982118937830296,2523507558904162240.1546029049199735,true,true
10,0xcbcdf9626bc03e24f779434178a73a0b4bad62ed,25449170,266104,34897508319886429,17,S10_P17,249420:266460,0xc36442b4a4522e871399cd717abdd847ab11fe88:249420:266460,0xc36442b4a4522e871399cd717abdd847ab11fe88,249420,266460,623615688469922,0.0178699201889595,17040,16684,356,356,36597164816.3099765258215962,0.0000010487042364,439.7156615286439849,688.3047395824590831,8.6567637488480276,10.3908295423802971,19.0475932912283247,10.3908295423802971,59991114.253694305,58946679.64136841,1044434.612325895,true,true,20998533539917447055.6070504840233562,20623284053920120374.2113616106980586,375249485997326681.3956888733252976,true,true,302422887.06504779,297215104.66722458,5207782.39782321,true,true,107150338703365760331.2903523304624759,105218095018078775042.1372628499639989,1932243685286985289.153089480498477,true,true,595547759.7559379,585281381.1721834,10266378.5837545,true,true,215580235324497100922.1367218427502695,211886071862641809132.789951270460716,3694163461855291789.3467705722895535,true,true
10,0xcbcdf9626bc03e24f779434178a73a0b4bad62ed,25449170,266104,34897508319886429,18,S10_P18,262860:266640,0xc36442b4a4522e871399cd717abdd847ab11fe88:262860:266640,0xc36442b4a4522e871399cd717abdd847ab11fe88,262860,266640,477686396607149,0.0136882665727438,3780,3244,536,536,126372062594.4838624338624339,0.0000036212345431,439.7156615286439849,688.3047395824590831,6.5967522067192972,11.2422496847090911,17.8390018914283883,11.2422496847090911,59991114.253694305,59190625.983993205,800488.2697011,true,true,20998533539917447055.6070504840233562,20711057610407038270.768534759063218,287475929510408784.8385157249601382,true,true,302422887.06504779,298433358.94062101,3989528.12442678,true,true,107150338703365760331.2903523304624759,105670129646920487491.8568242155662534,1480209056445272839.4335281148962225,true,true,595547759.7559379,587679037.46145575,7868722.29448215,true,true,215580235324497100922.1367218427502695,212750138667859161151.512374414386819,2830096656637939770.6243474283634505,true,true
10,0xcbcdf9626bc03e24f779434178a73a0b4bad62ed,25449170,266104,34897508319886429,19,S10_P19,262740:266220,0xc36442b4a4522e871399cd717abdd847ab11fe88:262740:266220,0xc36442b4a4522e871399cd717abdd847ab11fe88,262740,266220,495933970841349,0.0142111570343473,3480,3364,116,116,142509761736.0198275862068966,0.0000040836658145,439.7156615286439849,688.3047395824590831,6.8531753029866026,2.9796676055414331,9.8328429085280357,6.8531753029866026,59991114.253694305,59160557.19320485,830557.060489455,true,true,20998533539917447055.6070504840233562,20700041181968155486.762960767830163,298492357949291568.8440897161931932,true,true,302422887.06504779,298281265.58688053,4141621.47816726,true,true,107150338703365760331.2903523304624759,105693047782501456249.5130734590013295,1457290920864304081.7772788714611464,true,true,595547759.7559379,587379177.6104321,8168582.1455058,true,true,215580235324497100922.1367218427502695,213262385143261709011.8240878919474615,2317850181235391910.312633950802808,true,true
10,0xcbcdf9626bc03e24f779434178a73a0b4bad62ed,25449170,266104,34897508319886429,20,S10_P20,266040:266160,0xc36442b4a4522e871399cd717abdd847ab11fe88:266040:266160,0xc36442b4a4522e871399cd717abdd847ab11fe88,266040,266160,808769961838385,0.0231755790248642,120,64,56,56,6739749681986.5416666666666667,0.0001931298252072,439.7156615286439849,688.3047395824590831,1.396714091526626,2.4210209185025746,3.8177350100292006,2.4210209185025746,59991114.253694305,58636369.40164557,1354744.852048735,true,true,20998533539917447055.6070504840233562,20511808355349002399.9808929224066269,486725184568444655.6261575616167293,true,true,302422887.06504779,297115925.66363075,5306961.40141704,true,true,107150338703365760331.2903523304624759,105272320904434926744.0996905117886796,1878017798930833587.1906618186737963,true,true,595547759.7559379,588671754.92192795,6876004.83400995,true,true,215580235324497100922.1367218427502695,213337069752267884406.382660173581839,2243165572229216515.7540616691684305,true,true
11,0xcbcdf9626bc03e24f779434178a73a0b4bad62ed,25439170,266407,32920208663084294,1,S11_P1,-887220:887220,0xc36442b4a4522e871399cd717abdd847ab11fe88:-887220:887220,0xc36442b4a4522e871399cd717abdd847ab11fe88,-887220,887220,449908688640812,0.0136666414616419,1774440,1153627,620813,620813,253549676.8787966907869525,0.0000000077019462,430.8405076485817486,1253.1590559452028628,5.7008760326284735,497.8392225295620872,503.5400985621905607,497.8392225295620872,54490538.096470465,53748068.85806803,742469.238402435,true,true,20111447164586676047.9093128134287104,19836544930139750924.1541083518804992,274902234446925123.7552044615482112,true,true,275220591.3216962,271489906.6751783,3730684.6465179,true,true,98261114519748276062.57428041205084,96901280611196713678.11324434882446,1359833908551562384.46103606322638,true,true,556259864.1385657,548434688.92752175,7825175.21104395,true,true,191694256681540519894.8246141131077378,189029518292147046161.3520297840143044,2664738389393473733.4725843290934334,true,true
11,0xcbcdf9626bc03e24f779434178a73a0b4bad62ed,25439170,266407,32920208663084294,2,S11_P2,264060:269880,0xc36442b4a4522e871399cd717abdd847ab11fe88:264060:269880,0xc36442b4a4522e871399cd717abdd847ab11fe88,264060,269880,1531050297289209,0.046507915941799,5820,2347,3473,2347,263067061389.8984536082474227,0.0000079910508491,430.8405076485817486,1253.1590559452028628,20.1361109846346759,412.7519198906678507,432.8880308753025266,412.7519198906678507,54490538.096470465,51963653.605434905,2526884.49103556,true,true,20111447164586676047.9093128134287104,19175873532400570070.1803479399661056,935573632186105977.7289648734626048,true,true,275220591.3216962,262525343.08324433,12695248.23845187,true,true,98261114519748276062.57428041205084,93636894961811417208.61243828823467,4624219557936858853.96184212381617,true,true,556259864.1385657,529543384.89267695,26716479.24588875,true,true,191694256681540519894.8246141131077378,182525609102295883789.23248059270177,9168647579244636105.5921335204059678,true,true
11,0xcbcdf9626bc03e24f779434178a73a0b4bad62ed,25439170,266407,32920208663084294,3,S11_P3,263700:267360,0xc36442b4a4522e871399cd717abdd847ab11fe88:263700:267360,0xc36442b4a4522e871399cd717abdd847ab11fe88,263700,267360,2808707304810798,0.0853186361470544,3660,2707,953,953,767406367434.6442622950819672,0.0000233111027724,430.8405076485817486,1253.1590559452028628,38.6615890387021401,241.2280246809142119,279.889613719616352,241.2280246809142119,54490538.096470465,49854980.59209198,4635557.504378485,true,true,20111447164586676047.9093128134287104,18395318759992162075.2659531704697888,1716128404594513972.6433596429589216,true,true,275220591.3216962,251956197.57586439,23264393.74583181,true,true,98261114519748276062.57428041205084,89785380051236840268.15005903942854,8475734468511435794.4242213726223,true,true,556259864.1385657,507207791.12734275,49052073.01122295,true,true,191694256681540519894.8246141131077378,174632070098771726343.02977105862856,17062186582768793551.7948430544791778,true,true
11,0xcbcdf9626bc03e24f779434178a73a0b4bad62ed,25439170,266407,32920208663084294,4,S11_P4,265860:267180,0xc36442b4a4522e871399cd717abdd847ab11fe88:265860:267180,0xc36442b4a4522e871399cd717abdd847ab11fe88,265860,267180,3011272554760745,0.0914718550413532,1320,547,773,547,2281267086939.9583333333333333,0.0000692968598798,430.8405076485817486,1253.1590559452028628,27.4357390752182219,213.0287895623907645,240.4645286376089864,213.0287895623907645,54490538.096470465,49522554.080134208,4967984.016336257,true,true,20111447164586676047.9093128134287104,18271491540501505328.2805376556660631,1839955624085170719.6287751577626473,true,true,275220591.3216962,250282295.21128112,24938296.11041508,true,true,98261114519748276062.57428041205084,89175437857332930517.418757968099855,9085676662415345545.155522443950985,true,true,556259864.1385657,503670147.30574585,52589716.83281985,true,true,191694256681540519894.8246141131077378,173381667496029579323.33544788053836,18312589185510940571.4891662325693778,true,true
11,0xcbcdf9626bc03e24f779434178a73a0b4bad62ed,25439170,266407,32920208663084294,5,S11_P5,264660:267660,0xc36442b4a4522e871399cd717abdd847ab11fe88:264660:267660,0xc36442b4a4522e871399cd717abdd847ab11fe88,264660,267660,1860454169582933,0.0565140454795838,3000,1747,1253,1253,620151389860.9776666666666667,0.0000188380151599,430.8405076485817486,1253.1590559452028628,24.639108943060656,198.8226466144039761,223.4617555574646321,198.8226466144039761,54490538.096470465,51419456.95382822,3071081.142642245,true,true,20111447164586676047.9093128134287104,18974785467057127687.4061524172857216,1136661697529548360.5031603961429888,true,true,275220591.3216962,259797877.73291147,15422713.58878473,true,true,98261114519748276062.57428041205084,92643225769475637451.883515737527965,5617888750272638610.690764674522875,true,true,556259864.1385657,523782205.6285883,32477658.5099774,true,true,191694256681540519894.8246141131077378,180489450549526584193.33160788514448,11204806132013935701.4930062279632578,true,true
11,0xcbcdf9626bc03e24f779434178a73a0b4bad62ed,25439170,266407,32920208663084294,6,S11_P6,256980:270840,0xc36442b4a4522e871399cd717abdd847ab11fe88:256980:270840,0xc36442b4a4522e871399cd717abdd847ab11fe88,256980,270840,625578436978542,0.0190028697381875,13860,9427,4433,4433,45135529363.5311688311688312,0.0000013710584227,430.8405076485817486,1253.1590559452028628,7.9739588080959401,191.371931269488228,199.3458900775841681,191.371931269488228,54490538.096470465,53458443.47325519,1032094.623215275,true,true,20111447164586676047.9093128134287104,19729252206220336953.9459209512917632,382194958366339093.9633918621369472,true,true,275220591.3216962,270033175.72311677,5187415.59857943,true,true,98261114519748276062.57428041205084,96370578603584195344.26561891587313,1890535916164080718.30866149617771,true,true,556259864.1385657,545372720.0812865,10887144.0572792,true,true,191694256681540519894.8246141131077378,187993229262188922011.260594838883745,3701027419351597883.5640192742239928,true,true
11,0xcbcdf9626bc03e24f779434178a73a0b4bad62ed,25439170,266407,32920208663084294,7,S11_P7,261780:268560,0xc36442b4a4522e871399cd717abdd847ab11fe88:261780:268560,0xc36442b4a4522e871399cd717abdd847ab11fe88,261780,268560,794204255030087,0.0241251282201222,6780,4627,2153,2153,117139270653.4051622418879056,0.0000035582784985,430.8405076485817486,1253.1590559452028628,10.1817515252075204,130.1511115531072256,140.332863078314746,130.1511115531072256,54490538.096470465,53180417.883567165,1310120.2129033,true,true,20111447164586676047.9093128134287104,19626070581275267450.18450672930976,485376583311408597.7248060841189504,true,true,275220591.3216962,268634718.0763499,6585873.2453463,true,true,98261114519748276062.57428041205084,95861214047544307564.01801521776729,2399900472203968498.55626519428355,true,true,556259864.1385657,542429929.30037505,13829934.83819065,true,true,191694256681540519894.8246141131077378,187000827367947284734.973677685097696,4693429313593235159.8509364280100418,true,true
11,0xcbcdf9626bc03e24f779434178a73a0b4bad62ed,25439170,266407,32920208663084294,8,S11_P8,266040:268200,0xc36442b4a4522e871399cd717abdd847ab11fe88:266040:268200,0xc36442b4a4522e871399cd717abdd847ab11fe88,266040,268200,883221633991913,0.0268291626894313,2160,367,1793,367,408898904625.8856481481481481,0.0000124209086525,430.8405076485817486,1253.1590559452028628,6.1100946090717941,123.6984528326495744,129.8085474417213685,123.6984528326495744,54490538.096470465,53033393.889987315,1457144.20648315,true,true,20111447164586676047.9093128134287104,19571559765144948539.955907771304704,539887399441727507.9534050421240064,true,true,275220591.3216962,267896398.5585566,7324192.7631396,true,true,98261114519748276062.57428041205084,95592411120213011180.566215736155865,2668703399535264882.008064675894975,true,true,556259864.1385657,540874996.3870182,15384867.7515475,true,true,191694256681540519894.8246141131077378,186477877615910546619.9436591922380907,5216379065629973274.8809549208696471,true,true
11,0xcbcdf9626bc03e24f779434178a73a0b4bad62ed,25439170,266407,32920208663084294,9,S11_P9,266160:266700,0xc36442b4a4522e871399cd717abdd847ab11fe88:266160:266700,0xc36442b4a4522e871399cd717abdd847ab11fe88,266160,266700,3821668611514852,0.1160888331731735,540,247,293,247,7077164095397.8740740740740741,0.0002149793206911,430.8405076485817486,1253.1590559452028628,20.3865519122306929,107.7598796983279404,128.1464316105586333,107.7598796983279404,54490538.096470465,48193382.657723068,6297155.438747397,true,true,20111447164586676047.9093128134287104,17776526333459407444.7431343680829458,2334920831127268603.1661784453457646,true,true,275220591.3216962,243587199.07205279,31633392.24964341,true,true,98261114519748276062.57428041205084,86736870365299949260.803144552146125,11524244154448326801.771135859904715,true,true,556259864.1385657,490285304.35967285,65974559.77889285,true,true,191694256681540519894.8246141131077378,168381887777741270164.102334933740515,23312368903799249730.7222791793672228,true,true
11,0xcbcdf9626bc03e24f779434178a73a0b4bad62ed,25439170,266407,32920208663084294,10,S11_P10,264600:266700,0xc36442b4a4522e871399cd717abdd847ab11fe88:264600:266700,0xc36442b4a4522e871399cd717abdd847ab11fe88,264600,266700,2290101863927024,0.0695652292901495,2100,1807,293,293,1090524697108.1066666666666667,0.000033126299662,430.8405076485817486,1253.1590559452028628,30.8436782891952415,63.6202901175194233,94.4639684067146648,63.6202901175194233,54490538.096470465,50709874.456296385,3780663.64017408,true,true,20111447164586676047.9093128134287104,18712388593717903221.8810085719459968,1399058570868772826.0283042414827136,true,true,275220591.3216962,256243116.65697311,18977474.66472309,true,true,98261114519748276062.57428041205084,91347860124969408204.62921915621693,6913254394778867857.94506125583391,true,true,556259864.1385657,516270030.9606995,39989833.1778662,true,true,191694256681540519894.8246141131077378,177834757657490679448.64584566608251,13859499024049840446.1787684470252278,true,true
11,0xcbcdf9626bc03e24f779434178a73a0b4bad62ed,25439170,266407,32920208663084294,11,S11_P11,266160:267180,0xc36442b4a4522e871399cd717abdd847ab11fe88:266160:267180,0xc36442b4a4522e871399cd717abdd847ab11fe88,266160,267180,1224318412028871,0.0371904815233381,1020,247,773,247,1200312168655.7558823529411765,0.0000364612563954,430.8405076485817486,1253.1590559452028628,6.4062466852357042,82.7815624941046971,89.1878091793404013,82.7815624941046971,54490538.096470465,52469907.46265842,2020630.633812045,true,true,20111447164586676047.9093128134287104,19363351641569971164.9000023464905984,748095523016704883.009310466938112,true,true,275220591.3216962,265067195.06513204,10153396.25656416,true,true,98261114519748276062.57428041205084,94562559840600784023.569809292605445,3698554679147492039.004471119445395,true,true,556259864.1385657,535152526.7836181,21107337.3549476,true,true,191694256681540519894.8246141131077378,184422256867675550788.066711787475575,7271999813864969106.7579023256321628,true,true
11,0xcbcdf9626bc03e24f779434178a73a0b4bad62ed,25439170,266407,32920208663084294,12,S11_P12,265740:267300,0xc36442b4a4522e871399cd717abdd847ab11fe88:265740:267300,0xc36442b4a4522e871399cd717abdd847ab11fe88,265740,267300,1019405787891708,0.0309659576682707,1560,667,893,667,653465248648.5307692307692308,0.0000198499728643,430.8405076485817486,1253.1590559452028628,9.9571885791439677,78.0763469354636266,88.0335355146075943,78.0763469354636266,54490538.096470465,52807975.987551115,1682562.10891935,true,true,20111447164586676047.9093128134287104,19488483979153834554.4914838505096832,622963185432841493.4178289629190272,true,true,275220591.3216962,266766523.23853409,8454068.08316211,true,true,98261114519748276062.57428041205084,95181198872182242021.28175866878067,3079915647566034041.29252174327017,true,true,556259864.1385657,538493959.789134,17765904.3494317,true,true,191694256681540519894.8246141131077378,185679156684097324693.3806279128384885,6015099997443195201.4439862002692493,true,true
11,0xcbcdf9626bc03e24f779434178a73a0b4bad62ed,25439170,266407,32920208663084294,13,S11_P13,253800:267180,0xc36442b4a4522e871399cd717abdd847ab11fe88:253800:267180,0xc36442b4a4522e871399cd717abdd847ab11fe88,253800,267180,802245669375144,0.0243693980674782,13380,12607,773,773,59958570207.4098654708520179,0.0000018213301994,430.8405076485817486,1253.1590559452028628,10.2876798638714839,53.6737817903002826,63.9614616541717665,53.6737817903002826,54490538.096470465,53166852.884682645,1323685.21178782,true,true,20111447164586676047.9093128134287104,19621073978450401167.0829993927335296,490373186136274880.8263134206951808,true,true,275220591.3216962,268567983.31027715,6652608.01141905,true,true,98261114519748276062.57428041205084,95836920836361848415.602381244896335,2424193683386427646.971899167154505,true,true,556259864.1385657,542289474.0042106,13970390.1343551,true,true,191694256681540519894.8246141131077378,186953573554653652456.3757970224512298,4740683126886867438.448817090656508,true,true
11,0xcbcdf9626bc03e24f779434178a73a0b4bad62ed,25439170,266407,32920208663084294,14,S11_P14,264720:266700,0xc36442b4a4522e871399cd717abdd847ab11fe88:264720:266700,0xc36442b4a4522e871399cd717abdd847ab11fe88,264720,266700,1438045783780983,0.0436827663669569,1980,1687,293,293,726285749384.3348484848484848,0.0000220620032156,430.8405076485817486,1253.1590559452028628,18.7266477097253374,39.6201092461851445,58.3467569559104819,39.6201092461851445,54490538.096470465,52116723.49267212,2373814.603798345,true,true,20111447164586676047.9093128134287104,19232628176083136744.7398591061933312,878818988503539303.1694537072353792,true,true,275220591.3216962,263295766.38492257,11924824.93677363,true,true,98261114519748276062.57428041205084,93917550950272691861.74750005777644,4343563569475584200.8267803542744,true,true,556259864.1385657,531170177.20481065,25089686.93375505,true,true,191694256681540519894.8246141131077378,183100652864036040350.250337101611095,8593603817504479544.5742770114966428,true,true
11,0xcbcdf9626bc03e24f779434178a73a0b4bad62ed,25439170,266407,32920208663084294,15,S11_P15,261600:268320,0xc36442b4a4522e871399cd717abdd847ab11fe88:261600:268320,0xc36442b4a4522e871399cd717abdd847ab11fe88,261600,268320,326152573608745,0.0099073665342371,6720,4807,1913,1913,48534609167.9680059523809524,0.0000014743104962,430.8405076485817486,1253.1590559452028628,4.1157592086642476,46.9306937909581775,51.0464529996224251,46.9306937909581775,54490538.096470465,53952153.50472531,538384.591745155,true,true,20111447164586676047.9093128134287104,19911899617255854757.8191634033756032,199547547330821290.0901494100531072,true,true,275220591.3216962,272516164.59446171,2704426.72723449,true,true,98261114519748276062.57428041205084,97275221449490369675.50567856920318,985893070257906387.06860184284766,true,true,556259864.1385657,550589634.2194216,5670229.9191441,true,true,191694256681540519894.8246141131077378,189761022856949324230.8213973765460832,1933233824591195664.0032167365616546,true,true
11,0xcbcdf9626bc03e24f779434178a73a0b4bad62ed,25439170,266407,32920208663084294,16,S11_P16,265440:267420,0xc36442b4a4522e871399cd717abdd847ab11fe88:265440:267420,0xc36442b4a4522e871399cd717abdd847ab11fe88,265440,267420,425912909287713,0.012937734193809,1980,967,1013,967,215107529943.2893939393939394,0.0000065342091888,430.8405076485817486,1253.1590559452028628,4.7016089002527872,35.7735952885903879,40.4752041888431751,35.7735952885903879,54490538.096470465,53788434.80227059,702103.294199875,true,true,20111447164586676047.9093128134287104,19851068697704312599.5911178355086592,260378466882363448.3181949779200512,true,true,275220591.3216962,271689249.64768199,3531341.67401421,true,true,98261114519748276062.57428041205084,96973841062070032990.79756587841488,1287273457678243071.77671453363596,true,true,556259864.1385657,548852866.2978089,7406997.8407568,true,true,191694256681540519894.8246141131077378,189171275798605363888.3137604382926911,2522980882935156006.5108536748150467,true,true
11,0xcbcdf9626bc03e24f779434178a73a0b4bad62ed,25439170,266407,32920208663084294,17,S11_P17,264600:266460,0xc36442b4a4522e871399cd717abdd847ab11fe88:264600:266460,0xc36442b4a4522e871399cd717abdd847ab11fe88,264600,266460,2063615429423960,0.0626853690553315,1860,1807,53,53,1109470660980.6236559139784946,0.0000337018113201,430.8405076485817486,1253.1590559452028628,27.5869086381113364,10.7988443843752798,38.3857530224866162,27.5869086381113364,54490538.096470465,51083793.439142685,3406744.65732778,true,true,20111447164586676047.9093128134287104,18850755925014722508.0913182892163712,1260691239571953539.8179945242123392,true,true,275220591.3216962,258116663.62311455,17103927.69858165,true,true,98261114519748276062.57428041205084,93711820665156835709.33328304044354,4549293854591440353.2409973716073,true,true,556259864.1385657,520229717.91651615,36030146.22204955,true,true,191694256681540519894.8246141131077378,186176714715367231527.072560786965855,5517541966173288367.7520533261418828,true,true
11,0xcbcdf9626bc03e24f779434178a73a0b4bad62ed,25439170,266407,32920208663084294,18,S11_P18,264780:266700,0xc36442b4a4522e871399cd717abdd847ab11fe88:264780:266700,0xc36442b4a4522e871399cd717abdd847ab11fe88,264780,266700,931440025416149,0.0282938676042062,1920,1627,293,293,485125013237.5776041666666667,0.0000147363893772,430.8405076485817486,1253.1590559452028628,11.8924119535667549,25.5362099907769833,37.4286219443437382,25.5362099907769833,54490538.096470465,52953644.947326515,1536893.14914395,true,true,20111447164586676047.9093128134287104,19542140599973439644.810137988364544,569306564613236403.0991748250641664,true,true,275220591.3216962,267496458.48317009,7724132.83852611,true,true,98261114519748276062.57428041205084,95446828503396306137.73447500359319,2814286016351969924.83980540845765,true,true,556259864.1385657,540032231.61549605,16227632.52306965,true,true,191694256681540519894.8246141131077378,186199828007413214629.7984140665743336,5494428674127305265.0262000465334042,true,true
11,0xcbcdf9626bc03e24f779434178a73a0b4bad62ed,25439170,266407,32920208663084294,19,S11_P19,262860:266640,0xc36442b4a4522e871399cd717abdd847ab11fe88:262860:266640,0xc36442b4a4522e871399cd717abdd847ab11fe88,262860,266640,477686396607149,0.0145104304014577,3780,3547,233,233,126372062594.4838624338624339,0.0000038387382014,430.8405076485817486,1253.1590559452028628,6.0584833389054476,10.5018964966088467,16.5603798355142943,10.5018964966088467,54490538.096470465,53702410.75476614,788127.341704325,true,true,20111447164586676047.9093128134287104,19819515513706624484.1503119634444672,291931650880051563.7590008499842432,true,true,275220591.3216962,271259746.54877624,3960844.77291996,true,true,98261114519748276062.57428041205084,96817371108654990540.66423419483234,1443743411093285521.9100462172185,true,true,556259864.1385657,547950929.25359985,8308934.88496585,true,true,191694256681540519894.8246141131077378,188889016119573922751.3799128144638535,2805240561966597143.4447012986438843,true,true
11,0xcbcdf9626bc03e24f779434178a73a0b4bad62ed,25439170,266407,32920208663084294,20,S11_P20,249420:266460,0xc36442b4a4522e871399cd717abdd847ab11fe88:249420:266460,0xc36442b4a4522e871399cd717abdd847ab11fe88,249420,266460,623615688469922,0.0189432483509506,17040,16987,53,53,36597164816.3099765258215962,0.0000011116929783,430.8405076485817486,1253.1590559452028628,7.9484085851591607,3.25435753586201,11.2027661210211707,7.9484085851591607,54490538.096470465,53461425.813731285,1029112.28273918,true,true,20111447164586676047.9093128134287104,19730146507003667457.231917368443392,381300657583008590.6773954449853184,true,true,275220591.3216962,270049415.10684485,5171176.21485135,true,true,98261114519748276062.57428041205084,96901323082700104637.386779119198435,1359791437048171425.187501292852405,true,true,556259864.1385657,545406955.4444521,10852908.6941136,true,true,191694256681540519894.8246141131077378,190033644623236168209.7107408451601688,1660612058304351685.113873267947569,true,true
12,0xcbcdf9626bc03e24f779434178a73a0b4bad62ed,25429170,266491,26420700985293476,1,S12_P1,-887220:887220,0xc36442b4a4522e871399cd717abdd847ab11fe88:-887220:887220,0xc36442b4a4522e871399cd717abdd847ab11fe88,-887220,887220,449908688640812,0.0170286431420288,1774440,1153711,620729,620729,253549676.8787966907869525,0.0000000095966294,474.8191237436472298,1568.3479696750147779,6.455520110439564,653.2176977671990732,659.6732178776386372,653.2176977671990732,43375519.216232056,42637518.663402716,738000.55282934,true,true,16208050873548903366.6761381474924087,15932066283682598577.6701854016144438,275984589866304789.0059527458779649,true,true,220503774.2073008,216748238.03695001,3755536.17035079,true,true,80713316281975561939.6960004739116998,79339971259635351442.4632398950802922,1373345022340210497.2327605788314076,true,true,447332114.74678928,439939180.90504685,7392933.84174243,true,true,160689572454733748960.99109234336013,157897385647826752354.8005333631237226,2792186806906996606.1905589802364074,true,true
12,0xcbcdf9626bc03e24f779434178a73a0b4bad62ed,25429170,266491,26420700985293476,2,S12_P2,264060:269880,0xc36442b4a4522e871399cd717abdd847ab11fe88:264060:269880,0xc36442b4a4522e871399cd717abdd847ab11fe88,264060,269880,1531050297289209,0.0579488900821154,5820,2431,3389,2431,263067061389.8984536082474227,0.000009956853966,474.8191237436472298,1568.3479696750147779,22.7782749614859977,497.8181145948721779,520.5963895563581756,497.8181145948721779,43375519.216232056,40864055.720415348,2511463.495816708,true,true,16208050873548903366.6761381474924087,15268678763201824067.7624349149280523,939372110347079298.9137032325643564,true,true,220503774.2073008,207713639.82297386,12790134.38432694,true,true,80713316281975561939.6960004739116998,76045658206524677923.1750782203770776,4667658075450884016.5209222535346222,true,true,447332114.74678928,422161717.43376314,25170397.31302614,true,true,160689572454733748960.99109234336013,151185216083831574315.4140126061198654,9504356370902174645.5770797372402646,true,true
12,0xcbcdf9626bc03e24f779434178a73a0b4bad62ed,25429170,266491,26420700985293476,3,S12_P3,263700:267360,0xc36442b4a4522e871399cd717abdd847ab11fe88:263700:267360,0xc36442b4a4522e871399cd717abdd847ab11fe88,263700,267360,2808707304810798,0.1063070698379352,3660,2791,869,869,767406367434.6442622950819672,0.0000290456474967,474.8191237436472298,1568.3479696750147779,43.6795950044931705,274.0831637827867368,317.7627587872799073,274.0831637827867368,43375519.216232056,38768176.362633012,4607342.853599044,true,true,16208050873548903366.6761381474924087,14484877954471385962.2283128488662133,1723172919077517404.4478252986261954,true,true,220503774.2073008,197087050.88320519,23416723.32409561,true,true,80713316281975561939.6960004739116998,72135464712195553633.2379259899596316,8577851569780008306.4580744839520682,true,true,447332114.74678928,401130091.40072228,46202023.346067,true,true,160689572454733748960.99109234336013,143252205154771529810.7934088449438342,17437367299962219150.1976834984162958,true,true
12,0xcbcdf9626bc03e24f779434178a73a0b4bad62ed,25429170,266491,26420700985293476,4,S12_P4,265860:267180,0xc36442b4a4522e871399cd717abdd847ab11fe88:265860:267180,0xc36442b4a4522e871399cd717abdd847ab11fe88,265860,267180,3011272554760745,0.1139739841284645,1320,631,689,631,2281267086939.9583333333333333,0.00008634392737,474.8191237436472298,1568.3479696750147779,33.3145043005030891,236.1674746336138737,269.4819789341169628,236.1674746336138737,43375519.216232056,38435879.975410872,4939639.240821184,true,true,16208050873548903366.6761381474924087,14360627937865865111.8236681287274179,1847422935683038254.8524700187649908,true,true,220503774.2073008,195429398.93630282,25074375.27099798,true,true,80713316281975561939.6960004739116998,71513606021365188548.881658198720689,9199710260610373390.8143422751910108,true,true,447332114.74678928,397793191.47634349,49538923.27044579,true,true,160689572454733748960.99109234336013,141994667110122754494.8743534785183058,18694905344610994466.1167388648418242,true,true
12,0xcbcdf9626bc03e24f779434178a73a0b4bad62ed,25429170,266491,26420700985293476,5,S12_P5,264660:267660,0xc36442b4a4522e871399cd717abdd847ab11fe88:264660:267660,0xc36442b4a4522e871399cd717abdd847ab11fe88,264660,267660,1860454169582933,0.0704165332561962,3000,1831,1169,1169,620151389860.9776666666666667,0.0000234721777521,474.8191237436472298,1568.3479696750147779,27.8960352813625409,232.9942359949981375,260.8902712763606784,232.9942359949981375,43375519.216232056,40323705.414762596,3051813.80146946,true,true,16208050873548903366.6761381474924087,15066862696312572908.9620886512328557,1141188177236330457.714049496259553,true,true,220503774.2073008,204958097.36329217,15545676.84400863,true,true,80713316281975561939.6960004739116998,75044097461953200290.7107813921516698,5669218820022361648.98521908176003,true,true,447332114.74678928,416741826.73050509,30590288.01628419,true,true,160689572454733748960.99109234336013,149139846927411994765.9302965882182402,11549725527321754195.0607957551418898,true,true
12,0xcbcdf9626bc03e24f779434178a73a0b4bad62ed,25429170,266491,26420700985293476,6,S12_P6,256980:270840,0xc36442b4a4522e871399cd717abdd847ab11fe88:256980:270840,0xc36442b4a4522e871399cd717abdd847ab11fe88,256980,270840,625578436978542,0.0236775866517227,13860,9511,4349,4349,45135529363.5311688311688312,0.0000017083395853,474.8191237436472298,1568.3479696750147779,9.0279253311932551,232.375845480558581,241.4037708117518361,232.375845480558581,43375519.216232056,42349359.697996792,1026159.518235264,true,true,16208050873548903366.6761381474924087,15824177501493540467.3184646211523431,383873372055362899.3576735263400656,true,true,220503774.2073008,215281003.210061,5222770.9972398,true,true,80713316281975561939.6960004739116998,78804011947357495354.2805047045157378,1909304334618066585.415495769395962,true,true,447332114.74678928,437051674.67077556,10280440.07601372,true,true,160689572454733748960.99109234336013,156806922698127423719.3137101765938854,3882649756606325241.6773821667662446,true,true
12,0xcbcdf9626bc03e24f779434178a73a0b4bad62ed,25429170,266491,26420700985293476,7,S12_P7,261780:268560,0xc36442b4a4522e871399cd717abdd847ab11fe88:261780:268560,0xc36442b4a4522e871399cd717abdd847ab11fe88,261780,268560,794204255030087,0.0300599236739466,6780,4711,2069,2069,117139270653.4051622418879056,0.0000044336170611,474.8191237436472298,1568.3479696750147779,11.5257103829185318,156.1560730853596961,167.6817834682782279,156.1560730853596961,43375519.216232056,42072754.17723308,1302765.038998976,true,true,16208050873548903366.6761381474924087,15721088322015162173.1347535068255528,486962551533741193.5413846406668559,true,true,220503774.2073008,213872533.04397116,6631241.16332964,true,true,80713316281975561939.6960004739116998,78289814531938168120.0273772001679144,2423501750037393819.6686232737437854,true,true,447332114.74678928,434279689.26398618,13052425.4828031,true,true,160689572454733748960.99109234336013,155760134229908529965.94554699820088,4929438224825218995.04554534515925,true,true
12,0xcbcdf9626bc03e24f779434178a73a0b4bad62ed,25429170,266491,26420700985293476,8,S12_P8,251340:273540,0xc36442b4a4522e871399cd717abdd847ab11fe88:251340:273540,0xc36442b4a4522e871399cd717abdd847ab11fe88,251340,273540,307652887865136,0.011644387786546,22200,15151,7049,7049,13858238192.1232432432432432,0.0000005245219724,474.8191237436472298,1568.3479696750147779,4.3942226215284265,163.0149134522615402,167.4091360737899667,163.0149134522615402,43375519.216232056,42870866.4448349,504652.771397156,true,true,16208050873548903366.6761381474924087,16019392115162539396.7224179725951915,188658758386363969.9537201748972172,true,true,220503774.2073008,217936006.20540395,2567768.00189685,true,true,80713316281975561939.6960004739116998,79773998454687915432.8054421560913358,939317827287646506.890558317820364,true,true,447332114.74678928,442277097.30777509,5055017.43901419,true,true,160689572454733748960.99109234336013,158780303081025442286.5301699623750276,1909269373708306674.4609223809851024,true,true
12,0xcbcdf9626bc03e24f779434178a73a0b4bad62ed,25429170,266491,26420700985293476,9,S12_P9,266040:268200,0xc36442b4a4522e871399cd717abdd847ab11fe88:266040:268200,0xc36442b4a4522e871399cd717abdd847ab11fe88,266040,268200,883221633991913,0.033429152181978,2160,451,1709,451,408898904625.8856481481481481,0.0000154764593435,474.8191237436472298,1568.3479696750147779,7.8101716005471124,148.0721451905983708,155.8823167911454832,148.0721451905983708,43375519.216232056,41926734.021304832,1448785.194927224,true,true,16208050873548903366.6761381474924087,15666055245573525649.3003248135975316,541995627975377717.3758133338948771,true,true,220503774.2073008,213128889.73314554,7374884.47415526,true,true,80713316281975561939.6960004739116998,78018410753028801027.7931144755759102,2694905528946760911.9028859983357896,true,true,447332114.74678928,432816169.13723519,14515945.60955409,true,true,160689572454733748960.99109234336013,155207446709980816729.7655704606914258,5482125744752932231.2255218826687042,true,true
12,0xcbcdf9626bc03e24f779434178a73a0b4bad62ed,25429170,266491,26420700985293476,10,S12_P10,260040:271740,0xc36442b4a4522e871399cd717abdd847ab11fe88:260040:271740,0xc36442b4a4522e871399cd717abdd847ab11fe88,260040,271740,261711776277828,0.0099055576316277,11700,6451,5249,5249,22368527886.9938461538461538,0.0000008466288574,474.8191237436472298,1568.3479696750147779,3.7325773144855782,108.8092093363936867,112.5417866508792649,108.8092093363936867,43375519.216232056,42946225.307459836,429293.90877222,true,true,16208050873548903366.6761381474924087,16047555428314253522.4131157150581945,160495445234649844.2630224324342142,true,true,220503774.2073008,218319359.7626876,2184414.4446132,true,true,80713316281975561939.6960004739116998,79914264060744181934.8946154576253288,799052221231380004.801385016286371,true,true,447332114.74678928,443031913.47942707,4300201.26736221,true,true,160689572454733748960.99109234336013,159065424677349635580.300976584110992,1624147777384113380.690115759249138,true,true
12,0xcbcdf9626bc03e24f779434178a73a0b4bad62ed,25429170,266491,26420700985293476,11,S12_P11,266160:267180,0xc36442b4a4522e871399cd717abdd847ab11fe88:266160:267180,0xc36442b4a4522e871399cd717abdd847ab11fe88,266160,267180,1224318412028871,0.0463393614238457,1020,331,689,331,1200312168655.7558823529411765,0.000045430746494,474.8191237436472298,1568.3479696750147779,8.8716017637311879,92.2172589045699658,101.0888606683011537,92.2172589045699658,43375519.216232056,41367211.301840156,2008307.9143919,true,true,16208050873548903366.6761381474924087,15457054690306336487.6630718005631876,750996183242566879.0130663469292211,true,true,220503774.2073008,210278078.04153005,10225696.16577075,true,true,80713316281975561939.6960004739116998,76979317396724824116.4757043334183576,3733998885250737823.2202961404933422,true,true,447332114.74678928,427207009.52094818,20125105.2258411,true,true,160689572454733748960.99109234336013,153089775821919065756.3466585607207918,7599796632814683204.6444337826393382,true,true
12,0xcbcdf9626bc03e24f779434178a73a0b4bad62ed,25429170,266491,26420700985293476,12,S12_P12,265740:267300,0xc36442b4a4522e871399cd717abdd847ab11fe88:265740:267300,0xc36442b4a4522e871399cd717abdd847ab11fe88,265740,267300,1019405787891708,0.038583601111081,1560,751,809,751,653465248648.5307692307692308,0.0000247330776353,474.8191237436472298,1568.3479696750147779,11.7968121642822102,88.5781985395110418,100.375010703793252,88.5781985395110418,43375519.216232056,41703343.020107764,1672176.196124292,true,true,16208050873548903366.6761381474924087,15582834603202036345.6576484201859889,625216270346867021.0184897273064198,true,true,220503774.2073008,211990926.67439339,8512847.53290741,true,true,80713316281975561939.6960004739116998,77603437155452867052.4037174652388246,3109879126522694887.2922830086728752,true,true,447332114.74678928,430576892.07269792,16755222.67409136,true,true,160689572454733748960.99109234336013,154361997024994087653.746736020968645,6327575429739661307.244356322391485,true,true
12,0xcbcdf9626bc03e24f779434178a73a0b4bad62ed,25429170,266491,26420700985293476,13,S12_P13,264600:266700,0xc36442b4a4522e871399cd717abdd847ab11fe88:264600:266700,0xc36442b4a4522e871399cd717abdd847ab11fe88,264600,266700,2290101863927024,0.0866783158100824,2100,1891,209,209,1090524697108.1066666666666667,0.000041275388481,474.8191237436472298,1568.3479696750147779,34.8963798708542619,56.4130809748322072,91.3094608456864691,56.4130809748322072,43375519.216232056,39618909.567611096,3756609.64862096,true,true,16208050873548903366.6761381474924087,14803332288569758921.3313783973153378,1404718584979144445.3447597501770709,true,true,220503774.2073008,201361871.58786605,19141902.61943475,true,true,80713316281975561939.6960004739116998,73727425054405092239.6791703843478122,6985891227570469700.0168300895638876,true,true,447332114.74678928,409669924.70588138,37662190.0409079,true,true,160689572454733748960.99109234336013,146845137953474392213.2111974142920206,13844434501259356747.7798949290681094,true,true
12,0xcbcdf9626bc03e24f779434178a73a0b4bad62ed,25429170,266491,26420700985293476,14,S12_P14,253800:267180,0xc36442b4a4522e871399cd717abdd847ab11fe88:253800:267180,0xc36442b4a4522e871399cd717abdd847ab11fe88,253800,267180,802245669375144,0.0303642840446095,13380,12691,689,689,59958570207.4098654708520179,0.0000022693784787,474.8191237436472298,1568.3479696750147779,11.6455368371547406,59.8538320508736276,71.4993688880283682,59.8538320508736276,43375519.216232056,42059563.410022696,1315955.80620936,true,true,16208050873548903366.6761381474924087,15715966508335593600.2905902889439172,492084365213309766.3855478585484915,true,true,220503774.2073008,213805255.3341095,6698518.8731913,true,true,80713316281975561939.6960004739116998,78265229432737839357.1068086395988962,2448086849237722582.5891918343128036,true,true,447332114.74678928,434147434.94782508,13184679.7989642,true,true,160689572454733748960.99109234336013,155710173634634117450.8658175408577486,4979398820099631510.1252748025023814,true,true
12,0xcbcdf9626bc03e24f779434178a73a0b4bad62ed,25429170,266491,26420700985293476,15,S12_P15,261600:268320,0xc36442b4a4522e871399cd717abdd847ab11fe88:261600:268320,0xc36442b4a4522e871399cd717abdd847ab11fe88,261600,268320,326152573608745,0.0123445844147092,6720,4891,1829,1829,48534609167.9680059523809524,0.0000018369917284,474.8191237436472298,1568.3479696750147779,4.6612127448279506,56.1282182745927267,60.7894310194206773,56.1282182745927267,43375519.216232056,42840520.722579468,534998.493652588,true,true,16208050873548903366.6761381474924087,16007986013409312203.0282725036619467,200064860139591163.647865643830462,true,true,220503774.2073008,217781529.20307368,2722245.00422712,true,true,80713316281975561939.6960004739116998,79717582411945401429.8540366906644066,995733870030160509.8419637832472932,true,true,447332114.74678928,441973037.97419195,5359076.77259733,true,true,160689572454733748960.99109234336013,158665493406360725581.2400685200431256,2024079048373023379.7510238233170044,true,true
12,0xcbcdf9626bc03e24f779434178a73a0b4bad62ed,25429170,266491,26420700985293476,16,S12_P16,264720:266700,0xc36442b4a4522e871399cd717abdd847ab11fe88:264720:266700,0xc36442b4a4522e871399cd717abdd847ab11fe88,264720,266700,1438045783780983,0.0544287520827491,1980,1771,209,209,726285749384.3348484848484848,0.0000274892687287,474.8191237436472298,1568.3479696750147779,21.2175268161650098,35.207291837730622,56.4248186538956318,35.207291837730622,43375519.216232056,41016618.466103072,2358900.750128984,true,true,16208050873548903366.6761381474924087,15326106675170204662.7194013639141545,881944198378698703.9567367835782542,true,true,220503774.2073008,208491281.82468131,12012492.38261949,true,true,80713316281975561939.6960004739116998,76332118363809840802.8829221201883468,4381197918165721136.813078353723353,true,true,447332114.74678928,423691630.81044452,23640483.93634476,true,true,160689572454733748960.99109234336013,151938929831540536551.0826732450734154,8750642623193212409.9084190982867146,true,true
12,0xcbcdf9626bc03e24f779434178a73a0b4bad62ed,25429170,266491,26420700985293476,17,S12_P17,265440:267420,0xc36442b4a4522e871399cd717abdd847ab11fe88:265440:267420,0xc36442b4a4522e871399cd717abdd847ab11fe88,265440,267420,426213693474830,0.0161318086795681,1980,1051,929,929,215259441148.904040404040404,0.000008147378121,474.8191237436472298,1568.3479696750147779,5.4412938987781738,41.2667821139614617,46.7080760127396355,41.2667821139614617,43375519.216232056,42676386.543853864,699132.672378192,true,true,16208050873548903366.6761381474924087,15946505713110115832.2171355033642312,261545160438787534.4590026441281775,true,true,220503774.2073008,216946018.64243261,3557755.56486819,true,true,80713316281975561939.6960004739116998,79412186727988680154.2128027401184638,1301129553986881785.483197733793236,true,true,447332114.74678928,440328595.96209977,7003518.78468951,true,true,160689572454733748960.99109234336013,158044403029790093819.475368536117726,2645169424943655141.515723807242404,true,true
12,0xcbcdf9626bc03e24f779434178a73a0b4bad62ed,25429170,266491,26420700985293476,18,S12_P18,264780:266700,0xc36442b4a4522e871399cd717abdd847ab11fe88:264780:266700,0xc36442b4a4522e871399cd717abdd847ab11fe88,264780,266700,931440025416149,0.0352541753504048,1920,1711,209,209,485125013237.5776041666666667,0.0000183615496617,474.8191237436472298,1568.3479696750147779,13.4854322265643484,22.7211057023401141,36.2065379289044625,22.7211057023401141,43375519.216232056,41847638.59216044,1527880.624071616,true,true,16208050873548903366.6761381474924087,15636714805673548169.984957601503505,571336067875355196.6911805459889037,true,true,220503774.2073008,212725941.25731482,7777832.94998598,true,true,80713316281975561939.6960004739116998,77874984533078139811.1409234442232734,2838331748897422128.5550770296884264,true,true,447332114.74678928,432023377.29563492,15308737.45115436,true,true,160689572454733748960.99109234336013,155001106794971698196.800077933418723,5688465659762050764.191014409941407,true,true
12,0xcbcdf9626bc03e24f779434178a73a0b4bad62ed,25429170,266491,26420700985293476,19,S12_P19,263520:267180,0xc36442b4a4522e871399cd717abdd847ab11fe88:263520:267180,0xc36442b4a4522e871399cd717abdd847ab11fe88,263520,267180,225431872235380,0.0085323955772734,3660,2971,689,689,61593407714.5846994535519126,0.0000023312556222,474.8191237436472298,1568.3479696750147779,3.2114223540940969,16.6015140393504667,19.8129363934445636,16.6015140393504667,43375519.216232056,43005736.49204996,369782.724182096,true,true,16208050873548903366.6761381474924087,16069675068578598471.5061367582841706,138375804970304895.1700013892082381,true,true,220503774.2073008,218622176.8056644,1881597.4016364,true,true,80713316281975561939.6960004739116998,80024991603136657860.6850684955042254,688324678838904079.0109319784074744,true,true,447332114.74678928,443628118.85555,3703995.89123928,true,true,160689572454733748960.99109234336013,159290580168047647465.9208521973135086,1398992286686101495.0702401460466214,true,true
12,0xcbcdf9626bc03e24f779434178a73a0b4bad62ed,25429170,266491,26420700985293476,20,S12_P20,262860:266640,0xc36442b4a4522e871399cd717abdd847ab11fe88:262860:266640,0xc36442b4a4522e871399cd717abdd847ab11fe88,262860,266640,477686396607149,0.0180800046476073,3780,3631,149,149,126372062594.4838624338624339,0.0000047830700126,474.8191237436472298,1568.3479696750147779,6.8602950357519062,8.3876446439644077,15.2479396797163139,8.3876446439644077,43375519.216232056,42591953.715445664,783565.500786392,true,true,16208050873548903366.6761381474924087,15915049312887971639.3264912582124952,293001560660931727.3496468892799135,true,true,220503774.2073008,216515991.68134235,3987782.52595845,true,true,80713316281975561939.6960004739116998,79274447759475180155.569509080990401,1438868522500381784.1264913929212988,true,true,447332114.74678928,439482504.9710117,7849609.77577758,true,true,160689572454733748960.99109234336013,158085380085207287482.4347401346984876,2604192369526461478.5563522086616424,true,true
13,0xcbcdf9626bc03e24f779434178a73a0b4bad62ed,25419170,266623,26210803270100610,1,S13_P1,-887220:887220,0xc36442b4a4522e871399cd717abdd847ab11fe88:-887220:887220,0xc36442b4a4522e871399cd717abdd847ab11fe88,-887220,887220,449908688640812,0.0171650095574917,1774440,1153843,620597,620597,253549676.8787966907869525,0.0000000096734798,490.9623074886954936,1936.3305332851908231,6.6967682766607024,838.2942083490773474,844.9909766257380498,838.2942083490773474,42747012.954384896,42013884.861114992,733128.093269904,true,true,16148718658286604212.140645338150787,15867962202742058638.7007458572034854,280756455544545573.4398994809473016,true,true,214829298.85513436,211103614.30336757,3725684.55176679,true,true,79351823195848220379.5989400913543106,77975281431293010387.7398376585363252,1376541764555209991.8591024328179854,true,true,433525898.51829389,426224324.64585062,7301573.87244327,true,true,156900882620435779330.8746211330054688,154107906107680880130.2571206661134914,2792976512754899200.6175004668919774,true,true
13,0xcbcdf9626bc03e24f779434178a73a0b4bad62ed,25419170,266623,26210803270100610,2,S13_P2,264060:269880,0xc36442b4a4522e871399cd717abdd847ab11fe88:264060:269880,0xc36442b4a4522e871399cd717abdd847ab11fe88,264060,269880,1531050297289209,0.0584129483370592,5820,2563,3257,2563,263067061389.8984536082474227,0.0000100365890614,490.9623074886954936,1936.3305332851908231,23.562948528689738,593.1128490138220119,616.6757975425117499,593.1128490138220119,42747012.954384896,40252129.622540552,2494883.331844344,true,true,16148718658286604212.140645338150787,15193186116450263432.3424489595641934,955532541836340779.7981963785865936,true,true,214829298.85513436,202129031.64816629,12700267.20696807,true,true,79351823195848220379.5989400913543106,74650352511002327456.4114931965165694,4701470684845892923.1874468948377412,true,true,433525898.51829389,408677383.35571631,24848515.16257758,true,true,156900882620435779330.8746211330054688,147396257449569593048.2630307060173708,9504625170866186282.611590426988098,true,true
13,0xcbcdf9626bc03e24f779434178a73a0b4bad62ed,25419170,266623,26210803270100610,3,S13_P3,263700:267360,0xc36442b4a4522e871399cd717abdd847ab11fe88:263700:267360,0xc36442b4a4522e871399cd717abdd847ab11fe88,263700,267360,2808707304810798,0.1071583833531256,3660,2923,737,737,767406367434.6442622950819672,0.0000292782468178,490.9623074886954936,1936.3305332851908231,45.0746101604310192,285.2055907369950017,330.2802008974260209,285.2055907369950017,42747012.954384896,38170084.07367392,4576928.880710976,true,true,16148718658286604212.140645338150787,14395453282312318162.1288085907097878,1753265375974286050.0118367474409992,true,true,214829298.85513436,191656768.73852068,23172530.11661368,true,true,79351823195848220379.5989400913543106,70676992787413242637.7621553160092872,8674830408434977741.8367847753450234,true,true,433525898.51829389,387930293.2651829,45595605.25311099,true,true,156900882620435779330.8746211330054688,139374397433326791301.0977946171628038,17526485187108988029.776826515842665,true,true
13,0xcbcdf9626bc03e24f779434178a73a0b4bad62ed,25419170,266623,26210803270100610,4,S13_P4,256980:270840,0xc36442b4a4522e871399cd717abdd847ab11fe88:256980:270840,0xc36442b4a4522e871399cd717abdd847ab11fe88,256980,270840,625578436978542,0.0238671982133473,13860,9643,4217,4217,45135529363.5311688311688312,0.0000017220200731,490.9623074886954936,1936.3305332851908231,9.3614461060806402,277.3645470070308003,286.7259931131114405,277.3645470070308003,42747012.954384896,41727628.319621948,1019384.634762948,true,true,16148718658286604212.140645338150787,15758412778969432427.222904078577051,390305879317171784.917741259573736,true,true,214829298.85513436,209647546.31255039,5181752.54258397,true,true,79351823195848220379.5989400913543106,77438083898475038125.6117918125656602,1913739297373182253.9871482787886504,true,true,433525898.51829389,423373343.44909109,10152555.0692028,true,true,156900882620435779330.8746211330054688,153017520834573652998.6667471961134936,3883361785862126332.2078739368919752,true,true
13,0xcbcdf9626bc03e24f779434178a73a0b4bad62ed,25419170,266623,26210803270100610,5,S13_P5,264660:267660,0xc36442b4a4522e871399cd717abdd847ab11fe88:264660:267660,0xc36442b4a4522e871399cd717abdd847ab11fe88,264660,267660,1860454169582933,0.0709804331599865,3000,1963,1037,1037,620151389860.9776666666666667,0.0000236601443867,490.9623074886954936,1936.3305332851908231,28.9259798618967756,255.4038670123882266,284.3298468742850022,255.4038670123882266,42747012.954384896,39715346.150071236,3031666.80431366,true,true,16148718658286604212.140645338150787,14987766501695678848.7818249099510252,1160952156590925363.3588204281997618,true,true,214829298.85513436,199399435.82951429,15429863.02562007,true,true,79351823195848220379.5989400913543106,73625866061840340766.8391571267148394,5725957134007879612.7597829646394712,true,true,433525898.51829389,403329991.58456504,30195906.93372885,true,true,156900882620435779330.8746211330054688,145341019212927823166.4267917044527382,11559863407507956164.4478294285527306,true,true
13,0xcbcdf9626bc03e24f779434178a73a0b4bad62ed,25419170,266623,26210803270100610,6,S13_P6,265860:267180,0xc36442b4a4522e871399cd717abdd847ab11fe88:265860:267180,0xc36442b4a4522e871399cd717abdd847ab11fe88,265860,267180,3011272554760745,0.1148866947620711,1320,763,557,557,2281267086939.9583333333333333,0.0000870353748198,490.9623074886954936,1936.3305332851908231,37.6729948319706322,233.7043325991784687,271.3773274311491009,233.7043325991784687,42747012.954384896,37839980.735176096,4907032.2192088,true,true,16148718658286604212.140645338150787,14268913066897359339.1184080090189192,1879805591389244873.0222373291318678,true,true,214829298.85513436,190002688.73456936,24826610.120565,true,true,79351823195848220379.5989400913543106,70047065978186347146.294657159945555,9304757217661873233.3042829314087556,true,true,433525898.51829389,384639005.45932439,48886893.0589695,true,true,156900882620435779330.8746211330054688,138090847787474272568.0358806306288632,18810034832961506762.8387405023766056,true,true
13,0xcbcdf9626bc03e24f779434178a73a0b4bad62ed,25419170,266623,26210803270100610,7,S13_P7,251340:273540,0xc36442b4a4522e871399cd717abdd847ab11fe88:251340:273540,0xc36442b4a4522e871399cd717abdd847ab11fe88,251340,273540,307652887865136,0.0117376367559129,22200,15283,6917,6917,13858238192.1232432432432432,0.0000005287223764,490.9623074886954936,1936.3305332851908231,4.5596624697425743,197.2410466419990547,201.800709111741629,197.2410466419990547,42747012.954384896,42245692.05178558,501320.902599316,true,true,16148718658286604212.140645338150787,15956469727911426587.7673040498488372,192248930375177624.3733412883019498,true,true,214829298.85513436,212282096.25040286,2547202.6047315,true,true,79351823195848220379.5989400913543106,78410427640119688301.778934436365111,941395555728532077.8200056549891996,true,true,433525898.51829389,428532938.91839891,4992959.59989498,true,true,156900882620435779330.8746211330054688,154990956505117725926.2791032180199568,1909926115318053404.595517914985512,true,true
13,0xcbcdf9626bc03e24f779434178a73a0b4bad62ed,25419170,266623,26210803270100610,8,S13_P8,261780:268560,0xc36442b4a4522e871399cd717abdd847ab11fe88:261780:268560,0xc36442b4a4522e871399cd717abdd847ab11fe88,261780,268560,794204255030087,0.03030064538068,6780,4843,1937,1937,117139270653.4051622418879056,0.0000044691217376,490.9623074886954936,1936.3305332851908231,11.9462559624183907,182.9965474777586845,194.9428034401770752,182.9965474777586845,42747012.954384896,41452848.907612284,1294164.046772612,true,true,16148718658286604212.140645338150787,15653331689434127558.3327981826397462,495386968852476653.8078471555110408,true,true,214829298.85513436,208249087.74834518,6580211.10678918,true,true,79351823195848220379.5989400913543106,76922490804048927891.6836843900777392,2429332391799292487.9152557012765714,true,true,433525898.51829389,420636653.90411393,12889244.61417996,true,true,156900882620435779330.8746211330054688,151970920437493174954.905389153283481,4929962182942604375.9692319797219878,true,true
13,0xcbcdf9626bc03e24f779434178a73a0b4bad62ed,25419170,266623,26210803270100610,9,S13_P9,266040:268200,0xc36442b4a4522e871399cd717abdd847ab11fe88:266040:268200,0xc36442b4a4522e871399cd717abdd847ab11fe88,266040,268200,883221633991913,0.0336968548766084,2160,583,1577,583,408898904625.8856481481481481,0.0000156003957762,490.9623074886954936,1936.3305332851908231,9.3497764619391088,171.1047041111793399,180.4544805731184487,171.1047041111793399,42747012.954384896,41307792.739284548,1439220.215100348,true,true,16148718658286604212.140645338150787,15597654166130009618.345161614170272,551064492156594593.795483723980515,true,true,214829298.85513436,207510565.34348024,7318733.51165412,true,true,79351823195848220379.5989400913543106,76650337656042431332.8026196928573366,2701485539805789046.796320398496974,true,true,433525898.51829389,419192024.2186028,14333874.29969109,true,true,156900882620435779330.8746211330054688,151418449267660895452.5180983040585946,5482433352774883878.3565228289468742,true,true
13,0xcbcdf9626bc03e24f779434178a73a0b4bad62ed,25419170,266623,26210803270100610,10,S13_P10,260040:271740,0xc36442b4a4522e871399cd717abdd847ab11fe88:260040:271740,0xc36442b4a4522e871399cd717abdd847ab11fe88,260040,271740,261711776277828,0.0099848819427968,11700,6583,5117,5117,22368527886.9938461538461538,0.0000008534087131,490.9623074886954936,1936.3305332851908231,3.8734060260752194,130.6843848226365333,134.5577908487117527,130.6843848226365333,42747012.954384896,42320553.380291208,426459.574093688,true,true,16148718658286604212.140645338150787,15985627143441611245.4500323707129356,163091514844992966.6906129674378514,true,true,214829298.85513436,212662592.37983675,2166706.47529761,true,true,79351823195848220379.5989400913543106,78550988795008458650.4831575910896542,800834400839761729.1157825002646564,true,true,433525898.51829389,429278512.55687585,4247385.96141804,true,true,156900882620435779330.8746211330054688,155276127133095224971.4634610793407132,1624755487340554359.4111600536647556,true,true
13,0xcbcdf9626bc03e24f779434178a73a0b4bad62ed,25419170,266623,26210803270100610,11,S13_P11,265740:267300,0xc36442b4a4522e871399cd717abdd847ab11fe88:265740:267300,0xc36442b4a4522e871399cd717abdd847ab11fe88,265740,267300,1019405787891708,0.0388925809478938,1560,883,677,677,653465248648.5307692307692308,0.0000249311416333,490.9623074886954936,1936.3305332851908231,12.9004752779922875,91.4441445976716586,104.3446198756639461,91.4441445976716586,42747012.954384896,41085876.48651178,1661136.467873116,true,true,16148718658286604212.140645338150787,15512853062671451585.238598991642893,635865595615152626.902046346507894,true,true,214829298.85513436,206380251.02964173,8449047.82549263,true,true,79351823195848220379.5989400913543106,76234099582088188145.7628706907404494,3117723613760032233.8360694006138612,true,true,433525898.51829389,416981712.26429531,16544186.25399858,true,true,156900882620435779330.8746211330054688,150573274601441092277.6742380228453968,6327608018994687053.200383110160072,true,true
13,0xcbcdf9626bc03e24f779434178a73a0b4bad62ed,25419170,266623,26210803270100610,12,S13_P12,266160:267180,0xc36442b4a4522e871399cd717abdd847ab11fe88:266160:267180,0xc36442b4a4522e871399cd717abdd847ab11fe88,266160,267180,1224318412028871,0.0467104498634532,1020,463,557,463,1200312168655.7558823529411765,0.0000457945586897,490.9623074886954936,1936.3305332851908231,11.4264412236944515,91.830778592508745,103.2572198162031965,91.830778592508745,42747012.954384896,40751963.74068852,1995049.213696376,true,true,16148718658286604212.140645338150787,15384711325607150909.3573660603915476,764007332679453302.7832792777592394,true,true,214829298.85513436,204678544.77407441,10150754.08105995,true,true,79351823195848220379.5989400913543106,75604198865637659369.8197108643007708,3747624330210561009.7792292270535398,true,true,433525898.51829389,413656009.7926721,19869888.72562179,true,true,156900882620435779330.8746211330054688,149301674462395628693.5645423960072612,7599208158040150637.3100787369982076,true,true
13,0xcbcdf9626bc03e24f779434178a73a0b4bad62ed,25419170,266623,26210803270100610,13,S13_P13,253800:267180,0xc36442b4a4522e871399cd717abdd847ab11fe88:253800:267180,0xc36442b4a4522e871399cd717abdd847ab11fe88,253800,267180,802245669375144,0.0306074430878007,13380,12823,557,557,59958570207.4098654708520179,0.0000022875518003,490.9623074886954936,1936.3305332851908231,12.0701769722419572,59.7003862154827838,71.770563187724741,59.7003862154827838,42747012.954384896,41439745.222915552,1307267.731469344,true,true,16148718658286604212.140645338150787,15648070604629947877.1882411517831106,500648053656656334.9524041863676764,true,true,214829298.85513436,208182448.80068567,6646850.05444869,true,true,79351823195848220379.5989400913543106,76897952143640139461.6119271145085492,2453871052208080917.9870129768457614,true,true,433525898.51829389,420506251.59010484,13019646.92818905,true,true,156900882620435779330.8746211330054688,151921033232656093132.0612998359884528,4979849387779686198.813321297017016,true,true
13,0xcbcdf9626bc03e24f779434178a73a0b4bad62ed,25419170,266623,26210803270100610,14,S13_P14,261600:268320,0xc36442b4a4522e871399cd717abdd847ab11fe88:261600:268320,0xc36442b4a4522e871399cd717abdd847ab11fe88,261600,268320,326152573608745,0.0124434406014865,6720,5023,1697,1697,48534609167.9680059523809524,0.0000018517024705,490.9623074886954936,1936.3305332851908231,4.8365438076080297,65.2874995288982321,70.1240433365062618,65.2874995288982321,42747012.954384896,42215546.677219296,531466.2771656,true,true,16148718658286604212.140645338150787,15945357814698988059.7020109360888402,203360843587616152.4386344020619468,true,true,214829298.85513436,212129007.8499467,2700291.00518766,true,true,79351823195848220379.5989400913543106,78353821837707993749.2720232476312666,998001358140226630.326916843723044,true,true,433525898.51829389,428232823.44246788,5293075.07582601,true,true,156900882620435779330.8746211330054688,154876133193606464076.9409043782090096,2024749426829315253.9337167547964592,true,true
13,0xcbcdf9626bc03e24f779434178a73a0b4bad62ed,25419170,266623,26210803270100610,15,S13_P15,264600:266700,0xc36442b4a4522e871399cd717abdd847ab11fe88:264600:266700,0xc36442b4a4522e871399cd717abdd847ab11fe88,264600,266700,2290101863927024,0.0873724410628577,2100,2023,77,77,1090524697108.1066666666666667,0.0000416059243156,490.9623074886954936,1936.3305332851908231,36.117357474744952,25.2221589603174759,61.3395164350624279,36.117357474744952,42747012.954384896,39015202.368935536,3731810.58544936,true,true,16148718658286604212.140645338150787,14719330478482986600.4571377290413698,1429388179803617611.6835076091094172,true,true,214829298.85513436,195891397.98831189,18937900.86682247,true,true,79351823195848220379.5989400913543106,72768128381458629117.499676281406509,6583694814389591262.0992638099478016,true,true,433525898.51829389,396353759.76023099,37172138.7580629,true,true,156900882620435779330.8746211330054688,148505504505112439954.1411015903480562,8395378115323339376.7335195426574126,true,true
13,0xcbcdf9626bc03e24f779434178a73a0b4bad62ed,25419170,266623,26210803270100610,16,S13_P16,265440:267420,0xc36442b4a4522e871399cd717abdd847ab11fe88:265440:267420,0xc36442b4a4522e871399cd717abdd847ab11fe88,265440,267420,426213693474830,0.0162609931898205,1980,1183,797,797,215259441148.904040404040404,0.0000082126228231,490.9623074886954936,1936.3305332851908231,5.8248045421846422,43.8474242580411024,49.6722288002257446,43.8474242580411024,42747012.954384896,42052496.132882136,694516.82150276,true,true,16148718658286604212.140645338150787,15882913787990221809.7576780031950468,265804870296382402.3829673349557402,true,true,214829298.85513436,211300052.78729243,3529246.06784193,true,true,79351823195848220379.5989400913543106,78047708003817607224.569051061031594,1304115192030613155.0298890303227166,true,true,433525898.51829389,426608890.40477258,6917008.11352131,true,true,156900882620435779330.8746211330054688,154254961837742760017.4985792962480298,2645920782693019313.376041836757439,true,true
13,0xcbcdf9626bc03e24f779434178a73a0b4bad62ed,25419170,266623,26210803270100610,17,S13_P17,264720:266700,0xc36442b4a4522e871399cd717abdd847ab11fe88:264720:266700,0xc36442b4a4522e871399cd717abdd847ab11fe88,264720,266700,1438045783780983,0.0548646208573623,1980,1903,77,77,726285749384.3348484848484848,0.0000277094044734,490.9623074886954936,1936.3305332851908231,22.0461447776664572,15.8011547351045497,37.8472995127710069,22.0461447776664572,42747012.954384896,40403685.276207324,2343327.678177572,true,true,16148718658286604212.140645338150787,15251584159056016668.2174991090476152,897134499230587543.9231462291031718,true,true,214829298.85513436,202902429.89958665,11926868.95554771,true,true,79351823195848220379.5989400913543106,75201296091490042831.6892607664824642,4150527104358177547.9096793248718464,true,true,433525898.51829389,410186981.46761936,23338917.05067453,true,true,156900882620435779330.8746211330054688,151640796723479386373.715502655889622,5260085896956392957.1591184771158468,true,true
13,0xcbcdf9626bc03e24f779434178a73a0b4bad62ed,25419170,266623,26210803270100610,18,S13_P18,264780:266700,0xc36442b4a4522e871399cd717abdd847ab11fe88:264780:266700,0xc36442b4a4522e871399cd717abdd847ab11fe88,264780,266700,931440025416149,0.0355364929421552,1920,1843,77,77,485125013237.5776041666666667,0.000018508590074,490.9623074886954936,1936.3305332851908231,14.0448622518562377,10.2204771204832901,24.2653393723395278,14.0448622518562377,42747012.954384896,41229219.473216148,1517793.481168748,true,true,16148718658286604212.140645338150787,15567431757204977772.5806487675296234,581286901081626439.5599965706211636,true,true,214829298.85513436,207110588.8939208,7718709.96121356,true,true,79351823195848220379.5989400913543106,76675773857320602824.8964481943753264,2676049338527617554.7024918969789842,true,true,433525898.51829389,418409519.54628155,15116378.97201234,true,true,156900882620435779330.8746211330054688,153497465744622814621.1007802852414732,3403416875812964709.7738408477639956,true,true
13,0xcbcdf9626bc03e24f779434178a73a0b4bad62ed,25419170,266623,26210803270100610,19,S13_P19,263520:267180,0xc36442b4a4522e871399cd717abdd847ab11fe88:263520:267180,0xc36442b4a4522e871399cd717abdd847ab11fe88,263520,267180,225431872235380,0.008600723522752,3660,3103,557,557,61593407714.5846994535519126,0.0000023499244598,490.9623074886954936,1936.3305332851908231,3.3328176040918909,16.5985420059537843,19.9313596100456752,16.5985420059537843,42747012.954384896,42379671.658347556,367341.29603734,true,true,16148718658286604212.140645338150787,16008040399608783636.9745101972465538,140678258677820575.1661351409042332,true,true,214829298.85513436,212963095.45111904,1866203.40401532,true,true,79351823195848220379.5989400913543106,78661899871529628932.1255055071702328,689923324318591447.4734345841840778,true,true,433525898.51829389,429867273.76829735,3658624.74999654,true,true,156900882620435779330.8746211330054688,155501312543662854154.3217879016629164,1399570076772925176.5528332313425524,true,true
13,0xcbcdf9626bc03e24f779434178a73a0b4bad62ed,25419170,266623,26210803270100610,20,S13_P20,262860:266640,0xc36442b4a4522e871399cd717abdd847ab11fe88:262860:266640,0xc36442b4a4522e871399cd717abdd847ab11fe88,262860,266640,477686396607149,0.0182247904302902,3780,3763,17,17,126372062594.4838624338624339,0.0000048213731297,490.9623074886954936,1936.3305332851908231,7.1162254546266372,1.1369417333675492,8.2531671879941864,7.1162254546266372,42747012.954384896,41968620.73543882,778392.218946076,true,true,16148718658286604212.140645338150787,15879772712739955472.0990464641223924,268945945546648740.0415988740283946,true,true,214829298.85513436,210873417.69695315,3955881.15818121,true,true,79351823195848220379.5989400913543106,78916421185384929655.6005478476151198,435402010463290723.9983922437391908,true,true,433525898.51829389,425773528.29539456,7752370.22289933,true,true,156900882620435779330.8746211330054688,156442901621955881634.1549714860799654,457980998479897696.7196496469255034,true,true
14,0xcbcdf9626bc03e24f779434178a73a0b4bad62ed,25409170,266654,25525624167229924,1,S14_P1,-887220:887220,0xc36442b4a4522e871399cd717abdd847ab11fe88:-887220:887220,0xc36442b4a4522e871399cd717abdd847ab11fe88,-887220,887220,449908688640812,0.0176257663943203,1774440,1153874,620566,620566,253549676.8787966907869525,0.0000000099331431,494.7998020962082131,2033.8818234636884588,6.7657111631237363,886.8467128531167477,893.612424016240484,886.8467128531167477,41716562.464573148,40992046.986192664,724515.478380484,true,true,15787745561047961948.922968900671886,15509622437120792062.346139491909554,278123123927169886.576829408762332,true,true,212780391.32616881,209069274.28314551,3711117.0430233,true,true,78455932384095426788.8328067175291294,77075929696112452847.83990161281596,1380002687982973940.9929051047131694,true,true,430153285.38364868,422849934.7361042,7303350.64754448,true,true,155472099887012264256.2465128833908173,152603326685493800979.7494776699405653,2868773201518463276.497035213450252,true,true
14,0xcbcdf9626bc03e24f779434178a73a0b4bad62ed,25409170,266654,25525624167229924,2,S14_P2,264060:269880,0xc36442b4a4522e871399cd717abdd847ab11fe88:264060:269880,0xc36442b4a4522e871399cd717abdd847ab11fe88,264060,269880,1531050297289209,0.0599809151485819,5820,2594,3226,2594,263067061389.8984536082474227,0.0000103059991664,494.7998020962082131,2033.8818234636884588,23.8012959593264414,619.2190064185294509,643.0203023778558923,619.2190064185294509,41716562.464573148,39251930.636225892,2464631.828347256,true,true,15787745561047961948.922968900671886,14840879923816092120.788411031184064,946865637231869828.134557869487822,true,true,212780391.32616881,200134708.76428166,12645682.56188715,true,true,78455932384095426788.8328067175291294,73734074206023854337.5338151543411004,4721858178071572451.298991563188029,true,true,430153285.38364868,405299137.07985872,24854148.30378996,true,true,155472099887012264256.2465128833908173,145664904981759376726.6465496186457777,9807194905252887529.5999632647450396,true,true
14,0xcbcdf9626bc03e24f779434178a73a0b4bad62ed,25409170,266654,25525624167229924,3,S14_P3,263700:267360,0xc36442b4a4522e871399cd717abdd847ab11fe88:263700:267360,0xc36442b4a4522e871399cd717abdd847ab11fe88,263700,267360,2808707304810798,0.1100348138956244,3660,2954,706,706,767406367434.6442622950819672,0.0000300641568021,494.7998020962082131,2033.8818234636884588,45.5169401681072282,287.0577227069236257,332.5746628750308539,287.0577227069236257,41716562.464573148,37195829.478025976,4520732.986547172,true,true,15787745561047961948.922968900671886,14050552173743753230.527095066765185,1737193387304208718.395873833906701,true,true,212780391.32616881,189722708.59338855,23057682.73278026,true,true,78455932384095426788.8328067175291294,69769312604020836360.107066660371578,8686619780074590428.7257400571575514,true,true,430153285.38364868,384550104.15506129,45603181.22858739,true,true,155472099887012264256.2465128833908173,137401478663641253587.6512311660899951,18070621223371010668.5952817173008222,true,true
14,0xcbcdf9626bc03e24f779434178a73a0b4bad62ed,25409170,266654,25525624167229924,4,S14_P4,256980:270840,0xc36442b4a4522e871399cd717abdd847ab11fe88:256980:270840,0xc36442b4a4522e871399cd717abdd847ab11fe88,256980,270840,625578436978542,0.0245078605279187,13860,9674,4186,4186,45135529363.5311688311688312,0.0000017682439053,494.7998020962082131,2033.8818234636884588,9.4572617119253273,289.3819393751411208,298.8392010870664481,289.3819393751411208,41716562.464573148,40709478.295171376,1007084.169401772,true,true,15787745561047961948.922968900671886,15400707313927981554.517753051825448,387038247119980394.405215848846438,true,true,212780391.32616881,207619422.94336208,5160968.38280673,true,true,78455932384095426788.8328067175291294,76538057178118823770.9518801808610714,1917875205976603017.880926536668058,true,true,430153285.38364868,419998499.75101349,10154785.63263519,true,true,155472099887012264256.2465128833908173,151480015550176668501.9866342656089403,3992084336835595754.259878617781877,true,true
14,0xcbcdf9626bc03e24f779434178a73a0b4bad62ed,25409170,266654,25525624167229924,5,S14_P5,264660:267660,0xc36442b4a4522e871399cd717abdd847ab11fe88:264660:267660,0xc36442b4a4522e871399cd717abdd847ab11fe88,264660,267660,1860454169582933,0.0728857463932813,3000,1994,1006,1006,620151389860.9776666666666667,0.0000242952487978,494.7998020962082131,2033.8818234636884588,29.2236844957350658,260.5926733999304989,289.8163578956655647,260.5926733999304989,41716562.464573148,38721967.072375032,2994595.392198116,true,true,15787745561047961948.922968900671886,14636878608985680538.912607956801369,1150866952062281410.010360943870517,true,true,212780391.32616881,197449190.9224309,15331200.40373791,true,true,78455932384095426788.8328067175291294,72711774254613112911.349479921881568,5744158129482313877.4833267956475614,true,true,430153285.38364868,399950790.5755883,30202494.80806038,true,true,155472099887012264256.2465128833908173,143540137345410927149.4886960145667234,11931962541601337106.7578168688240939,true,true
14,0xcbcdf9626bc03e24f779434178a73a0b4bad62ed,25409170,266654,25525624167229924,6,S14_P6,265860:267180,0xc36442b4a4522e871399cd717abdd847ab11fe88:265860:267180,0xc36442b4a4522e871399cd717abdd847ab11fe88,265860,267180,3011272554760745,0.1179705747852642,1320,794,526,526,2281267086939.9583333333333333,0.0000893716475646,494.7998020962082131,2033.8818234636884588,38.6659533158973975,231.7057813617813934,270.3717346776787909,231.7057813617813934,41716562.464573148,36869846.049798228,4846716.41477492,true,true,15787745561047961948.922968900671886,13925247605919356209.553590483554433,1862497955128605739.369378417117453,true,true,212780391.32616881,188071914.31127475,24708477.01489406,true,true,78455932384095426788.8328067175291294,69140739340830045266.829381572192928,9315193043265381522.0034251453362014,true,true,430153285.38364868,381260053.78255109,48893231.60109759,true,true,155472099887012264256.2465128833908173,136086706157091470995.2097493125411363,19385393729920793261.036763570849681,true,true
14,0xcbcdf9626bc03e24f779434178a73a0b4bad62ed,25409170,266654,25525624167229924,7,S14_P7,251340:273540,0xc36442b4a4522e871399cd717abdd847ab11fe88:251340:273540,0xc36442b4a4522e871399cd717abdd847ab11fe88,251340,273540,307652887865136,0.0120527077359426,22200,15314,6886,6886,13858238192.1232432432432432,0.0000005429147629,494.7998020962082131,2033.8818234636884588,4.6069356010196444,206.1135683083918359,210.7205039094114803,206.1135683083918359,41716562.464573148,41221215.303036156,495347.161536992,true,true,15787745561047961948.922968900671886,15597361230984673552.800785268312609,190384330063288396.122183632359277,true,true,212780391.32616881,210243108.00710258,2537283.31906623,true,true,78455932384095426788.8328067175291294,77511869835367306075.8095646349760115,944062548728120713.0232420825531179,true,true,430153285.38364868,425159173.64789252,4994111.73575616,true,true,155472099887012264256.2465128833908173,153511649186284470289.9361847282453461,1960450700727793966.3103281551454712,true,true
14,0xcbcdf9626bc03e24f779434178a73a0b4bad62ed,25409170,266654,25525624167229924,8,S14_P8,261780:268560,0xc36442b4a4522e871399cd717abdd847ab11fe88:261780:268560,0xc36442b4a4522e871399cd717abdd847ab11fe88,261780,268560,794204255030087,0.0311139994002456,6780,4874,1906,1906,117139270653.4051622418879056,0.0000045890854573,494.7998020962082131,2033.8818234636884588,12.0681674870539172,190.1449617436678162,202.2131292307217334,190.1449617436678162,41716562.464573148,40437950.353967424,1278612.110605724,true,true,15787745561047961948.922968900671886,15296596052419625550.826684697684891,491149508628336398.096284202986995,true,true,212780391.32616881,206226867.77569307,6553523.55047574,true,true,78455932384095426788.8328067175291294,76021842144432241703.2633548368633688,2434090239663185085.5694518806657606,true,true,430153285.38364868,417261194.4929174,12892090.89073128,true,true,155472099887012264256.2465128833908173,150400170851815954928.072130409336269,5071929035196309328.1743824740545483,true,true
14,0xcbcdf9626bc03e24f779434178a73a0b4bad62ed,25409170,266654,25525624167229924,9,S14_P9,266040:268200,0xc36442b4a4522e871399cd717abdd847ab11fe88:266040:268200,0xc36442b4a4522e871399cd717abdd847ab11fe88,266040,268200,883221633991913,0.0346013726522622,2160,614,1546,614,408898904625.8856481481481481,0.0000160191540057,494.7998020962082131,2033.8818234636884588,9.688496300396551,176.8627849667148303,186.5512812671113813,176.8627849667148303,41716562.464573148,40294371.656420476,1422190.808152672,true,true,15787745561047961948.922968900671886,15241581790921134474.728958549246795,546163770126827474.194010351425091,true,true,212780391.32616881,205491513.24064673,7288878.08552208,true,true,78455932384095426788.8328067175291294,75745434522217092649.371727369172028,2710497861878334139.4610793483571014,true,true,430153285.38364868,415816162.12519388,14337123.2584548,true,true,155472099887012264256.2465128833908173,149829556153405030205.177221426561127,5642543733607234051.0692914568296903,true,true
14,0xcbcdf9626bc03e24f779434178a73a0b4bad62ed,25409170,266654,25525624167229924,10,S14_P10,260040:271740,0xc36442b4a4522e871399cd717abdd847ab11fe88:260040:271740,0xc36442b4a4522e871399cd717abdd847ab11fe88,260040,271740,261711776277828,0.0102529040842737,11700,6614,5086,5086,22368527886.9938461538461538,0.0000008763165884,494.7998020962082131,2033.8818234636884588,3.9136497247971602,136.3743486491454396,140.2879983739425998,136.3743486491454396,41716562.464573148,41295011.8974644,421550.567108748,true,true,15787745561047961948.922968900671886,15625924967846136953.641881677101401,161820593201824995.281087223570485,true,true,212780391.32616881,210622192.25448497,2158199.07168384,true,true,78455932384095426788.8328067175291294,77652777699293716106.9808433850206654,803154684801710681.851963332508464,true,true,430153285.38364868,425904988.41737984,4248296.96626884,true,true,155472099887012264256.2465128833908173,153804773421327039605.2793271640599993,1667326465685224650.967185719330818,true,true
14,0xcbcdf9626bc03e24f779434178a73a0b4bad62ed,25409170,266654,25525624167229924,11,S14_P11,261420:271860,0xc36442b4a4522e871399cd717abdd847ab11fe88:261420:271860,0xc36442b4a4522e871399cd717abdd847ab11fe88,261420,271860,207227673886313,0.0081184174979883,10440,5234,5206,5206,19849394050.4131226053639847,0.0000007776261971,494.7998020962082131,2033.8818234636884588,3.0939017120534725,109.2569986960612964,112.3509004081147689,109.2569986960612964,41716562.464573148,41382626.707642348,333935.7569308,true,true,15787745561047961948.922968900671886,15659496636121572608.540564394313385,128248924926389340.382404506358501,true,true,212780391.32616881,211071524.607674,1708866.71849481,true,true,78455932384095426788.8328067175291294,77819847985952763834.7544093613812,636084398142662954.0783973561479294,true,true,430153285.38364868,426789376.99083269,3363908.39281599,true,true,155472099887012264256.2465128833908173,154152191208130620016.0662209699854161,1319908678881644240.1802919134054012,true,true
14,0xcbcdf9626bc03e24f779434178a73a0b4bad62ed,25409170,266654,25525624167229924,12,S14_P12,265740:267300,0xc36442b4a4522e871399cd717abdd847ab11fe88:265740:267300,0xc36442b4a4522e871399cd717abdd847ab11fe88,265740,267300,1019405787891708,0.0399365665345975,1560,914,646,646,653465248648.5307692307692308,0.0000256003631632,494.7998020962082131,2033.8818234636884588,13.1647302552633592,91.7536178586227614,104.9183481138861206,91.7536178586227614,41716562.464573148,40075025.430021864,1641537.034551284,true,true,15787745561047961948.922968900671886,15157213428093444334.834538139276027,630532132954517614.088430761395859,true,true,212780391.32616881,204366142.39112621,8414248.9350426,true,true,78455932384095426788.8328067175291294,75322562962429337662.2916025045673528,3133369421666089126.5412042129617766,true,true,430153285.38364868,413605408.60254776,16547876.78110092,true,true,155472099887012264256.2465128833908173,148955763486391658440.4662317533096495,6516336400620605815.7802811300811678,true,true
14,0xcbcdf9626bc03e24f779434178a73a0b4bad62ed,25409170,266654,25525624167229924,13,S14_P13,266160:267180,0xc36442b4a4522e871399cd717abdd847ab11fe88:266160:267180,0xc36442b4a4522e871399cd717abdd847ab11fe88,266160,267180,1224318412028871,0.0479642889046633,1020,494,526,494,1200312168655.7558823529411765,0.0000470238126516,494.7998020962082131,2033.8818234636884588,11.9764234312450003,91.1650347555121758,103.1414581867571761,91.1650347555121758,41716562.464573148,39745697.619169352,1970864.845403796,true,true,15787745561047961948.922968900671886,15030492099912263134.766500493978304,757253461135698814.156468406693582,true,true,212780391.32616881,202672229.38790384,10108161.93826497,true,true,78455932384095426788.8328067175291294,74686299961517427644.6447652049452468,3769632422577999144.1880415125838826,true,true,430153285.38364868,410278942.54637093,19874342.83727775,true,true,155472099887012264256.2465128833908173,147639243112044737419.5724833688733676,7832856774967526836.6740295145174497,true,true
14,0xcbcdf9626bc03e24f779434178a73a0b4bad62ed,25409170,266654,25525624167229924,14,S14_P14,261600:268320,0xc36442b4a4522e871399cd717abdd847ab11fe88:261600:268320,0xc36442b4a4522e871399cd717abdd847ab11fe88,261600,268320,326152573608745,0.0127774573296219,6720,5054,1666,1666,48534609167.9680059523809524,0.0000019014073407,494.7998020962082131,2033.8818234636884588,4.8866417874355239,67.6053170696089226,72.4919588570444465,67.6053170696089226,41716562.464573148,41191296.619824344,525265.844748804,true,true,15787745561047961948.922968900671886,15586073383105244103.853268443525104,201672177942717845.069700457146782,true,true,212780391.32616881,210090490.8621005,2689900.46406831,true,true,78455932384095426788.8328067175291294,77455159755092525592.7776094747935419,1000772629002901196.0551972427355875,true,true,430153285.38364868,424858862.04819923,5294423.33544945,true,true,155472099887012264256.2465128833908173,153393595651155335811.7958749435153031,2078504235856928444.4506379398755142,true,true
14,0xcbcdf9626bc03e24f779434178a73a0b4bad62ed,25409170,266654,25525624167229924,15,S14_P15,253800:267180,0xc36442b4a4522e871399cd717abdd847ab11fe88:253800:267180,0xc36442b4a4522e871399cd717abdd847ab11fe88,253800,267180,802245669375144,0.0314290324153983,13380,12854,526,526,59958570207.4098654708520179,0.0000023489560849,494.7998020962082131,2033.8818234636884588,12.1933589459448962,59.2771668232402072,71.4705257691851034,59.2771668232402072,41716562.464573148,40424823.041511808,1291739.42306134,true,true,15787745561047961948.922968900671886,15291573481577732572.008630000283842,496172079470229376.914338900388044,true,true,212780391.32616881,206160471.22034645,6619920.10582236,true,true,78455932384095426788.8328067175291294,75996824547937862523.0570004687274664,2459107836157564265.775806248801663,true,true,430153285.38364868,417130619.05672658,13022666.3269221,true,true,155472099887012264256.2465128833908173,150348610305607846375.2368454664824888,5123489581404417881.0096674169083285,true,true
14,0xcbcdf9626bc03e24f779434178a73a0b4bad62ed,25409170,266654,25525624167229924,16,S14_P16,264600:266700,0xc36442b4a4522e871399cd717abdd847ab11fe88:264600:266700,0xc36442b4a4522e871399cd717abdd847ab11fe88,264600,266700,2290101863927024,0.0897177616078467,2100,2054,46,46,1090524697108.1066666666666667,0.0000427227436228,494.7998020962082131,2033.8818234636884588,36.4795191080850746,15.683229184445293,52.1627482925303676,36.4795191080850746,41716562.464573148,38030393.844100036,3686168.620473112,true,true,15787745561047961948.922968900671886,14371123321795774829.729105588477909,1416622239252187119.193863312193977,true,true,212780391.32616881,193948629.30014145,18831762.02602736,true,true,78455932384095426788.8328067175291294,73525892709014568604.306757338805088,4930039675080858184.5260493787240414,true,true,430153285.38364868,392973492.15649001,37179793.22715867,true,true,155472099887012264256.2465128833908173,149829213140208103240.7548877341833004,5642886746804161015.4916251492075169,true,true
14,0xcbcdf9626bc03e24f779434178a73a0b4bad62ed,25409170,266654,25525624167229924,17,S14_P17,265440:267420,0xc36442b4a4522e871399cd717abdd847ab11fe88:265440:267420,0xc36442b4a4522e871399cd717abdd847ab11fe88,265440,267420,426213693474830,0.0166974837003989,1980,1214,766,766,215259441148.904040404040404,0.000008433072576,494.7998020962082131,2033.8818234636884588,5.9209128355896283,44.315863488944307,50.2367763245339353,44.315863488944307,41716562.464573148,41030201.590111504,686360.874461644,true,true,15787745561047961948.922968900671886,15524036081634576952.35690070196244,263709479413384996.566068198709446,true,true,212780391.32616881,209265009.34793552,3515381.97823329,true,true,78455932384095426788.8328067175291294,77148523964280494627.9369257258711628,1307408419814932160.8958809916579666,true,true,430153285.38364868,423234683.25025712,6918602.13339156,true,true,155472099887012264256.2465128833908173,152754678749054875076.6867869348692288,2717421137957389179.5597259485215885,true,true
14,0xcbcdf9626bc03e24f779434178a73a0b4bad62ed,25409170,266654,25525624167229924,18,S14_P18,264720:266700,0xc36442b4a4522e871399cd717abdd847ab11fe88:264720:266700,0xc36442b4a4522e871399cd717abdd847ab11fe88,264720,266700,1438045783780983,0.0563373406409063,1980,1934,46,46,726285749384.3348484848484848,0.0000284532023439,494.7998020962082131,2033.8818234636884588,22.2798099305763933,9.8338634491106627,32.113673379687056,22.2798099305763933,41716562.464573148,39401772.928711124,2314789.535862024,true,true,15787745561047961948.922968900671886,14898065163874371697.114842226655006,889680397173590251.80812667401688,true,true,212780391.32616881,200904459.34924601,11875931.9769228,true,true,78455932384095426788.8328067175291294,75362174286160627975.377559578302028,3093758097934798813.4552471392271014,true,true,430153285.38364868,406809190.356554,23344095.02709468,true,true,155472099887012264256.2465128833908173,151937990961462913625.1022166390973852,3534108925549350631.1442962442934321,true,true
14,0xcbcdf9626bc03e24f779434178a73a0b4bad62ed,25409170,266654,25525624167229924,19,S14_P19,264780:266700,0xc36442b4a4522e871399cd717abdd847ab11fe88:264780:266700,0xc36442b4a4522e871399cd717abdd847ab11fe88,264780,266700,931440025416149,0.0364903917457165,1920,1874,46,46,485125013237.5776041666666667,0.0000190054123676,494.7998020962082131,2033.8818234636884588,14.1971153762647437,6.3640288668107609,20.5611442430755046,14.1971153762647437,41716562.464573148,40216993.280257,1499569.184316148,true,true,15787745561047961948.922968900671886,15211621794587768828.395836363090015,576123766460193120.527132537581871,true,true,212780391.32616881,205093051.55815055,7687339.76801826,true,true,78455932384095426788.8328067175291294,76458032057079998206.8354454525617894,1997900327015428581.99736126496734,true,true,430153285.38364868,415033402.55369243,15119882.82995625,true,true,155472099887012264256.2465128833908173,153186393663254521100.538923820135888,2285706223757743155.7075890632549293,true,true
14,0xcbcdf9626bc03e24f779434178a73a0b4bad62ed,25409170,266654,25525624167229924,20,S14_P20,263520:267180,0xc36442b4a4522e871399cd717abdd847ab11fe88:263520:267180,0xc36442b4a4522e871399cd717abdd847ab11fe88,263520,267180,225431872235380,0.0088315909831812,3660,3134,526,526,61593407714.5846994535519126,0.0000024130030009,494.7998020962082131,2033.8818234636884588,3.3675026792221859,16.4838769245995319,19.8513796038217178,16.4838769245995319,41716562.464573148,41353260.837246264,363301.627326884,true,true,15787745561047961948.922968900671886,15648255761960506196.810865862743695,139489799087455752.112103037928191,true,true,212780391.32616881,210921337.5003158,1859053.82585301,true,true,78455932384095426788.8328067175291294,77763993107715248258.6526779453575955,691939276380178530.1801287721715339,true,true,430153285.38364868,426493858.74402785,3659426.63962083,true,true,155472099887012264256.2465128833908173,154036122938636669571.9171282340480962,1435976948375594684.3293846493427211,true,true
15,0xcbcdf9626bc03e24f779434178a73a0b4bad62ed,25399170,266789,24798303634526799,1,S15_P1,-887220:887220,0xc36442b4a4522e871399cd717abdd847ab11fe88:-887220:887220,0xc36442b4a4522e871399cd717abdd847ab11fe88,-887220,887220,449908688640812,0.0181427203760181,1774440,1154009,620431,620431,253549676.8787966907869525,0.0000000102244767,513.4523544511991477,2509.7792376388618147,7.1374563524299553,1126.7087643411593282,1133.8462206935892835,1126.7087643411593282,40111324.775056184,39384228.216362756,727096.558693428,true,true,15441833542916710937.0348653824219075,15161588730929420481.3166149639026055,280244811987290455.718250418519302,true,true,202008326.0607224,198320210.08536314,3688115.97535926,true,true,76744140183748388824.1721776141510039,75290500700195544987.7190795528387945,1453639483552843836.4530980613122094,true,true,411039084.40661939,403791416.27702816,7247668.12959123,true,true,144032066856421357289.6414127841391776,141202246430639777658.9850575352091712,2829820425781579630.6563552489300064,true,true
15,0xcbcdf9626bc03e24f779434178a73a0b4bad62ed,25399170,266789,24798303634526799,2,S15_P2,264060:269880,0xc36442b4a4522e871399cd717abdd847ab11fe88:264060:269880,0xc36442b4a4522e871399cd717abdd847ab11fe88,264060,269880,1531050297289209,0.0617401222218088,5820,2729,3091,2729,263067061389.8984536082474227,0.000010608268423,513.4523544511991477,2509.7792376388618147,25.0510098974721982,748.6512613097701362,773.7022712072423344,748.6512613097701362,40111324.775056184,37636960.93212112,2474363.842935064,true,true,15441833542916710937.0348653824219075,14488153751257844772.2074989956374695,953679791658866164.827366386784438,true,true,202008326.0607224,189603466.29321078,12404859.76751162,true,true,76744140183748388824.1721776141510039,71773667571811757451.5222659607216918,4970472611936631372.6499116534293121,true,true,411039084.40661939,386354138.51172074,24684945.89489865,true,true,144032066856421357289.6414127841391776,134426462904787320140.8545240682731808,9605603951634037148.7868887158659968,true,true
15,0xcbcdf9626bc03e24f779434178a73a0b4bad62ed,25399170,266789,24798303634526799,3,S15_P3,256980:270840,0xc36442b4a4522e871399cd717abdd847ab11fe88:256980:270840,0xc36442b4a4522e871399cd717abdd847ab11fe88,256980,270840,625578436978542,0.0252266625249134,13860,9809,4051,4051,45135529363.5311688311688312,0.0000018201055213,513.4523544511991477,2509.7792376388618147,9.9732895812187435,348.285837996481837,358.2591275777005805,348.285837996481837,40111324.775056184,39100326.349040292,1010998.426015892,true,true,15441833542916710937.0348653824219075,15052022577631712457.477217711308444,389810965284998479.5576476711134635,true,true,202008326.0607224,196903476.49364197,5104849.56708043,true,true,76744140183748388824.1721776141510039,74721198761570853807.967759065795383,2022941422177535016.2044185483556209,true,true,411039084.40661939,400960211.87719964,10078872.52941975,true,true,144032066856421357289.6414127841391776,140098933150213939005.5120165620035504,3933133706207418284.1293962221356272,true,true
15,0xcbcdf9626bc03e24f779434178a73a0b4bad62ed,25399170,266789,24798303634526799,4,S15_P4,263700:267360,0xc36442b4a4522e871399cd717abdd847ab11fe88:263700:267360,0xc36442b4a4522e871399cd717abdd847ab11fe88,263700,267360,2808707304810798,0.1132620741404352,3660,3089,571,571,767406367434.6442622950819672,0.0000309459218963,513.4523544511991477,2509.7792376388618147,47.8136585837862845,286.7127855995889582,334.5264441833752427,286.7127855995889582,40111324.775056184,35572024.07571044,4539300.699345744,true,true,15441833542916710937.0348653824219075,13692589168401238992.93995163948753,1749244374515471944.0949137429343775,true,true,202008326.0607224,179306136.20186776,22702189.85885464,true,true,76744140183748388824.1721776141510039,67585420222733776690.0340085068195346,9158719961014612134.1381691073314693,true,true,411039084.40661939,365701378.01766194,45337706.38895745,true,true,144032066856421357289.6414127841391776,126463239588394572809.9289782650302096,17568827268026784479.712434519108968,true,true
15,0xcbcdf9626bc03e24f779434178a73a0b4bad62ed,25399170,266789,24798303634526799,5,S15_P5,264660:267660,0xc36442b4a4522e871399cd717abdd847ab11fe88:264660:267660,0xc36442b4a4522e871399cd717abdd847ab11fe88,264660,267660,1860454169582933,0.0750234450308373,3000,2129,871,871,620151389860.9776666666666667,0.0000250078150103,513.4523544511991477,2509.7792376388618147,30.7438092542772894,280.0444917368227076,310.788300991099997,280.0444917368227076,40111324.775056184,37104589.81938138,3006734.955674804,true,true,15441833542916710937.0348653824219075,14283196906989225295.7675451944012445,1158636635927485641.267320188020663,true,true,202008326.0607224,186948301.60191773,15060024.45880467,true,true,76744140183748388824.1721776141510039,70696482947811853949.4236180694413293,6047657235936534874.7485595447096746,true,true,411039084.40661939,381034586.81092568,30004497.59569371,true,true,144032066856421357289.6414127841391776,132368753648794284077.5745125267976808,11663313207627073212.0669002573414968,true,true
15,0xcbcdf9626bc03e24f779434178a73a0b4bad62ed,25399170,266789,24798303634526799,6,S15_P6,265860:267180,0xc36442b4a4522e871399cd717abdd847ab11fe88:265860:267180,0xc36442b4a4522e871399cd717abdd847ab11fe88,265860,267180,3011272554760745,0.1214305865086729,1320,929,391,391,2281267086939.9583333333333333,0.0000919928685672,513.4523544511991477,2509.7792376388618147,42.8235830592961022,212.0101131316246882,254.8336961909207904,212.0101131316246882,40111324.775056184,35244631.768126228,4866693.006929956,true,true,15441833542916710937.0348653824219075,13566572356004660699.23690327756569,1875261186912050237.7979621048562175,true,true,202008326.0607224,177673485.18393678,24334840.87678562,true,true,76744140183748388824.1721776141510039,66919302039641694264.8304184559299502,9824838144106694559.3417591582210537,true,true,411039084.40661939,362421823.35951293,48617261.04710646,true,true,144032066856421357289.6414127841391776,125205056376886510299.7633744575420608,18827010479534846989.8780383265971168,true,true
15,0xcbcdf9626bc03e24f779434178a73a0b4bad62ed,25399170,266789,24798303634526799,7,S15_P7,251340:273540,0xc36442b4a4522e871399cd717abdd847ab11fe88:251340:273540,0xc36442b4a4522e871399cd717abdd847ab11fe88,251340,273540,307652887865136,0.0124062069889647,22200,15449,6751,6751,13858238192.1232432432432432,0.0000005588381527,513.4523544511991477,2509.7792376388618147,4.8613547688686437,249.4873415929318469,254.3486963618004906,249.4873415929318469,40111324.775056184,39614128.455006228,497196.320049956,true,true,15441833542916710937.0348653824219075,15249858914403852111.339775649817207,191974628512858825.6950897326047005,true,true,202008326.0607224,199467497.69737549,2540828.36334691,true,true,76744140183748388824.1721776141510039,75750907955400434257.5362102867215926,993232228347954566.6359673274294113,true,true,411039084.40661939,406083545.15076743,4955539.25585196,true,true,144032066856421357289.6414127841391776,142096409290960840389.82540426771102,1935657565460516899.8160085164281576,true,true
15,0xcbcdf9626bc03e24f779434178a73a0b4bad62ed,25399170,266789,24798303634526799,8,S15_P8,261780:268560,0xc36442b4a4522e871399cd717abdd847ab11fe88:261780:268560,0xc36442b4a4522e871399cd717abdd847ab11fe88,261780,268560,794204255030087,0.0320265557973213,6780,5009,1771,1771,117139270653.4051622418879056,0.0000047236807961,513.4523544511991477,2509.7792376388618147,12.7218628848333398,221.7355083151691353,234.4573712000024751,221.7355083151691353,40111324.775056184,38827806.986614012,1283517.788442172,true,true,15441833542916710937.0348653824219075,14947026683334005804.223385618225827,494806859582705132.8114797641960805,true,true,202008326.0607224,195543632.71100855,6464693.34971385,true,true,76744140183748388824.1721776141510039,74173912654978713671.1485439405294887,2570227528769675153.0236336736215152,true,true,411039084.40661939,398241746.10038984,12797338.30622955,true,true,144032066856421357289.6414127841391776,139040737450366141920.04352599984226,4991329406055215369.5978867842969176,true,true
15,0xcbcdf9626bc03e24f779434178a73a0b4bad62ed,25399170,266789,24798303634526799,9,S15_P9,266040:268200,0xc36442b4a4522e871399cd717abdd847ab11fe88:266040:268200,0xc36442b4a4522e871399cd717abdd847ab11fe88,266040,268200,883221633991913,0.0356162117783815,2160,749,1411,749,408898904625.8856481481481481,0.0000164889869344,513.4523544511991477,2509.7792376388618147,11.1098681629330186,201.7081780598734031,212.8180462228064217,201.7081780598734031,40111324.775056184,38683943.81188454,1427380.963171644,true,true,15441833542916710937.0348653824219075,14891750090190117947.882761199102634,550083452726592989.1521041833192735,true,true,202008326.0607224,194825956.78761002,7182369.27311238,true,true,76744140183748388824.1721776141510039,73884732871802171379.1927134742780403,2859407311946217444.9794641398729636,true,true,411039084.40661939,396806440.23906701,14232644.16755238,true,true,144032066856421357289.6414127841391776,138482450889613131974.3347319416292064,5549615966808225315.3066808425099712,true,true
15,0xcbcdf9626bc03e24f779434178a73a0b4bad62ed,25399170,266789,24798303634526799,10,S15_P10,260040:271740,0xc36442b4a4522e871399cd717abdd847ab11fe88:260040:271740,0xc36442b4a4522e871399cd717abdd847ab11fe88,260040,271740,261711776277828,0.0105536160914429,11700,6749,4951,4951,22368527886.9938461538461538,0.0000009020184694,513.4523544511991477,2509.7792376388618147,4.1301366548708788,164.330145201312113,168.4602818561829918,164.330145201312113,40111324.775056184,39688373.909111252,422950.865944932,true,true,15441833542916710937.0348653824219075,15278659973418389431.19439209630685,163173569498321505.8404732861150575,true,true,202008326.0607224,199838112.72604891,2170213.33467349,true,true,76744140183748388824.1721776141510039,75899393623916798943.4620096875236065,844746559831589880.7101679266273974,true,true,411039084.40661939,406823744.68515182,4215339.72146757,true,true,144032066856421357289.6414127841391776,142385280196542570966.8050348896203496,1646786659878786322.836377894518828,true,true
15,0xcbcdf9626bc03e24f779434178a73a0b4bad62ed,25399170,266789,24798303634526799,11,S15_P11,261420:271860,0xc36442b4a4522e871399cd717abdd847ab11fe88:261420:271860,0xc36442b4a4522e871399cd717abdd847ab11fe88,261420,271860,207227673886313,0.0083565261939042,10440,5369,5071,5071,19849394050.4131226053639847,0.0000008004335435,513.4523544511991477,2509.7792376388618147,3.2653652353854635,131.6835966520391275,134.948961887424591,131.6835966520391275,40111324.775056184,39776425.580576184,334899.19448,true,true,15441833542916710937.0348653824219075,15312767290383803956.1509309657552005,129066252532906980.883934416666707,true,true,202008326.0607224,200286024.64119545,1722301.41952695,true,true,76744140183748388824.1721776141510039,76075406188784733603.1020581806184902,668733994963655221.0701194335325137,true,true,411039084.40661939,407701374.21822422,3337710.18839517,true,true,144032066856421357289.6414127841391776,142727922899891960515.3482676627198952,1304143956529396774.2931451214192824,true,true
15,0xcbcdf9626bc03e24f779434178a73a0b4bad62ed,25399170,266789,24798303634526799,12,S15_P12,265740:267300,0xc36442b4a4522e871399cd717abdd847ab11fe88:265740:267300,0xc36442b4a4522e871399cd717abdd847ab11fe88,265740,267300,1019405787891708,0.0411078839470448,1560,1049,511,511,653465248648.5307692307692308,0.0000263512076584,513.4523544511991477,2509.7792376388618147,14.4093888971731371,90.3295951410392892,104.7389840382124263,90.3295951410392892,40111324.775056184,38463852.55789766,1647472.217158524,true,true,15441833542916710937.0348653824219075,14806744345898936022.67927248751377,635089197017774914.3555928949081375,true,true,202008326.0607224,193727915.17254412,8280410.88817828,true,true,76744140183748388824.1721776141510039,73441820618689421011.3948235902049597,3302319565058967812.7773540239460442,true,true,411039084.40661939,394610151.03681368,16428933.36980571,true,true,144032066856421357289.6414127841391776,137628787742439485597.2683529311655872,6403279113981871692.3730598529735904,true,true
15,0xcbcdf9626bc03e24f779434178a73a0b4bad62ed,25399170,266789,24798303634526799,13,S15_P13,266160:267180,0xc36442b4a4522e871399cd717abdd847ab11fe88:266160:267180,0xc36442b4a4522e871399cd717abdd847ab11fe88,266160,267180,1224318412028871,0.0493710549750769,1020,629,391,391,1200312168655.7558823529411765,0.0000484029950736,513.4523544511991477,2509.7792376388618147,14.2639501411745835,84.1231989301987822,98.3871490713733657,84.1231989301987822,40111324.775056184,38132685.570872756,1978639.204183428,true,true,15441833542916710937.0348653824219075,14679047733506853441.0428317482717315,762785809409857495.992033634150176,true,true,202008326.0607224,192075909.55009915,9932416.51062325,true,true,76744140183748388824.1721776141510039,72774462924217276786.6101696903402948,3969677259531112037.5620079238107091,true,true,411039084.40661939,391304465.40663731,19734618.99998208,true,true,144032066856421357289.6414127841391776,136345335152054977446.4079904799542832,7686731704366379843.2334223041848944,true,true
15,0xcbcdf9626bc03e24f779434178a73a0b4bad62ed,25399170,266789,24798303634526799,14,S15_P14,257340:270120,0xc36442b4a4522e871399cd717abdd847ab11fe88:257340:270120,0xc36442b4a4522e871399cd717abdd847ab11fe88,257340,270120,195458024622800,0.0078819110977681,12780,9449,3331,3331,15294055134.8043818466353678,0.0000006167379576,513.4523544511991477,2509.7792376388618147,3.078903799880506,88.3049639146964665,91.3838677145769725,88.3049639146964665,40111324.775056184,39795446.47584464,315878.299211544,true,true,15441833542916710937.0348653824219075,15320031832600456464.697824193409223,121801710316254472.3370411890126845,true,true,202008326.0607224,200383945.9281128,1624380.1326096,true,true,76744140183748388824.1721776141510039,76113469295394940703.3682589929611536,630670888353448120.8039186211898503,true,true,411039084.40661939,407891002.53715145,3148081.86946794,true,true,144032066856421357289.6414127841391776,142801988191746321218.2376096284788392,1230078664675036071.4038031556603384,true,true
15,0xcbcdf9626bc03e24f779434178a73a0b4bad62ed,25399170,266789,24798303634526799,15,S15_P15,261900:269820,0xc36442b4a4522e871399cd717abdd847ab11fe88:261900:269820,0xc36442b4a4522e871399cd717abdd847ab11fe88,261900,269820,200300690906717,0.0080771932571967,7920,4889,3031,3031,25290491276.1006313131313131,0.0000010198476335,513.4523544511991477,2509.7792376388618147,3.1556114838880318,83.8821020944189185,87.0377135783069503,83.8821020944189185,40111324.775056184,39787620.257922188,323704.517133996,true,true,15441833542916710937.0348653824219075,15316659527676517338.0527227882349175,125174015240193598.98214259418699,true,true,202008326.0607224,200343648.89123159,1664677.16949081,true,true,76744140183748388824.1721776141510039,76097803481180955979.9566703424239924,646336702567432844.2155072717270115,true,true,411039084.40661939,407812977.92540567,3226106.48121372,true,true,144032066856421357289.6414127841391776,142771508973672323014.3181132110621504,1260557882749034275.3232995730770272,true,true
15,0xcbcdf9626bc03e24f779434178a73a0b4bad62ed,25399170,266789,24798303634526799,16,S15_P16,261600:268320,0xc36442b4a4522e871399cd717abdd847ab11fe88:261600:268320,0xc36442b4a4522e871399cd717abdd847ab11fe88,261600,268320,326152573608745,0.0131522130874566,6720,5189,1531,1531,48534609167.9680059523809524,0.0000019571745666,513.4523544511991477,2509.7792376388618147,5.1563305280454841,78.0047021952641409,83.161032723309625,78.0047021952641409,40111324.775056184,39584231.078283376,527093.696772808,true,true,15441833542916710937.0348653824219075,15238413552342529690.709876641294143,203419990574181246.3249887411277645,true,true,202008326.0607224,199318317.46707502,2690008.59364738,true,true,76744140183748388824.1721776141510039,75691068713552814193.1710754426821065,1053071470195574631.0011021714688974,true,true,411039084.40661939,405785491.29769586,5253593.10892353,true,true,144032066856421357289.6414127841391776,141980108794141652671.9740282787689432,2051958062279704617.6673845053702344,true,true
15,0xcbcdf9626bc03e24f779434178a73a0b4bad62ed,25399170,266789,24798303634526799,17,S15_P17,266700:266880,0xc36442b4a4522e871399cd717abdd847ab11fe88:266700:266880,0xc36442b4a4522e871399cd717abdd847ab11fe88,266700,266880,4201736073041864,0.1694364314175009,180,89,91,89,23342978183565.9111111111111111,0.000941313507875,513.4523544511991477,2509.7792376388618147,11.2205378586235686,69.7906192898579555,81.0111571484815241,69.7906192898579555,40111324.775056184,33320420.505587944,6790904.26946824,true,true,15441833542916710937.0348653824219075,12825052812713997762.1895536330800615,2616780730202713174.845311749341846,true,true,202008326.0607224,169456830.58574325,32551495.47497915,true,true,76744140183748388824.1721776141510039,63806422136247343014.6091133960381876,12937718047501045809.5630642181128163,true,true,411039084.40661939,365356533.23412041,45682551.17249898,true,true,144032066856421357289.6414127841391776,127291022633181972146.0420207048490264,16741044223239385143.5993920792901512,true,true
15,0xcbcdf9626bc03e24f779434178a73a0b4bad62ed,25399170,266789,24798303634526799,18,S15_P18,253800:267180,0xc36442b4a4522e871399cd717abdd847ab11fe88:253800:267180,0xc36442b4a4522e871399cd717abdd847ab11fe88,253800,267180,802245669375144,0.0323508285566023,13380,12989,391,391,59958570207.4098654708520179,0.0000024178496679,513.4523544511991477,2509.7792376388618147,12.8535824276102361,54.8079783249229888,67.6615607525332249,54.8079783249229888,40111324.775056184,38814811.073798208,1296513.701257976,true,true,15441833542916710937.0348653824219075,14941848755319006646.6695476389879575,499984787597704290.36531774343395,true,true,202008326.0607224,195478930.17883529,6529395.88188711,true,true,76744140183748388824.1721776141510039,74147815355124366271.1771882965347319,2596324828624022552.994989317616272,true,true,411039084.40661939,398112187.09147952,12926897.31513987,true,true,144032066856421357289.6414127841391776,138990294484444700895.1266656105038616,5041772371976656394.514747173635316,true,true
15,0xcbcdf9626bc03e24f779434178a73a0b4bad62ed,25399170,266789,24798303634526799,19,S15_P19,265440:267420,0xc36442b4a4522e871399cd717abdd847ab11fe88:265440:267420,0xc36442b4a4522e871399cd717abdd847ab11fe88,265440,267420,426213693474830,0.0171872116640031,1980,1349,631,631,215259441148.904040404040404,0.0000086804099313,513.4523544511991477,2509.7792376388618147,6.3870019246355562,45.5813159883315263,51.9683179129670825,45.5813159883315263,40111324.775056184,39422521.864253688,688802.910802496,true,true,15441833542916710937.0348653824219075,15176280325712617307.2548844206405105,265553217204093629.779980961781397,true,true,202008326.0607224,198511259.17365664,3497066.88706576,true,true,76744140183748388824.1721776141510039,75367167823840530830.3359442358371319,1376972359907857993.836233378313872,true,true,411039084.40661939,404173199.66772917,6865884.73889022,true,true,144032066856421357289.6414127841391776,141351134435237606359.8913684676557216,2680932421183750929.750044316483456,true,true
15,0xcbcdf9626bc03e24f779434178a73a0b4bad62ed,25399170,266789,24798303634526799,20,S15_P20,263520:267180,0xc36442b4a4522e871399cd717abdd847ab11fe88:263520:267180,0xc36442b4a4522e871399cd717abdd847ab11fe88,263520,267180,225431872235380,0.0090906166630491,3660,3269,391,391,61593407714.5846994535519126,0.0000024837750445,513.4523544511991477,2509.7792376388618147,3.5540197099431239,15.281354196881863,18.8353739068249869,15.281354196881863,40111324.775056184,39747005.818267396,364318.956788788,true,true,15441833542916710937.0348653824219075,15301229384425863487.2289456255186695,140604158490847449.805919756903238,true,true,202008326.0607224,200134696.79439722,1873629.26632518,true,true,76744140183748388824.1721776141510039,76016615892721544355.576941510293067,727524291026844468.5952361038579369,true,true,411039084.40661939,407408123.29964141,3630961.10697798,true,true,144032066856421357289.6414127841391776,142613449117280565137.5457808124317544,1418617739140792152.0956319717074232,true,true
16,0xcbcdf9626bc03e24f779434178a73a0b4bad62ed,25389170,266633,26117522173067359,1,S16_P1,-887220:887220,0xc36442b4a4522e871399cd717abdd847ab11fe88:-887220:887220,0xc36442b4a4522e871399cd717abdd847ab11fe88,-887220,887220,449908688640812,0.0172263159445027,1774440,1153853,620587,620587,253549676.8787966907869525,0.0000000097080295,492.5478477785388684,1981.024905818478546,6.7222502737459204,859.7414089319211535,866.4636592056670739,859.7414089319211535,42573247.161245216,41840492.305363924,732754.855881292,true,true,15916137171861796369.9659574633972822,15636426716849106059.5623015304466866,279710455012690310.4036559329505956,true,true,213870224.5101014,210150379.73980967,3719844.77029173,true,true,78595095324408293988.2174538469178902,77218166267428499142.0223701743188654,1376929056979794846.1950836725990248,true,true,431254262.97271196,423950885.46188456,7303377.5108274,true,true,155377385256206375782.5321495179207548,152577122174100398182.941319390925938,2800263082105977599.5908301269948168,true,true
16,0xcbcdf9626bc03e24f779434178a73a0b4bad62ed,25389170,266633,26117522173067359,2,S16_P2,264060:269880,0xc36442b4a4522e871399cd717abdd847ab11fe88:264060:269880,0xc36442b4a4522e871399cd717abdd847ab11fe88,264060,269880,1531050297289209,0.0586215754750289,5820,2573,3247,2573,263067061389.8984536082474227,0.0000100724356486,492.5478477785388684,1981.024905818478546,23.6523167988468727,605.5951069593059907,629.2474237581528634,605.5951069593059907,42573247.161245216,40079633.613366332,2493613.547878884,true,true,15916137171861796369.9659574633972822,14965440683878452029.4080523310186114,950696487983344340.5579051323786708,true,true,213870224.5101014,201190965.35049668,12679259.15960472,true,true,78595095324408293988.2174538469178902,73874027703544025059.8905605387668746,4721067620864268928.3268933081510156,true,true,431254262.97271196,406406126.25358712,24848136.71912484,true,true,155377385256206375782.5321495179207548,145781141378863798613.9912153817321334,9596243877342577168.5409341361886214,true,true
16,0xcbcdf9626bc03e24f779434178a73a0b4bad62ed,25389170,266633,26117522173067359,3,S16_P3,263700:267360,0xc36442b4a4522e871399cd717abdd847ab11fe88:263700:267360,0xc36442b4a4522e871399cd717abdd847ab11fe88,263700,267360,2808707304810798,0.1075411092292348,3660,2933,727,727,767406367434.6442622950819672,0.0000293828167293,492.5478477785388684,1981.024905818478546,45.240370384872455,287.7726270895591161,333.0129974744315711,287.7726270895591161,42573247.161245216,37998646.828514636,4574600.33273058,true,true,15916137171861796369.9659574633972822,14172573485883475727.78032567938154,1743563685978320642.1856317840157422,true,true,213870224.5101014,190742166.92807017,23128057.58203123,true,true,78595095324408293988.2174538469178902,69894247843285492310.8661581701873348,8700847481122801677.3512956767305554,true,true,431254262.97271196,385675340.46444674,45578922.50826522,true,true,155377385256206375782.5321495179207548,137643532594424272505.7093287144916682,17733852661782103276.8228208034290866,true,true
16,0xcbcdf9626bc03e24f779434178a73a0b4bad62ed,25389170,266633,26117522173067359,4,S16_P4,256980:270840,0xc36442b4a4522e871399cd717abdd847ab11fe88:256980:270840,0xc36442b4a4522e871399cd717abdd847ab11fe88,256980,270840,625578436978542,0.0239524420744493,13860,9653,4207,4207,45135529363.5311688311688312,0.0000017281704238,492.5478477785388684,1981.024905818478546,9.3970108775159297,282.9760217033661468,292.3730325808820765,282.9760217033661468,42573247.161245216,41554381.474536792,1018865.686708424,true,true,15916137171861796369.9659574633972822,15527424267426020860.0063375081551472,388712904435775509.959619955242135,true,true,213870224.5101014,208696661.15162651,5173563.35847489,true,true,78595095324408293988.2174538469178902,76680699523739156726.3644755299206804,1914395800669137261.8529783169972098,true,true,431254262.97271196,421099505.69811575,10154757.27459621,true,true,155377385256206375782.5321495179207548,151479152568743337798.4149348330376714,3898232687463037984.1172146848830834,true,true
16,0xcbcdf9626bc03e24f779434178a73a0b4bad62ed,25389170,266633,26117522173067359,5,S16_P5,264660:267660,0xc36442b4a4522e871399cd717abdd847ab11fe88:264660:267660,0xc36442b4a4522e871399cd717abdd847ab11fe88,264660,267660,1860454169582933,0.0712339462087813,3000,1973,1027,1027,620151389860.9776666666666667,0.0000237446487363,492.5478477785388684,1981.024905818478546,29.0379401706638105,258.8284664027311725,287.866406573394983,258.8284664027311725,42573247.161245216,39543123.193175328,3030123.968069888,true,true,15916137171861796369.9659574633972822,14760948881867259434.3224846297285504,1155188289994536935.6434728336687318,true,true,213870224.5101014,198482020.26637332,15388204.24372808,true,true,78595095324408293988.2174538469178902,72847731849920323609.6608819368870824,5747363474487970378.5565719100308078,true,true,431254262.97271196,401061575.91296321,30192687.05974875,true,true,155377385256206375782.5321495179207548,143693241110975920112.1767956396234954,11684144145230455670.3553538782972594,true,true
16,0xcbcdf9626bc03e24f779434178a73a0b4bad62ed,25389170,266633,26117522173067359,6,S16_P6,265860:267180,0xc36442b4a4522e871399cd717abdd847ab11fe88:265860:267180,0xc36442b4a4522e871399cd717abdd847ab11fe88,265860,267180,3011272554760745,0.1152970230026644,1320,773,547,547,2281267086939.9583333333333333,0.0000873462295475,492.5478477785388684,1981.024905818478546,38.0277959039364691,234.6718730875636724,272.6996689915001415,234.6718730875636724,42573247.161245216,37668711.265962,4904535.895283216,true,true,15916137171861796369.9659574633972822,14046768040179471630.7936600503591016,1869369131682324739.1722974130381806,true,true,213870224.5101014,189088536.38407178,24781688.12602962,true,true,78595095324408293988.2174538469178902,69263669032589324178.8407148976848324,9331426291818969809.3767389492330578,true,true,431254262.97271196,382387854.96920153,48866408.00351043,true,true,155377385256206375782.5321495179207548,136344574346968191998.024174492377081,19032810909238183784.5079750255436738,true,true
16,0xcbcdf9626bc03e24f779434178a73a0b4bad62ed,25389170,266633,26117522173067359,7,S16_P7,251340:273540,0xc36442b4a4522e871399cd717abdd847ab11fe88:251340:273540,0xc36442b4a4522e871399cd717abdd847ab11fe88,251340,273540,307652887865136,0.0117795587891715,22200,15293,6907,6907,13858238192.1232432432432432,0.0000005306107563,492.5478477785388684,1981.024905818478546,4.5770518378770088,201.293703879421096,205.8707557172981048,201.293703879421096,42573247.161245216,42072181.491521308,501065.669723908,true,true,15916137171861796369.9659574633972822,15725012776631896696.0834364761030282,191124395229899673.882520987294254,true,true,213870224.5101014,211327105.11880199,2543119.39129941,true,true,78595095324408293988.2174538469178902,77653412372379336926.3826475290821452,941682952028957061.834806317835745,true,true,431254262.97271196,426260162.92621832,4994100.04649364,true,true,155377385256206375782.5321495179207548,153464320406121346721.0521564545614716,1913064850085029061.4799930633592832,true,true
16,0xcbcdf9626bc03e24f779434178a73a0b4bad62ed,25389170,266633,26117522173067359,8,S16_P8,261780:268560,0xc36442b4a4522e871399cd717abdd847ab11fe88:261780:268560,0xc36442b4a4522e871399cd717abdd847ab11fe88,261780,268560,794204255030087,0.0304088668812954,6780,4853,1927,1927,117139270653.4051622418879056,0.0000044850836108,492.5478477785388684,1981.024905818478546,11.9916291886206043,186.5939798282026605,198.5856090168232648,186.5939798282026605,42573247.161245216,41279741.918289712,1293505.242955504,true,true,15916137171861796369.9659574633972822,15422559804848890048.608361689083029,493577367012906321.3575957743142532,true,true,213870224.5101014,207300457.20116552,6569767.30893588,true,true,78595095324408293988.2174538469178902,76165088482400198391.8697022796736736,2430006842008095596.3477515672442166,true,true,431254262.97271196,418362742.64242676,12891520.3302852,true,true,155377385256206375782.5321495179207548,150422842807763753065.1123905521128002,4954542448442622717.4197589658079546,true,true
16,0xcbcdf9626bc03e24f779434178a73a0b4bad62ed,25389170,266633,26117522173067359,9,S16_P9,266040:268200,0xc36442b4a4522e871399cd717abdd847ab11fe88:266040:268200,0xc36442b4a4522e871399cd717abdd847ab11fe88,266040,268200,883221633991913,0.0338172062471799,2160,593,1567,593,408898904625.8856481481481481,0.0000156561140033,492.5478477785388684,1981.024905818478546,9.4683457538612031,174.1402604658273024,183.6086062196885055,174.1402604658273024,42573247.161245216,41134759.574709632,1438487.586535584,true,true,15916137171861796369.9659574633972822,15367613341958940114.9897518825187934,548523829902856254.9762055808784888,true,true,213870224.5101014,206563245.72602546,7306978.78407594,true,true,78595095324408293988.2174538469178902,75892956779076213617.7596171788869196,2702138545332080370.4578366680309706,true,true,431254262.97271196,416918150.01741941,14336112.95529255,true,true,155377385256206375782.5321495179207548,149864312725530654601.3402055017393066,5513072530675721181.1919440161814482,true,true
16,0xcbcdf9626bc03e24f779434178a73a0b4bad62ed,25389170,266633,26117522173067359,10,S16_P10,260040:271740,0xc36442b4a4522e871399cd717abdd847ab11fe88:260040:271740,0xc36442b4a4522e871399cd717abdd847ab11fe88,260040,271740,261711776277828,0.0100205438534176,11700,6593,5107,5107,22368527886.9938461538461538,0.0000008564567396,492.5478477785388684,1981.024905818478546,3.8882077556565114,133.3165963396616687,137.2048040953181801,133.3165963396616687,42573247.161245216,42147004.709054964,426242.452190252,true,true,15916137171861796369.9659574633972822,15753629260991894152.0685404355192428,162507910869902217.8974170278780394,true,true,213870224.5101014,211706932.77646094,2163291.73364046,true,true,78595095324408293988.2174538469178902,77794031357895577877.0515196236952584,801063966512716111.1659342232226318,true,true,431254262.97271196,427005907.05571754,4248355.91699442,true,true,155377385256206375782.5321495179207548,153750487649931423788.494639353445456,1626897606274951994.0375101644752988,true,true
16,0xcbcdf9626bc03e24f779434178a73a0b4bad62ed,25389170,266633,26117522173067359,11,S16_P11,265740:267300,0xc36442b4a4522e871399cd717abdd847ab11fe88:265740:267300,0xc36442b4a4522e871399cd717abdd847ab11fe88,265740,267300,1019405787891708,0.0390314893249303,1560,893,667,667,653465248648.5307692307692308,0.0000250201854647,492.5478477785388684,1981.024905818478546,12.9952916653598018,92.1452873266796171,105.1405789920394189,92.1452873266796171,42573247.161245216,40912956.256731772,1660290.904513444,true,true,15916137171861796369.9659574633972822,15283002849231688909.9773603866757736,633134322630107459.9885970767215086,true,true,213870224.5101014,205434807.81552446,8435416.69457694,true,true,78595095324408293988.2174538469178902,75468560217172750473.8615648699382184,3126535107235543514.3558889769796718,true,true,431254262.97271196,414708160.21917767,16546102.75353429,true,true,155377385256206375782.5321495179207548,149008665262854387122.3532490583291296,6368719993351988660.1789004595916252,true,true
16,0xcbcdf9626bc03e24f779434178a73a0b4bad62ed,25389170,266633,26117522173067359,12,S16_P12,266160:267180,0xc36442b4a4522e871399cd717abdd847ab11fe88:266160:267180,0xc36442b4a4522e871399cd717abdd847ab11fe88,266160,267180,1224318412028871,0.0468772804677237,1020,473,547,473,1200312168655.7558823529411765,0.0000459581181056,492.5478477785388684,1981.024905818478546,11.6169320854500428,92.2280568018796829,103.8449888873297257,92.2280568018796829,42573247.161245216,40579213.42509064,1994033.736154576,true,true,15916137171861796369.9659574633972822,15155573956894756855.1549420652011608,760563214967039514.8110153981961214,true,true,213870224.5101014,203736070.151426,10134154.3586754,true,true,78595095324408293988.2174538469178902,74829902630022603775.1330319097942824,3765192694385690213.0844219371236078,true,true,431254262.97271196,411383086.25913797,19871176.71357399,true,true,155377385256206375782.5321495179207548,147718390353232980934.5293934053287996,7658994902973394848.0027561125919552,true,true
16,0xcbcdf9626bc03e24f779434178a73a0b4bad62ed,25389170,266633,26117522173067359,13,S16_P13,253800:267180,0xc36442b4a4522e871399cd717abdd847ab11fe88:253800:267180,0xc36442b4a4522e871399cd717abdd847ab11fe88,253800,267180,802245669375144,0.030716760344227,13380,12833,547,547,59958570207.4098654708520179,0.0000022957219988,492.5478477785388684,1981.024905818478546,12.1160327252019884,59.961951455644122,72.0779841808461104,59.961951455644122,42573247.161245216,41266644.902720776,1306602.25852444,true,true,15916137171861796369.9659574633972822,15417707372130761300.476271502468787,498429799731035069.4896859609284952,true,true,213870224.5101014,207233889.49389182,6636335.01620958,true,true,78595095324408293988.2174538469178902,76140554802204136821.0776812460577316,2454540522204157167.1397726008601586,true,true,431254262.97271196,418232259.74146493,13022003.23124703,true,true,155377385256206375782.5321495179207548,150372436734594215848.9397641609525006,5004948521612159933.5923853569682542,true,true
16,0xcbcdf9626bc03e24f779434178a73a0b4bad62ed,25389170,266633,26117522173067359,14,S16_P14,261600:268320,0xc36442b4a4522e871399cd717abdd847ab11fe88:261600:268320,0xc36442b4a4522e871399cd717abdd847ab11fe88,261600,268320,326152573608745,0.0124878834771346,6720,5033,1687,1687,48534609167.9680059523809524,0.0000018583159936,492.5478477785388684,1981.024905818478546,4.8549887510214838,66.478287405253847,71.3332761562753308,66.478287405253847,42573247.161245216,42042051.463338532,531195.697906684,true,true,15916137171861796369.9659574633972822,15713461172681701476.5079768036668254,202675999180094893.4579806597304568,true,true,213870224.5101014,211174078.89664325,2696145.61345815,true,true,78595095324408293988.2174538469178902,77596810062800254346.5953856335884296,998285261608039641.6220682133294606,true,true,431254262.97271196,425959743.36777626,5294519.6049357,true,true,155377385256206375782.5321495179207548,153349042093036425486.1451227114656472,2028343163169950296.3870268064551076,true,true
16,0xcbcdf9626bc03e24f779434178a73a0b4bad62ed,25389170,266633,26117522173067359,15,S16_P15,264600:266700,0xc36442b4a4522e871399cd717abdd847ab11fe88:264600:266700,0xc36442b4a4522e871399cd717abdd847ab11fe88,264600,266700,2290101863927024,0.0876844996532098,2100,2033,67,67,1090524697108.1066666666666667,0.0000417545236444,492.5478477785388684,1981.024905818478546,36.2535669097210854,22.3255785548098135,58.5791454645308989,36.2535669097210854,42573247.161245216,38843335.474997132,3729911.686248084,true,true,15916137171861796369.9659574633972822,14494042815240383589.25366315182739,1422094356621412780.7122943115698922,true,true,213870224.5101014,194975377.50427007,18894847.00583133,true,true,78595095324408293988.2174538469178902,72417135749732098629.2281791470119536,6177959574676195358.9892746999059366,true,true,431254262.97271196,394090592.33451704,37163670.63819492,true,true,155377385256206375782.5321495179207548,147808835492449768316.4667628018650894,7568549763756607466.0653867160556654,true,true
16,0xcbcdf9626bc03e24f779434178a73a0b4bad62ed,25389170,266633,26117522173067359,16,S16_P16,265440:267420,0xc36442b4a4522e871399cd717abdd847ab11fe88:265440:267420,0xc36442b4a4522e871399cd717abdd847ab11fe88,265440,267420,426213693474830,0.0163190708004585,1980,1193,787,787,215259441148.904040404040404,0.0000082419549497,492.5478477785388684,1981.024905818478546,5.859401628484775,44.2862669893095277,50.1456686177943027,44.2862669893095277,42573247.161245216,41879083.922149836,694163.23909538,true,true,15916137171861796369.9659574633972822,15651391250057754239.7654615378134872,264745921804042130.200495925583795,true,true,213870224.5101014,210346306.11913073,3523918.39097067,true,true,78595095324408293988.2174538469178902,77290624117585501134.0772322877322444,1304471206822792854.1402215591856458,true,true,431254262.97271196,424335478.42683251,6918784.54587945,true,true,155377385256206375782.5321495179207548,152724990241713943443.1824317128845166,2652395014492432339.3497178050362382,true,true
16,0xcbcdf9626bc03e24f779434178a73a0b4bad62ed,25389170,266633,26117522173067359,17,S16_P17,264720:266700,0xc36442b4a4522e871399cd717abdd847ab11fe88:264720:266700,0xc36442b4a4522e871399cd717abdd847ab11fe88,264720,266700,1438045783780983,0.055060574822213,1980,1913,67,67,726285749384.3348484848484848,0.0000278083711223,492.5478477785388684,1981.024905818478546,22.1336654755563096,13.9899343073422711,36.1235997828985807,22.1336654755563096,42573247.161245216,40231112.163243352,2342134.998001864,true,true,15916137171861796369.9659574633972822,15022991526804402579.6414328924916488,893145645057393790.3245245709056334,true,true,213870224.5101014,201962825.94347045,11907398.56663095,true,true,78595095324408293988.2174538469178902,74699575370386324380.0246480732864988,3895519954021969608.1928057736313914,true,true,431254262.97271196,407915076.04261823,23339186.93009373,true,true,155377385256206375782.5321495179207548,150640390304361837745.6347157974464944,4736994951844538036.8974337204742604,true,true
16,0xcbcdf9626bc03e24f779434178a73a0b4bad62ed,25389170,266633,26117522173067359,18,S16_P18,264780:266700,0xc36442b4a4522e871399cd717abdd847ab11fe88:264780:266700,0xc36442b4a4522e871399cd717abdd847ab11fe88,264780,266700,931440025416149,0.0356634147467733,1920,1853,67,67,485125013237.5776041666666667,0.0000185746951806,492.5478477785388684,1981.024905818478546,14.1015594917023078,9.0503145417621327,23.1518740334644405,14.1015594917023078,42573247.161245216,41056226.296131792,1517020.865113424,true,true,15916137171861796369.9659574633972822,15337705788159960880.2020240076282436,578431383701835489.7639334557690386,true,true,213870224.5101014,206163723.6913637,7706500.8187377,true,true,78595095324408293988.2174538469178902,76075975647202345831.1712456056707444,2519119677205948157.0462082412471458,true,true,431254262.97271196,416135639.62983542,15118623.34287654,true,true,155377385256206375782.5321495179207548,152314680149423484310.4948301109221778,3062705106782891472.037319406998577,true,true
16,0xcbcdf9626bc03e24f779434178a73a0b4bad62ed,25389170,266633,26117522173067359,19,S16_P19,263520:267180,0xc36442b4a4522e871399cd717abdd847ab11fe88:263520:267180,0xc36442b4a4522e871399cd717abdd847ab11fe88,263520,267180,225431872235380,0.0086314417861526,3660,3113,547,547,61593407714.5846994535519126,0.0000023583174279,492.5478477785388684,1981.024905818478546,3.3455590744354354,16.6702284963804027,20.0157875708158381,16.6702284963804027,42573247.161245216,42206092.890103788,367154.271141428,true,true,15916137171861796369.9659574633972822,15775785170284503090.1729368683671936,140352001577293279.7930205950300886,true,true,213870224.5101014,212006984.75917052,1863239.75093088,true,true,78595095324408293988.2174538469178902,77905072093844005388.434168548502792,690023230564288599.7832852984150982,true,true,431254262.97271196,427594918.81284086,3659344.1598711,true,true,155377385256206375782.5321495179207548,153976305436418823752.3258423193909316,1401079819787552030.2063071985298232,true,true
16,0xcbcdf9626bc03e24f779434178a73a0b4bad62ed,25389170,266633,26117522173067359,20,S16_P20,262860:266640,0xc36442b4a4522e871399cd717abdd847ab11fe88:262860:266640,0xc36442b4a4522e871399cd717abdd847ab11fe88,262860,266640,477686396607149,0.0182898819207185,3780,3773,7,7,126372062594.4838624338624339,0.0000048385931007,492.5478477785388684,1981.024905818478546,7.1432950504731384,0.4336726028177825,7.5769676532909209,7.1432950504731384,42573247.161245216,41795251.220979424,777995.940265792,true,true,15916137171861796369.9659574633972822,15777126357809573465.363859916210987,139010814052222904.6020975471862952,true,true,213870224.5101014,209920525.38802958,3949699.12207182,true,true,78595095324408293988.2174538469178902,78423564099769340483.8067179390121866,171531224638953504.4107359079057036,true,true,431254262.97271196,423499991.58169202,7754271.39101994,true,true,155377385256206375782.5321495179207548,155201289694106960670.9159878897893516,176095562099415111.6161616281314032,true,true
17,0xcbcdf9626bc03e24f779434178a73a0b4bad62ed,25379170,266587,26117215269935847,1,S17_P1,-887220:887220,0xc36442b4a4522e871399cd717abdd847ab11fe88:-887220:887220,0xc36442b4a4522e871399cd717abdd847ab11fe88,-887220,887220,449908688640812,0.0172265183707665,1774440,1153807,620633,620633,253549676.8787966907869525,0.0000000097081436,487.0885776783271441,1840.2385661602268976,6.6247764854712764,789.6758911319636617,796.3006676174349381,789.6758911319636617,42673890.417345428,41939349.997566184,734540.419779244,true,true,16099296918044391913.8137025325791328,15822101066459017132.2850412379258368,277195851585374781.528661294653296,true,true,214632051.14615618,210886329.32831663,3745721.81783955,true,true,79952312559982794900.848004570506226,78586418309684332929.0628377801113316,1365894250298461971.7851667903948944,true,true,434469209.38309094,427170122.16758798,7299087.21550296,true,true,157656865904507799932.8568532738007836,154859366031377752824.3758651677424696,2797499873130047108.480988106058314,true,true
17,0xcbcdf9626bc03e24f779434178a73a0b4bad62ed,25379170,266587,26117215269935847,2,S17_P2,264060:269880,0xc36442b4a4522e871399cd717abdd847ab11fe88:264060:269880,0xc36442b4a4522e871399cd717abdd847ab11fe88,264060,269880,1531050297289209,0.0586222643365672,5820,2527,3293,2527,263067061389.8984536082474227,0.0000100725540097,487.0885776783271441,1840.2385661602268976,23.3131082006604389,568.2362147601567065,591.5493229608171454,568.2362147601567065,42673890.417345428,40174562.204786116,2499328.212559312,true,true,16099296918044391913.8137025325791328,15155519044795137160.5704749656976768,943777873249254753.243227566881456,true,true,214632051.14615618,201859319.39916098,12772731.7469952,true,true,79952312559982794900.848004570506226,75306247866926075370.3757176610911456,4646064693056719530.4722869094150804,true,true,434469209.38309094,409619363.32195163,24849846.06113931,true,true,157656865904507799932.8568532738007836,148140666035534202975.3220502847420368,9516199868973596957.5348029890587468,true,true
17,0xcbcdf9626bc03e24f779434178a73a0b4bad62ed,25379170,266587,26117215269935847,3,S17_P3,263700:267360,0xc36442b4a4522e871399cd717abdd847ab11fe88:263700:267360,0xc36442b4a4522e871399cd717abdd847ab11fe88,263700,267360,2808707304810798,0.1075423729437176,3660,2887,773,773,767406367434.6442622950819672,0.0000293831620065,487.0885776783271441,1840.2385661602268976,44.6380087417215664,284.5171768652833899,329.1551856070049563,284.5171768652833899,42673890.417345428,38089312.869859208,4584577.54748622,true,true,16099296918044391913.8137025325791328,14367806087437935846.9202118440421824,1731490830606456066.8934906885369504,true,true,214632051.14615618,191385296.55610365,23246754.59005253,true,true,79952312559982794900.848004570506226,71341197753739834428.9272194121779122,8611114806242960471.9207851583283138,true,true,434469209.38309094,388850033.90646788,45619175.47662306,true,true,157656865904507799932.8568532738007836,140210486773776449308.2874705936208732,17446379130731350624.5693826801799104,true,true
17,0xcbcdf9626bc03e24f779434178a73a0b4bad62ed,25379170,266587,26117215269935847,4,S17_P4,264660:267660,0xc36442b4a4522e871399cd717abdd847ab11fe88:264660:267660,0xc36442b4a4522e871399cd717abdd847ab11fe88,264660,267660,1860454169582933,0.0712347832781601,3000,1927,1073,1073,620151389860.9776666666666667,0.0000237449277594,487.0885776783271441,1840.2385661602268976,28.6083818181196352,251.019457377848562,279.6278391959681972,251.019457377848562,42673890.417345428,39636793.367844132,3037097.049501296,true,true,16099296918044391913.8137025325791328,14952612804360559736.5436011981578688,1146684113683832177.270101334421264,true,true,214632051.14615618,199124097.91694949,15507953.22920669,true,true,79952312559982794900.848004570506226,74283496395973742443.7069432539959276,5668816164009052457.1410613165102984,true,true,434469209.38309094,404267990.43785762,30201218.94523332,true,true,157656865904507799932.8568532738007836,146094988765053542170.240516569687378,11561877139454257762.6163367041134056,true,true
17,0xcbcdf9626bc03e24f779434178a73a0b4bad62ed,25379170,266587,26117215269935847,5,S17_P5,256980:270840,0xc36442b4a4522e871399cd717abdd847ab11fe88:256980:270840,0xc36442b4a4522e871399cd717abdd847ab11fe88,256980,270840,625578436978542,0.023952723539353,13860,9607,4253,4253,45135529363.5311688311688312,0.0000017281907316,487.0885776783271441,1840.2385661602268976,9.2603256926113337,265.8170841116992734,275.0774098043106071,265.8170841116992734,42673890.417345428,41653028.832370448,1020861.58497498,true,true,16099296918044391913.8137025325791328,15713955905858018937.9464132532035456,385341012186372975.8672892793755872,true,true,214632051.14615618,209422392.44033813,5209658.70581805,true,true,79952312559982794900.848004570506226,78053610108962955589.7484781046041884,1898702451019839311.0995264659020376,true,true,434469209.38309094,424319654.99585018,10149554.38724076,true,true,157656865904507799932.8568532738007836,153767296608804721079.451192435968292,3889569295703078853.4056608378324916,true,true
17,0xcbcdf9626bc03e24f779434178a73a0b4bad62ed,25379170,266587,26117215269935847,6,S17_P6,265860:267180,0xc36442b4a4522e871399cd717abdd847ab11fe88:265860:267180,0xc36442b4a4522e871399cd717abdd847ab11fe88,265860,267180,3011272554760745,0.1152983778568113,1320,727,593,593,2281267086939.9583333333333333,0.0000873472559521,487.0885776783271441,1840.2385661602268976,36.5345953593340428,236.8353957510087913,273.3699911103428341,236.8353957510087913,42673890.417345428,37758426.308775924,4915464.108569504,true,true,16099296918044391913.8137025325791328,14242904148570132832.1494963904243712,1856392769474259081.6642061421547616,true,true,214632051.14615618,189731534.2014979,24900516.94465828,true,true,79952312559982794900.848004570506226,70713073186846936153.7523114348616428,9239239373135858747.0956931356445832,true,true,434469209.38309094,385553484.59027087,48915724.79282007,true,true,157656865904507799932.8568532738007836,138954446397564508036.2004812919773732,18702419506943291896.6563719818234104,true,true
17,0xcbcdf9626bc03e24f779434178a73a0b4bad62ed,25379170,266587,26117215269935847,7,S17_P7,251340:273540,0xc36442b4a4522e871399cd717abdd847ab11fe88:251340:273540,0xc36442b4a4522e871399cd717abdd847ab11fe88,251340,273540,307652887865136,0.0117796972106472,22200,15247,6953,6953,13858238192.1232432432432432,0.0000005306169915,487.0885776783271441,1840.2385661602268976,4.5108138481742717,188.4511407194951876,192.9619545676694593,188.4511407194951876,42673890.417345428,42171744.88871606,502145.528629368,true,true,16099296918044391913.8137025325791328,15909712925483351863.978600168508272,189583992561040049.8351023640708608,true,true,214632051.14615618,212071498.22705288,2560552.9191033,true,true,79952312559982794900.848004570506226,79018126403327240132.3616091812370816,934186156655554768.4863953892691444,true,true,434469209.38309094,429478333.15637858,4990876.22671236,true,true,157656865904507799932.8568532738007836,155743849457155405618.6271647479171756,1913016447352394314.229688525883608,true,true
17,0xcbcdf9626bc03e24f779434178a73a0b4bad62ed,25379170,266587,26117215269935847,8,S17_P8,261780:268560,0xc36442b4a4522e871399cd717abdd847ab11fe88:261780:268560,0xc36442b4a4522e871399cd717abdd847ab11fe88,261780,268560,794204255030087,0.0304092242155815,6780,4807,1973,1973,117139270653.4051622418879056,0.000004485136315,487.0885776783271441,1840.2385661602268976,11.8170068246059348,176.2297563000815041,188.0467631246874389,176.2297563000815041,42673890.417345428,41377479.971361636,1296410.445983792,true,true,16099296918044391913.8137025325791328,15609991402846519500.8505479900011456,489305515197872412.9631545425779872,true,true,214632051.14615618,208015898.47407947,6616152.67207671,true,true,79952312559982794900.848004570506226,77542523986044084104.5621251349972452,2409788573938710796.2858794355089808,true,true,434469209.38309094,421582895.04988505,12886314.33320589,true,true,157656865904507799932.8568532738007836,152719130876285407422.10269512035558,4937735028222392510.7541581534452036,true,true
17,0xcbcdf9626bc03e24f779434178a73a0b4bad62ed,25379170,266587,26117215269935847,9,S17_P9,266040:268200,0xc36442b4a4522e871399cd717abdd847ab11fe88:266040:268200,0xc36442b4a4522e871399cd717abdd847ab11fe88,266040,268200,883221633991913,0.0338176036328272,2160,547,1613,547,408898904625.8856481481481481,0.0000156562979782,487.0885776783271441,1840.2385661602268976,8.9525963211963246,165.7528564873474426,174.7054528085437672,165.7528564873474426,42673890.417345428,41232349.52486096,1441540.892484468,true,true,16099296918044391913.8137025325791328,15555007447432626880.6676422976538816,544289470611765033.1460602349252512,true,true,214632051.14615618,207273263.49096254,7358787.65519364,true,true,79952312559982794900.848004570506226,77272764679797961415.8920676568344272,2679547880184833484.9559369136717988,true,true,434469209.38309094,420138161.95667417,14331047.42641677,true,true,157656865904507799932.8568532738007836,152165849971844238162.4345790014132124,5491015932663561770.4222742723875712,true,true
17,0xcbcdf9626bc03e24f779434178a73a0b4bad62ed,25379170,266587,26117215269935847,10,S17_P10,260040:271740,0xc36442b4a4522e871399cd717abdd847ab11fe88:260040:271740,0xc36442b4a4522e871399cd717abdd847ab11fe88,260040,271740,261711776277828,0.0100206616047267,11700,6547,5153,5153,22368527886.9938461538461538,0.0000008564668038,487.0885776783271441,1840.2385661602268976,3.831960918813509,125.0826955492591512,128.9146564680726602,125.0826955492591512,42673890.417345428,42246712.78707042,427177.630275008,true,true,16099296918044391913.8137025325791328,15937997192295531132.6146214006961408,161299725748860781.199081131882992,true,true,214632051.14615618,212453966.7040952,2178084.44206098,true,true,79952312559982794900.848004570506226,79157618888503135523.9608432646495868,794693671479659376.8871613058566392,true,true,434469209.38309094,430223649.84209837,4245559.54099257,true,true,157656865904507799932.8568532738007836,156029529381213966716.4282860469182404,1627336523293833216.4285672268825432,true,true
17,0xcbcdf9626bc03e24f779434178a73a0b4bad62ed,25379170,266587,26117215269935847,11,S17_P11,265740:267300,0xc36442b4a4522e871399cd717abdd847ab11fe88:265740:267300,0xc36442b4a4522e871399cd717abdd847ab11fe88,265740,267300,1019405787891708,0.0390319479835651,1560,847,713,713,653465248648.5307692307692308,0.0000250204794766,487.0885776783271441,1840.2385661602268976,12.6043344027979979,91.5124340190071578,104.1167684218051557,91.5124340190071578,42673890.417345428,41010199.912890152,1663690.504455276,true,true,16099296918044391913.8137025325791328,15471007160863332828.9615435729902304,628289757181059084.8521589595889024,true,true,214632051.14615618,206136446.01127238,8495605.1348838,true,true,79952312559982794900.848004570506226,76860401556139779540.9256623419763628,3091911003843015359.9223422285298632,true,true,434469209.38309094,417927530.19593945,16541679.18715149,true,true,157656865904507799932.8568532738007836,151319529337980529086.7389602788003232,6337336566527270846.1178929950004604,true,true
17,0xcbcdf9626bc03e24f779434178a73a0b4bad62ed,25379170,266587,26117215269935847,12,S17_P12,266160:267180,0xc36442b4a4522e871399cd717abdd847ab11fe88:266160:267180,0xc36442b4a4522e871399cd717abdd847ab11fe88,266160,267180,1224318412028871,0.0468778313221706,1020,427,593,427,1200312168655.7558823529411765,0.000045958658159,487.0885776783271441,1840.2385661602268976,10.7768817812718166,92.9211301275643242,103.6980119088361408,92.9211301275643242,42673890.417345428,40675296.9064923,1998593.510853128,true,true,16099296918044391913.8137025325791328,15344627048836276969.5554782893729728,754669869208114944.25822424320616,true,true,214632051.14615618,204424480.66162154,10207570.48453464,true,true,79952312559982794900.848004570506226,76240160210871346613.7795502430399088,3712152349111448287.0684543274663172,true,true,434469209.38309094,414600616.98451487,19868592.39857607,true,true,157656865904507799932.8568532738007836,150046211736962495045.2319215561322804,7610654167545304887.6249317176685032,true,true
17,0xcbcdf9626bc03e24f779434178a73a0b4bad62ed,25379170,266587,26117215269935847,13,S17_P13,253800:267180,0xc36442b4a4522e871399cd717abdd847ab11fe88:253800:267180,0xc36442b4a4522e871399cd717abdd847ab11fe88,253800,267180,802245669375144,0.030717121296566,13380,12787,593,593,59958570207.4098654708520179,0.0000022957489758,487.0885776783271441,1840.2385661602268976,11.9395904533223728,60.3834910022416391,72.3230814555640119,60.3834910022416391,42673890.417345428,41364499.186217128,1309391.2311283,true,true,16099296918044391913.8137025325791328,15604982276229356918.2481140499072,494314641815034995.5655884826719328,true,true,214632051.14615618,207948987.73538084,6683063.41077534,true,true,79952312559982794900.848004570506226,77518172228681139520.5132593869493156,2434140331301655380.3347451835569104,true,true,434469209.38309094,421452507.4877678,13016701.89532314,true,true,157656865904507799932.8568532738007836,152669171247305387825.0015883134077296,4987694657202412107.855264960393054,true,true
17,0xcbcdf9626bc03e24f779434178a73a0b4bad62ed,25379170,266587,26117215269935847,14,S17_P14,264600:266700,0xc36442b4a4522e871399cd717abdd847ab11fe88:264600:266700,0xc36442b4a4522e871399cd717abdd847ab11fe88,264600,266700,2290101863927024,0.0876855300328751,2100,1987,113,113,1090524697108.1066666666666667,0.0000417550143014,487.0885776783271441,1840.2385661602268976,35.7414493958003805,35.3564221634728848,71.0978715592732653,35.7414493958003805,42673890.417345428,38935703.396641,3738187.020704428,true,true,16099296918044391913.8137025325791328,14687610969296437165.3882437950123776,1411685948747954748.4254587375667552,true,true,214632051.14615618,195617907.66280107,19014143.48335511,true,true,79952312559982794900.848004570506226,72949878312915187897.2405856095275574,7002434247067607003.6074189609786686,true,true,434469209.38309094,397284619.28958341,37184590.09350753,true,true,157656865904507799932.8568532738007836,147047211757038294790.1080510060968952,10609654147469505142.7488022677038884,true,true
17,0xcbcdf9626bc03e24f779434178a73a0b4bad62ed,25379170,266587,26117215269935847,15,S17_P15,261600:268320,0xc36442b4a4522e871399cd717abdd847ab11fe88:261600:268320,0xc36442b4a4522e871399cd717abdd847ab11fe88,261600,268320,326152573608745,0.0124880302221266,6720,4987,1733,1733,48534609167.9680059523809524,0.0000018583378307,487.0885776783271441,1840.2385661602268976,4.7847042913013966,63.0500921833861035,67.8347964746875001,63.0500921833861035,42673890.417345428,42141880.955917668,532009.46142776,true,true,16099296918044391913.8137025325791328,15898301485781073824.7958653139812544,200995432263318089.0178372185978784,true,true,214632051.14615618,211917384.16682111,2714666.97933507,true,true,79952312559982794900.848004570506226,78961970933558915644.1730683845670072,990341626423879256.6749361859392188,true,true,434469209.38309094,429178180.57984592,5291028.80324502,true,true,157656865904507799932.8568532738007836,155628815048030493110.0036401739089856,2028050856477306822.853213099891798,true,true
17,0xcbcdf9626bc03e24f779434178a73a0b4bad62ed,25379170,266587,26117215269935847,16,S17_P16,265440:267420,0xc36442b4a4522e871399cd717abdd847ab11fe88:265440:267420,0xc36442b4a4522e871399cd717abdd847ab11fe88,265440,267420,425912909287713,0.0163077458636255,1980,1147,833,833,215107529943.2893939393939394,0.0000082362352847,487.0885776783271441,1840.2385661602268976,5.7151412967065211,43.4733455459776597,49.1884868426841808,43.4733455459776597,42673890.417345428,41978785.532296808,695104.88504862,true,true,16099296918044391913.8137025325791328,15836709524560139585.3405523058607136,262587393484252328.4731502267184192,true,true,214632051.14615618,211086316.60165928,3545734.5444969,true,true,79952312559982794900.848004570506226,78659204715706779676.2139495744996592,1293107844276015224.6340549960065668,true,true,434469209.38309094,427559539.27756103,6909670.10552991,true,true,157656865904507799932.8568532738007836,155008561357732246669.3967167102932304,2648304546775553263.4601365635075532,true,true
17,0xcbcdf9626bc03e24f779434178a73a0b4bad62ed,25379170,266587,26117215269935847,17,S17_P17,264720:266700,0xc36442b4a4522e871399cd717abdd847ab11fe88:264720:266700,0xc36442b4a4522e871399cd717abdd847ab11fe88,264720,266700,1438045783780983,0.0550612218384688,1980,1867,113,113,726285749384.3348484848484848,0.0000278086978982,487.0885776783271441,1840.2385661602268976,21.7960976793752807,22.1269903830090928,43.9230880623843735,22.1269903830090928,42673890.417345428,40326677.116773348,2347213.30057208,true,true,16099296918044391913.8137025325791328,15212972062342646071.7670341455469856,886324855701745842.0466683870321472,true,true,214632051.14615618,202637486.44912523,11994564.69703095,true,true,79952312559982794900.848004570506226,75595325110949451581.9901779441697832,4356987449033343318.8578266263364428,true,true,434469209.38309094,411129939.87911876,23339269.50397218,true,true,157656865904507799932.8568532738007836,150984712056837996810.9799843167265136,6672153847669803121.87686895707427,true,true
17,0xcbcdf9626bc03e24f779434178a73a0b4bad62ed,25379170,266587,26117215269935847,18,S17_P18,264780:266700,0xc36442b4a4522e871399cd717abdd847ab11fe88:264780:266700,0xc36442b4a4522e871399cd717abdd847ab11fe88,264780,266700,931440025416149,0.035663833827198,1920,1807,113,113,485125013237.5776041666666667,0.0000185749134517,487.0885776783271441,1840.2385661602268976,13.8797724116561596,14.3033286614931998,28.1831010731493594,14.3033286614931998,42673890.417345428,41153534.186978584,1520356.230366844,true,true,16099296918044391913.8137025325791328,15525056262626777302.864929266267856,574240655417614610.9487732663112768,true,true,214632051.14615618,206870754.69274496,7761296.45341122,true,true,79952312559982794900.848004570506226,77157075103509150567.849165975124002,2795237456473644332.998838595382224,true,true,434469209.38309094,419355417.10887527,15113792.27421567,true,true,157656865904507799932.8568532738007836,153328596486589656050.7077851377570496,4328269417918143882.149068136043734,true,true
17,0xcbcdf9626bc03e24f779434178a73a0b4bad62ed,25379170,266587,26117215269935847,19,S17_P19,263520:267180,0xc36442b4a4522e871399cd717abdd847ab11fe88:263520:267180,0xc36442b4a4522e871399cd717abdd847ab11fe88,263520,267180,225431872235380,0.0086315432141374,3660,3067,593,593,61593407714.5846994535519126,0.0000023583451405,487.0885776783271441,1840.2385661602268976,3.2971752312130114,16.7780197592060248,20.0751949904190362,16.7780197592060248,42673890.417345428,42305908.124925164,367982.292420264,true,true,16099296918044391913.8137025325791328,15960687392855007030.3698596411727008,138609525189384883.443842891406432,true,true,214632051.14615618,212756038.54388639,1876012.60226979,true,true,79952312559982794900.848004570506226,79267663909262443023.1674727712331544,684648650720351877.6805317992730716,true,true,434469209.38309094,430812238.81634594,3656970.566745,true,true,157656865904507799932.8568532738007836,156255048071481763871.5590591161330108,1401817833026036061.2977941576677728,true,true
17,0xcbcdf9626bc03e24f779434178a73a0b4bad62ed,25379170,266587,26117215269935847,20,S17_P20,262860:266640,0xc36442b4a4522e871399cd717abdd847ab11fe88:262860:266640,0xc36442b4a4522e871399cd717abdd847ab11fe88,262860,266640,477686396607149,0.0182900968449353,3780,3727,53,53,126372062594.4838624338624339,0.000004838649959,487.0885776783271441,1840.2385661602268976,7.0396553823811074,3.4652263603873871,10.5048817427684945,7.0396553823811074,42673890.417345428,41894626.093741792,779264.323603636,true,true,16099296918044391913.8137025325791328,15804919332812891605.1756146256678112,294377585231500308.6380879069113216,true,true,214632051.14615618,210655192.79306027,3976858.35309591,true,true,79952312559982794900.848004570506226,78842955381470632547.208271675010286,1109357178512162353.63973289549594,true,true,434469209.38309094,426719551.80557813,7749657.57751281,true,true,157656865904507799932.8568532738007836,156350692115274335702.6016247158718248,1306173789233464230.2552285579289588,true,true
18,0xcbcdf9626bc03e24f779434178a73a0b4bad62ed,25369170,266398,27415778207847700,1,S18_P1,-887220:887220,0xc36442b4a4522e871399cd717abdd847ab11fe88:-887220:887220,0xc36442b4a4522e871399cd717abdd847ab11fe88,-887220,887220,449908688640812,0.016410575152378,1774440,1153618,620822,620822,253549676.8787966907869525,0.0000000092483122,484.6186361601508542,1245.4397407543405155,6.8266996156947143,479.2422006763170295,486.0689002920117438,479.2422006763170295,45216980.704682884,44475562.691896012,741418.012786872,true,true,16502940425283595759.11864541452848,16228335834462438329.255956722274112,274604590821157429.862688692254368,true,true,227278903.10186051,223534562.83895942,3744340.26290109,true,true,82076139789659067796.741445737216772,80699926550707597667.490187540148416,1376213238951470129.251258197068356,true,true,457428504.14703107,450041014.78949369,7387489.35753738,true,true,163569891404942011751.3642224648396,160839484191095083871.300446925898885,2730407213846927880.063775538940715,true,true
18,0xcbcdf9626bc03e24f779434178a73a0b4bad62ed,25369170,266398,27415778207847700,2,S18_P2,264060:269880,0xc36442b4a4522e871399cd717abdd847ab11fe88:264060:269880,0xc36442b4a4522e871399cd717abdd847ab11fe88,264060,269880,1531050297289209,0.0558455895609394,5820,2338,3482,2338,263067061389.8984536082474227,0.0000095954621239,484.6186361601508542,1245.4397407543405155,24.071620624784937,405.4138783707155951,429.4854989955005321,405.4138783707155951,45216980.704682884,42693890.805591492,2523089.899091392,true,true,16502940425283595759.11864541452848,15567847296716742286.58718722307392,935093128566853472.53145819145456,true,true,227278903.10186051,214524483.04682591,12754420.0550346,true,true,82076139789659067796.741445737216772,77387393379807220791.8381211861549795,4688746409851847004.9033245510617925,true,true,457428504.14703107,432292463.92926161,25136040.21776946,true,true,163569891404942011751.3642224648396,154276149243996916703.949427824399683,9293742160945095047.414794640439917,true,true
18,0xcbcdf9626bc03e24f779434178a73a0b4bad62ed,25369170,266398,27415778207847700,3,S18_P3,263700:267360,0xc36442b4a4522e871399cd717abdd847ab11fe88:263700:267360,0xc36442b4a4522e871399cd717abdd847ab11fe88,263700,267360,2808707304810798,0.1024485711664684,3660,2698,962,962,767406367434.6442622950819672,0.000027991412887,484.6186361601508542,1245.4397407543405155,46.155145503232568,240.4872773852613752,286.6424228884939432,240.4872773852613752,45216980.704682884,40588317.339020444,4628663.36566244,true,true,16502940425283595759.11864541452848,14787452786315747555.998200041594528,1715487638967848203.120445372933952,true,true,227278903.10186051,203847289.30501343,23431613.79684708,true,true,82076139789659067796.741445737216772,73461082423126351317.4698572280420404,8615057366532716479.2715885091747316,true,true,457428504.14703107,411322384.53340805,46106119.61362302,true,true,163569891404942011751.3642224648396,146510268140532600349.068422662792319,17059623264409411402.295799802047281,true,true
18,0xcbcdf9626bc03e24f779434178a73a0b4bad62ed,25369170,266398,27415778207847700,4,S18_P4,265860:267180,0xc36442b4a4522e871399cd717abdd847ab11fe88:265860:267180,0xc36442b4a4522e871399cd717abdd847ab11fe88,265860,267180,3011272554760745,0.1098372087755939,1320,538,782,538,2281267086939.9583333333333333,0.0000832100066482,484.6186361601508542,1245.4397407543405155,31.9408147869668226,213.2374850793203836,245.1782998662872062,213.2374850793203836,45216980.704682884,40254484.796292376,4962495.908390508,true,true,16502940425283595759.11864541452848,14663808485004961082.054231787691616,1839131940278634677.064413626836864,true,true,227278903.10186051,202150792.08143423,25128111.02042628,true,true,82076139789659067796.741445737216772,72837274109328636993.9329729455984706,9238865680330430802.8084727916183014,true,true,457428504.14703107,408000424.52719418,49428079.61983689,true,true,163569891404942011751.3642224648396,145276880459075935422.9017667291982585,18293010945866076328.4624557356413415,true,true
18,0xcbcdf9626bc03e24f779434178a73a0b4bad62ed,25369170,266398,27415778207847700,5,S18_P5,264660:267660,0xc36442b4a4522e871399cd717abdd847ab11fe88:264660:267660,0xc36442b4a4522e871399cd717abdd847ab11fe88,264660,267660,1860454169582933,0.0678607098247673,3000,1738,1262,1262,620151389860.9776666666666667,0.0000226202366083,484.6186361601508542,1245.4397407543405155,29.2882671217211758,197.3872500136897531,226.6755171354109289,197.3872500136897531,45216980.704682884,42151040.40379302,3065940.300889864,true,true,16502940425283595759.11864541452848,15367010128762016655.809588330147744,1135930296521579103.309057084380736,true,true,227278903.10186051,211774894.81182947,15504008.29003104,true,true,82076139789659067796.741445737216772,76376651971715771083.6584845712775065,5699487817943296713.0829611659392655,true,true,457428504.14703107,426885170.02742204,30543334.11960903,true,true,163569891404942011751.3642224648396,152275830991241835111.2443817082251005,11294060413700176640.1198407566144995,true,true
18,0xcbcdf9626bc03e24f779434178a73a0b4bad62ed,25369170,266398,27415778207847700,6,S18_P6,256980:270840,0xc36442b4a4522e871399cd717abdd847ab11fe88:256980:270840,0xc36442b4a4522e871399cd717abdd847ab11fe88,256980,270840,625578436978542,0.0228181900304209,13860,9418,4442,4442,45135529363.5311688311688312,0.000001646334057,484.6186361601508542,1245.4397407543405155,9.5464100427505268,187.6621253356562727,197.2085353784067995,187.6621253356562727,45216980.704682884,44186069.5661334,1030911.138549484,true,true,16502940425283595759.11864541452848,16121053294700695618.332621110901888,381887130582900140.786024303626592,true,true,227278903.10186051,222071910.35231261,5206992.7495479,true,true,82076139789659067796.741445737216772,80162173909388322069.8972284464034765,1913965880270745726.8442172908132955,true,true,457428504.14703107,447156883.57183895,10271620.57519212,true,true,163569891404942011751.3642224648396,159773206674672660865.923166199396126,3796684730269350885.441056265443474,true,true
18,0xcbcdf9626bc03e24f779434178a73a0b4bad62ed,25369170,266398,27415778207847700,7,S18_P7,261780:268560,0xc36442b4a4522e871399cd717abdd847ab11fe88:261780:268560,0xc36442b4a4522e871399cd717abdd847ab11fe88,261780,268560,794204255030087,0.0289688751130452,6780,4618,2162,2162,117139270653.4051622418879056,0.0000042726954444,484.6186361601508542,1245.4397407543405155,12.1863923444241147,128.4281471364591728,140.6145394808832875,128.4281471364591728,45216980.704682884,43908183.4964256,1308797.208257284,true,true,16502940425283595759.11864541452848,16017851156282715528.855604309769984,485089269000880230.263041104758496,true,true,227278903.10186051,220667306.37969875,6611596.72216176,true,true,82076139789659067796.741445737216772,79645889729358520872.881041893658198,2430250060300546923.860403843558574,true,true,457428504.14703107,444388399.72541291,13040104.42161816,true,true,163569891404942011751.3642224648396,158749671746602375518.588236933964178,4820219658339636232.775985530875422,true,true
18,0xcbcdf9626bc03e24f779434178a73a0b4bad62ed,25369170,266398,27415778207847700,8,S18_P8,251340:273540,0xc36442b4a4522e871399cd717abdd847ab11fe88:251340:273540,0xc36442b4a4522e871399cd717abdd847ab11fe88,251340,273540,307652887865136,0.0112217455777736,22200,15058,7142,7142,13858238192.1232432432432432,0.000000505484035,484.6186361601508542,1245.4397407543405155,4.6467497285934613,129.2706019091406018,133.9173516377340631,129.2706019091406018,45216980.704682884,44709990.951818944,506989.75286394,true,true,16502940425283595759.11864541452848,16315142309924108265.62509786155728,187798115359487493.4935475529712,true,true,227278903.10186051,224718822.96070304,2560080.14115747,true,true,82076139789659067796.741445737216772,81135209461664322343.2475268756763405,940930327994745453.4939188615404315,true,true,457428504.14703107,452376700.345754,5051803.80127707,true,true,163569891404942011751.3642224648396,161702853920401323507.783357006167349,1867037484540688243.580865458672251,true,true
18,0xcbcdf9626bc03e24f779434178a73a0b4bad62ed,25369170,266398,27415778207847700,9,S18_P9,266040:268200,0xc36442b4a4522e871399cd717abdd847ab11fe88:266040:268200,0xc36442b4a4522e871399cd717abdd847ab11fe88,266040,268200,883221633991913,0.0322158148237095,2160,358,1802,358,408898904625.8856481481481481,0.0000149147290851,484.6186361601508542,1245.4397407543405155,7.0243144298010252,122.2982326151091045,129.3225470449101297,122.2982326151091045,45216980.704682884,43761487.38651584,1455493.318167044,true,true,16502940425283595759.11864541452848,15963834308250058758.655429674799616,539106117033537000.463215739728864,true,true,227278903.10186051,219925690.46404244,7353212.63781807,true,true,82076139789659067796.741445737216772,79373251056802713304.415105630987774,2702888732856354492.326340106228998,true,true,457428504.14703107,442927045.54884218,14501458.59818889,true,true,163569891404942011751.3642224648396,158209308559886033203.3479096821292935,5360582845055978548.0163127827103065,true,true
18,0xcbcdf9626bc03e24f779434178a73a0b4bad62ed,25369170,266398,27415778207847700,10,S18_P10,264600:266700,0xc36442b4a4522e871399cd717abdd847ab11fe88:264600:266700,0xc36442b4a4522e871399cd717abdd847ab11fe88,264600,266700,2290101863927024,0.0835322581969053,2100,1798,302,302,1090524697108.1066666666666667,0.0000397772658081,484.6186361601508542,1245.4397407543405155,36.6728588966753149,65.2967598305959117,101.9696187272712266,65.2967598305959117,45216980.704682884,41442984.419163436,3773996.285519448,true,true,16502940425283595759.11864541452848,15104199394371454423.107744602827008,1398741030912141336.010900811701472,true,true,227278903.10186051,208185413.20639388,19093489.89546663,true,true,82076139789659067796.741445737216772,75056777616460664692.5467318277794035,7019362173198403104.1947139094373685,true,true,457428504.14703107,419832324.43962134,37596179.70740973,true,true,163569891404942011751.3642224648396,149665148954848125793.480672146630032,13904742450093885957.883550318209568,true,true
18,0xcbcdf9626bc03e24f779434178a73a0b4bad62ed,25369170,266398,27415778207847700,11,S18_P11,266160:267180,0xc36442b4a4522e871399cd717abdd847ab11fe88:266160:267180,0xc36442b4a4522e871399cd717abdd847ab11fe88,266160,267180,1224318412028871,0.0446574378719774,1020,238,782,238,1200312168655.7558823529411765,0.0000437818018353,484.6186361601508542,1245.4397407543405155,7.2102951005614862,82.8566212092484806,90.0669163098099668,82.8566212092484806,45216980.704682884,43199374.852406288,2017605.852276596,true,true,16502940425283595759.11864541452848,15755204366048154653.8819800662632,747736059235441105.23666534826528,true,true,227278903.10186051,217082753.96877878,10196149.13308173,true,true,82076139789659067796.741445737216772,78327985762469099286.643101112399928,3748154027189968510.098344624816844,true,true,457428504.14703107,437327583.11765645,20100921.02937462,true,true,163569891404942011751.3642224648396,156138564079516765340.428103143067217,7431327325425246410.936119321772383,true,true
18,0xcbcdf9626bc03e24f779434178a73a0b4bad62ed,25369170,266398,27415778207847700,12,S18_P12,265740:267300,0xc36442b4a4522e871399cd717abdd847ab11fe88:265740:267300,0xc36442b4a4522e871399cd717abdd847ab11fe88,265740,267300,1019405787891708,0.0371831789768384,1560,658,902,658,653465248648.5307692307692308,0.000023835371139,484.6186361601508542,1245.4397407543405155,11.7201377939528839,77.9487152280749667,89.6688530220278506,77.9487152280749667,45216980.704682884,43537062.333396492,1679918.371286392,true,true,16502940425283595759.11864541452848,15880728509121738966.212917264895584,622211916161856792.905728149632896,true,true,227278903.10186051,218790845.37671045,8488057.72515006,true,true,82076139789659067796.741445737216772,78956065195488134139.201970696909717,3120074594170933657.539475040307055,true,true,457428504.14703107,440691405.62145404,16737098.52557703,true,true,163569891404942011751.3642224648396,157382606987288970720.4026767317877475,6187284417653041030.9615457330518525,true,true
18,0xcbcdf9626bc03e24f779434178a73a0b4bad62ed,25369170,266398,27415778207847700,13,S18_P13,253800:267180,0xc36442b4a4522e871399cd717abdd847ab11fe88:253800:267180,0xc36442b4a4522e871399cd717abdd847ab11fe88,253800,267180,802245669375144,0.0292621884847866,13380,12598,782,782,59958570207.4098654708520179,0.0000021870096027,484.6186361601508542,1245.4397407543405155,12.3130066846927468,53.7222994403206018,66.0353061250133486,53.7222994403206018,45216980.704682884,43894931.665362196,1322049.039320688,true,true,16502940425283595759.11864541452848,16013049817403920980.969288750969664,489890607879674778.149356663558816,true,true,227278903.10186051,220600361.44934189,6678541.65251862,true,true,82076139789659067796.741445737216772,79621226807099471263.830206300241229,2454912982559596532.911239436975543,true,true,457428504.14703107,444256425.73505933,13172078.41197174,true,true,163569891404942011751.3642224648396,158700834357355511338.024617852601433,4869057047586500413.339604612238167,true,true
18,0xcbcdf9626bc03e24f779434178a73a0b4bad62ed,25369170,266398,27415778207847700,14,S18_P14,264720:266700,0xc36442b4a4522e871399cd717abdd847ab11fe88:264720:266700,0xc36442b4a4522e871399cd717abdd847ab11fe88,264720,266700,1438045783780983,0.0524532177375635,1980,1678,302,302,726285749384.3348484848484848,0.0000264915241099,484.6186361601508542,1245.4397407543405155,22.2565033996713531,40.6544425830822221,62.9109459827535752,40.6544425830822221,45216980.704682884,42847159.523582304,2369821.18110058,true,true,16502940425283595759.11864541452848,15624826198085228227.358812241526016,878114227198367531.759833173002464,true,true,227278903.10186051,215300307.45001067,11978595.65184984,true,true,82076139789659067796.741445737216772,77672739035957703992.3403332362268325,4403400753701363804.4011125009899395,true,true,457428504.14703107,433819167.70362194,23609336.44340913,true,true,163569891404942011751.3642224648396,154840946703337102992.151422602057689,8728944701604908759.212799862781911,true,true
18,0xcbcdf9626bc03e24f779434178a73a0b4bad62ed,25369170,266398,27415778207847700,15,S18_P15,261600:268320,0xc36442b4a4522e871399cd717abdd847ab11fe88:261600:268320,0xc36442b4a4522e871399cd717abdd847ab11fe88,261600,268320,326152573608745,0.0118965280188685,6720,4798,1922,1922,48534609167.9680059523809524,0.0000017703166695,484.6186361601508542,1245.4397407543405155,4.9291172034727901,46.3595447838459323,51.2886619873187224,46.3595447838459323,45216980.704682884,44679504.7141538,537475.990529084,true,true,16502940425283595759.11864541452848,16304050618415397940.466050731988832,198889806868197818.652594682539648,true,true,227278903.10186051,224564834.13674378,2714068.96511673,true,true,82076139789659067796.741445737216772,81078618393718782655.7404413032627545,997521395940285141.0010044339540175,true,true,457428504.14703107,452072962.6640201,5355541.48301097,true,true,163569891404942011751.3642224648396,161590587560047349886.791765314027788,1979303844894661864.572457150811812,true,true
18,0xcbcdf9626bc03e24f779434178a73a0b4bad62ed,25369170,266398,27415778207847700,16,S18_P16,265440:267420,0xc36442b4a4522e871399cd717abdd847ab11fe88:265440:267420,0xc36442b4a4522e871399cd717abdd847ab11fe88,265440,267420,425912909287713,0.0155353207944247,1980,958,1022,958,215107529943.2893939393939394,0.0000078461216133,484.6186361601508542,1245.4397407543405155,5.5897675724150061,35.6453805780779215,41.2351481504929276,35.6453805780779215,45216980.704682884,44515106.211189484,701874.4934934,true,true,16502940425283595759.11864541452848,16242876997321342477.976349677101376,260063427962253281.142295737427104,true,true,227278903.10186051,223734433.40712905,3544469.69473146,true,true,82076139789659067796.741445737216772,80773320483368394381.9009952165179185,1302819306290673414.8404505206988535,true,true,457428504.14703107,450435024.93555281,6993479.21147826,true,true,163569891404942011751.3642224648396,160985091328677162006.1272412169415925,2584800076264849745.2369812478980075,true,true
18,0xcbcdf9626bc03e24f779434178a73a0b4bad62ed,25369170,266398,27415778207847700,17,S18_P17,264780:266700,0xc36442b4a4522e871399cd717abdd847ab11fe88:264780:266700,0xc36442b4a4522e871399cd717abdd847ab11fe88,264780,266700,931440025416149,0.0339745973415238,1920,1618,302,302,485125013237.5776041666666667,0.000017695102782,484.6186361601508542,1245.4397407543405155,14.1350483887063201,26.1992987242981236,40.3343471130044437,26.1992987242981236,45216980.704682884,43682025.824319536,1534954.880363348,true,true,16502940425283595759.11864541452848,15933910604331066095.475674500013664,569029820952529663.642970914514816,true,true,227278903.10186051,219523973.99231768,7754929.10954283,true,true,82076139789659067796.741445737216772,79225540464706452137.416791452269798,2850599324952615659.324654284946974,true,true,457428504.14703107,442135489.35014036,15293014.79689071,true,true,163569891404942011751.3642224648396,157916612727147424666.563824378084778,5653278677794587084.800398086754822,true,true
18,0xcbcdf9626bc03e24f779434178a73a0b4bad62ed,25369170,266398,27415778207847700,18,S18_P18,262860:266640,0xc36442b4a4522e871399cd717abdd847ab11fe88:262860:266640,0xc36442b4a4522e871399cd717abdd847ab11fe88,262860,266640,477686396607149,0.0174237766655995,3780,3538,242,242,126372062594.4838624338624339,0.0000046094647263,484.6186361601508542,1245.4397407543405155,7.2546995569879646,10.8688789335971682,18.1235784905851328,10.8688789335971682,45216980.704682884,44429786.772373988,787193.932308896,true,true,16502940425283595759.11864541452848,16211097652728772719.594461516099936,291842772554823039.524183898428544,true,true,227278903.10186051,223303305.64198139,3975597.45987912,true,true,82076139789659067796.741445737216772,80614870323726006038.983327239072569,1461269465933061757.758118498144203,true,true,457428504.14703107,449584917.24628643,7843586.90074464,true,true,163569891404942011751.3642224648396,160670827490524058296.0910356476124855,2899063914417953455.2731868172271145,true,true
18,0xcbcdf9626bc03e24f779434178a73a0b4bad62ed,25369170,266398,27415778207847700,19,S18_P19,249420:266460,0xc36442b4a4522e871399cd717abdd847ab11fe88:249420:266460,0xc36442b4a4522e871399cd717abdd847ab11fe88,249420,266460,623615688469922,0.022746598099171,17040,16978,62,62,36597164816.3099765258215962,0.0000013348942546,484.6186361601508542,1245.4397407543405155,9.5158550199875131,3.8202551862484847,13.3361102062359978,9.5158550199875131,45216980.704682884,44189304.062364864,1027676.64231802,true,true,16502940425283595759.11864541452848,16122136606451214988.67270254623184,380803818832380770.44594286829664,true,true,227278903.10186051,222088217.24788478,5190685.85397573,true,true,82076139789659067796.741445737216772,80480256977712429302.821003482430177,1595882811946638493.920442254786595,true,true,457428504.14703107,447189052.87360949,10239451.27342158,true,true,163569891404942011751.3642224648396,161631283390161389705.75521169961407,1938608014780622045.60901076522553,true,true
18,0xcbcdf9626bc03e24f779434178a73a0b4bad62ed,25369170,266398,27415778207847700,20,S18_P20,264600:266400,0xc36442b4a4522e871399cd717abdd847ab11fe88:264600:266400,0xc36442b4a4522e871399cd717abdd847ab11fe88,264600,266400,356088557015255,0.0129884533758493,1800,1798,2,2,197826976119.5861111111111111,0.000007215807431,484.6186361601508542,1245.4397407543405155,5.3763473204638851,0.0651847520060585,5.4415320724699436,5.3763473204638851,45216980.704682884,44630172.205118516,586808.499564368,true,true,16502940425283595759.11864541452848,16466596206996986614.921411416362112,36344218286609144.197233998166368,true,true,227278903.10186051,224315718.52276646,2963184.57909405,true,true,82076139789659067796.741445737216772,82037435336291893624.8155723889379715,38704453367174171.9258733482788005,true,true,457428504.14703107,451581450.31509548,5847053.83193559,true,true,163569891404942011751.3642224648396,163530959869723637063.3394736161202265,38931535218374688.0247488487193735,true,true
19,0xcbcdf9626bc03e24f779434178a73a0b4bad62ed,25359170,266334,27470804709533147,1,S19_P1,-887220:887220,0xc36442b4a4522e871399cd717abdd847ab11fe88:-887220:887220,0xc36442b4a4522e871399cd717abdd847ab11fe88,-887220,887220,449908688640812,0.0163777032889277,1774440,1153554,620886,620886,253549676.8787966907869525,0.000000009229787,479.9274930226678388,1125.5080154835728375,6.7583274277186663,407.9700976508687493,414.7284250785874156,407.9700976508687493,45452533.395350632,44708744.598289956,743788.797060676,true,true,16702543911196551897.2749971628372808,16428624682552713181.9917835364295824,273919228643838715.2832136264076984,true,true,228715099.27552721,224932198.53625733,3782900.73926988,true,true,83185256925155922327.1043177868829296,81828549897303850423.4242956881241184,1356707027852071903.6800220987588112,true,true,462392250.21668555,455050340.43358001,7341909.78310554,true,true,165006197497088848833.8700272941441056,162261558681249217439.1787427035812336,2744638815839631394.691284590562872,true,true
19,0xcbcdf9626bc03e24f779434178a73a0b4bad62ed,25359170,266334,27470804709533147,2,S19_P2,264060:269880,0xc36442b4a4522e871399cd717abdd847ab11fe88:264060:269880,0xc36442b4a4522e871399cd717abdd847ab11fe88,264060,269880,1531050297289209,0.05573372580374,5820,2274,3546,2274,263067061389.8984536082474227,0.000009576241547,479.9274930226678388,1125.5080154835728375,23.8356144375715595,372.5718511487831576,396.4074655863547171,372.5718511487831576,45452533.395350632,42921375.903631572,2531157.49171906,true,true,16702543911196551897.2749971628372808,15770596437198498289.8219341297676776,931947473998053607.4530630330696032,true,true,228715099.27552721,215811818.9078468,12903280.36768041,true,true,83185256925155922327.1043177868829296,78571342782383980361.5858901493910448,4613914142771941965.5184276374918848,true,true,462392250.21668555,437401304.82042845,24990945.3962571,true,true,165006197497088848833.8700272941441056,155673489307927095669.2214345652553824,9332708189161753164.6485927288887232,true,true
19,0xcbcdf9626bc03e24f779434178a73a0b4bad62ed,25359170,266334,27470804709533147,3,S19_P3,263700:267360,0xc36442b4a4522e871399cd717abdd847ab11fe88:263700:267360,0xc36442b4a4522e871399cd717abdd847ab11fe88,263700,267360,2808707304810798,0.1022433574301556,3660,2634,1026,1026,767406367434.6442622950819672,0.0000279353435602,479.9274930226678388,1125.5080154835728375,45.7085592981585862,231.151837833317347,276.8603971314759332,231.151837833317347,45452533.395350632,40809070.647185352,4643462.74816528,true,true,16702543911196551897.2749971628372808,14992344433433360585.7689427202711712,1710199477763191311.5060544425661096,true,true,228715099.27552721,204968280.49381103,23746818.78171618,true,true,83185256925155922327.1043177868829296,74727414586594159595.7409173040250768,8457842338561762731.3634004828578528,true,true,462392250.21668555,416525598.85880903,45866651.35787652,true,true,165006197497088848833.8700272941441056,147901038784124009569.1120850447808384,17105158712964839264.7579422493632672,true,true
19,0xcbcdf9626bc03e24f779434178a73a0b4bad62ed,25359170,266334,27470804709533147,4,S19_P4,265860:267180,0xc36442b4a4522e871399cd717abdd847ab11fe88:265860:267180,0xc36442b4a4522e871399cd717abdd847ab11fe88,265860,267180,3011272554760745,0.1096171949311608,1320,474,846,474,2281267086939.9583333333333333,0.0000830433294933,479.9274930226678388,1125.5080154835728375,29.3205018451280418,208.3305005271804567,237.6510023723084985,208.3305005271804567,45452533.395350632,40474170.874527636,4978362.520822996,true,true,16702543911196551897.2749971628372808,14869069713525342077.0383189585956632,1833474197671209820.2366782042416176,true,true,228715099.27552721,203241615.54645368,25473483.72907353,true,true,83185256925155922327.1043177868829296,74118533176079509122.1972734984401648,9066723749076413204.9070442884427648,true,true,462392250.21668555,413217098.87439659,49175151.34228896,true,true,165006197497088848833.8700272941441056,146670070488477109231.5571798363046192,18336127008611739602.3128474578394864,true,true
19,0xcbcdf9626bc03e24f779434178a73a0b4bad62ed,25359170,266334,27470804709533147,5,S19_P5,264660:267660,0xc36442b4a4522e871399cd717abdd847ab11fe88:264660:267660,0xc36442b4a4522e871399cd717abdd847ab11fe88,264660,267660,1860454169582933,0.0677247786970472,3000,1674,1326,1326,620151389860.9776666666666667,0.0000225749262323,479.9274930226678388,1125.5080154835728375,28.8700024613598861,185.8201524308014909,214.690154892161377,185.8201524308014909,45452533.395350632,42376789.864320968,3075743.531029664,true,true,16702543911196551897.2749971628372808,15569842421393632545.733734923672912,1132701489802919351.5412622391643688,true,true,228715099.27552721,213023557.61683886,15691541.65868835,true,true,83185256925155922327.1043177868829296,77579784179957403226.1856465428249488,5605472745198519100.9186712440579808,true,true,462392250.21668555,432021183.06241784,30371067.15426771,true,true,165006197497088848833.8700272941441056,153668255816045181072.5725963193968864,11337941681043667761.2974309747472192,true,true
19,0xcbcdf9626bc03e24f779434178a73a0b4bad62ed,25359170,266334,27470804709533147,6,S19_P6,256980:270840,0xc36442b4a4522e871399cd717abdd847ab11fe88:256980:270840,0xc36442b4a4522e871399cd717abdd847ab11fe88,256980,270840,625578436978542,0.0227724831359399,13860,9354,4506,4506,45135529363.5311688311688312,0.0000016430363013,479.9274930226678388,1125.5080154835728375,9.4504484165246304,171.1512041724326,180.6016525889572304,171.1512041724326,45452533.395350632,44418325.800077148,1034207.595273484,true,true,16702543911196551897.2749971628372808,16321707940386032551.5595711828293416,380835970810519345.7154259800079392,true,true,228715099.27552721,223453343.68976201,5261755.5857652,true,true,83185256925155922327.1043177868829296,81298971701649642429.0065920193972928,1886285223506279898.0977257674856368,true,true,462392250.21668555,452183366.37693518,10208883.83975037,true,true,165006197497088848833.8700272941441056,161190379992429640619.027955606528776,3815817504659208214.8420716876153296,true,true
19,0xcbcdf9626bc03e24f779434178a73a0b4bad62ed,25359170,266334,27470804709533147,7,S19_P7,261780:268560,0xc36442b4a4522e871399cd717abdd847ab11fe88:261780:268560,0xc36442b4a4522e871399cd717abdd847ab11fe88,261780,268560,794204255030087,0.0289108478411073,6780,4554,2226,2226,117139270653.4051622418879056,0.0000042641368497,479.9274930226678388,1125.5080154835728375,12.0639820272939682,118.9138762700508052,130.9778582973447734,118.9138762700508052,45452533.395350632,44139551.183656328,1312982.211694304,true,true,16702543911196551897.2749971628372808,16219178903194098581.8041811959392984,483365008002453315.4708159668979824,true,true,228715099.27552721,222032595.89033885,6682503.38518836,true,true,83185256925155922327.1043177868829296,80790926820790753293.3370531805021984,2394330104365169033.7672646063807312,true,true,462392250.21668555,449431071.36306743,12961178.85361812,true,true,165006197497088848833.8700272941441056,160162486273070314943.432604191441288,4843711224018533890.4374231027028176,true,true
19,0xcbcdf9626bc03e24f779434178a73a0b4bad62ed,25359170,266334,27470804709533147,8,S19_P8,251340:273540,0xc36442b4a4522e871399cd717abdd847ab11fe88:251340:273540,0xc36442b4a4522e871399cd717abdd847ab11fe88,251340,273540,307652887865136,0.0111992674083687,22200,14994,7206,7206,13858238192.1232432432432432,0.0000005044715049,479.9274930226678388,1125.5080154835728375,4.6003852667441491,116.1866559484583936,120.7870412152025427,116.1866559484583936,45452533.395350632,44943922.46602042,508610.929330212,true,true,16702543911196551897.2749971628372808,16515528277142156422.9148137448059376,187015634054395474.3601834180313432,true,true,228715099.27552721,226129123.22694005,2585976.04858716,true,true,83185256925155922327.1043177868829296,82257546949219557534.241374777261256,927709975936364792.8629430096216736,true,true,462392250.21668555,457371935.87652833,5020314.34015722,true,true,165006197497088848833.8700272941441056,163129242974663569212.8661091703243088,1876954522425279621.0039181238197968,true,true
19,0xcbcdf9626bc03e24f779434178a73a0b4bad62ed,25359170,266334,27470804709533147,9,S19_P9,266040:268200,0xc36442b4a4522e871399cd717abdd847ab11fe88:266040:268200,0xc36442b4a4522e871399cd717abdd847ab11fe88,266040,268200,883221633991913,0.0321512836384225,2160,294,1866,294,408898904625.8856481481481481,0.0000148848535363,479.9274930226678388,1125.5080154835728375,6.0524577575916633,113.769204694653903,119.8216624522455663,113.769204694653903,45452533.395350632,43992386.014369168,1460147.380981464,true,true,16702543911196551897.2749971628372808,16164707881440370406.7665059490278496,537836029756181490.5084912138094312,true,true,228715099.27552721,221282200.96471859,7432898.31080862,true,true,83185256925155922327.1043177868829296,80522641247626283527.0783705998431936,2662615677529638800.025947187039736,true,true,462392250.21668555,447978072.19518977,14414178.02149578,true,true,165006197497088848833.8700272941441056,159619877911579706903.97198269423848,5386319585509141929.8980445999056256,true,true
19,0xcbcdf9626bc03e24f779434178a73a0b4bad62ed,25359170,266334,27470804709533147,10,S19_P10,264600:266700,0xc36442b4a4522e871399cd717abdd847ab11fe88:264600:266700,0xc36442b4a4522e871399cd717abdd847ab11fe88,264600,266700,2290101863927024,0.0833649355430893,2100,1734,366,366,1090524697108.1066666666666667,0.0000396975883539,479.9274930226678388,1125.5080154835728375,36.1711659464636053,71.4506979863704537,107.621863932834059,71.4506979863704537,45452533.395350632,41666470.112061752,3786063.28328888,true,true,16702543911196551897.2749971628372808,15308199794622105185.2352951148375392,1394344116574446712.0397020479997416,true,true,228715099.27552721,209379364.58308223,19335734.69244498,true,true,83185256925155922327.1043177868829296,76287003155107123758.527136414256032,6898253770048798568.5771813726268976,true,true,462392250.21668555,425001184.91412524,37391065.30256031,true,true,165006197497088848833.8700272941441056,151054199983871574303.3555304399788192,13951997513217274530.5144968541652864,true,true
19,0xcbcdf9626bc03e24f779434178a73a0b4bad62ed,25359170,266334,27470804709533147,11,S19_P11,266160:267180,0xc36442b4a4522e871399cd717abdd847ab11fe88:266160:267180,0xc36442b4a4522e871399cd717abdd847ab11fe88,266160,267180,1224318412028871,0.044567984992591,1020,174,846,174,1200312168655.7558823529411765,0.0000436941029339,479.9274930226678388,1125.5080154835728375,5.5631779687370167,80.4797235673176013,86.042901536054618,80.4797235673176013,45452533.395350632,43428476.161192816,2024057.234157816,true,true,16702543911196551897.2749971628372808,15957325481574963866.6102575018666304,745218429621588030.6647396609706504,true,true,228715099.27552721,218469124.58555912,10245974.68996809,true,true,83185256925155922327.1043177868829296,79494997777651022235.088336844232248,3690259147504900092.0159809426506816,true,true,462392250.21668555,443266910.29044101,19125339.92624454,true,true,165006197497088848833.8700272941441056,157541527021750453501.7274271750644352,7464670475338395332.1426001190796704,true,true
19,0xcbcdf9626bc03e24f779434178a73a0b4bad62ed,25359170,266334,27470804709533147,12,S19_P12,265740:267300,0xc36442b4a4522e871399cd717abdd847ab11fe88:265740:267300,0xc36442b4a4522e871399cd717abdd847ab11fe88,265740,267300,1019405787891708,0.0371086977127374,1560,594,966,594,653465248648.5307692307692308,0.0000237876267389,479.9274930226678388,1125.5080154835728375,11.0237963386711965,74.7982147909123574,85.8220111295835539,74.7982147909123574,45452533.395350632,43767243.37060524,1685290.024745392,true,true,16702543911196551897.2749971628372808,16082023828911619937.4347750207041376,620520082284931959.8402221421331432,true,true,228715099.27552721,220133593.16866529,8581506.10686192,true,true,83185256925155922327.1043177868829296,80112309734036892275.013972232904928,3072947191119030052.0903455539780016,true,true,462392250.21668555,445755044.3598446,16637205.85684095,true,true,165006197497088848833.8700272941441056,158789977094499988204.6993629406309696,6216220402588860629.170664353513136,true,true
19,0xcbcdf9626bc03e24f779434178a73a0b4bad62ed,25359170,266334,27470804709533147,13,S19_P13,264720:266700,0xc36442b4a4522e871399cd717abdd847ab11fe88:264720:266700,0xc36442b4a4522e871399cd717abdd847ab11fe88,264720,266700,1438045783780983,0.0523481492073634,1980,1614,366,366,726285749384.3348484848484848,0.0000264384591956,479.9274930226678388,1125.5080154835728375,21.9221773555757527,44.3824317009456891,66.3046090565214418,44.3824317009456891,45452533.395350632,43075134.67141904,2377398.723931592,true,true,16702543911196551897.2749971628372808,15826912817318092590.1649752558120304,875631093878459307.1100219070252504,true,true,228715099.27552721,216598271.24613062,12116828.02939659,true,true,83185256925155922327.1043177868829296,78851283694085261942.7684416231688416,4333973231070660384.335876163714088,true,true,462392250.21668555,438920129.33395199,23472120.88273356,true,true,165006197497088848833.8700272941441056,156239761893502721156.0357404225610512,8766435603586127677.8342868715830544,true,true
19,0xcbcdf9626bc03e24f779434178a73a0b4bad62ed,25359170,266334,27470804709533147,14,S19_P14,253800:267180,0xc36442b4a4522e871399cd717abdd847ab11fe88:253800:267180,0xc36442b4a4522e871399cd717abdd847ab11fe88,253800,267180,802245669375144,0.029203573679687,13380,12534,846,846,59958570207.4098654708520179,0.0000021826288251,479.9274930226678388,1125.5080154835728375,12.1893450105228443,52.0931740688246272,64.2825190793474715,52.0931740688246272,45452533.395350632,44126256.979859028,1326276.415491604,true,true,16702543911196551897.2749971628372808,16214221436304366930.6850482484343264,488322474892184966.5899489144029544,true,true,228715099.27552721,221964777.05044127,6750322.22508594,true,true,83185256925155922327.1043177868829296,80766615558947763329.1858595477432784,2418641366208158997.9184582391396512,true,true,462392250.21668555,449299847.51686484,13092402.69982071,true,true,165006197497088848833.8700272941441056,160113419959865224162.9485377905150304,4892777537223624670.9214895036290752,true,true
19,0xcbcdf9626bc03e24f779434178a73a0b4bad62ed,25359170,266334,27470804709533147,15,S19_P15,261600:268320,0xc36442b4a4522e871399cd717abdd847ab11fe88:261600:268320,0xc36442b4a4522e871399cd717abdd847ab11fe88,261600,268320,326152573608745,0.01187269819932,6720,4734,1986,1986,48534609167.9680059523809524,0.0000017667705654,479.9274930226678388,1125.5080154835728375,4.8799111457386332,42.9584485481693871,47.8383596939080203,42.9584485481693871,45452533.395350632,44913338.745126972,539194.65022366,true,true,16702543911196551897.2749971628372808,16504333752758662530.9245086972443056,198210158437889366.3504884655929752,true,true,228715099.27552721,225973496.00038703,2741603.27514018,true,true,83185256925155922327.1043177868829296,82201675504034667412.7999784419971744,983581421121254914.3043393448857552,true,true,462392250.21668555,457069971.93320054,5322278.28348501,true,true,165006197497088848833.8700272941441056,163016354624818252801.8483486077429536,1989842872270596032.021678686401152,true,true
19,0xcbcdf9626bc03e24f779434178a73a0b4bad62ed,25359170,266334,27470804709533147,16,S19_P16,264780:266700,0xc36442b4a4522e871399cd717abdd847ab11fe88:264780:266700,0xc36442b4a4522e871399cd717abdd847ab11fe88,264780,266700,931440025416149,0.0339065431560843,1920,1554,366,366,485125013237.5776041666666667,0.0000176596578938,479.9274930226678388,1125.5080154835728375,13.9126464309593099,28.5622527021451452,42.4748991331044551,28.5622527021451452,45452533.395350632,43912670.375952024,1539863.019398608,true,true,16702543911196551897.2749971628372808,16135413484987338924.4407760224856352,567130426209212972.8342211403516456,true,true,228715099.27552721,220875708.10244276,7839391.17308445,true,true,83185256925155922327.1043177868829296,80377330757231756683.5481920078722304,2807926167924165643.5561257790106992,true,true,462392250.21668555,447191096.99569766,15201153.22098789,true,true,165006197497088848833.8700272941441056,159326026476371912302.8080163015377024,5680171020716936531.0620109926064032,true,true
19,0xcbcdf9626bc03e24f779434178a73a0b4bad62ed,25359170,266334,27470804709533147,17,S19_P17,265440:267420,0xc36442b4a4522e871399cd717abdd847ab11fe88:265440:267420,0xc36442b4a4522e871399cd717abdd847ab11fe88,265440,267420,425912909287713,0.0155042021444646,1980,894,1086,894,215107529943.2893939393939394,0.0000078304051235,479.9274930226678388,1125.5080154835728375,5.4231531866860601,33.7937337907004926,39.2168869773865527,33.7937337907004926,45452533.395350632,44748414.561397788,704118.833952844,true,true,16702543911196551897.2749971628372808,16443653287924585670.524761057603764,258890623271966226.7502361052335168,true,true,228715099.27552721,225134191.27713017,3580907.99839704,true,true,83185256925155922327.1043177868829296,81901000412399177367.7216689689466208,1284256512756744959.3826488179363088,true,true,462392250.21668555,455442005.30764865,6950244.9090369,true,true,165006197497088848833.8700272941441056,162407955026635932879.7650319578123888,2598242470452915954.1049953363317168,true,true
19,0xcbcdf9626bc03e24f779434178a73a0b4bad62ed,25359170,266334,27470804709533147,18,S19_P18,262860:266640,0xc36442b4a4522e871399cd717abdd847ab11fe88:262860:266640,0xc36442b4a4522e871399cd717abdd847ab11fe88,262860,266640,477686396607149,0.0173888752680542,3780,3474,306,306,126372062594.4838624338624339,0.0000046002315524,479.9274930226678388,1125.5080154835728375,7.1819858136907236,12.3488671195991248,19.5308529332898484,12.3488671195991248,45452533.395350632,44662822.306588568,789711.088762064,true,true,16702543911196551897.2749971628372808,16411689534514032537.660949873113908,290854376682519359.6140472897233728,true,true,228715099.27552721,224698560.62621264,4016538.64931457,true,true,83185256925155922327.1043177868829296,81744793287861534622.36006861787148,1440463637294387704.7442491690114496,true,true,462392250.21668555,454597100.01969803,7795150.19698752,true,true,165006197497088848833.8700272941441056,162092159948015879951.2972035066075584,2914037549072968882.5728237875365472,true,true
19,0xcbcdf9626bc03e24f779434178a73a0b4bad62ed,25359170,266334,27470804709533147,19,S19_P19,249420:266460,0xc36442b4a4522e871399cd717abdd847ab11fe88:249420:266460,0xc36442b4a4522e871399cd717abdd847ab11fe88,249420,266460,623615688469922,0.022701034609791,17040,16914,126,126,36597164816.3099765258215962,0.000001332220341,479.9274930226678388,1125.5080154835728375,9.4201967973285814,6.974524801800512,16.3947215991290934,9.4201967973285814,45452533.395350632,44421570.63874782,1030962.756602812,true,true,16702543911196551897.2749971628372808,16323115475008881242.3767533648035816,379428436187670654.8982437980336992,true,true,228715099.27552721,223469788.09798373,5245311.17754348,true,true,83185256925155922327.1043177868829296,81365216227792821030.7915771516122544,1820040697363101296.3127406352706752,true,true,462392250.21668555,452215425.50510603,10176824.71157952,true,true,165006197497088848833.8700272941441056,161891072684801692115.190127468372584,3115124812287156718.6798998257715216,true,true
19,0xcbcdf9626bc03e24f779434178a73a0b4bad62ed,25359170,266334,27470804709533147,20,S19_P20,264600:266400,0xc36442b4a4522e871399cd717abdd847ab11fe88:264600:266400,0xc36442b4a4522e871399cd717abdd847ab11fe88,264600,266400,356088557015255,0.0129624363312401,1800,1734,66,66,197826976119.5861111111111111,0.0000072013535174,479.9274930226678388,1125.5080154835728375,5.3106357526012766,2.1237970228382473,7.4344327754395239,5.3106357526012766,45452533.395350632,44863848.49002784,588684.905322792,true,true,16702543911196551897.2749971628372808,16485808484540855635.1178573055559648,216735426655696262.157139857281316,true,true,228715099.27552721,225721735.94900081,2993363.3265264,true,true,83185256925155922327.1043177868829296,82268997008829404459.1883150807593248,916259916326517867.9160027061236048,true,true,462392250.21668555,456581477.49033872,5810772.72634683,true,true,165006197497088848833.8700272941441056,163845158698946831638.6331414837284464,1161038798142017195.2368858104156592,true,true
20,0xcbcdf9626bc03e24f779434178a73a0b4bad62ed,25349170,266371,27967636289014512,1,S20_P1,-887220:887220,0xc36442b4a4522e871399cd717abdd847ab11fe88:-887220:887220,0xc36442b4a4522e871399cd717abdd847ab11fe88,-887220,887220,449908688640812,0.0160867612833457,1774440,1153591,620849,620849,253549676.8787966907869525,0.0000000090658243,475.1759834637569019,1139.8143180576202337,6.6096991657278972,420.6166188790144978,427.226318044742395,420.6166188790144978,46188543.871603412,45446133.843424228,742410.028179184,true,true,17054697898407165516.4226734150232968,16780478124530476298.8819866443714632,274219773876689217.5406867706518336,true,true,232403586.70843787,228652855.56658085,3750731.14185702,true,true,84446598578356945130.5250491075261172,83087006459480617557.515266194979418,1359592118876327573.0097829125466992,true,true,468081259.86874604,460706076.75504215,7375183.11370389,true,true,167604018687737909198.17378429950458,164872504832875632761.1263291127483044,2731513854862276437.0474551867562756,true,true
20,0xcbcdf9626bc03e24f779434178a73a0b4bad62ed,25349170,266371,27967636289014512,2,S20_P2,264060:269880,0xc36442b4a4522e871399cd717abdd847ab11fe88:264060:269880,0xc36442b4a4522e871399cd717abdd847ab11fe88,264060,269880,1531050297289209,0.0547436430260856,5820,2311,3509,2311,263067061389.8984536082474227,0.0000094061242313,475.1759834637569019,1139.8143180576202337,23.2973000220612508,374.5311425513479633,397.8284425734092141,374.5311425513479633,46188543.871603412,43662079.711942352,2526464.15966106,true,true,17054697898407165516.4226734150232968,16120923650944579220.0471707107725284,933774247462586296.3755027042507684,true,true,232403586.70843787,219625553.02286168,12778033.68557619,true,true,84446598578356945130.5250491075261172,79818602429246395470.5173489686269612,4627996149110549660.007700138899156,true,true,468081259.86874604,443004600.92381879,25076658.94492725,true,true,167604018687737909198.17378429950458,158312231479550366986.6437869565614312,9291787208187542211.5299973429431488,true,true
20,0xcbcdf9626bc03e24f779434178a73a0b4bad62ed,25349170,266371,27967636289014512,3,S20_P3,263700:267360,0xc36442b4a4522e871399cd717abdd847ab11fe88:263700:267360,0xc36442b4a4522e871399cd717abdd847ab11fe88,263700,267360,2808707304810798,0.100427053462292,3660,2671,989,989,767406367434.6442622950819672,0.0000274390856454,475.1759834637569019,1139.8143180576202337,44.6496403146929024,226.1411603238689081,270.7908006385618105,226.1411603238689081,46188543.871603412,41553694.329577372,4634849.54202604,true,true,17054697898407165516.4226734150232968,15341902447164618431.1204136288381608,1712795451242547085.302259786185136,true,true,232403586.70843787,208921511.62798343,23482075.08045444,true,true,84446598578356945130.5250491075261172,75950503053494693336.8767789852091076,8496095524862251793.6482701223170096,true,true,468081259.86874604,422113982.79438584,45967277.0743602,true,true,167604018687737909198.17378429950458,150564150738311147168.305659786874808,17039867949426762029.868124512629772,true,true
20,0xcbcdf9626bc03e24f779434178a73a0b4bad62ed,25349170,266371,27967636289014512,4,S20_P4,265860:267180,0xc36442b4a4522e871399cd717abdd847ab11fe88:265860:267180,0xc36442b4a4522e871399cd717abdd847ab11fe88,265860,267180,3011272554760745,0.1076698982939631,1320,511,809,511,2281267086939.9583333333333333,0.0000815681047682,475.1759834637569019,1139.8143180576202337,30.177718048245693,202.1554325041206495,232.3331505523663425,202.1554325041206495,46188543.871603412,41219416.3525026,4969127.519100812,true,true,17054697898407165516.4226734150232968,15218596982870805688.4328679807324648,1836100915536359827.989805434290832,true,true,232403586.70843787,207219929.53012133,25183657.17831654,true,true,84446598578356945130.5250491075261172,75336584458418696249.2585860719307992,9110014119938248881.266463035595318,true,true,468081259.86874604,418803759.16442549,49277500.70432055,true,true,167604018687737909198.17378429950458,149336034443290565044.7067042931543436,18267984244447344153.4670800063502364,true,true
20,0xcbcdf9626bc03e24f779434178a73a0b4bad62ed,25349170,266371,27967636289014512,5,S20_P5,264660:267660,0xc36442b4a4522e871399cd717abdd847ab11fe88:264660:267660,0xc36442b4a4522e871399cd717abdd847ab11fe88,264660,267660,1860454169582933,0.0665216806439129,3000,1711,1289,1289,620151389860.9776666666666667,0.000022173893548,475.1759834637569019,1139.8143180576202337,28.3318429721303109,183.6772405383915319,212.0090835105218428,183.6772405383915319,46188543.871603412,43118503.974142612,3070039.8974608,true,true,17054697898407165516.4226734150232968,15920109555444735251.7729625949273792,1134588342962430264.6497108200959176,true,true,232403586.70843787,216870166.60823072,15533420.10020715,true,true,84446598578356945130.5250491075261172,78821970742734590489.1587146904100632,5624627835622354641.366334417116054,true,true,468081259.86874604,437616277.28205755,30464982.58668849,true,true,167604018687737909198.17378429950458,156314238505791274560.6833619528176084,11289780181946634637.4904223466869716,true,true
20,0xcbcdf9626bc03e24f779434178a73a0b4bad62ed,25349170,266371,27967636289014512,6,S20_P6,256980:270840,0xc36442b4a4522e871399cd717abdd847ab11fe88:256980:270840,0xc36442b4a4522e871399cd717abdd847ab11fe88,256980,270840,625578436978542,0.0223679409483834,13860,9391,4469,4469,45135529363.5311688311688312,0.0000016138485533,475.1759834637569019,1139.8143180576202337,9.242277374285105,172.8261916028783636,182.0684689771634686,172.8261916028783636,46188543.871603412,45156253.479870108,1032290.391733304,true,true,17054697898407165516.4226734150232968,16673364299268469706.6363403877230608,381333599138695809.786333027300236,true,true,232403586.70843787,227187620.41309844,5215966.29533943,true,true,84446598578356945130.5250491075261172,82556160416894048687.520507254175362,1890438161462896443.0045418533507552,true,true,468081259.86874604,457827955.25309555,10253304.61565049,true,true,167604018687737909198.17378429950458,163806262301439996998.6924163247621004,3797756386297912199.4813679747424796,true,true
20,0xcbcdf9626bc03e24f779434178a73a0b4bad62ed,25349170,266371,27967636289014512,7,S20_P7,261780:268560,0xc36442b4a4522e871399cd717abdd847ab11fe88:261780:268560,0xc36442b4a4522e871399cd717abdd847ab11fe88,261780,268560,794204255030087,0.0283972605629903,6780,4591,2189,2189,117139270653.4051622418879056,0.0000041883865137,475.1759834637569019,1139.8143180576202337,11.7973943355905301,118.9801465447881049,130.777540880378635,118.9801465447881049,46188543.871603412,44877995.755130012,1310548.1164734,true,true,17054697898407165516.4226734150232968,16570220822758422231.4055564335763636,484477075648743285.0171169814469332,true,true,232403586.70843787,225780510.16601234,6623076.54242553,true,true,84446598578356945130.5250491075261172,82046650249342243610.5548930222395312,2399948329014701519.970156085286586,true,true,468081259.86874604,455065943.47753988,13015316.39120616,true,true,167604018687737909198.17378429950458,162782922469202486829.3715455464926532,4821096218535422368.8022387530119268,true,true
20,0xcbcdf9626bc03e24f779434178a73a0b4bad62ed,25349170,266371,27967636289014512,8,S20_P8,266040:268200,0xc36442b4a4522e871399cd717abdd847ab11fe88:266040:268200,0xc36442b4a4522e871399cd717abdd847ab11fe88,266040,268200,883221633991913,0.0315801315801163,2160,331,1829,331,408898904625.8856481481481481,0.0000146204312871,475.1759834637569019,1139.8143180576202337,6.493590063551172,113.4683709507933944,119.9619610143445664,113.4683709507933944,46188543.871603412,44731103.471325124,1457440.400278288,true,true,17054697898407165516.4226734150232968,16516099378198254459.4639720176187732,538598520208911056.9587013974045236,true,true,232403586.70843787,225037462.81402601,7366123.89441186,true,true,84446598578356945130.5250491075261172,81777524164244604222.017721357924026,2669074414112340908.5073277496020912,true,true,468081259.86874604,453608108.27862401,14473151.59012203,true,true,167604018687737909198.17378429950458,162242704582315641639.8306081949675752,5361314105422267558.3431761045370048,true,true
20,0xcbcdf9626bc03e24f779434178a73a0b4bad62ed,25349170,266371,27967636289014512,9,S20_P9,264600:266700,0xc36442b4a4522e871399cd717abdd847ab11fe88:264600:266700,0xc36442b4a4522e871399cd717abdd847ab11fe88,264600,266700,2290101863927024,0.0818839976414653,2100,1771,329,329,1090524697108.1066666666666667,0.0000389923798293,475.1759834637569019,1139.8143180576202337,35.4736488012731801,65.3629935587431482,100.8366423600163283,65.3629935587431482,46188543.871603412,42409502.297424908,3779041.574178504,true,true,17054697898407165516.4226734150232968,15658021985522743755.36393306224233,1396675912884421761.0587403527809668,true,true,232403586.70843787,213272094.23403809,19131492.47439978,true,true,84446598578356945130.5250491075261172,77521502438326127582.9158388369499476,6925096140030817547.6092102705761696,true,true,468081259.86874604,430590903.28708757,37490356.58165847,true,true,167604018687737909198.17378429950458,153708673348065242490.7783119020005904,13895345339672666707.3954723975039896,true,true
20,0xcbcdf9626bc03e24f779434178a73a0b4bad62ed,25349170,266371,27967636289014512,10,S20_P10,266160:267180,0xc36442b4a4522e871399cd717abdd847ab11fe88:266160:267180,0xc36442b4a4522e871399cd717abdd847ab11fe88,266160,267180,1224318412028871,0.0437762562190418,1020,211,809,211,1200312168655.7558823529411765,0.000042917898254,475.1759834637569019,1139.8143180576202337,6.4155055463459139,78.3675874677143618,84.7830930140602757,78.3675874677143618,46188543.871603412,44168239.385614816,2020304.485988596,true,true,17054697898407165516.4226734150232968,16307929763940800178.950488922990622,746768134466365337.4721844920326748,true,true,232403586.70843787,222193051.47823343,10210535.23020444,true,true,84446598578356945130.5250491075261172,80746259486646917647.3477651898321456,3700339091710027483.1772839176939716,true,true,468081259.86874604,448067910.51271856,20013349.35602748,true,true,167604018687737909198.17378429950458,160173026505600691338.2834859647392964,7430992182137217859.8902983347652836,true,true
20,0xcbcdf9626bc03e24f779434178a73a0b4bad62ed,25349170,266371,27967636289014512,11,S20_P11,265740:267300,0xc36442b4a4522e871399cd717abdd847ab11fe88:265740:267300,0xc36442b4a4522e871399cd717abdd847ab11fe88,265740,267300,1019405787891708,0.0364494795826605,1560,631,929,631,653465248648.5307692307692308,0.0000233650510145,475.1759834637569019,1139.8143180576202337,11.1719206288623507,73.2871203274231391,84.4590409562854898,73.2871203274231391,46188543.871603412,44506378.330075024,1682165.541528388,true,true,17054697898407165516.4226734150232968,16432963579570017917.9880780803401748,621734318837147598.434595334683122,true,true,232403586.70843787,223900624.97081645,8502961.73762142,true,true,84446598578356945130.5250491075261172,81365839555838291879.073306610477346,3080759022518653251.4517424970487712,true,true,468081259.86874604,451378414.88589221,16702844.98285383,true,true,167604018687737909198.17378429950458,161416343264464744904.3016754789783316,6187675423273164293.8721088205262484,true,true
20,0xcbcdf9626bc03e24f779434178a73a0b4bad62ed,25349170,266371,27967636289014512,12,S20_P12,253800:267180,0xc36442b4a4522e871399cd717abdd847ab11fe88:253800:267180,0xc36442b4a4522e871399cd717abdd847ab11fe88,253800,267180,802245669375144,0.0286847862681288,13380,12571,809,809,59958570207.4098654708520179,0.0000021438554759,475.1759834637569019,1139.8143180576202337,11.9199274282526907,50.7687624710697331,62.6886898993224238,50.7687624710697331,46188543.871603412,44864726.201989132,1323817.66961428,true,true,17054697898407165516.4226734150232968,16565365653969198675.005811204856118,489332244437966841.4168622101671788,true,true,232403586.70843787,225713511.94592162,6690074.76251625,true,true,84446598578356945130.5250491075261172,82022221516768714899.3592519117799372,2424377061588230231.16579719574618,true,true,468081259.86874604,454934354.58194666,13146905.28679938,true,true,167604018687737909198.17378429950458,162734074720957426169.416196892048866,4869943966780483028.757587407455714,true,true
20,0xcbcdf9626bc03e24f779434178a73a0b4bad62ed,25349170,266371,27967636289014512,13,S20_P13,264720:266700,0xc36442b4a4522e871399cd717abdd847ab11fe88:264720:266700,0xc36442b4a4522e871399cd717abdd847ab11fe88,264720,266700,1438045783780983,0.051418209566242,1980,1651,329,329,726285749384.3348484848484848,0.0000259687927102,475.1759834637569019,1139.8143180576202337,21.5298727300946464,40.6524941654954081,62.1823668955900545,40.6524941654954081,46188543.871603412,43815553.266178868,2372990.605424544,true,true,17054697898407165516.4226734150232968,16177667074406695208.340734697732172,877030824000470308.0819387172911248,true,true,232403586.70843787,220403231.18799593,12000355.52044194,true,true,84446598578356945130.5250491075261172,80099958784830717004.9629586237103336,4346639793526228125.5620904838157836,true,true,468081259.86874604,444526395.66235832,23554864.20638772,true,true,167604018687737909198.17378429950458,158876459783297665576.7148637901679104,8727558904440243621.4589205093366696,true,true
20,0xcbcdf9626bc03e24f779434178a73a0b4bad62ed,25349170,266371,27967636289014512,14,S20_P14,265200:267720,0xc36442b4a4522e871399cd717abdd847ab11fe88:265200:267720,0xc36442b4a4522e871399cd717abdd847ab11fe88,265200,267720,541694386264027,0.0193686152332008,2520,1171,1349,1171,214958089787.3123015873015873,0.0000076859584259,475.1759834637569019,1139.8143180576202337,7.3470833490879548,52.5844700854208135,59.9315534345087683,52.5844700854208135,46188543.871603412,45294674.347396408,893869.524207004,true,true,17054697898407165516.4226734150232968,16724179503030278643.525304296656188,330518395376886872.8973691183671088,true,true,232403586.70843787,227887451.98664333,4516134.72179454,true,true,84446598578356945130.5250491075261172,82809717883485326700.5575413562263776,1636880694871618429.9675077512997396,true,true,468081259.86874604,459202281.18299024,8878978.6857558,true,true,167604018687737909198.17378429950458,164315425144066778354.0980975491776948,3288593543671130844.0756867503268852,true,true
20,0xcbcdf9626bc03e24f779434178a73a0b4bad62ed,25349170,266371,27967636289014512,15,S20_P15,261600:268320,0xc36442b4a4522e871399cd717abdd847ab11fe88:261600:268320,0xc36442b4a4522e871399cd717abdd847ab11fe88,261600,268320,326152573608745,0.0116617854379369,6720,4771,1949,1949,48534609167.9680059523809524,0.0000017353847378,475.1759834637569019,1139.8143180576202337,4.7727447332716882,42.9402982006181732,47.7130429338898614,42.9402982006181732,46188543.871603412,45650348.70220056,538195.169402852,true,true,17054697898407165516.4226734150232968,16855896103643428706.0976343246505376,198801794763736810.3250390903727592,true,true,232403586.70843787,229684905.6097595,2718681.09867837,true,true,84446598578356945130.5250491075261172,83460994665432427908.3340719904194764,985603912924517222.1909771171066408,true,true,468081259.86874604,462734220.91974395,5347038.94900209,true,true,167604018687737909198.17378429950458,165623780050052368793.3341129979532332,1980238637685540404.8396713015513468,true,true
20,0xcbcdf9626bc03e24f779434178a73a0b4bad62ed,25349170,266371,27967636289014512,16,S20_P16,264780:266700,0xc36442b4a4522e871399cd717abdd847ab11fe88:264780:266700,0xc36442b4a4522e871399cd717abdd847ab11fe88,264780,266700,931440025416149,0.0333042097584061,1920,1591,329,329,485125013237.5776041666666667,0.0000173459425825,475.1759834637569019,1139.8143180576202337,13.6738599402219265,26.1811894133296876,39.8550493535516141,26.1811894133296876,46188543.871603412,44651535.653408148,1537008.218195264,true,true,17054697898407165516.4226734150232968,16486766454247096972.6261381018914368,567931444160068543.79653531313186,true,true,232403586.70843787,224635041.94173875,7768544.76669912,true,true,84446598578356945130.5250491075261172,81631753487078719817.9054401371848276,2814845091278225312.6196089703412896,true,true,468081259.86874604,452818690.39962527,15262569.46912077,true,true,167604018687737909198.17378429950458,161950083635770727652.7690969947912308,5653935051967181545.4046873047133492,true,true
20,0xcbcdf9626bc03e24f779434178a73a0b4bad62ed,25349170,266371,27967636289014512,17,S20_P17,265440:267420,0xc36442b4a4522e871399cd717abdd847ab11fe88:265440:267420,0xc36442b4a4522e871399cd717abdd847ab11fe88,265440,267420,425912909287713,0.0152287774657241,1980,931,1049,931,215107529943.2893939393939394,0.0000076913017504,475.1759834637569019,1139.8143180576202337,5.3793314561486466,33.3078046113602143,38.6871360675088609,33.3078046113602143,46188543.871603412,45485730.26233276,702813.609270652,true,true,17054697898407165516.4226734150232968,16794909724512433013.6034629271718568,259788173894732502.81921048785144,true,true,232403586.70843787,228853000.68586091,3550586.02257696,true,true,84446598578356945130.5250491075261172,83159558984030591501.6602860303925868,1287039594326353628.8647630771335304,true,true,468081259.86874604,461099285.79029888,6981974.07844716,true,true,167604018687737909198.17378429950458,165018183913290015087.8164471692716876,2585834774447894110.3573371302328924,true,true
20,0xcbcdf9626bc03e24f779434178a73a0b4bad62ed,25349170,266371,27967636289014512,18,S20_P18,262860:266640,0xc36442b4a4522e871399cd717abdd847ab11fe88:262860:266640,0xc36442b4a4522e871399cd717abdd847ab11fe88,262860,266640,477686396607149,0.0170799702796042,3780,3511,269,269,126372062594.4838624338624339,0.000004518510656,475.1759834637569019,1139.8143180576202337,7.0239987732550842,11.0802798750253542,18.1042786482804384,11.0802798750253542,46188543.871603412,45400296.688217092,788247.18338632,true,true,17054697898407165516.4226734150232968,16763389672191402876.609219496813702,291308226215762639.8134539182095948,true,true,232403586.70843787,228421222.65354518,3982364.05489269,true,true,84446598578356945130.5250491075261172,83003112647770217301.38750644062557,1443485930586727829.1375426669005472,true,true,468081259.86874604,460250934.02636366,7830325.84238238,true,true,167604018687737909198.17378429950458,164703915189885379572.8551039562874512,2900103497852529625.3186803432171288,true,true
20,0xcbcdf9626bc03e24f779434178a73a0b4bad62ed,25349170,266371,27967636289014512,19,S20_P19,249420:266460,0xc36442b4a4522e871399cd717abdd847ab11fe88:249420:266460,0xc36442b4a4522e871399cd717abdd847ab11fe88,249420,266460,623615688469922,0.0222977616708665,17040,16951,89,89,36597164816.3099765258215962,0.0000013085540887,475.1759834637569019,1139.8143180576202337,9.2127079858653747,5.0363990258626486,14.2491070117280233,9.2127079858653747,46188543.871603412,45159492.302364244,1029051.569239168,true,true,17054697898407165516.4226734150232968,16674541271606078718.0856540926379908,380156626801086798.337019322385306,true,true,232403586.70843787,227203877.40590741,5199709.30253046,true,true,84446598578356945130.5250491075261172,82683236509663510703.158288939131758,1763362068693434427.3667601683943592,true,true,468081259.86874604,457860057.66909005,10221202.19965599,true,true,167604018687737909198.17378429950458,165077362596612441307.5770660267394932,2526656091125467890.5967182727650868,true,true
20,0xcbcdf9626bc03e24f779434178a73a0b4bad62ed,25349170,266371,27967636289014512,20,S20_P20,264600:266400,0xc36442b4a4522e871399cd717abdd847ab11fe88:264600:266400,0xc36442b4a4522e871399cd717abdd847ab11fe88,264600,266400,356088557015255,0.0127321648971502,1800,1771,29,29,197826976119.5861111111111111,0.0000070734249429,475.1759834637569019,1139.8143180576202337,5.2050292869834478,0.953315102438769,6.1583443894222168,5.2050292869834478,46188543.871603412,45600950.1927919,587593.678811512,true,true,17054697898407165516.4226734150232968,16837561490669352904.0476172512496836,217136407737812612.3750561637736132,true,true,232403586.70843787,229435269.78553508,2968316.92290279,true,true,84446598578356945130.5250491075261172,83923589950590836678.0161687409529332,523008627766108452.508880366573184,true,true,468081259.86874604,462243583.31227061,5837676.55647543,true,true,167604018687737909198.17378429950458,167030709414580153136.8718380125815696,573309273157756061.3019462869230104,true,true
21,0xcbcdf9626bc03e24f779434178a73a0b4bad62ed,25339170,266372,27831543480543853,1,S21_P1,-887220:887220,0xc36442b4a4522e871399cd717abdd847ab11fe88:-887220:887220,0xc36442b4a4522e871399cd717abdd847ab11fe88,-887220,887220,449908688640812,0.016165423558177,1774440,1153592,620848,620848,253549676.8787966907869525,0.0000000091101551,476.6648020616287379,1147.2465599701097784,6.6403955007907689,424.3766272959030916,431.0170227966938605,424.3766272959030916,45960856.19932946,45218494.781654848,742361.417674612,true,true,16972883844309308083.0175880107273925,16698636979542695882.6122036646605827,274246864766612200.4053843460668098,true,true,231239395.23535964,227488217.05901582,3751178.17634382,true,true,84013263827503601854.1144280315069499,82652950641440079971.1396948911912105,1360313186063521882.9747331403157394,true,true,465756904.50040157,458381147.28885878,7375757.21154279,true,true,166746848296821300189.4812475243336072,164015972333664105858.7445790880256796,2730875963157194330.7366684363079276,true,true
21,0xcbcdf9626bc03e24f779434178a73a0b4bad62ed,25339170,266372,27831543480543853,2,S21_P2,264060:269880,0xc36442b4a4522e871399cd717abdd847ab11fe88:264060:269880,0xc36442b4a4522e871399cd717abdd847ab11fe88,264060,269880,1531050297289209,0.0550113326758007,5820,2312,3508,2312,263067061389.8984536082474227,0.0000094521190165,476.6648020616287379,1147.2465599701097784,23.4060030461681525,376.5997870961782804,400.0057901423464329,376.5997870961782804,45960856.19932946,43434557.088507888,2526299.110821572,true,true,16972883844309308083.0175880107273925,16038996589079926993.6327416308926347,933887255229381089.3848463798347578,true,true,231239395.23535964,218459761.15643183,12779634.07892781,true,true,84013263827503601854.1144280315069499,79381937327756450080.7122247408347788,4631326499747151773.4022032906721711,true,true,465756904.50040157,440678427.89525183,25078476.60514974,true,true,166746848296821300189.4812475243336072,157456687488962725987.569597771204383,9290160807858574201.9116497531292242,true,true
21,0xcbcdf9626bc03e24f779434178a73a0b4bad62ed,25339170,266372,27831543480543853,3,S21_P3,263700:267360,0xc36442b4a4522e871399cd717abdd847ab11fe88:263700:267360,0xc36442b4a4522e871399cd717abdd847ab11fe88,263700,267360,2808707304810798,0.1009181293439322,3660,2672,988,988,767406367434.6442622950819672,0.0000275732593836,476.6648020616287379,1147.2465599701097784,44.8589926007065301,227.2470420083777523,272.1060346090842824,227.2470420083777523,45960856.19932946,41326308.524670272,4634547.674659188,true,true,16972883844309308083.0175880107273925,15259996818526219398.0567931485948711,1712887025783088684.9607948621325214,true,true,231239395.23535964,207753329.36861732,23486065.86674232,true,true,84013263827503601854.1144280315069499,75510263858518313043.9385372561860554,8502999968985288810.1758907753208945,true,true,465756904.50040157,419786423.42128319,45970481.07911838,true,true,166746848296821300189.4812475243336072,149708982030900842521.1064667719928011,17037866265920457668.3747807523408061,true,true
21,0xcbcdf9626bc03e24f779434178a73a0b4bad62ed,25339170,266372,27831543480543853,4,S21_P4,265860:267180,0xc36442b4a4522e871399cd717abdd847ab11fe88:265860:267180,0xc36442b4a4522e871399cd717abdd847ab11fe88,265860,267180,3011272554760745,0.1081963907918305,1320,512,808,512,2281267086939.9583333333333333,0.0000819669627211,476.6648020616287379,1147.2465599701097784,30.3513514708679963,203.0691095909104665,233.4204610617784628,203.0691095909104665,45960856.19932946,40992052.150504588,4968804.048824872,true,true,16972883844309308083.0175880107273925,15136265586597690934.5330601310802408,1836618257711617148.4845278796471517,true,true,231239395.23535964,206051242.24361642,25188152.99174322,true,true,84013263827503601854.1144280315069499,74895625018396847221.8255325968865263,9117638809106754632.2888954346204236,true,true,465756904.50040157,416475953.91994229,49280950.58045928,true,true,166746848296821300189.4812475243336072,148480821854290151755.4777218261162997,18266026442531148434.0035256982173075,true,true
21,0xcbcdf9626bc03e24f779434178a73a0b4bad62ed,25339170,266372,27831543480543853,5,S21_P5,264660:267660,0xc36442b4a4522e871399cd717abdd847ab11fe88:264660:267660,0xc36442b4a4522e871399cd717abdd847ab11fe88,264660,267660,1860454169582933,0.0668469634421647,3000,1712,1288,1288,620151389860.9776666666666667,0.0000222823211474,476.6648020616287379,1147.2465599701097784,28.4626705308854424,184.6780969173633112,213.1407674482487536,184.6780969173633112,45960856.19932946,42891016.71226026,3069839.4870692,true,true,16972883844309308083.0175880107273925,15838135616271309970.9993656103051887,1134748228037998112.0182224004222038,true,true,231239395.23535964,215703637.65412478,15535757.58123486,true,true,84013263827503601854.1144280315069499,78384464496194333045.9753172980483965,5628799331309268808.1391107334585534,true,true,465756904.50040157,435289583.30568113,30467321.19472044,true,true,166746848296821300189.4812475243336072,155458882884097160714.9247902377840654,11287965412724139474.5564572865495418,true,true
21,0xcbcdf9626bc03e24f779434178a73a0b4bad62ed,25339170,266372,27831543480543853,6,S21_P6,256980:270840,0xc36442b4a4522e871399cd717abdd847ab11fe88:256980:270840,0xc36442b4a4522e871399cd717abdd847ab11fe88,256980,270840,625578436978542,0.0224773174156102,13860,9392,4468,4468,45135529363.5311688311688312,0.0000016217400733,476.6648020616287379,1147.2465599701097784,9.28524165979807,173.8259388361270357,183.1111804959251057,173.8259388361270357,45960856.19932946,44928633.37466128,1032222.82466818,true,true,16972883844309308083.0175880107273925,16591413596904472823.3546916838841838,381470247404835259.6628963268432087,true,true,231239395.23535964,226022765.08987418,5216630.14548546,true,true,84013263827503601854.1144280315069499,82121717019254108493.1618592279145066,1891546808249493360.9525688035924433,true,true,465756904.50040157,455502775.96243205,10254128.53796952,true,true,166746848296821300189.4812475243336072,162949899544188688581.5123047537682391,3796948752632611607.9689427705653681,true,true
21,0xcbcdf9626bc03e24f779434178a73a0b4bad62ed,25339170,266372,27831543480543853,7,S21_P7,261780:268560,0xc36442b4a4522e871399cd717abdd847ab11fe88:261780:268560,0xc36442b4a4522e871399cd717abdd847ab11fe88,261780,268560,794204255030087,0.0285361196580883,6780,4592,2188,2188,117139270653.4051622418879056,0.0000042088672062,476.6648020616287379,1147.2465599701097784,11.8522670335548778,119.6421301810124559,131.4943972145673337,119.6421301810124559,45960856.19932946,44650393.833341544,1310462.365987916,true,true,16972883844309308083.0175880107273925,16488430907761631699.8301119812298242,484452936547676383.1874760294975683,true,true,231239395.23535964,224615497.76369345,6623897.47166619,true,true,84013263827503601854.1144280315069499,81611717769422466142.3140287551916044,2401546058081135711.8003992763153455,true,true,465756904.50040157,452740562.75831315,13016341.74208842,true,true,166746848296821300189.4812475243336072,161926710500758154270.2178350994287195,4820137796063145919.2634124249048877,true,true
21,0xcbcdf9626bc03e24f779434178a73a0b4bad62ed,25339170,266372,27831543480543853,8,S21_P8,266040:268200,0xc36442b4a4522e871399cd717abdd847ab11fe88:266040:268200,0xc36442b4a4522e871399cd717abdd847ab11fe88,266040,268200,883221633991913,0.0317345545211801,2160,332,1828,332,408898904625.8856481481481481,0.0000146919233894,476.6648020616287379,1147.2465599701097784,6.5377075011086638,114.0958153614598014,120.6335228625684652,114.0958153614598014,45960856.19932946,44503511.143292416,1457345.056037044,true,true,16972883844309308083.0175880107273925,16434055676730119257.6194360167236839,538828167579188825.3981519940037086,true,true,231239395.23535964,223872448.69813634,7366946.5372233,true,true,84013263827503601854.1144280315069499,81342475079706104948.4158896965461108,2670788747797496905.6985383349608391,true,true,465756904.50040157,451282739.96523995,14474164.53516162,true,true,166746848296821300189.4812475243336072,161386642823671658684.8752835282322046,5360205473149641504.6059639961014026,true,true
21,0xcbcdf9626bc03e24f779434178a73a0b4bad62ed,25339170,266372,27831543480543853,9,S21_P9,264600:266700,0xc36442b4a4522e871399cd717abdd847ab11fe88:264600:266700,0xc36442b4a4522e871399cd717abdd847ab11fe88,264600,266700,2290101863927024,0.0822844002715107,2100,1772,328,328,1090524697108.1066666666666667,0.0000391830477483,476.6648020616287379,1147.2465599701097784,35.6377203731246823,65.4991073894407143,101.1368277625653966,65.4991073894407143,45960856.19932946,42182061.069724888,3778795.129604572,true,true,16972883844309308083.0175880107273925,15576239812400021879.9863650633210825,1396644031909286203.03122294740631,true,true,231239395.23535964,212104766.59867703,19134628.63668261,true,true,84013263827503601854.1144280315069499,77082761055842357447.613118312023616,6930502771661244406.5013097194833339,true,true,465756904.50040157,428263786.81051823,37493117.68988334,true,true,166746848296821300189.4812475243336072,152853470775649560938.528796079291727,13893377521171739250.9524514450418802,true,true
21,0xcbcdf9626bc03e24f779434178a73a0b4bad62ed,25339170,266372,27831543480543853,10,S21_P10,266160:267180,0xc36442b4a4522e871399cd717abdd847ab11fe88:266160:267180,0xc36442b4a4522e871399cd717abdd847ab11fe88,266160,267180,1224318412028871,0.0439903167025125,1020,212,808,212,1200312168655.7558823529411765,0.0000431277614731,476.6648020616287379,1147.2465599701097784,6.4722140836454068,78.7417628762800676,85.2139769599254744,78.7417628762800676,45960856.19932946,43940683.784284788,2020172.415044672,true,true,16972883844309308083.0175880107273925,16226254360296483923.9269444378702356,746629484012824159.0906435728571569,true,true,231239395.23535964,221027275.25727089,10212119.97808875,true,true,84013263827503601854.1144280315069499,80310388878615058389.7765305399970331,3702874948888543464.3378974915099168,true,true,465756904.50040157,445739958.89767109,20016945.60273048,true,true,166746848296821300189.4812475243336072,159317267187141195583.1367784942004213,7429581109680104606.3444690301331859,true,true
21,0xcbcdf9626bc03e24f779434178a73a0b4bad62ed,25339170,266372,27831543480543853,11,S21_P11,265740:267300,0xc36442b4a4522e871399cd717abdd847ab11fe88:265740:267300,0xc36442b4a4522e871399cd717abdd847ab11fe88,265740,267300,1019405787891708,0.0366277130337504,1560,632,928,632,653465248648.5307692307692308,0.0000234793032268,476.6648020616287379,1147.2465599701097784,11.231474025167366,73.6595976092652485,84.8910716344326145,73.6595976092652485,45960856.19932946,44278800.671970328,1682055.527359132,true,true,16972883844309308083.0175880107273925,16351130873709640249.5958725945968052,621752970599667833.4217154161305873,true,true,231239395.23535964,222735314.64538049,8504080.58997915,true,true,84013263827503601854.1144280315069499,80930423423561892148.3500619281462328,3082840403941709705.7643661033607171,true,true,465756904.50040157,449052669.2734811,16704235.22692047,true,true,166746848296821300189.4812475243336072,160560358691391823017.8094393132422946,6186489605429477171.6718082110913126,true,true
21,0xcbcdf9626bc03e24f779434178a73a0b4bad62ed,25339170,266372,27831543480543853,12,S21_P12,253800:267180,0xc36442b4a4522e871399cd717abdd847ab11fe88:253800:267180,0xc36442b4a4522e871399cd717abdd847ab11fe88,253800,267180,802245669375144,0.0288250513283954,13380,12572,808,808,59958570207.4098654708520179,0.0000021543386643,476.6648020616287379,1147.2465599701097784,11.9753857528529129,51.0145211389983664,62.9899068918512793,51.0145211389983664,45960856.19932946,44637125.147009208,1323731.052320252,true,true,16972883844309308083.0175880107273925,16483620586690262069.5822858513450761,489263257619046013.4353021593823164,true,true,231239395.23535964,224548348.26933563,6691046.96602401,true,true,84013263827503601854.1144280315069499,81587437152506674047.9232866504304248,2425826674996927806.1911413810765251,true,true,465756904.50040157,452608818.61990946,13148085.88049211,true,true,166746848296821300189.4812475243336072,161877941289474994801.6044024959154304,4868907007346305387.8768450284181768,true,true
21,0xcbcdf9626bc03e24f779434178a73a0b4bad62ed,25339170,266372,27831543480543853,13,S21_P13,264720:266700,0xc36442b4a4522e871399cd717abdd847ab11fe88:264720:266700,0xc36442b4a4522e871399cd717abdd847ab11fe88,264720,266700,1438045783780983,0.0516696382572628,1980,1652,328,328,726285749384.3348484848484848,0.0000260957768976,476.6648020616287379,1147.2465599701097784,21.6290893764754216,40.7400751244881232,62.3691645009635448,40.7400751244881232,45960856.19932946,43588020.64848598,2372835.55084348,true,true,16972883844309308083.0175880107273925,16095699420506216462.5999960619318478,877184423803091620.4175919487955447,true,true,231239395.23535964,219237241.87377605,12002153.36158359,true,true,84013263827503601854.1144280315069499,79663489546370976815.072750147141983,4349774281132625039.0416778843649669,true,true,465756904.50040157,442200163.15952669,23556741.34087488,true,true,166746848296821300189.4812475243336072,158020786790943768637.418167805606317,8726061505877531552.0630797187272902,true,true
21,0xcbcdf9626bc03e24f779434178a73a0b4bad62ed,25339170,266372,27831543480543853,14,S21_P14,265200:267720,0xc36442b4a4522e871399cd717abdd847ab11fe88:265200:267720,0xc36442b4a4522e871399cd717abdd847ab11fe88,265200,267720,541694386264027,0.0194633253683077,2520,1172,1348,1172,214958089787.3123015873015873,0.0000077235418128,476.6648020616287379,1147.2465599701097784,7.3821010558011176,52.8759349252431616,60.2580359810442792,52.8759349252431616,45960856.19932946,45067045.191951176,893811.007378284,true,true,16972883844309308083.0175880107273925,16642300176819460525.5288326553451245,330583667489847557.488755355382268,true,true,231239395.23535964,226722582.80522204,4516812.4301376,true,true,84013263827503601854.1144280315069499,82375448636106072549.2183530646244587,1637815191397529304.8960749668824912,true,true,465756904.50040157,456877086.26285747,8879818.2375441,true,true,166746848296821300189.4812475243336072,163458978473751940011.5792161758334118,3287869823069360177.9020313485001954,true,true
21,0xcbcdf9626bc03e24f779434178a73a0b4bad62ed,25339170,266372,27831543480543853,15,S21_P15,261600:268320,0xc36442b4a4522e871399cd717abdd847ab11fe88:261600:268320,0xc36442b4a4522e871399cd717abdd847ab11fe88,261600,268320,326152573608745,0.0117188101276793,6720,4772,1948,1948,48534609167.9680059523809524,0.0000017438705547,476.6648020616287379,1147.2465599701097784,4.7949021943863268,43.182381774355152,47.9772839687414788,43.182381774355152,45960856.19932946,45422696.277759428,538159.921570032,true,true,16972883844309308083.0175880107273925,16773907897106839182.5855277603173832,198975947202468900.4320602504100093,true,true,231239395.23535964,228520454.00520254,2718941.2301571,true,true,84013263827503601854.1144280315069499,83027247037776782024.7549174309467824,986016789726819829.3595106005601675,true,true,465756904.50040157,460409493.3291383,5347411.17126327,true,true,166746848296821300189.4812475243336072,164767107407160921916.2500522661511234,1979740889660378273.2311952581824838,true,true
21,0xcbcdf9626bc03e24f779434178a73a0b4bad62ed,25339170,266372,27831543480543853,16,S21_P16,264780:266700,0xc36442b4a4522e871399cd717abdd847ab11fe88:264780:266700,0xc36442b4a4522e871399cd717abdd847ab11fe88,264780,266700,931440025416149,0.0334670632287171,1920,1592,328,328,485125013237.5776041666666667,0.0000174307620983,476.6648020616287379,1147.2465599701097784,13.7368198260199289,26.2387242767338711,39.9755441027538,26.2387242767338711,45960856.19932946,44423948.520516252,1536907.678813208,true,true,16972883844309308083.0175880107273925,16404730884622931106.193665928471983,568152959686376976.8239220822554095,true,true,231239395.23535964,223469881.97119076,7769513.26416888,true,true,84013263827503601854.1144280315069499,81196603249050054004.0008077397837566,2816660578453547850.1136202917231933,true,true,465756904.50040157,450493144.73610737,15263759.7642942,true,true,166746848296821300189.4812475243336072,161094049415439323971.0237301744469883,5652798881381976218.4575173498866189,true,true
21,0xcbcdf9626bc03e24f779434178a73a0b4bad62ed,25339170,266372,27831543480543853,17,S21_P17,265440:267420,0xc36442b4a4522e871399cd717abdd847ab11fe88:265440:267420,0xc36442b4a4522e871399cd717abdd847ab11fe88,265440,267420,425912909287713,0.0153032443057086,1980,932,1048,932,215107529943.2893939393939394,0.0000077289112655,476.6648020616287379,1147.2465599701097784,5.4062589937410572,33.4891771967084221,38.8954361904494793,33.4891771967084221,45960856.19932946,45258088.610119248,702767.589210212,true,true,16972883844309308083.0175880107273925,16713223191041167715.8708316414217348,259660653268140367.1467563693056577,true,true,231239395.23535964,227688501.83524625,3550893.40011339,true,true,84013263827503601854.1144280315069499,82725549027619423338.9092751513541136,1287714799884178515.2051528801528363,true,true,465756904.50040157,458774447.55278738,6982456.94761419,true,true,166746848296821300189.4812475243336072,164161603142369308571.8349381777417737,2585245154451991617.6463093465918335,true,true
21,0xcbcdf9626bc03e24f779434178a73a0b4bad62ed,25339170,266372,27831543480543853,18,S21_P18,262860:266640,0xc36442b4a4522e871399cd717abdd847ab11fe88:262860:266640,0xc36442b4a4522e871399cd717abdd847ab11fe88,262860,266640,477686396607149,0.0171634892236963,3780,3512,268,268,126372062594.4838624338624339,0.0000045406056147,476.6648020616287379,1147.2465599701097784,7.0566277288371949,11.0944833091211474,18.1511110379583423,11.0944833091211474,45960856.19932946,45172660.624855072,788195.574474388,true,true,16972883844309308083.0175880107273925,16681719515846760021.5153367690949245,291164328462548061.502251241632468,true,true,231239395.23535964,227256631.12296962,3982764.11239002,true,true,84013263827503601854.1144280315069499,82568958496403498634.3924967652119181,1444305331100103219.7219312662950318,true,true,465756904.50040157,457926079.1293499,7830825.37105167,true,true,166746848296821300189.4812475243336072,163847399675196001504.5293363429337548,2899448621625298684.9519111813998524,true,true
21,0xcbcdf9626bc03e24f779434178a73a0b4bad62ed,25339170,266372,27831543480543853,19,S21_P19,249420:266460,0xc36442b4a4522e871399cd717abdd847ab11fe88:249420:266460,0xc36442b4a4522e871399cd717abdd847ab11fe88,249420,266460,623615688469922,0.0224067949700983,17040,16952,88,88,36597164816.3099765258215962,0.0000013149527565,476.6648020616287379,1147.2465599701097784,9.2555333846876455,4.9906245986766197,14.2461579833642652,9.2555333846876455,45960856.19932946,44931871.985433132,1028984.213896328,true,true,16972883844309308083.0175880107273925,16592577165411736955.4188516827063089,380306678897571127.5987363280210836,true,true,231239395.23535964,226039036.50809618,5200358.72726346,true,true,84013263827503601854.1144280315069499,82247515023428741399.4425982657657381,1765748804074860454.6718297657412118,true,true,465756904.50040157,455534813.95762673,10222090.54277484,true,true,166746848296821300189.4812475243336072,164249295106470114346.1520552498038204,2497553190351185843.3291922745297868,true,true
21,0xcbcdf9626bc03e24f779434178a73a0b4bad62ed,25339170,266372,27831543480543853,20,S21_P20,264600:266400,0xc36442b4a4522e871399cd717abdd847ab11fe88:264600:266400,0xc36442b4a4522e871399cd717abdd847ab11fe88,264600,266400,356088557015255,0.0127944236101812,1800,1772,28,28,197826976119.5861111111111111,0.0000071080131168,476.6648020616287379,1147.2465599701097784,5.2290164146766069,0.9140562523423885,6.1430726670189954,5.2290164146766069,45960856.19932946,45373301.001319456,587555.198010004,true,true,16972883844309308083.0175880107273925,16755746661797143880.5159634906271207,217137182512164202.5016245201002718,true,true,231239395.23535964,228270656.61930122,2968738.61605842,true,true,84013263827503601854.1144280315069499,83510253707967919508.8100509099212931,503010119535682345.3043771215856568,true,true,465756904.50040157,459918747.493949,5838157.00645257,true,true,166746848296821300189.4812475243336072,166198588620745040391.1624336964522108,548259676076259798.3188138278813964,true,true
22,0xcbcdf9626bc03e24f779434178a73a0b4bad62ed,25329170,266413,26766742305847431,1,S22_P1,-887220:887220,0xc36442b4a4522e871399cd717abdd847ab11fe88:-887220:887220,0xc36442b4a4522e871399cd717abdd847ab11fe88,-887220,887220,452021420140880,0.0168874275014831,1774440,1153633,620807,620807,254740323.7871553842338991,0.0000000095170462,509.4482603537849044,1194.4160796648900397,7.350468596775313,450.1359634291670152,457.4864320259423282,450.1359634291670152,43559056.411766008,42791526.132714908,767530.2790511,true,true,16356529271150548326.0791891672292345,16080344639901569336.4477011503985731,276184631248978989.6314880168306614,true,true,209977794.6044117,206207501.27092064,3770293.33349106,true,true,81301221549676722433.457915331712628,79909555385198654558.7794620916465932,1391666164478067874.6784532400660348,true,true,419483728.99530509,412060383.27367523,7423345.72162986,true,true,162403468693211914934.9953187446662175,159654953886442445206.1293481399099132,2748514806769469728.8659706047563043,true,true
22,0xcbcdf9626bc03e24f779434178a73a0b4bad62ed,25329170,266413,26766742305847431,2,S22_P2,264060:269880,0xc36442b4a4522e871399cd717abdd847ab11fe88:264060:269880,0xc36442b4a4522e871399cd717abdd847ab11fe88,264060,269880,1531050297289209,0.0571997249345781,5820,2353,3467,2353,263067061389.8984536082474227,0.0000098281314321,509.4482603537849044,1194.4160796648900397,25.7996128581348229,384.7019201865111123,410.5015330446459352,384.7019201865111123,43559056.411766008,40958852.69899098,2600203.712775028,true,true,16356529271150548326.0791891672292345,15420831057390404061.2515124010171015,935698213760144264.827676766212133,true,true,209977794.6044117,197225983.18130966,12751811.42310204,true,true,81301221549676722433.457915331712628,76580977261967392698.003958973223144,4720244287709329735.453956358489484,true,true,419483728.99530509,394341198.44294426,25142530.55236083,true,true,162403468693211914934.9953187446662175,153081928937000102892.3823177448407789,9321539756211812042.6130009998254386,true,true
22,0xcbcdf9626bc03e24f779434178a73a0b4bad62ed,25329170,266413,26766742305847431,3,S22_P3,263700:267360,0xc36442b4a4522e871399cd717abdd847ab11fe88:263700:267360,0xc36442b4a4522e871399cd717abdd847ab11fe88,263700,267360,2808707304810798,0.1049327285598446,3660,2713,947,947,767406367434.6442622950819672,0.0000286701444153,509.4482603537849044,1194.4160796648900397,49.4725171101039331,225.4873491561831948,274.9598662662871279,225.4873491561831948,43559056.411766008,38787453.730041544,4771602.681724464,true,true,16356529271150548326.0791891672292345,14639908049913608259.1940114098218724,1716621221236940066.8851777574073621,true,true,209977794.6044117,186675450.31884728,23302344.28556442,true,true,81301221549676722433.457915331712628,72640205504777932008.9651512190267752,8661016044898790424.4927641126858528,true,true,419483728.99530509,373388410.39379114,46095318.60151395,true,true,162403468693211914934.9953187446662175,145276740477568544222.7694647613700324,17126728215643370712.2258539832961851,true,true
22,0xcbcdf9626bc03e24f779434178a73a0b4bad62ed,25329170,266413,26766742305847431,4,S22_P4,266400:267600,0xc36442b4a4522e871399cd717abdd847ab11fe88:266400:267600,0xc36442b4a4522e871399cd717abdd847ab11fe88,266400,267600,2318012263385536,0.0866004625030199,1200,13,1187,13,1931676886154.6133333333333333,0.0000721670520858,509.4482603537849044,1194.4160796648900397,1.0035253996686223,225.1693103247270273,226.1728357243956496,225.1693103247270273,43559056.411766008,40456181.714475892,3102874.697290116,true,true,16356529271150548326.0791891672292345,14940075123795145033.3117103967091573,1416454147355403292.7674787705200772,true,true,209977794.6044117,205267750.3852808,4710044.2191309,true,true,81301221549676722433.457915331712628,74148021907909477725.5353453589981584,7153199641767244707.9225699727144696,true,true,419483728.99530509,414686602.86338627,4797126.13191882,true,true,162403468693211914934.9953187446662175,148277292517063442013.5807308653207287,14126176176148472921.4145878793454888,true,true
22,0xcbcdf9626bc03e24f779434178a73a0b4bad62ed,25329170,266413,26766742305847431,5,S22_P5,264660:267660,0xc36442b4a4522e871399cd717abdd847ab11fe88:264660:267660,0xc36442b4a4522e871399cd717abdd847ab11fe88,264660,267660,1860454169582933,0.0695061860096625,3000,1753,1247,1247,620151389860.9776666666666667,0.0000231687286699,509.4482603537849044,1194.4160796648900397,31.3700758741991214,185.419307223053329,216.7893830972524504,185.419307223053329,43559056.411766008,40399236.943326768,3159819.46843924,true,true,16356529271150548326.0791891672292345,15219669844265727977.6709453911632027,1136859426884820348.4082437760660318,true,true,209977794.6044117,194505856.42337523,15471938.18103647,true,true,81301221549676722433.457915331712628,75562893760585835538.423028459690771,5738327789090886895.034886872021857,true,true,419483728.99530509,388934853.20407361,30548875.79123148,true,true,162403468693211914934.9953187446662175,151071910945227592056.3960066257985677,11331557747984322878.5993121188676498,true,true
22,0xcbcdf9626bc03e24f779434178a73a0b4bad62ed,25329170,266413,26766742305847431,6,S22_P6,256980:270840,0xc36442b4a4522e871399cd717abdd847ab11fe88:256980:270840,0xc36442b4a4522e871399cd717abdd847ab11fe88,256980,270840,625578436978542,0.0233714820365674,13860,9433,4427,4427,45135529363.5311688311688312,0.0000016862541152,509.4482603537849044,1194.4160796648900397,10.2301358454060902,178.4492739346523539,188.6794097800584441,178.4492739346523539,43559056.411766008,42497333.265557128,1061723.14620888,true,true,16356529271150548326.0791891672292345,15974111682326119081.1394964408621791,382417588824429244.9396927263670554,true,true,209977794.6044117,204759019.27863941,5218775.32577229,true,true,81301221549676722433.457915331712628,79374728267978854046.7344031666536194,1926493281697868386.7235121650590086,true,true,419483728.99530509,409210451.98594769,10273277.0093574,true,true,162403468693211914934.9953187446662175,158598825858227676197.990189715396003,3804642834984238737.0051290292702145,true,true
22,0xcbcdf9626bc03e24f779434178a73a0b4bad62ed,25329170,266413,26766742305847431,7,S22_P7,261780:268560,0xc36442b4a4522e871399cd717abdd847ab11fe88:261780:268560,0xc36442b4a4522e871399cd717abdd847ab11fe88,261780,268560,794204255030087,0.0296713079968863,6780,4633,2147,2147,117139270653.4051622418879056,0.0000043762991146,509.4482603537849044,1194.4160796648900397,13.0593334039367868,121.6787442637093274,134.7380776676461142,121.6787442637093274,43559056.411766008,42210597.047423304,1348459.364342704,true,true,16356529271150548326.0791891672292345,15871109046928280845.14215314688715,485420224222267480.9370360203420845,true,true,209977794.6044117,203350541.11202027,6627253.49239143,true,true,81301221549676722433.457915331712628,78854928036363300397.7519934384843227,2446293513313422035.7059218932283053,true,true,419483728.99530509,406441225.99748558,13042502.99781951,true,true,162403468693211914934.9953187446662175,157572346473647424179.647308738494776,4831122219564490755.3480100061714415,true,true
22,0xcbcdf9626bc03e24f779434178a73a0b4bad62ed,25329170,266413,26766742305847431,8,S22_P8,251340:273540,0xc36442b4a4522e871399cd717abdd847ab11fe88:251340:273540,0xc36442b4a4522e871399cd717abdd847ab11fe88,251340,273540,307652887865136,0.0114938487601432,22200,15073,7127,7127,13858238192.1232432432432432,0.0000005177409351,509.4482603537849044,1194.4160796648900397,4.9796126955710801,122.7501386088122119,127.729751304383292,122.7501386088122119,43559056.411766008,43036544.284356924,522512.127409084,true,true,16356529271150548326.0791891672292345,16168365349103778772.9731524763366273,188163922046769553.1060366908926072,true,true,209977794.6044117,207412013.03945672,2565781.56495498,true,true,81301221549676722433.457915331712628,80354176454207848132.3061838544969658,947045095468874301.1517314772156622,true,true,419483728.99530509,414431130.61345454,5052598.38185055,true,true,162403468693211914934.9953187446662175,160533090841072041870.4091596076742829,1870377852139873064.5861591369919346,true,true
22,0xcbcdf9626bc03e24f779434178a73a0b4bad62ed,25329170,266413,26766742305847431,9,S22_P9,266040:268200,0xc36442b4a4522e871399cd717abdd847ab11fe88:266040:268200,0xc36442b4a4522e871399cd717abdd847ab11fe88,266040,268200,883221633991913,0.0329969790084976,2160,373,1787,373,408898904625.8856481481481481,0.0000152763791706,509.4482603537849044,1194.4160796648900397,7.6929418316603968,115.6601300285714784,123.3530718602318752,115.6601300285714784,43559056.411766008,42059356.783954936,1499699.627811072,true,true,16356529271150548326.0791891672292345,15816715278347170230.4812420838311825,539813992803378095.597947083398052,true,true,209977794.6044117,202606904.80534454,7370889.79906716,true,true,81301221549676722433.457915331712628,78580449325824914144.2958976767381576,2720772223851808289.1620176549744704,true,true,419483728.99530509,404979410.56240445,14504318.43290064,true,true,162403468693211914934.9953187446662175,157030243216552291478.0891082950876323,5373225476659623456.9062104495785852,true,true
22,0xcbcdf9626bc03e24f779434178a73a0b4bad62ed,25329170,266413,26766742305847431,10,S22_P10,264600:266700,0xc36442b4a4522e871399cd717abdd847ab11fe88:264600:266700,0xc36442b4a4522e871399cd717abdd847ab11fe88,264600,266700,2290101863927024,0.0855577357064752,2100,1813,287,287,1090524697108.1066666666666667,0.0000407417789078,509.4482603537849044,1194.4160796648900397,39.2804455778895519,59.6911187687714147,98.9715643466609666,59.6911187687714147,43559056.411766008,39668668.549685844,3890387.862080164,true,true,16356529271150548326.0791891672292345,14957096129881089736.4114480738018087,1399433141269458589.6677410934274258,true,true,209977794.6044117,190957928.55925041,19019866.04516129,true,true,81301221549676722433.457915331712628,74233772407912691418.9616306823633912,7067449141764031014.4962846493492368,true,true,419483728.99530509,381888089.64257567,37595639.35272942,true,true,162403468693211914934.9953187446662175,148447806649402740682.5991091954187276,13955662043809174252.3962095492474899,true,true
22,0xcbcdf9626bc03e24f779434178a73a0b4bad62ed,25329170,266413,26766742305847431,11,S22_P11,265740:267300,0xc36442b4a4522e871399cd717abdd847ab11fe88:265740:267300,0xc36442b4a4522e871399cd717abdd847ab11fe88,265740,267300,1019405787891708,0.0380847910531499,1560,673,887,673,653465248648.5307692307692308,0.0000244133275982,509.4482603537849044,1194.4160796648900397,12.6627803626810171,73.2296474313549188,85.8924277940359359,73.2296474313549188,43559056.411766008,41828350.046881548,1730706.36488446,true,true,16356529271150548326.0791891672292345,15733513820841767496.1349526517585211,623015450308780829.9442365154707134,true,true,209977794.6044117,201469064.35176956,8508730.25264214,true,true,81301221549676722433.457915331712628,78160401962166773572.864364974335939,3140819587509948860.593550357376689,true,true,419483728.99530509,402743213.26082903,16740515.73447606,true,true,162403468693211914934.9953187446662175,156200761913561162444.7010476788576838,6202706779650752490.2942710658085337,true,true
22,0xcbcdf9626bc03e24f779434178a73a0b4bad62ed,25329170,266413,26766742305847431,12,S22_P12,266160:267180,0xc36442b4a4522e871399cd717abdd847ab11fe88:266160:267180,0xc36442b4a4522e871399cd717abdd847ab11fe88,266160,267180,1224318412028871,0.0457402846427601,1020,253,767,253,1200312168655.7558823529411765,0.0000448434163164,509.4482603537849044,1194.4160796648900397,8.0305455958829266,77.7170608170534804,85.747606412936407,77.7170608170534804,43559056.411766008,41479672.329878792,2079384.081887216,true,true,16356529271150548326.0791891672292345,15608406822317154693.4746845698226936,748122448833393632.6045045974065409,true,true,209977794.6044117,199758740.62059943,10219053.98381227,true,true,81301221549676722433.457915331712628,77528025523087817585.1925015305873975,3773196026588904848.2654138011252305,true,true,419483728.99530509,399378104.80716251,20105624.18814258,true,true,162403468693211914934.9953187446662175,154952127742502295565.7570157146562929,7451340950709619369.2383030300099246,true,true
22,0xcbcdf9626bc03e24f779434178a73a0b4bad62ed,25329170,266413,26766742305847431,13,S22_P13,253800:267180,0xc36442b4a4522e871399cd717abdd847ab11fe88:253800:267180,0xc36442b4a4522e871399cd717abdd847ab11fe88,253800,267180,802245669375144,0.0299717335867162,13380,12613,767,767,59958570207.4098654708520179,0.0000022400398794,509.4482603537849044,1194.4160796648900397,13.1950244687707877,50.4111918148291014,63.6062162835998891,50.4111918148291014,43559056.411766008,42197265.87436356,1361790.537402448,true,true,16356529271150548326.0791891672292345,15866406246744947631.9076708274189405,490123024405600694.171518339810294,true,true,209977794.6044117,203283493.40864315,6694301.19576855,true,true,81301221549676722433.457915331712628,78830240957910115381.3158524823402582,2470980591766607052.1420628493723698,true,true,419483728.99530509,406309261.11730034,13174467.87800475,true,true,162403468693211914934.9953187446662175,157523414767261788783.8068034952415458,4880053925950126151.1885152494246717,true,true
22,0xcbcdf9626bc03e24f779434178a73a0b4bad62ed,25329170,266413,26766742305847431,14,S22_P14,265200:267720,0xc36442b4a4522e871399cd717abdd847ab11fe88:265200:267720,0xc36442b4a4522e871399cd717abdd847ab11fe88,265200,267720,541694386264027,0.0202375911149146,2520,1213,1307,1213,214958089787.3123015873015873,0.000008030790125,509.4482603537849044,1194.4160796648900397,8.1745392330352808,53.3311109312387883,61.5056501642740691,53.3311109312387883,43559056.411766008,42639728.342359528,919328.06940648,true,true,16356529271150548326.0791891672292345,16025584766352220303.7366561324728607,330944504798328022.3425330347563738,true,true,209977794.6044117,205459235.02453517,4518559.57987653,true,true,81301221549676722433.457915331712628,79633253805884431339.0142406902007275,1667967743792291094.4436746415119005,true,true,419483728.99530509,410587860.42824876,8895868.56705633,true,true,162403468693211914934.9953187446662175,159109317930155155890.5662191620400393,3294150763056759044.4290995826261782,true,true
22,0xcbcdf9626bc03e24f779434178a73a0b4bad62ed,25329170,266413,26766742305847431,15,S22_P15,264720:266700,0xc36442b4a4522e871399cd717abdd847ab11fe88:264720:266700,0xc36442b4a4522e871399cd717abdd847ab11fe88,264720,266700,1438045783780983,0.053725095394475,1980,1693,287,287,726285749384.3348484848484848,0.0000271338865629,509.4482603537849044,1194.4160796648900397,23.8373855546016657,37.1806028294487412,61.0179883840504069,37.1806028294487412,43559056.411766008,41117007.139054456,2442049.272711552,true,true,16356529271150548326.0791891672292345,15477787399396142204.5823335883096471,878741871754406121.4968555789195874,true,true,209977794.6044117,197994044.17367779,11983750.43073391,true,true,81301221549676722433.457915331712628,76868163569439114470.982925740607007,4433057980237607962.474989591105621,true,true,419483728.99530509,395868315.37412405,23615413.62118104,true,true,162403468693211914934.9953187446662175,153649120840649508598.0624232663602025,8754347852562406336.932895478306015,true,true
22,0xcbcdf9626bc03e24f779434178a73a0b4bad62ed,25329170,266413,26766742305847431,16,S22_P16,261600:268320,0xc36442b4a4522e871399cd717abdd847ab11fe88:261600:268320,0xc36442b4a4522e871399cd717abdd847ab11fe88,261600,268320,326152573608745,0.0121849932233813,6720,4813,1907,1907,48534609167.9680059523809524,0.0000018132430392,509.4482603537849044,1194.4160796648900397,5.2821798517344936,43.9009808482264479,49.1831606999609415,43.9009808482264479,43559056.411766008,43005163.194110992,553893.217655016,true,true,16356529271150548326.0791891672292345,16157202389383051046.1010889652536538,199326881767497279.9781002019755807,true,true,209977794.6044117,207257772.64174661,2720021.96266509,true,true,81301221549676722433.457915331712628,80297218617199193603.8468150447741552,1004002932477528829.6111002869384728,true,true,419483728.99530509,414127395.8062673,5356333.18903779,true,true,162403468693211914934.9953187446662175,160420588104395703292.484412315275999,1982880588816211642.5109064293902185,true,true
22,0xcbcdf9626bc03e24f779434178a73a0b4bad62ed,25329170,266413,26766742305847431,17,S22_P17,265440:267420,0xc36442b4a4522e871399cd717abdd847ab11fe88:265440:267420,0xc36442b4a4522e871399cd717abdd847ab11fe88,265440,267420,425912909287713,0.0159120188934859,1980,973,1007,973,215107529943.2893939393939394,0.0000080363731785,509.4482603537849044,1194.4160796648900397,6.0221320349314675,33.5419025836815661,39.5640346186130336,33.5419025836815661,43559056.411766008,42835943.496173768,723112.91559224,true,true,16356529271150548326.0791891672292345,16096252060588011674.3348089220074495,260277210562536651.744380245221785,true,true,209977794.6044117,206425376.3234804,3552418.2809313,true,true,81301221549676722433.457915331712628,79989961303775354939.2752249714190188,1311260245901367494.1826903602936092,true,true,419483728.99530509,412489133.09406986,6994595.90123523,true,true,162403468693211914934.9953187446662175,159813770571339705625.839664512779904,2589698121872209309.1556542318863135,true,true
22,0xcbcdf9626bc03e24f779434178a73a0b4bad62ed,25329170,266413,26766742305847431,18,S22_P18,264780:266700,0xc36442b4a4522e871399cd717abdd847ab11fe88:264780:266700,0xc36442b4a4522e871399cd717abdd847ab11fe88,264780,266700,931440025416149,0.0347984082176735,1920,1633,287,287,485125013237.5776041666666667,0.0000181241709467,509.4482603537849044,1194.4160796648900397,15.1391727073387003,23.9672860179500689,39.1064587252887692,23.9672860179500689,43559056.411766008,41977636.041232896,1581420.370533112,true,true,16356529271150548326.0791891672292345,15787333753725166596.2627562581504641,569195517425381729.8164329090787704,true,true,209977794.6044117,202204119.53490149,7773675.06951021,true,true,81301221549676722433.457915331712628,78431775435626845844.184735149921648,2869446114049876589.27318018179098,true,true,419483728.99530509,404187710.81913152,15296018.17617357,true,true,162403468693211914934.9953187446662175,156736639676660336024.9425399718652733,5666829016551578910.0527787728009442,true,true
22,0xcbcdf9626bc03e24f779434178a73a0b4bad62ed,25329170,266413,26766742305847431,19,S22_P19,262860:266640,0xc36442b4a4522e871399cd717abdd847ab11fe88:262860:266640,0xc36442b4a4522e871399cd717abdd847ab11fe88,262860,266640,477686396607149,0.0178462657557993,3780,3553,227,227,126372062594.4838624338624339,0.0000047212343269,509.4482603537849044,1194.4160796648900397,7.7742671208173637,9.8286119097565137,17.6028790305738774,9.8286119097565137,43559056.411766008,42747952.431722492,811103.980043516,true,true,16356529271150548326.0791891672292345,16064467562205008641.2778422282411683,292061708945539684.8013469389880662,true,true,209977794.6044117,205993257.63938078,3984536.96503092,true,true,81301221549676722433.457915331712628,79830486213906511321.3692578730523081,1470735335770211112.0886574586603199,true,true,419483728.99530509,411638882.38875896,7844846.60654613,true,true,162403468693211914934.9953187446662175,159499496327983110312.489063046524943,2903972365228804622.5062556981412745,true,true
22,0xcbcdf9626bc03e24f779434178a73a0b4bad62ed,25329170,266413,26766742305847431,20,S22_P20,249420:266460,0xc36442b4a4522e871399cd717abdd847ab11fe88:249420:266460,0xc36442b4a4522e871399cd717abdd847ab11fe88,249420,266460,623615688469922,0.0232981541550422,17040,16993,47,47,36597164816.3099765258215962,0.0000013672625678,509.4482603537849044,1194.4160796648900397,10.1974038047930575,2.8050037389259909,13.0024075437190484,10.1974038047930575,43559056.411766008,42500266.231947688,1058790.17981832,true,true,16356529271150548326.0791891672292345,15975451959350076344.7318607186040848,381077311800471981.3473284486251497,true,true,209977794.6044117,204775101.85250162,5202692.75191008,true,true,81301221549676722433.457915331712628,79939576893618401743.3166923314970279,1361644656058320690.1412230002156001,true,true,419483728.99530509,409242533.50022411,10241195.49508098,true,true,162403468693211914934.9953187446662175,160852243275787986148.3741804010737054,1551225417423928786.6211383435925121,true,true
23,0xcbcdf9626bc03e24f779434178a73a0b4bad62ed,25319170,266639,26318482210540015,1,S23_P1,-887220:887220,0xc36442b4a4522e871399cd717abdd847ab11fe88:-887220:887220,0xc36442b4a4522e871399cd717abdd847ab11fe88,-887220,887220,452021420140880,0.0171750565448586,1774440,1153859,620581,620581,254740323.7871553842338991,0.0000000096791419,530.6165897604920973,1758.5030142165017984,7.8524384599466645,750.82277399540132,758.6752124553479845,750.82277399540132,42887578.095009988,42151608.002089132,735970.092920856,true,true,15850078777472636243.017535749522068,15570582600278025209.043522360785538,279496177194611033.97401338873653,true,true,215241785.85471758,211551872.47579829,3689913.37891929,true,true,78982108792878176098.7310466306966728,77594331288973247121.5940278850461134,1387777503904928977.1370187456505594,true,true,431028249.05179712,423626309.7169079,7401939.33488922,true,true,156719542230921303499.4134107473085174,153899091603848665643.9926178436418524,2820450627072637855.420792903666665,true,true
23,0xcbcdf9626bc03e24f779434178a73a0b4bad62ed,25319170,266639,26318482210540015,2,S23_P2,264060:269880,0xc36442b4a4522e871399cd717abdd847ab11fe88:264060:269880,0xc36442b4a4522e871399cd717abdd847ab11fe88,264060,269880,1531050297289209,0.0581739587048091,5820,2579,3241,2579,263067061389.8984536082474227,0.0000099955255507,530.6165897604920973,1758.5030142165017984,27.5879163084700401,528.8782243689705792,556.4661406774406193,528.8782243689705792,42887578.095009988,40394729.836997916,2492848.258012072,true,true,15850078777472636243.017535749522068,14903571455435532857.6922553609155372,946507322037103385.3252803886065308,true,true,215241785.85471758,202746690.45651128,12495095.3982063,true,true,78982108792878176098.7310466306966728,74261617059435125835.5949175733232114,4720491733443050263.1361290573734614,true,true,431028249.05179712,405932039.69333762,25096209.3584595,true,true,156719542230921303499.4134107473085174,147104542818590397271.9838775758872756,9614999412330906227.4295331714212418,true,true
23,0xcbcdf9626bc03e24f779434178a73a0b4bad62ed,25319170,266639,26318482210540015,3,S23_P3,263700:267360,0xc36442b4a4522e871399cd717abdd847ab11fe88:263700:267360,0xc36442b4a4522e871399cd717abdd847ab11fe88,263700,267360,2808707304810798,0.1067199575698164,3660,2939,721,721,767406367434.6442622950819672,0.0000291584583524,530.6165897604920973,1758.5030142165017984,52.9598083900486704,251.8265906566165796,304.78639904666525,251.8265906566165796,42887578.095009988,38314383.434833108,4573194.66017688,true,true,15850078777472636243.017535749522068,14113998880818804409.9551217843779104,1736079896653831833.0624139651441576,true,true,215241785.85471758,192322837.08841408,22918948.7663035,true,true,78982108792878176098.7310466306966728,70290228655451492987.8470809676159432,8691880137426683110.8839656630807296,true,true,431028249.05179712,384874076.00818124,46154173.04361588,true,true,156719542230921303499.4134107473085174,138962022562064742094.773496261003252,17757519668856561404.6399144863052654,true,true
23,0xcbcdf9626bc03e24f779434178a73a0b4bad62ed,25319170,266639,26318482210540015,4,S23_P4,266400:267600,0xc36442b4a4522e871399cd717abdd847ab11fe88:266400:267600,0xc36442b4a4522e871399cd717abdd847ab11fe88,266400,267600,2318012263385536,0.0880754537758724,1200,239,961,239,1931676886154.6133333333333333,0.0000733962114799,530.6165897604920973,1758.5030142165017984,15.1547823399360572,270.3361270337238307,285.4909093736598879,270.3361270337238307,42887578.095009988,39113366.638576368,3774211.45643362,true,true,15850078777472636243.017535749522068,14416963691490499267.3294324837919892,1433115085982136975.6881032657300788,true,true,215241785.85471758,196326850.32682584,18914935.52789174,true,true,78982108792878176098.7310466306966728,71814975422822409424.6982828723169027,7167133370055766674.0327637583797701,true,true,431028249.05179712,393113094.80042084,37915154.25137628,true,true,156719542230921303499.4134107473085174,142100195116905515540.027793325868597,14619347114015787959.3856174214399204,true,true
23,0xcbcdf9626bc03e24f779434178a73a0b4bad62ed,25319170,266639,26318482210540015,5,S23_P5,256980:270840,0xc36442b4a4522e871399cd717abdd847ab11fe88:256980:270840,0xc36442b4a4522e871399cd717abdd847ab11fe88,256980,270840,625578436978542,0.0237695484099007,13860,9659,4201,4201,45135529363.5311688311688312,0.0000017149746327,530.6165897604920973,1758.5030142165017984,10.929693283856553,249.5860702157245477,260.5157634995811007,249.5860702157245477,42887578.095009988,41869024.856325912,1018553.238684076,true,true,15850078777472636243.017535749522068,15463405809931266406.1844733872241512,386672967541369836.8330623622979168,true,true,215241785.85471758,210135306.40630904,5106479.44840854,true,true,78982108792878176098.7310466306966728,77061808072430564804.0186148018936044,1920300720447611294.7124318288030684,true,true,431028249.05179712,420784830.05134529,10243419.00045183,true,true,156719542230921303499.4134107473085174,152811953353203316315.5209428233197264,3907588877717987183.892467923988791,true,true
23,0xcbcdf9626bc03e24f779434178a73a0b4bad62ed,25319170,266639,26318482210540015,6,S23_P6,264660:267660,0xc36442b4a4522e871399cd717abdd847ab11fe88:264660:267660,0xc36442b4a4522e871399cd717abdd847ab11fe88,264660,267660,1860454169582933,0.0706900251579804,3000,1979,1021,1021,620151389860.9776666666666667,0.0000235633417193,530.6165897604920973,1758.5030142165017984,33.8344807559129623,226.3588364511949231,260.1933172071078854,226.3588364511949231,42887578.095009988,39858384.351445252,3029193.743564736,true,true,15850078777472636243.017535749522068,14700085418534333572.67469717161892,1149993358938302670.342838577903148,true,true,215241785.85471758,200060079.86539829,15181705.98931929,true,true,78982108792878176098.7310466306966728,73237355334850698833.9126355305037714,5744753458027477264.8184111001929014,true,true,431028249.05179712,400513433.72079674,30514815.33100038,true,true,156719542230921303499.4134107473085174,145014457008593811376.3051064372020178,11705085222327492123.1083043101064996,true,true
23,0xcbcdf9626bc03e24f779434178a73a0b4bad62ed,25319170,266639,26318482210540015,7,S23_P7,251340:273540,0xc36442b4a4522e871399cd717abdd847ab11fe88:251340:273540,0xc36442b4a4522e871399cd717abdd847ab11fe88,251340,273540,307652887865136,0.011689613610846,22200,15299,6901,6901,13858238192.1232432432432432,0.0000005265591717,530.6165897604920973,1758.5030142165017984,5.3192992608478087,178.1696272027868821,183.4889264636346908,178.1696272027868821,42887578.095009988,42386666.044280364,500912.050729624,true,true,15850078777472636243.017535749522068,15659991968244961207.725839503546438,190086809227675035.29169624597563,true,true,215241785.85471758,212730157.37790815,2511628.47680943,true,true,78982108792878176098.7310466306966728,78037495686435914993.6324645774790432,944613106442261105.0985820532176296,true,true,431028249.05179712,425990062.55852717,5038186.49326995,true,true,156719542230921303499.4134107473085174,154801646333984104026.8951191044509322,1917895896937199472.5182916428575852,true,true
23,0xcbcdf9626bc03e24f779434178a73a0b4bad62ed,25319170,266639,26318482210540015,8,S23_P8,261780:268560,0xc36442b4a4522e871399cd717abdd847ab11fe88:261780:268560,0xc36442b4a4522e871399cd717abdd847ab11fe88,261780,268560,794204255030087,0.0301766738931482,6780,4859,1921,1921,117139270653.4051622418879056,0.0000044508368574,530.6165897604920973,1758.5030142165017984,13.9537220291763751,162.1713579228444532,176.1250799520208283,162.1713579228444532,42887578.095009988,41594469.5767088,1293108.518301188,true,true,15850078777472636243.017535749522068,15359467029750885037.4316969030982396,490611747721751205.5858388464238284,true,true,215241785.85471758,208759132.89703679,6482652.95768079,true,true,78982108792878176098.7310466306966728,76544520372461367030.754111784245369,2437588420416809067.9769348464513038,true,true,431028249.05179712,418023625.45639733,13004623.59539979,true,true,156719542230921303499.4134107473085174,151753502049852881905.9222643540869656,4966040181068421593.4911463932215518,true,true
23,0xcbcdf9626bc03e24f779434178a73a0b4bad62ed,25319170,266639,26318482210540015,9,S23_P9,266520:268200,0xc36442b4a4522e871399cd717abdd847ab11fe88:266520:268200,0xc36442b4a4522e871399cd717abdd847ab11fe88,266520,268200,932682260990625,0.0354382997290438,1680,119,1561,119,555168012494.4196428571428571,0.0000210942260292,530.6165897604920973,1758.5030142165017984,3.3494255023370371,160.6306845174435906,163.9801100197806277,160.6306845174435906,42887578.095009988,41368999.952466928,1518578.14254306,true,true,15850078777472636243.017535749522068,15273673459287489417.0728753797059688,576405318185146825.9446603698160992,true,true,215241785.85471758,207745931.95449716,7495853.90022042,true,true,78982108792878176098.7310466306966728,76120002988846947700.2337305771952298,2862105804031228398.497316053501443,true,true,431028249.05179712,419061588.69949445,11966660.35230267,true,true,156719542230921303499.4134107473085174,150882730632961582439.5511266604102966,5836811597959721059.8622840868982208,true,true
23,0xcbcdf9626bc03e24f779434178a73a0b4bad62ed,25319170,266639,26318482210540015,10,S23_P10,266040:268200,0xc36442b4a4522e871399cd717abdd847ab11fe88:266040:268200,0xc36442b4a4522e871399cd717abdd847ab11fe88,266040,268200,883221633991913,0.0335589882017665,2160,599,1561,599,408898904625.8856481481481481,0.0000155365686119,530.6165897604920973,1758.5030142165017984,10.7800046124803477,151.7127418073711595,162.4927464198515072,151.7127418073711595,42887578.095009988,41449531.732651528,1438046.36235846,true,true,15850078777472636243.017535749522068,15304387542923552905.0941661577391432,545691234549083337.9233695917829248,true,true,215241785.85471758,208032691.07365346,7209094.78106412,true,true,78982108792878176098.7310466306966728,76271650199013899307.3256368533321272,2710458593864276791.4054097773645456,true,true,431028249.05179712,416565109.27141286,14463139.78038426,true,true,156719542230921303499.4134107473085174,151193941798420145762.1455349491426496,5525600432501157737.2678757981658678,true,true
23,0xcbcdf9626bc03e24f779434178a73a0b4bad62ed,25319170,266639,26318482210540015,11,S23_P11,260040:271740,0xc36442b4a4522e871399cd717abdd847ab11fe88:260040:271740,0xc36442b4a4522e871399cd717abdd847ab11fe88,260040,271740,261711776277828,0.009944029985628,11700,6599,5101,5101,22368527886.9938461538461538,0.0000008499170928,530.6165897604920973,1758.5030142165017984,4.5182034068366839,117.8886811587670003,122.4068845656036842,117.8886811587670003,42887578.095009988,42461466.31745092,426111.777559068,true,true,15850078777472636243.017535749522068,15688230445209308881.2867996402138048,161848332263327361.7307361093082632,true,true,215241785.85471758,213105276.83366072,2136509.02105686,true,true,78982108792878176098.7310466306966728,78178568837239192291.6797292744161738,803539955638983807.051317356280499,true,true,431028249.05179712,426742344.73710848,4285904.31468864,true,true,156719542230921303499.4134107473085174,155088530488428879624.8843629728885962,1631011742492423874.5290477744199212,true,true
23,0xcbcdf9626bc03e24f779434178a73a0b4bad62ed,25319170,266639,26318482210540015,12,S23_P12,265740:267300,0xc36442b4a4522e871399cd717abdd847ab11fe88:265740:267300,0xc36442b4a4522e871399cd717abdd847ab11fe88,265740,267300,1019405787891708,0.0387334565776539,1560,899,661,661,653465248648.5307692307692308,0.0000248291388318,530.6165897604920973,1758.5030142165017984,15.0889251189829851,80.7490042797973633,95.8379293987803484,80.7490042797973633,42887578.095009988,41227796.506356824,1659781.588653164,true,true,15850078777472636243.017535749522068,15219893645465857308.765722182369858,630185132006778934.25181356715221,true,true,215241785.85471758,206921230.79902166,8320555.05569592,true,true,78982108792878176098.7310466306966728,75852868269986825440.8517952752823079,3129240522891350657.8792513554143649,true,true,431028249.05179712,414332529.43661657,16695719.61518055,true,true,156719542230921303499.4134107473085174,150336684544176716777.9990206831145252,6382857686744586721.4143900641939922,true,true
23,0xcbcdf9626bc03e24f779434178a73a0b4bad62ed,25319170,266639,26318482210540015,13,S23_P13,266160:267180,0xc36442b4a4522e871399cd717abdd847ab11fe88:266160:267180,0xc36442b4a4522e871399cd717abdd847ab11fe88,266160,267180,1224318412028871,0.0465193396121664,1020,479,541,479,1200312168655.7558823529411765,0.0000456071956982,530.6165897604920973,1758.5030142165017984,13.156474871498935,80.7994277513515228,93.9559026228504578,80.7994277513515228,42887578.095009988,40894156.162219068,1993421.93279092,true,true,15850078777472636243.017535749522068,15093293739396914779.7810949045670864,756785038075721463.2364408449549816,true,true,215241785.85471758,205249106.4338021,9992679.42091548,true,true,78982108792878176098.7310466306966728,75215603454796910917.2818495538157566,3766505338081265181.4491970768809162,true,true,431028249.05179712,410970521.03666309,20057728.01513403,true,true,156719542230921303499.4134107473085174,149044411448908516132.6530081603779542,7675130782012787366.7604025869305632,true,true
23,0xcbcdf9626bc03e24f779434178a73a0b4bad62ed,25319170,266639,26318482210540015,14,S23_P14,253800:267180,0xc36442b4a4522e871399cd717abdd847ab11fe88:253800:267180,0xc36442b4a4522e871399cd717abdd847ab11fe88,253800,267180,802245669375144,0.0304822163739314,13380,12839,541,541,59958570207.4098654708520179,0.0000022781925541,530.6165897604920973,1758.5030142165017984,14.0988029804428713,52.5380152498096523,66.6368182302525236,52.5380152498096523,42887578.095009988,41581376.580731072,1306201.514278916,true,true,15850078777472636243.017535749522068,15353794550732923928.4309643265265364,496284226739712314.5865714229955316,true,true,215241785.85471758,208693436.16632009,6548349.68839749,true,true,78982108792878176098.7310466306966728,76519865492623557281.6458487282330134,2462243300254618817.0851979024636594,true,true,431028249.05179712,417891918.36509267,13136330.68670445,true,true,156719542230921303499.4134107473085174,151702948175619734349.6069992112198074,5016594055301569149.80641153608871,true,true
23,0xcbcdf9626bc03e24f779434178a73a0b4bad62ed,25319170,266639,26318482210540015,15,S23_P15,261600:268320,0xc36442b4a4522e871399cd717abdd847ab11fe88:261600:268320,0xc36442b4a4522e871399cd717abdd847ab11fe88,261600,268320,326152573608745,0.0123925297439123,6720,5039,1681,1681,48534609167.9680059523809524,0.00000184412645,530.6165897604920973,1758.5030142165017984,5.6425698077505455,57.8613354253822096,63.5039052331327551,57.8613354253822096,42887578.095009988,42356545.255873072,531032.839136916,true,true,15850078777472636243.017535749522068,15648489497284252108.7754344519565324,201589280188384134.2421012975655356,true,true,215241785.85471758,212579188.17356366,2662597.68115392,true,true,78982108792878176098.7310466306966728,77980656196078077510.5901394701076526,1001452596800098588.1409071605890202,true,true,431028249.05179712,425687149.71873173,5341099.33306539,true,true,156719542230921303499.4134107473085174,154686057902772079119.1841280302473368,2033484328149224380.2292827170611806,true,true
23,0xcbcdf9626bc03e24f779434178a73a0b4bad62ed,25319170,266639,26318482210540015,16,S23_P16,264600:266700,0xc36442b4a4522e871399cd717abdd847ab11fe88:264600:266700,0xc36442b4a4522e871399cd717abdd847ab11fe88,264600,266700,2290101863927024,0.0870149671096871,2100,2039,61,61,1090524697108.1066666666666667,0.0000414356986237,530.6165897604920973,1758.5030142165017984,42.3238274871128943,18.1523462521163892,60.4761737392292835,42.3238274871128943,42887578.095009988,39158811.930938952,3728766.164071036,true,true,15850078777472636243.017535749522068,14434106403756144885.7948554133877524,1415972373716491357.2226803361343156,true,true,215241785.85471758,196554619.65235872,18687166.20235886,true,true,78982108792878176098.7310466306966728,73089751030483880248.2846491861421321,5892357762394295850.4463974445545407,true,true,431028249.05179712,393434493.54913109,37593755.50266603,true,true,156719542230921303499.4134107473085174,149660915639048185498.3652324626153252,7058626591873118001.0481782846931922,true,true
23,0xcbcdf9626bc03e24f779434178a73a0b4bad62ed,25319170,266639,26318482210540015,17,S23_P17,265440:267420,0xc36442b4a4522e871399cd717abdd847ab11fe88:265440:267420,0xc36442b4a4522e871399cd717abdd847ab11fe88,265440,267420,425912909287713,0.0161830346400882,1980,1199,781,781,215107529943.2893939393939394,0.0000081732498182,530.6165897604920973,1758.5030142165017984,6.7623004348202508,38.779770425282172,45.5420708601024228,38.779770425282172,42887578.095009988,42194117.42710668,693460.667903308,true,true,15850078777472636243.017535749522068,15586944345080418105.804395742562386,263134432392218137.213140006959682,true,true,215241785.85471758,211764978.42739127,3476807.42732631,true,true,78982108792878176098.7310466306966728,77674507966706284107.3725445982959044,1307600826171891991.3585020324007684,true,true,431028249.05179712,424053774.35485661,6974474.69694051,true,true,156719542230921303499.4134107473085174,154062451414460807645.0160382998747456,2657090816460495854.3973724474337718,true,true
23,0xcbcdf9626bc03e24f779434178a73a0b4bad62ed,25319170,266639,26318482210540015,18,S23_P18,264720:266700,0xc36442b4a4522e871399cd717abdd847ab11fe88:264720:266700,0xc36442b4a4522e871399cd717abdd847ab11fe88,264720,266700,1438045783780983,0.0546401487850646,1980,1919,61,61,726285749384.3348484848484848,0.0000275960347399,530.6165897604920973,1758.5030142165017984,25.7384893726566282,11.3777959414155516,37.1162853140721798,25.7384893726566282,42887578.095009988,40546161.838493684,2341416.256516304,true,true,15850078777472636243.017535749522068,14961295684260912318.3216566311433472,888783093211723924.6958791183787208,true,true,215241785.85471758,203505290.10933284,11736495.74538474,true,true,78982108792878176098.7310466306966728,75268111451758167388.485004748655069,3713997341120008710.2460418820416038,true,true,431028249.05179712,407460449.02762901,23567800.02416811,true,true,156719542230921303499.4134107473085174,152301027684324894136.709726039805692,4418514546596409362.7036847075028254,true,true
23,0xcbcdf9626bc03e24f779434178a73a0b4bad62ed,25319170,266639,26318482210540015,19,S23_P19,264780:266700,0xc36442b4a4522e871399cd717abdd847ab11fe88:264780:266700,0xc36442b4a4522e871399cd717abdd847ab11fe88,264780,266700,931440025416149,0.0353910996069191,1920,1859,61,61,485125013237.5776041666666667,0.0000184328643786,530.6165897604920973,1758.5030142165017984,16.363237375541315,7.3615727520313746,23.7248101275726896,16.363237375541315,42887578.095009988,41371022.56123054,1516555.533779448,true,true,15850078777472636243.017535749522068,15274601915369768855.0754608994277244,575476862102867387.9420748500943436,true,true,215241785.85471758,207639090.32585432,7602695.52886326,true,true,78982108792878176098.7310466306966728,76582814668408315549.8555372364774128,2399294124469860548.87550939421926,true,true,431028249.05179712,415774765.92261584,15253483.12918128,true,true,156719542230921303499.4134107473085174,153862617601982100165.2826696111164122,2856924628939203334.1307411361921052,true,true
23,0xcbcdf9626bc03e24f779434178a73a0b4bad62ed,25319170,266639,26318482210540015,20,S23_P20,262860:266640,0xc36442b4a4522e871399cd717abdd847ab11fe88:262860:266640,0xc36442b4a4522e871399cd717abdd847ab11fe88,262860,266640,477686396607149,0.0181502258673506,3780,3779,1,1,126372062594.4838624338624339,0.0000048016470549,530.6165897604920973,1758.5030142165017984,8.305285147632782,0.0017959276237665,8.3070810752565485,8.305285147632782,42887578.095009988,42109820.708513992,777757.386495996,true,true,15850078777472636243.017535749522068,15848991604749473394.4625126128544412,1087172723162848.5550231366676268,true,true,215241785.85471758,211342281.57688208,3899504.2778355,true,true,78982108792878176098.7310466306966728,78981243787585440500.7258274838463362,865005292735598.0052191468503366,true,true,431028249.05179712,423206023.09572866,7822225.95606846,true,true,156719542230921303499.4134107473085174,156718701281672166409.4330135809851182,840949249137089.9803971663233992,true,true
24,0xcbcdf9626bc03e24f779434178a73a0b4bad62ed,25309170,266670,22423120729859236,1,S24_P1,-887220:887220,0xc36442b4a4522e871399cd717abdd847ab11fe88:-887220:887220,0xc36442b4a4522e871399cd717abdd847ab11fe88,-887220,887220,452021420140880,0.0201587203488119,1774440,1153890,620550,620550,254740323.7871553842338991,0.0000000113606097,532.5094854994433575,1857.9048419221735484,7.8506992172737312,799.4382444614217452,807.2889436786954764,799.4382444614217452,36488618.768207284,35753706.13055416,734912.637653124,true,true,13879586366377361757.7956760056126559,13599940341467904756.7854989425411889,279646024909457001.010177063071467,true,true,198738638.00366739,195099232.91843925,3639405.08522814,true,true,73629012713182299451.6838559772011393,72236330423419420370.2540853746181228,1392682289762879081.4297706025830165,true,true,414961837.61612858,407550673.13610659,7411164.48002199,true,true,149952930607975354989.8484098468759362,147037573400222672757.7693429550754897,2915357207752682232.0790668918004465,true,true
24,0xcbcdf9626bc03e24f779434178a73a0b4bad62ed,25309170,266670,22423120729859236,2,S24_P2,264060:269880,0xc36442b4a4522e871399cd717abdd847ab11fe88:264060:269880,0xc36442b4a4522e871399cd717abdd847ab11fe88,264060,269880,1531050297289209,0.068279982779133,5820,2610,3210,2610,263067061389.8984536082474227,0.000011731955804,532.5094854994433575,1857.9048419221735484,27.5518234086662637,554.2130849138498068,581.7649083225160705,554.2130849138498068,36488618.768207284,33999332.949375072,2489285.818832212,true,true,13879586366377361757.7956760056126559,12932193640795111424.4425942432271835,947392725582250333.3530817623854724,true,true,198738638.00366739,186393562.76063583,12345075.24303156,true,true,73629012713182299451.6838559772011393,68907250301789862981.4247384915728846,4721762411392436470.2591174856282547,true,true,414961837.61612858,389863049.07684299,25098788.53928559,true,true,149952930607975354989.8484098468759362,140056449024067574423.8528878128721496,9896481583907780565.9955220340037866,true,true
24,0xcbcdf9626bc03e24f779434178a73a0b4bad62ed,25309170,266670,22423120729859236,3,S24_P3,263700:267360,0xc36442b4a4522e871399cd717abdd847ab11fe88:263700:267360,0xc36442b4a4522e871399cd717abdd847ab11fe88,263700,267360,2808707304810798,0.1252594292582409,3660,2970,690,690,767406367434.6442622950819672,0.0000342238877755,532.5094854994433575,1857.9048419221735484,52.8741941906397596,254.5948011295033258,307.4689953201430854,254.5948011295033258,36488618.768207284,31922970.91865998,4565647.849547304,true,true,13879586366377361757.7956760056126559,12147683552861004248.1125615340745675,1731902813516357509.6831144715380884,true,true,198738638.00366739,176052055.663295,22686582.34037239,true,true,73629012713182299451.6838559772011393,64957206143367652838.2129218830578275,8671806569814646613.4709340941433118,true,true,414961837.61612858,368925931.2434108,46035906.37271778,true,true,149952930607975354989.8484098468759362,131769371874534430694.0642484639399147,18183558733440924295.7841613829360215,true,true
24,0xcbcdf9626bc03e24f779434178a73a0b4bad62ed,25309170,266670,22423120729859236,4,S24_P4,266400:267600,0xc36442b4a4522e871399cd717abdd847ab11fe88:266400:267600,0xc36442b4a4522e871399cd717abdd847ab11fe88,266400,267600,2318012263385536,0.103375988173618,1200,270,930,270,1931676886154.6133333333333333,0.0000861466568113,532.5094854994433575,1857.9048419221735484,16.7073645283073442,276.5347571714487039,293.2421216997560481,276.5347571714487039,36488618.768207284,32719777.075976264,3768841.69223102,true,true,13879586366377361757.7956760056126559,12447632523735460475.0495802853827726,1431953842641901282.7460957202298833,true,true,198738638.00366739,180028176.70624126,18710461.29742613,true,true,73629012713182299451.6838559772011393,66475155951299834947.1055873326505172,7153856761882464504.5782686445506221,true,true,414961837.61612858,376966303.10482229,37995534.51130629,true,true,149952930607975354989.8484098468759362,134952949945969635416.4961889148162467,14999980662005719573.3522209320596895,true,true
24,0xcbcdf9626bc03e24f779434178a73a0b4bad62ed,25309170,266670,22423120729859236,5,S24_P5,256980:270840,0xc36442b4a4522e871399cd717abdd847ab11fe88:256980:270840,0xc36442b4a4522e871399cd717abdd847ab11fe88,256980,270840,625578436978542,0.0278988123247941,13860,9690,4170,4170,45135529363.5311688311688312,0.0000020129013221,532.5094854994433575,1857.9048419221735484,10.9247834624175988,261.4407011825618938,272.3654846449794926,261.4407011825618938,36488618.768207284,35471527.800180432,1017090.968026852,true,true,13879586366377361757.7956760056126559,13492652139272597051.7584423773335111,386934227104764706.0372336282791448,true,true,198738638.00366739,193700827.69235797,5037810.31130942,true,true,73629012713182299451.6838559772011393,71701400540973658098.4790382228972954,1927612172208641353.2048177543038439,true,true,414961837.61612858,404705451.77934245,10256385.83678613,true,true,149952930607975354989.8484098468759362,145916624447197787047.2001825622121805,4036306160777567942.6482272846637557,true,true
24,0xcbcdf9626bc03e24f779434178a73a0b4bad62ed,25309170,266670,22423120729859236,6,S24_P6,264660:267660,0xc36442b4a4522e871399cd717abdd847ab11fe88:264660:267660,0xc36442b4a4522e871399cd717abdd847ab11fe88,264660,267660,1860454169582933,0.0829703497562452,3000,2010,990,990,620151389860.9776666666666667,0.0000276567832521,532.5094854994433575,1857.9048419221735484,33.817358107028088,232.1350525314984774,265.9524106385265654,232.1350525314984774,36488618.768207284,33463746.152364128,3024872.615843156,true,true,13879586366377361757.7956760056126559,12728959980319042892.1292435695448822,1150626386058318865.6664324360677737,true,true,198738638.00366739,183730663.20565431,15007974.79801308,true,true,73629012713182299451.6838559772011393,67889580648629589608.4213834130844657,5739432064552709843.2624725641166736,true,true,414961837.61612858,384464373.11783348,30497464.4982951,true,true,149952930607975354989.8484098468759362,137920940571939259081.7896657681881966,12031990036036095908.0587440786877396,true,true
24,0xcbcdf9626bc03e24f779434178a73a0b4bad62ed,25309170,266670,22423120729859236,7,S24_P7,251340:273540,0xc36442b4a4522e871399cd717abdd847ab11fe88:251340:273540,0xc36442b4a4522e871399cd717abdd847ab11fe88,251340,273540,307652887865136,0.0137203421223816,22200,15330,6870,6870,13858238192.1232432432432432,0.0000006180334289,532.5094854994433575,1857.9048419221735484,5.3192422431602655,187.1034057015641402,192.4226479447244057,187.1034057015641402,36488618.768207284,35988426.921332496,500191.846874788,true,true,13879586366377361757.7956760056126559,13689310115601402748.496992291055366,190276250775959009.2986837145572899,true,true,198738638.00366739,196262386.25784362,2476251.74582377,true,true,73629012713182299451.6838559772011393,72681293543022419318.7672961498367882,947719170159880132.9165598273643511,true,true,414961837.61612858,409917708.69632093,5044128.91980765,true,true,149952930607975354989.8484098468759362,147969404725903203939.6319835787507651,1983525882072151050.2164262681251711,true,true
24,0xcbcdf9626bc03e24f779434178a73a0b4bad62ed,25309170,266670,22423120729859236,8,S24_P8,261780:268560,0xc36442b4a4522e871399cd717abdd847ab11fe88:261780:268560,0xc36442b4a4522e871399cd717abdd847ab11fe88,261780,268560,794204255030087,0.0354189884895238,6780,4890,1890,1890,117139270653.4051622418879056,0.0000052240396002,532.5094854994433575,1857.9048419221735484,13.945137253467113,169.3644607526684055,183.3095980061355185,169.3644607526684055,36488618.768207284,35197365.165909232,1291253.602298052,true,true,13879586366377361757.7956760056126559,13388232203948903964.6702064353087208,491354162428457793.1254695703039351,true,true,198738638.00366739,192341238.45494473,6397399.54872266,true,true,73629012713182299451.6838559772011393,71181421310270396903.206754394023697,2447591402911902548.4771015831774423,true,true,414961837.61612858,401940970.90030634,13020866.71582224,true,true,149952930607975354989.8484098468759362,144826698358311274429.3085305433332682,5126232249664080560.539879303542668,true,true
24,0xcbcdf9626bc03e24f779434178a73a0b4bad62ed,25309170,266670,22423120729859236,9,S24_P9,266520:268200,0xc36442b4a4522e871399cd717abdd847ab11fe88:266520:268200,0xc36442b4a4522e871399cd717abdd847ab11fe88,266520,268200,932682260990625,0.0415946679423904,1680,150,1530,150,555168012494.4196428571428571,0.0000247587309181,532.5094854994433575,1857.9048419221735484,4.1081291608130218,167.0204215956430873,171.1285507564561091,167.0204215956430873,36488618.768207284,34972217.481673932,1516401.286533352,true,true,13879586366377361757.7956760056126559,13302579259079101205.3851837359949651,577007107298260552.4104922696176908,true,true,198738638.00366739,191224439.46848231,7514198.53518508,true,true,73629012713182299451.6838559772011393,70754214876026508356.5366318897200446,2874797837155791095.1472240874810947,true,true,414961837.61612858,401511222.52068635,13450615.09544223,true,true,149952930607975354989.8484098468759362,143931042988560287654.7144691261968043,6021887619415067335.1339407206791319,true,true
24,0xcbcdf9626bc03e24f779434178a73a0b4bad62ed,25309170,266670,22423120729859236,10,S24_P10,266040:268200,0xc36442b4a4522e871399cd717abdd847ab11fe88:266040:268200,0xc36442b4a4522e871399cd717abdd847ab11fe88,266040,268200,883221633991913,0.0393888809962028,2160,630,1530,630,408898904625.8856481481481481,0.0000182355930538,532.5094854994433575,1857.9048419221735484,11.0857558066290592,157.7605082739620539,168.8462640805911131,157.7605082739620539,36488618.768207284,35052634.326706972,1435984.441500312,true,true,13879586366377361757.7956760056126559,13333019635968997709.0916558247088522,546566730408364048.7040201809038037,true,true,198738638.00366739,191623528.93217382,7115109.07149357,true,true,73629012713182299451.6838559772011393,70906705847715997486.9937935708836772,2722306865466301964.6900624063174621,true,true,414961837.61612858,400481899.6129424,14479938.00318618,true,true,149952930607975354989.8484098468759362,144250949281483239032.5647459484215591,5701981326492115957.2836638984543771,true,true
24,0xcbcdf9626bc03e24f779434178a73a0b4bad62ed,25309170,266670,22423120729859236,11,S24_P11,260040:271740,0xc36442b4a4522e871399cd717abdd847ab11fe88:260040:271740,0xc36442b4a4522e871399cd717abdd847ab11fe88,260040,271740,261711776277828,0.0116715143904713,11700,6630,5070,5070,22368527886.9938461538461538,0.0000009975653325,532.5094854994433575,1857.9048419221735484,4.5184965938880977,123.6114429173277371,128.1299395112158348,123.6114429173277371,36488618.768207284,36063119.777493264,425498.99071402,true,true,13879586366377361757.7956760056126559,13717806684872927279.0413393240354207,161779681504434478.7543366815772352,true,true,198738638.00366739,196632296.33548913,2106341.66817826,true,true,73629012713182299451.6838559772011393,72822881731882208131.9822040563847034,806130981300091319.7016519208164359,true,true,414961837.61612858,410670980.80289465,4290856.81323393,true,true,149952930607975354989.8484098468759362,148265816882243954868.3159553338898129,1687113725731400121.5324545129861233,true,true
24,0xcbcdf9626bc03e24f779434178a73a0b4bad62ed,25309170,266670,22423120729859236,12,S24_P12,261420:271860,0xc36442b4a4522e871399cd717abdd847ab11fe88:261420:271860,0xc36442b4a4522e871399cd717abdd847ab11fe88,261420,271860,207227673886313,0.0092416963893149,10440,5250,5190,5190,19849394050.4131226053639847,0.0000008852199607,532.5094854994433575,1857.9048419221735484,3.5718498282156561,99.0621967882971305,102.6340466165127866,99.0621967882971305,36488618.768207284,36151702.00780446,336916.760402824,true,true,13879586366377361757.7956760056126559,13751591522722897465.7987315838586815,127994843654464291.9969444217539744,true,true,198738638.00366739,197070786.2705113,1667851.73315609,true,true,73629012713182299451.6838559772011393,72990691312339951431.4076434204184222,638321400842348020.2762125567827171,true,true,414961837.61612858,411564121.33237289,3397716.28375569,true,true,149952930607975354989.8484098468759362,148617201199651523982.9831365887061008,1335729408323831006.8652732581698354,true,true
24,0xcbcdf9626bc03e24f779434178a73a0b4bad62ed,25309170,266670,22423120729859236,13,S24_P13,265740:267300,0xc36442b4a4522e871399cd717abdd847ab11fe88:265740:267300,0xc36442b4a4522e871399cd717abdd847ab11fe88,265740,267300,1019405787891708,0.0454622619292345,1560,930,630,630,653465248648.5307692307692308,0.0000291424755957,532.5094854994433575,1857.9048419221735484,15.2518789805128141,81.4449275025442239,96.696806483057038,81.4449275025442239,36488618.768207284,34831215.416650064,1657403.35155722,true,true,13879586366377361757.7956760056126559,13248727962550429822.1305327657810511,630858403826931935.6651432398316048,true,true,198738638.00366739,190524886.25756188,8213751.74610551,true,true,73629012713182299451.6838559772011393,70486647077532994576.6110876108882159,3142365635649304875.0727683663129234,true,true,414961837.61612858,398249473.7866178,16712363.82951078,true,true,149952930607975354989.8484098468759362,143369939113248334375.6964918820422366,6582991494727020614.1519179648336996,true,true
24,0xcbcdf9626bc03e24f779434178a73a0b4bad62ed,25309170,266670,22423120729859236,14,S24_P14,266160:267180,0xc36442b4a4522e871399cd717abdd847ab11fe88:266160:267180,0xc36442b4a4522e871399cd717abdd847ab11fe88,266160,267180,1224318412028871,0.0546007144491059,1020,510,510,510,1200312168655.7558823529411765,0.000053530112205,532.5094854994433575,1857.9048419221735484,13.6789696311354955,80.5809066729516632,94.2598763040871587,80.5809066729516632,36488618.768207284,34498050.155301996,1990568.612905288,true,true,13879586366377361757.7956760056126559,13122173742948314633.2761952903301333,757412623429047124.5194807152825226,true,true,198738638.00366739,188871112.02624269,9867525.9774247,true,true,73629012713182299451.6838559772011393,69854213497509446725.3797849747242672,3774799215672852726.3040710024768721,true,true,414961837.61612858,394890703.57969505,20071134.03643353,true,true,149952930607975354989.8484098468759362,142043450740962630056.6237717514081958,7909479867012724933.2246380954677404,true,true
24,0xcbcdf9626bc03e24f779434178a73a0b4bad62ed,25309170,266670,22423120729859236,15,S24_P15,261900:269820,0xc36442b4a4522e871399cd717abdd847ab11fe88:261900:269820,0xc36442b4a4522e871399cd717abdd847ab11fe88,261900,269820,200300690906717,0.0089327749388599,7920,4770,3150,3150,25290491276.1006313131313131,0.0000011278756236,532.5094854994433575,1857.9048419221735484,3.4517242377388881,63.1827494010337725,66.6344736387726606,63.1827494010337725,36488618.768207284,36162964.136087812,325654.632119472,true,true,13879586366377361757.7956760056126559,13756044169182723324.7429153448576264,123542197194638433.0527606607550295,true,true,198738638.00366739,197126549.79661926,1612088.20704813,true,true,73629012713182299451.6838559772011393,73012073246133327043.9660013512798278,616939467048972407.7178546259213115,true,true,414961837.61612858,411677684.29000793,3284153.32612065,true,true,149952930607975354989.8484098468759362,148661894720612250773.017215218914705,1291035887363104216.8311946279612312,true,true
24,0xcbcdf9626bc03e24f779434178a73a0b4bad62ed,25309170,266670,22423120729859236,16,S24_P16,253800:267180,0xc36442b4a4522e871399cd717abdd847ab11fe88:253800:267180,0xc36442b4a4522e871399cd717abdd847ab11fe88,253800,267180,802245669375144,0.035777610040999,13380,12870,510,510,59958570207.4098654708520179,0.0000026739618865,532.5094854994433575,1857.9048419221735484,14.0900117502946568,52.4179323240111098,66.5079440743057666,52.4179323240111098,36488618.768207284,35184290.8775909,1304327.890616384,true,true,13879586366377361757.7956760056126559,13383331850572697626.089013916950417,496254515804664131.7066620886622389,true,true,198738638.00366739,192276483.81256336,6462154.19110403,true,true,73629012713182299451.6838559772011393,71156462797559530992.9977428587363041,2472549915622768458.6861131184648352,true,true,414961837.61612858,401809212.21387497,13152625.40225361,true,true,149952930607975354989.8484098468759362,144774597634032284283.2013499221203479,5178332973943070706.6470599247555883,true,true
24,0xcbcdf9626bc03e24f779434178a73a0b4bad62ed,25309170,266670,22423120729859236,17,S24_P17,261600:268320,0xc36442b4a4522e871399cd717abdd847ab11fe88:261600:268320,0xc36442b4a4522e871399cd717abdd847ab11fe88,261600,268320,326152573608745,0.0145453693773513,6720,5070,1650,1650,48534609167.9680059523809524,0.0000021644894907,532.5094854994433575,1857.9048419221735484,5.6423480343265513,60.3204554205941817,65.962803454920733,60.3204554205941817,36488618.768207284,35958349.374823468,530269.393383816,true,true,13879586366377361757.7956760056126559,13677994843122350528.5309984778933961,201591523255011229.2646775277192598,true,true,198738638.00366739,196113150.7292303,2625487.27443709,true,true,73629012713182299451.6838559772011393,72624281763051388752.850220771186142,1004730950130910698.8336352060149973,true,true,414961837.61612858,409614295.04498696,5347542.57114162,true,true,149952930607975354989.8484098468759362,147850043349301020535.6230894131156276,2102887258674334454.2253204337603086,true,true
24,0xcbcdf9626bc03e24f779434178a73a0b4bad62ed,25309170,266670,22423120729859236,18,S24_P18,265440:267420,0xc36442b4a4522e871399cd717abdd847ab11fe88:265440:267420,0xc36442b4a4522e871399cd717abdd847ab11fe88,265440,267420,425912909287713,0.0189943636489704,1980,1230,750,750,215107529943.2893939393939394,0.000009593112954,532.5094854994433575,1857.9048419221735484,6.8086687192910476,39.4257506454262662,46.2344193647173138,39.4257506454262662,36488618.768207284,35796154.599304668,692464.168902616,true,true,13879586366377361757.7956760056126559,13616017508916488729.121589720022021,263568857460873028.6740862855906349,true,true,198738638.00366739,195309775.51119848,3428862.49246891,true,true,73629012713182299451.6838559772011393,72316813831142838985.6637296421946673,1312198882039460466.020126335006472,true,true,414961837.61612858,407978771.76719165,6983065.84893693,true,true,149952930607975354989.8484098468759362,147206149382578587849.7044717751739918,2746781225396767140.1439380717019444,true,true
24,0xcbcdf9626bc03e24f779434178a73a0b4bad62ed,25309170,266670,22423120729859236,19,S24_P19,264720:266700,0xc36442b4a4522e871399cd717abdd847ab11fe88:264720:266700,0xc36442b4a4522e871399cd717abdd847ab11fe88,264720,266700,1438045783780983,0.064132276729262,1980,1950,30,30,726285749384.3348484848484848,0.0000323900387522,532.5094854994433575,1857.9048419221735484,25.7378210819351176,5.8469997698632816,31.5848208517983992,25.7378210819351176,36488618.768207284,34150550.20121578,2338068.566991504,true,true,13879586366377361757.7956760056126559,12989544881254209316.3778254048687864,890041485123152441.4178506007438695,true,true,198738638.00366739,187144953.0025275,11593685.00113989,true,true,73629012713182299451.6838559772011393,71382417058896335711.5253814227720327,2246595654285963740.1584745544291066,true,true,414961837.61612858,391387430.41133021,23574407.20479837,true,true,149952930607975354989.8484098468759362,147504698159561582847.856699917459318,2448232448413772141.9917099294166182,true,true
24,0xcbcdf9626bc03e24f779434178a73a0b4bad62ed,25309170,266670,22423120729859236,20,S24_P20,263520:267180,0xc36442b4a4522e871399cd717abdd847ab11fe88:263520:267180,0xc36442b4a4522e871399cd717abdd847ab11fe88,263520,267180,225431872235380,0.0100535458445438,3660,3150,510,510,61593407714.5846994535519126,0.0000027468704493,532.5094854994433575,1857.9048419221735484,3.8877831137180185,14.583744807614308,18.4715279213323265,14.583744807614308,36488618.768207284,36122104.980266056,366513.787941228,true,true,13879586366377361757.7956760056126559,13740531749643401777.4422746907594144,139054616733959980.3534013148532415,true,true,198738638.00366739,196924212.35504447,1814425.64862292,true,true,73629012713182299451.6838559772011393,72934627827257605965.8896384718375402,694384885924693485.7942175053635991,true,true,414961837.61612858,411265649.33852801,3696188.27760057,true,true,149952930607975354989.8484098468759362,148499818891910157523.1644814432208843,1453111716065197466.6839284036550519,true,true
25,0xcbcdf9626bc03e24f779434178a73a0b4bad62ed,25299170,266633,26405760656779319,1,S25_P1,-887220:887220,0xc36442b4a4522e871399cd717abdd847ab11fe88:-887220:887220,0xc36442b4a4522e871399cd717abdd847ab11fe88,-887220,887220,452021420140880,0.01711828816508,1774440,1153853,620587,620587,254740323.7871553842338991,0.0000000096471496,515.954712910234625,1801.9637729182186216,7.3431711894449046,771.7857547697444298,779.1289259591893344,771.7857547697444298,43043241.045040092,42307040.325695936,736200.719344156,true,true,14983869866204033767.2806281913932768,14695268053830531800.5936068679729426,288601812373501966.6870213234203342,true,true,216021442.56739217,212331005.915528,3690436.65186417,true,true,71751515822523626462.515550304062712,70398572354537884509.1039853109265035,1352943467985741953.4115649931362085,true,true,432561601.0281632,425160417.91058594,7401183.11757726,true,true,147330694028036755844.0444403382428318,144515501717301444087.3647900713461779,2815192310735311756.6796502668966539,true,true
25,0xcbcdf9626bc03e24f779434178a73a0b4bad62ed,25299170,266633,26405760656779319,2,S25_P2,264060:269880,0xc36442b4a4522e871399cd717abdd847ab11fe88:264060:269880,0xc36442b4a4522e871399cd717abdd847ab11fe88,264060,269880,1531050297289209,0.0579816774524968,5820,2573,3247,2573,263067061389.8984536082474227,0.0000099624875348,515.954712910234625,1801.9637729182186216,25.7298783778030206,542.854700967411699,568.5845793452147196,542.854700967411699,43043241.045040092,40549611.941998664,2493629.103041428,true,true,14983869866204033767.2806281913932768,14007486165008878184.953706219314264,976383701195155582.3269219720790128,true,true,216021442.56739217,203523427.57526927,12498014.9921229,true,true,71751515822523626462.515550304062712,67159614953479064910.194352653422002,4591900869044561552.32119765064071,true,true,432561601.0281632,407436836.60559821,25124764.42256499,true,true,147330694028036755844.0444403382428318,137733617926516009386.0206022646650842,9597076101520746458.0238380735777476,true,true
25,0xcbcdf9626bc03e24f779434178a73a0b4bad62ed,25299170,266633,26405760656779319,3,S25_P3,263700:267360,0xc36442b4a4522e871399cd717abdd847ab11fe88:263700:267360,0xc36442b4a4522e871399cd717abdd847ab11fe88,263700,267360,2808707304810798,0.1063672181732701,3660,2933,727,727,767406367434.6442622950819672,0.0000290620814681,515.954712910234625,1801.9637729182186216,49.2885995910144804,259.9330889163294313,309.2216885073439117,259.9330889163294313,43043241.045040092,38468614.70152338,4574626.343516712,true,true,14983869866204033767.2806281913932768,13196824951937675325.2287354733436454,1787044914266358442.0518927180496314,true,true,216021442.56739217,193097471.64767805,22923970.91971412,true,true,71751515822523626462.515550304062712,63299985212899194817.2102806882185215,8451530609624431645.3052696158441905,true,true,432561601.0281632,386359979.59725242,46201621.43091078,true,true,147330694028036755844.0444403382428318,129609920659269761694.8947555661115321,17720773368766994149.1496847721312997,true,true
25,0xcbcdf9626bc03e24f779434178a73a0b4bad62ed,25299170,266633,26405760656779319,4,S25_P4,266400:267600,0xc36442b4a4522e871399cd717abdd847ab11fe88:266400:267600,0xc36442b4a4522e871399cd717abdd847ab11fe88,266400,267600,2318012263385536,0.0877843396944681,1200,233,967,233,1931676886154.6133333333333333,0.0000731536164121,515.954712910234625,1801.9637729182186216,14.3394614339090618,278.4950847403491375,292.8345461742581993,278.4950847403491375,43043241.045040092,39267847.771177944,3775393.273862148,true,true,14983869866204033767.2806281913932768,13507713019559762274.0235001266225984,1476156846644271493.2571280647706784,true,true,216021442.56739217,197102840.96981684,18918601.59757533,true,true,71751515822523626462.515550304062712,64786119385542665137.619152057949088,6965396436980961324.896398246113624,true,true,432561601.0281632,394703320.10289956,37858280.92526364,true,true,147330694028036755844.0444403382428318,132739981885374648491.1318834582395034,14590712142662107352.9125568800033284,true,true
25,0xcbcdf9626bc03e24f779434178a73a0b4bad62ed,25299170,266633,26405760656779319,5,S25_P5,256980:270840,0xc36442b4a4522e871399cd717abdd847ab11fe88:256980:270840,0xc36442b4a4522e871399cd717abdd847ab11fe88,256980,270840,625578436978542,0.0236909833846401,13860,9653,4207,4207,45135529363.5311688311688312,0.0000017093061605,515.954712910234625,1801.9637729182186216,10.2159932140331986,255.7262259877549794,265.942219201788178,255.7262259877549794,43043241.045040092,42024368.648866608,1018872.396173484,true,true,14983869866204033767.2806281913932768,14584716222937830871.3992693986305222,399153643266202895.8813587927627546,true,true,216021442.56739217,210914125.29065984,5107317.27673233,true,true,71751515822523626462.515550304062712,69878548568344672367.877181328505693,1872967254178954094.638368975557019,true,true,432561601.0281632,422314962.84656576,10246638.18159744,true,true,147330694028036755844.0444403382428318,143430311863496485352.2958623588297929,3900382164540270491.7485779794130389,true,true
25,0xcbcdf9626bc03e24f779434178a73a0b4bad62ed,25299170,266633,26405760656779319,6,S25_P6,264660:267660,0xc36442b4a4522e871399cd717abdd847ab11fe88:264660:267660,0xc36442b4a4522e871399cd717abdd847ab11fe88,264660,267660,1860454169582933,0.0704563747950691,3000,1973,1027,1027,620151389860.9776666666666667,0.000023485458265,515.954712910234625,1801.9637729182186216,31.5895298296531096,233.0829459899495021,264.6724758196026117,233.0829459899495021,43043241.045040092,40013098.583934944,3030142.461105148,true,true,14983869866204033767.2806281913932768,13798164001837504531.9964354319058744,1185705864366529235.2841927594874024,true,true,216021442.56739217,200836477.51926431,15184965.04812786,true,true,71751515822523626462.515550304062712,66167452421419333159.6083717158751435,5584063401104293302.9071785881875685,true,true,432561601.0281632,402011576.19796178,30550024.83020142,true,true,147330694028036755844.0444403382428318,135647721693712334524.8525477533564496,11682972334324421319.1918925848863822,true,true
25,0xcbcdf9626bc03e24f779434178a73a0b4bad62ed,25299170,266633,26405760656779319,7,S25_P7,251340:273540,0xc36442b4a4522e871399cd717abdd847ab11fe88:251340:273540,0xc36442b4a4522e871399cd717abdd847ab11fe88,251340,273540,307652887865136,0.0116509761587251,22200,15293,6907,6907,13858238192.1232432432432432,0.0000005248187459,515.954712910234625,1801.9637729182186216,4.9763337242832524,182.4451027448265159,187.4214364691097683,182.4451027448265159,43043241.045040092,42542172.018417356,501069.026622736,true,true,14983869866204033767.2806281913932768,14787559210894221414.1448005534761232,196310655309812353.1358276379171536,true,true,216021442.56739217,213509662.3088915,2511780.25850067,true,true,71751515822523626462.515550304062712,70830938980066732867.682456639552451,920576842456893594.833093664510261,true,true,432561601.0281632,427525744.59602189,5035856.43214131,true,true,147330694028036755844.0444403382428318,145416406893163028037.0769757280327934,1914287134873727806.9674646102100384,true,true
25,0xcbcdf9626bc03e24f779434178a73a0b4bad62ed,25299170,266633,26405760656779319,8,S25_P8,261780:268560,0xc36442b4a4522e871399cd717abdd847ab11fe88:261780:268560,0xc36442b4a4522e871399cd717abdd847ab11fe88,261780,268560,794204255030087,0.0300769315208568,6780,4853,1927,1927,117139270653.4051622418879056,0.000004436125593,515.954712910234625,1801.9637729182186216,13.0370340244833529,166.6288608372933093,179.6658948617766622,166.6288608372933093,43043241.045040092,41749727.3644702,1293513.680569892,true,true,14983869866204033767.2806281913932768,14476923673274866948.1126946316292422,506946192929166819.1679335597640346,true,true,216021442.56739217,209537447.98203485,6483994.58535732,true,true,71751515822523626462.515550304062712,69373039511792871685.5210681474260655,2378476310730754776.9944821566366465,true,true,432561601.0281632,419548346.16312758,13013254.86503562,true,true,147330694028036755844.0444403382428318,142373875030400821278.2598481822709135,4956818997635934565.7845921559719183,true,true
25,0xcbcdf9626bc03e24f779434178a73a0b4bad62ed,25299170,266633,26405760656779319,9,S25_P9,266520:268200,0xc36442b4a4522e871399cd717abdd847ab11fe88:266520:268200,0xc36442b4a4522e871399cd717abdd847ab11fe88,266520,268200,932682260990625,0.0353211662073886,1680,113,1567,113,555168012494.4196428571428571,0.0000210245036949,515.954712910234625,1801.9637729182186216,3.0980993901372123,165.1464906941077622,168.2445900842449745,165.1464906941077622,43043241.045040092,41524187.120066816,1519053.924973276,true,true,14983869866204033767.2806281913932768,14388724353715622978.7833952784390498,595145512488410788.497232912954227,true,true,216021442.56739217,208548650.38705001,7472792.18034216,true,true,71751515822523626462.515550304062712,68957599682967851536.2940092688576665,2793916139555774926.2215410352050455,true,true,432561601.0281632,420937776.14676719,11623824.88139601,true,true,147330694028036755844.0444403382428318,141504661961386968295.9399591711329975,5826032066649787548.1044811671098343,true,true
25,0xcbcdf9626bc03e24f779434178a73a0b4bad62ed,25299170,266633,26405760656779319,10,S25_P10,266040:268200,0xc36442b4a4522e871399cd717abdd847ab11fe88:266040:268200,0xc36442b4a4522e871399cd717abdd847ab11fe88,266040,268200,883221633991913,0.033448066331888,2160,593,1567,593,408898904625.8856481481481481,0.0000154852158944,515.954712910234625,1801.9637729182186216,10.2467618539962351,155.9737717459777364,166.2205335999739715,155.9737717459777364,43043241.045040092,41604744.123016364,1438496.922023728,true,true,14983869866204033767.2806281913932768,14420312101858665494.1591187371308182,563557764345368273.1215094542624586,true,true,216021442.56739217,208810622.78371751,7210819.78367466,true,true,71751515822523626462.515550304062712,69105999379677820617.63313276497504,2645516442845805844.882417539087672,true,true,432561601.0281632,418086986.08197413,14474614.94618907,true,true,147330694028036755844.0444403382428318,141815267218933494789.8227684588251776,5515426809103261054.2216718794176542,true,true
25,0xcbcdf9626bc03e24f779434178a73a0b4bad62ed,25299170,266633,26405760656779319,11,S25_P11,260040:271740,0xc36442b4a4522e871399cd717abdd847ab11fe88:260040:271740,0xc36442b4a4522e871399cd717abdd847ab11fe88,260040,271740,261711776277828,0.0099111621770546,11700,6593,5107,5107,22368527886.9938461538461538,0.0000008471078784,515.954712910234625,1801.9637729182186216,4.2274330628218674,120.7331042872916205,124.9605373501134879,120.7331042872916205,43043241.045040092,42616995.730318772,426245.31472132,true,true,14983869866204033767.2806281913932768,14816644201139452282.1396170096607668,167225665064581485.14101118173251,true,true,216021442.56739217,213884808.89270819,2136633.67468398,true,true,71751515822523626462.515550304062712,70968463417087070703.315908166798183,783052405436555759.199642137264529,true,true,432561601.0281632,428278165.15816562,4283435.86999758,true,true,147330694028036755844.0444403382428318,145702758977455846054.4828551682463876,1627935050580909789.5615851699964442,true,true
25,0xcbcdf9626bc03e24f779434178a73a0b4bad62ed,25299170,266633,26405760656779319,12,S25_P12,265740:267300,0xc36442b4a4522e871399cd717abdd847ab11fe88:265740:267300,0xc36442b4a4522e871399cd717abdd847ab11fe88,265740,267300,1019405787891708,0.038605431638266,1560,893,667,667,653465248648.5307692307692308,0.000024747071563,515.954712910234625,1801.9637729182186216,14.243948214456606,83.3472700527510213,97.5912182672076273,83.3472700527510213,43043241.045040092,41382939.451082132,1660301.59395796,true,true,14983869866204033767.2806281913932768,14333435897165167780.136648810693893,650433969038865987.1439793806993838,true,true,216021442.56739217,207699005.00510135,8322437.56229082,true,true,71751515822523626462.515550304062712,68697334347769945446.600090573176814,3054181474753681015.915459730885898,true,true,432561601.0281632,415850363.98901465,16711237.03914855,true,true,147330694028036755844.0444403382428318,140959660602409006906.2918990735371428,6371033425627748937.752541264705689,true,true
25,0xcbcdf9626bc03e24f779434178a73a0b4bad62ed,25299170,266633,26405760656779319,13,S25_P13,266160:267180,0xc36442b4a4522e871399cd717abdd847ab11fe88:266160:267180,0xc36442b4a4522e871399cd717abdd847ab11fe88,266160,267180,1224318412028871,0.0463655801452758,1020,473,547,473,1200312168655.7558823529411765,0.0000454564511228,515.954712910234625,1801.9637729182186216,12.517411572014143,83.5640359704004726,96.0814475424146156,83.5640359704004726,43043241.045040092,41049194.628043424,1994046.416996668,true,true,14983869866204033767.2806281913932768,14202710287394307646.749234767936941,781159578809726120.5313934234563358,true,true,216021442.56739217,206026457.19252269,9994985.37486948,true,true,71751515822523626462.515550304062712,68081842472392572959.7994270468345965,3669673350131053502.7161232572281155,true,true,432561601.0281632,412482802.60307135,20078798.42509185,true,true,147330694028036755844.0444403382428318,139669683602629260777.195566766531486,7661010425407495066.8488735717113458,true,true
25,0xcbcdf9626bc03e24f779434178a73a0b4bad62ed,25299170,266633,26405760656779319,14,S25_P14,253800:267180,0xc36442b4a4522e871399cd717abdd847ab11fe88:253800:267180,0xc36442b4a4522e871399cd717abdd847ab11fe88,253800,267180,802245669375144,0.0303814640980311,13380,12833,547,547,59958570207.4098654708520179,0.0000022706624886,515.954712910234625,1801.9637729182186216,13.1723161828347315,54.3262858060571203,67.4986019888918518,54.3262858060571203,43043241.045040092,41736630.267379404,1306610.777660688,true,true,14983869866204033767.2806281913932768,14472151613302808176.93269506885107,511718252901225590.3479331225422068,true,true,216021442.56739217,209471665.92004535,6549776.64734682,true,true,71751515822523626462.515550304062712,69348917422842481108.139718948966099,2402598399681145354.375831355096613,true,true,432561601.0281632,419416291.67539475,13145309.35276845,true,true,147330694028036755844.0444403382428318,142323409901413685815.6702863043471361,5007284126623070028.3741540338956957,true,true
25,0xcbcdf9626bc03e24f779434178a73a0b4bad62ed,25299170,266633,26405760656779319,15,S25_P15,261600:268320,0xc36442b4a4522e871399cd717abdd847ab11fe88:261600:268320,0xc36442b4a4522e871399cd717abdd847ab11fe88,261600,268320,326152573608745,0.0123515689567916,6720,5033,1687,1687,48534609167.9680059523809524,0.0000018380310948,515.954712910234625,1801.9637729182186216,5.2784820802416064,59.4536145132527379,64.7320965934943443,59.4536145132527379,43043241.045040092,42512041.791855312,531199.25318478,true,true,14983869866204033767.2806281913932768,14775674742649039962.7479617690011258,208195123554993804.532666422392151,true,true,216021442.56739217,213358740.40042094,2662702.16697123,true,true,71751515822523626462.515550304062712,70775531499058947868.040769526781472,975984323464678594.47478077728124,true,true,432561601.0281632,427222827.71618066,5338773.31198254,true,true,147330694028036755844.0444403382428318,145301064849277442547.8411369167794322,2029629178759313296.2033034214633996,true,true
25,0xcbcdf9626bc03e24f779434178a73a0b4bad62ed,25299170,266633,26405760656779319,16,S25_P16,265440:267420,0xc36442b4a4522e871399cd717abdd847ab11fe88:265440:267420,0xc36442b4a4522e871399cd717abdd847ab11fe88,265440,267420,425912909287713,0.016129545170984,1980,1193,787,787,215107529943.2893939393939394,0.0000081462349348,515.954712910234625,1801.9637729182186216,6.3799833794028533,39.9637315479299633,46.3437149273328166,39.9637315479299633,43043241.045040092,42349563.069573968,693677.975466124,true,true,14983869866204033767.2806281913932768,14711979012557077033.893412825006894,271890853646956733.3872153663863828,true,true,216021442.56739217,212544240.79013855,3477201.77725362,true,true,71751515822523626462.515550304062712,70476762152349031901.230659894647877,1274753670174594561.284890409414835,true,true,432561601.0281632,425588323.41538631,6973277.61277689,true,true,147330694028036755844.0444403382428318,144678546131235288630.8946597494985384,2652147896801467213.1497805887442934,true,true
25,0xcbcdf9626bc03e24f779434178a73a0b4bad62ed,25299170,266633,26405760656779319,17,S25_P17,264600:266640,0xc36442b4a4522e871399cd717abdd847ab11fe88:264600:266640,0xc36442b4a4522e871399cd717abdd847ab11fe88,264600,266640,2387605402204358,0.0904198683476052,2040,2033,7,7,1170394805002.1362745098039216,0.0000443234648763,515.954712910234625,1801.9637729182186216,41.2821047261135491,2.0691565137830158,43.3512612398965649,41.2821047261135491,43043241.045040092,39154496.68724356,3888744.357796532,true,true,14983869866204033767.2806281913932768,14296796157449431544.8976466634944904,687073708754602222.3829815278987864,true,true,216021442.56739217,196534697.6137681,19486744.95362407,true,true,71751515822523626462.515550304062712,70857450273756812346.0302300058360285,894065548766814116.4853202982266835,true,true,432561601.0281632,393316344.23671358,39245256.79144962,true,true,147330694028036755844.0444403382428318,146387454409689171169.8634199997871325,943239618347584674.1810203384556993,true,true
25,0xcbcdf9626bc03e24f779434178a73a0b4bad62ed,25299170,266633,26405760656779319,18,S25_P18,264720:266700,0xc36442b4a4522e871399cd717abdd847ab11fe88:264720:266700,0xc36442b4a4522e871399cd717abdd847ab11fe88,264720,266700,1438045783780983,0.0544595477658313,1980,1913,67,67,726285749384.3348484848484848,0.000027504822104,515.954712910234625,1801.9637729182186216,24.0647090245481153,12.8361689304311012,36.9008779549792165,24.0647090245481153,43043241.045040092,40701091.349595876,2342149.695444216,true,true,14983869866204033767.2806281913932768,14066905194758337348.830713539229228,916964671445696418.4499146521640488,true,true,216021442.56739217,204282173.94653135,11739268.62086082,true,true,71751515822523626462.515550304062712,68006715237916811743.48904404959021,3744800584606814719.026506254472502,true,true,432561601.0281632,408967323.70091426,23594277.32724894,true,true,147330694028036755844.0444403382428318,142469375576006074167.2045143393413321,4861318452030681676.8399259989014997,true,true
25,0xcbcdf9626bc03e24f779434178a73a0b4bad62ed,25299170,266633,26405760656779319,19,S25_P19,264780:266640,0xc36442b4a4522e871399cd717abdd847ab11fe88:264780:266640,0xc36442b4a4522e871399cd717abdd847ab11fe88,264780,266640,961624462259576,0.0364172225431685,1860,1853,7,7,517002399064.2881720430107527,0.0000195791519049,515.954712910234625,1801.9637729182186216,15.8340225725952368,0.833045871745873,16.6670684443411098,15.8340225725952368,43043241.045040092,41477048.63404378,1566192.410996312,true,true,14983869866204033767.2806281913932768,14706063888535130779.7558577805839466,277805977668902987.5247704108093302,true,true,216021442.56739217,208170557.69142326,7850884.87596891,true,true,71751515822523626462.515550304062712,71392162713053925691.0989845948384865,359353109469700771.4165657092242255,true,true,432561601.0281632,416799428.40919463,15762172.61896857,true,true,147330694028036755844.0444403382428318,146951268070137833818.0225685218352488,379425957898922026.021871816407583,true,true
25,0xcbcdf9626bc03e24f779434178a73a0b4bad62ed,25299170,266633,26405760656779319,20,S25_P20,262860:266640,0xc36442b4a4522e871399cd717abdd847ab11fe88:262860:266640,0xc36442b4a4522e871399cd717abdd847ab11fe88,262860,266640,477686396607149,0.0180902342794094,3780,3773,7,7,126372062594.4838624338624339,0.0000047857762644,515.954712910234625,1801.9637729182186216,7.7660859893195926,0.4137617465397582,8.1798477358593508,7.7660859893195926,43043241.045040092,42265239.939765692,778001.1052744,true,true,14983869866204033767.2806281913932768,14845274783958689828.9428634691601612,138595082245343938.3377647222331156,true,true,216021442.56739217,212121489.32612897,3899953.2412632,true,true,71751515822523626462.515550304062712,71573132767684664370.908845993288851,178383054838962091.606704310773861,true,true,432561601.0281632,424739759.86049369,7821841.16766951,true,true,147330694028036755844.0444403382428318,147142289135468122530.3107697596551189,188404892568633313.7336705785877129,true,true
26,0xcbcdf9626bc03e24f779434178a73a0b4bad62ed,25289170,266611,26396033905835709,1,S26_P1,-887220:887220,0xc36442b4a4522e871399cd717abdd847ab11fe88:-887220:887220,0xc36442b4a4522e871399cd717abdd847ab11fe88,-887220,887220,452021420140880,0.0171245961326389,1774440,1153831,620609,620609,254740323.7871553842338991,0.0000000096507045,512.7736860528327042,1837.2219217674058266,7.2359331272823927,782.7521408937529758,789.9880740210353685,782.7521408937529758,43074133.051635908,42337132.321218316,737000.730417592,true,true,16291099982008529755.769080505266482,16011905483334269459.1556591071200396,279194498674260296.6134213981464424,true,true,216128584.64529644,212439075.01054862,3689509.63474782,true,true,74830314997986506433.5285085063045781,73390864988792122969.0813036587237398,1439450009194383464.4472048475808383,true,true,432087036.20425529,424622928.20956265,7464107.99469264,true,true,140726925061761504747.7424174063727819,137914643646350798646.862082689226115,2812281415410706100.8803347171466669,true,true
26,0xcbcdf9626bc03e24f779434178a73a0b4bad62ed,25289170,266611,26396033905835709,2,S26_P2,264060:269880,0xc36442b4a4522e871399cd717abdd847ab11fe88:264060:269880,0xc36442b4a4522e871399cd717abdd847ab11fe88,264060,269880,1531050297289209,0.0580030432886632,5820,2551,3269,2551,263067061389.8984536082474227,0.0000099661586407,512.7736860528327042,1837.2219217674058266,25.3597125141748233,555.4119038182317633,580.7716163324065866,555.4119038182317633,43074133.051635908,40577794.214536952,2496338.837098956,true,true,16291099982008529755.769080505266482,15346130480133063412.0867032931217436,944969501875466343.6823772121447384,true,true,216128584.64529644,203630456.90719472,12498127.73810172,true,true,74830314997986506433.5285085063045781,69954212595631410619.5537829990605752,4876102402355095813.9747255072440029,true,true,432087036.20425529,406764734.4287438,25322301.77551149,true,true,140726925061761504747.7424174063727819,131213926677036218958.4761573657882822,9512998384725285789.2662600405844997,true,true
26,0xcbcdf9626bc03e24f779434178a73a0b4bad62ed,25289170,266611,26396033905835709,3,S26_P3,263700:267360,0xc36442b4a4522e871399cd717abdd847ab11fe88:263700:267360,0xc36442b4a4522e871399cd717abdd847ab11fe88,263700,267360,2808707304810798,0.1064064137374002,3660,2911,749,749,767406367434.6442622950819672,0.0000290727906386,512.7736860528327042,1837.2219217674058266,48.5676787243191381,272.7649728192544193,321.3326515435735574,272.7649728192544193,43074133.051635908,38494535.702834568,4579597.34880134,true,true,16291099982008529755.769080505266482,14557554509754331182.890837852217386,1733545472254198572.878242653049096,true,true,216128584.64529644,193160478.66196476,22968105.98333168,true,true,74830314997986506433.5285085063045781,65888413833136955073.8239362889330804,8941901164849551359.7045722173714977,true,true,432087036.20425529,385552963.23589295,46534072.96836234,true,true,140726925061761504747.7424174063727819,123304761436148575671.9280453353257763,17422163625612929075.8143720710470056,true,true
26,0xcbcdf9626bc03e24f779434178a73a0b4bad62ed,25289170,266611,26396033905835709,4,S26_P4,266400:267600,0xc36442b4a4522e871399cd717abdd847ab11fe88:266400:267600,0xc36442b4a4522e871399cd717abdd847ab11fe88,266400,267600,2318012263385536,0.0878166875999149,1200,211,989,211,1931676886154.6133333333333333,0.0000731805729999,512.7736860528327042,1837.2219217674058266,13.1682056324164912,289.9462433487343747,303.1144489811508659,289.9462433487343747,43074133.051635908,39294637.233951212,3779495.817684696,true,true,16291099982008529755.769080505266482,14860534714160040238.4800960458547644,1430565267848489517.2889844594117176,true,true,216128584.64529644,197191351.67244724,18937232.9728492,true,true,74830314997986506433.5285085063045781,67449163394931332964.1743852070202848,7381151603055173469.3541232992842933,true,true,432087036.20425529,394654061.68253537,37432974.52171992,true,true,140726925061761504747.7424174063727819,126338982238597991632.9079034054899595,14387942823163513114.8345140008828224,true,true
26,0xcbcdf9626bc03e24f779434178a73a0b4bad62ed,25289170,266611,26396033905835709,5,S26_P5,264660:267660,0xc36442b4a4522e871399cd717abdd847ab11fe88:264660:267660,0xc36442b4a4522e871399cd717abdd847ab11fe88,264660,267660,1860454169582933,0.0704823374685702,3000,1951,1049,1049,620151389860.9776666666666667,0.0000234941124895,512.7736860528327042,1837.2219217674058266,31.1321902359590305,242.2612064163175481,273.3933966522765786,242.2612064163175481,43074133.051635908,40040697.85921024,3033435.192425668,true,true,16291099982008529755.769080505266482,15142726379431274923.0050561695741952,1148373602577254832.7640243356922868,true,true,216128584.64529644,200941567.15405817,15187017.49123827,true,true,74830314997986506433.5285085063045781,68905386417853734589.7103714339659965,5924928580132771843.8181370723385816,true,true,432087036.20425529,401302352.94217025,30784683.26208504,true,true,140726925061761504747.7424174063727819,129172088040687199507.7417227876747059,11554837021074305240.000694618698076,true,true
26,0xcbcdf9626bc03e24f779434178a73a0b4bad62ed,25289170,266611,26396033905835709,6,S26_P6,256980:270840,0xc36442b4a4522e871399cd717abdd847ab11fe88:256980:270840,0xc36442b4a4522e871399cd717abdd847ab11fe88,256980,270840,625578436978542,0.0236997133436867,13860,9631,4229,4229,45135529363.5311688311688312,0.0000017099360277,512.7736860528327042,1837.2219217674058266,10.0679907534313263,260.7518276014457429,270.8198183548770692,260.7518276014457429,43074133.051635908,42054153.474069352,1019979.577566556,true,true,16291099982008529755.769080505266482,15905060447159786434.848461613296268,386039534848743320.920618891970214,true,true,216128584.64529644,211022303.66625926,5106280.97903718,true,true,74830314997986506433.5285085063045781,72838010237528612073.4582159553709396,1992304760457894360.0702925509336385,true,true,432087036.20425529,421754221.9473086,10332814.25694669,true,true,140726925061761504747.7424174063727819,136835605238036167091.8631670341642565,3891319823725337655.8792503722085254,true,true
26,0xcbcdf9626bc03e24f779434178a73a0b4bad62ed,25289170,266611,26396033905835709,7,S26_P7,251340:273540,0xc36442b4a4522e871399cd717abdd847ab11fe88:251340:273540,0xc36442b4a4522e871399cd717abdd847ab11fe88,251340,273540,307652887865136,0.0116552694606563,22200,15271,6929,6929,13858238192.1232432432432432,0.0000005250121379,512.7736860528327042,1837.2219217674058266,4.9031109249948404,185.4520135637133044,190.3551244887081448,185.4520135637133044,43074133.051635908,42572519.524916692,501613.526719216,true,true,16291099982008529755.769080505266482,16101462442300180869.9274813876646416,189637539708348885.8415991176018404,true,true,216128584.64529644,213617643.80094011,2510940.84435633,true,true,74830314997986506433.5285085063045781,73850578110602735235.2806643690558601,979736887383771198.247844137248718,true,true,432087036.20425529,427008019.5339725,5079016.67028279,true,true,140726925061761504747.7424174063727819,138812473446160048494.7583286577064715,1914451615601456252.9840887486663104,true,true
26,0xcbcdf9626bc03e24f779434178a73a0b4bad62ed,25289170,266611,26396033905835709,8,S26_P8,261780:268560,0xc36442b4a4522e871399cd717abdd847ab11fe88:261780:268560,0xc36442b4a4522e871399cd717abdd847ab11fe88,261780,268560,794204255030087,0.0300880146564178,6780,4831,1949,1949,117139270653.4051622418879056,0.0000044377602738,512.7736860528327042,1837.2219217674058266,12.8488752986358496,171.3413519788949383,184.1902272775307879,171.3413519788949383,43074133.051635908,41779213.74680058,1294919.304835328,true,true,16291099982008529755.769080505266482,15800837342485974162.4899426741754356,490262639522555593.2791378310910464,true,true,216128584.64529644,209645943.47324153,6482641.17205491,true,true,74830314997986506433.5285085063045781,72300956391624023699.7756438839910439,2529358606362482733.7528646223135342,true,true,432087036.20425529,418965840.95803685,13121195.24621844,true,true,140726925061761504747.7424174063727819,135787727286184903642.8053925022288026,4939197775576601104.9370249041439793,true,true
26,0xcbcdf9626bc03e24f779434178a73a0b4bad62ed,25289170,266611,26396033905835709,9,S26_P9,266520:268200,0xc36442b4a4522e871399cd717abdd847ab11fe88:266520:268200,0xc36442b4a4522e871399cd717abdd847ab11fe88,266520,268200,932682260990625,0.0353341818061699,1680,91,1589,91,555168012494.4196428571428571,0.0000210322510751,512.7736860528327042,1837.2219217674058266,2.5482757073800705,170.2948477797167812,172.8431234870968517,170.2948477797167812,43074133.051635908,41553428.416670316,1520704.634965592,true,true,16291099982008529755.769080505266482,15715374620719181062.9214503768353876,575725361289348692.8476301284310944,true,true,216128584.64529644,208730769.06286145,7397815.58243499,true,true,74830314997986506433.5285085063045781,71859875117039378842.5685442840207131,2970439880947127590.959964222283865,true,true,432087036.20425529,421799740.93744667,10287295.26680862,true,true,140726925061761504747.7424174063727819,134927486032467947103.2840712492549054,5799439029293557644.4583461571178765,true,true
26,0xcbcdf9626bc03e24f779434178a73a0b4bad62ed,25289170,266611,26396033905835709,10,S26_P10,266040:268200,0xc36442b4a4522e871399cd717abdd847ab11fe88:266040:268200,0xc36442b4a4522e871399cd717abdd847ab11fe88,266040,268200,883221633991913,0.0334603917066741,2160,571,1589,571,408898904625.8856481481481481,0.0000154909220864,512.7736860528327042,1837.2219217674058266,9.9481314520297256,160.8306967773276784,170.778828229357404,160.8306967773276784,43074133.051635908,41634072.957665284,1440060.093970624,true,true,16291099982008529755.769080505266482,15746231031862195559.3436368446718792,544868950146334196.4254436605946028,true,true,216128584.64529644,208919126.39445593,7209458.25084051,true,true,74830314997986506433.5285085063045781,72017472141183992045.8569053879396181,2812842856802514387.67160311836496,true,true,432087036.20425529,417493175.75960765,14593860.44464764,true,true,140726925061761504747.7424174063727819,135234719491481333009.2605824563924785,5492205570280171738.4818349499803034,true,true
26,0xcbcdf9626bc03e24f779434178a73a0b4bad62ed,25289170,266611,26396033905835709,11,S26_P11,260040:271740,0xc36442b4a4522e871399cd717abdd847ab11fe88:260040:271740,0xc36442b4a4522e871399cd717abdd847ab11fe88,260040,271740,261711776277828,0.0099148143698955,11700,6571,5129,5129,22368527886.9938461538461538,0.0000008474200316,512.7736860528327042,1837.2219217674058266,4.1650845751601637,122.9057943828119465,127.0708789579721102,122.9057943828119465,43074133.051635908,42647424.545796632,426708.505839276,true,true,16291099982008529755.769080505266482,16129835263223420001.1309422559794656,161264718785109754.6381382492870164,true,true,216128584.64529644,213992597.85519932,2135986.79009712,true,true,74830314997986506433.5285085063045781,73996920566209022654.3517294034806377,833394431777483779.1767791028239404,true,true,432087036.20425529,427766765.49615326,4320270.70810203,true,true,140726925061761504747.7424174063727819,139098284397485468456.253466404995478,1628640664276036291.4889510013773039,true,true
26,0xcbcdf9626bc03e24f779434178a73a0b4bad62ed,25289170,266611,26396033905835709,12,S26_P12,265740:267300,0xc36442b4a4522e871399cd717abdd847ab11fe88:265740:267300,0xc36442b4a4522e871399cd717abdd847ab11fe88,265740,267300,1019405787891708,0.0386196574655231,1560,871,689,689,653465248648.5307692307692308,0.000024756190683,512.7736860528327042,1837.2219217674058266,13.9739465834103482,87.5696877024467018,101.54363428585705,87.5696877024467018,43074133.051635908,41412027.259764144,1662105.791871764,true,true,16291099982008529755.769080505266482,15662099582368923896.5683485149296412,629000399639605859.2007319903368408,true,true,216128584.64529644,207807350.19595283,8321234.44934361,true,true,74830314997986506433.5285085063045781,71583655707036806826.2839675985190735,3246659290949699607.2445409077855046,true,true,432087036.20425529,415239499.02403682,16847537.18021847,true,true,140726925061761504747.7424174063727819,134388893508611856051.7908979320076509,6338031553149648695.951519474365131,true,true
26,0xcbcdf9626bc03e24f779434178a73a0b4bad62ed,25289170,266611,26396033905835709,13,S26_P13,266160:267180,0xc36442b4a4522e871399cd717abdd847ab11fe88:266160:267180,0xc36442b4a4522e871399cd717abdd847ab11fe88,266160,267180,1224318412028871,0.0463826655321198,1020,451,569,451,1200312168655.7558823529411765,0.0000454732015021,512.7736860528327042,1837.2219217674058266,12.0562453781232597,88.4290697309427061,100.4853151090659658,88.4290697309427061,43074133.051635908,41077919.771362848,1996213.28027306,true,true,16291099982008529755.769080505266482,15535332387995393623.0032379282337668,755767594013136132.7658425770327152,true,true,216128584.64529644,206134346.79709457,9994237.84820187,true,true,74830314997986506433.5285085063045781,70931000072550870585.9437648285467431,3899314925435635847.584743677757835,true,true,432087036.20425529,411846760.7732546,20240275.43100069,true,true,140726925061761504747.7424174063727819,133116795418319657242.0284422101673109,7610129643441847505.713975196205471,true,true
26,0xcbcdf9626bc03e24f779434178a73a0b4bad62ed,25289170,266611,26396033905835709,14,S26_P14,253800:267180,0xc36442b4a4522e871399cd717abdd847ab11fe88:253800:267180,0xc36442b4a4522e871399cd717abdd847ab11fe88,253800,267180,802245669375144,0.0303926594516831,13380,12811,569,569,59958570207.4098654708520179,0.0000022714992116,512.7736860528327042,1837.2219217674058266,12.9822312137911803,57.4718398737492393,70.4540710875404196,57.4718398737492393,43074133.051635908,41766102.417586268,1308030.63404964,true,true,16291099982008529755.769080505266482,15795973892856674922.6959278387564268,495126089151854833.0731526665100552,true,true,216128584.64529644,209580220.51612214,6548364.1291743,true,true,74830314997986506433.5285085063045781,72275328263970169551.7222002621854389,2554986734016336881.8063082441191392,true,true,432087036.20425529,418832810.11831799,13254226.0859373,true,true,140726925061761504747.7424174063727819,135737739239136288881.7795997833858144,4989185822625215865.9628176229869675,true,true
26,0xcbcdf9626bc03e24f779434178a73a0b4bad62ed,25289170,266611,26396033905835709,15,S26_P15,261600:268320,0xc36442b4a4522e871399cd717abdd847ab11fe88:261600:268320,0xc36442b4a4522e871399cd717abdd847ab11fe88,261600,268320,326152573608745,0.0123561204221911,6720,5011,1709,1709,48534609167.9680059523809524,0.0000018387083962,512.7736860528327042,1837.2219217674058266,5.200887943158821,61.2191644980404209,66.4200524411992419,61.2191644980404209,43074133.051635908,42542356.556646588,531776.49498932,true,true,16291099982008529755.769080505266482,16089810011374361891.37793058783345,201289970634167864.391149917433032,true,true,216128584.64529644,213466673.76844271,2661910.87685373,true,true,74830314997986506433.5285085063045781,73791645188269024836.4422422218289718,1038669809717481597.0862662844756063,true,true,432087036.20425529,426702491.39028044,5384544.81397485,true,true,140726925061761504747.7424174063727819,138697385732980982812.4622587290791885,2029539328780521935.2801586772935934,true,true
26,0xcbcdf9626bc03e24f779434178a73a0b4bad62ed,25289170,266611,26396033905835709,16,S26_P16,264600:266640,0xc36442b4a4522e871399cd717abdd847ab11fe88:264600:266640,0xc36442b4a4522e871399cd717abdd847ab11fe88,264600,266640,2387605402204358,0.0904531874266346,2040,2011,29,29,1170394805002.1362745098039216,0.0000443397977582,512.7736860528327042,1837.2219217674058266,40.6820325481992797,9.2951088708766764,49.9771414190759561,40.6820325481992797,43074133.051635908,39181162.980002148,3892970.07163376,true,true,16291099982008529755.769080505266482,14817240734446963671.0550760152379932,1473859247561566084.7140044900284888,true,true,216128584.64529644,196619598.0781869,19508986.56710954,true,true,74830314997986506433.5285085063045781,71299574738931938015.8627994061068136,3530740259054568417.6657091001977645,true,true,432087036.20425529,392551228.58877188,39535807.61548341,true,true,140726925061761504747.7424174063727819,137059977889436859679.4823129161562966,3666947172324645068.2601044902164853,true,true
26,0xcbcdf9626bc03e24f779434178a73a0b4bad62ed,25289170,266611,26396033905835709,17,S26_P17,265440:267420,0xc36442b4a4522e871399cd717abdd847ab11fe88:265440:267420,0xc36442b4a4522e871399cd717abdd847ab11fe88,265440,267420,425912909287713,0.0161354887937748,1980,1171,809,809,215107529943.2893939393939394,0.0000081492367645,512.7736860528327042,1837.2219217674058266,6.2721824546092219,41.7615641135125958,48.0337465681218177,41.7615641135125958,43074133.051635908,42379701.273306484,694431.778329424,true,true,16291099982008529755.769080505266482,16028185171720997289.9940616653386992,262914810287532465.7750188399277828,true,true,216128584.64529644,212652277.05456656,3476307.59072988,true,true,74830314997986506433.5285085063045781,73473941924151230817.7409196453952773,1356373073835275615.7875888609093008,true,true,432087036.20425529,425054330.64144911,7032705.56280618,true,true,140726925061761504747.7424174063727819,138076961146980821662.8694419853555794,2649963914780683084.8729754210172025,true,true
26,0xcbcdf9626bc03e24f779434178a73a0b4bad62ed,25289170,266611,26396033905835709,18,S26_P18,264720:266700,0xc36442b4a4522e871399cd717abdd847ab11fe88:264720:266700,0xc36442b4a4522e871399cd717abdd847ab11fe88,264720,266700,1438045783780983,0.0544796157222338,1980,1891,89,89,726285749384.3348484848484848,0.0000275149574355,512.7736860528327042,1837.2219217674058266,23.7162104382404849,17.3060156155439515,41.0222260537844364,23.7162104382404849,43074133.051635908,40729438.226614052,2344694.825021856,true,true,16291099982008529755.769080505266482,15403332853896102959.9820759973480688,887767128112426795.7870045079184132,true,true,216128584.64529644,204389554.12663019,11739030.51866625,true,true,74830314997986506433.5285085063045781,70448151112061328867.8215530907844059,4382163885925177565.7069554155201722,true,true,432087036.20425529,408306074.30604836,23780961.89820693,true,true,140726925061761504747.7424174063727819,135156247206342100773.1430325245601021,5570677855419403974.5993848818126798,true,true
26,0xcbcdf9626bc03e24f779434178a73a0b4bad62ed,25289170,266611,26396033905835709,19,S26_P19,264780:266640,0xc36442b4a4522e871399cd717abdd847ab11fe88:264780:266640,0xc36442b4a4522e871399cd717abdd847ab11fe88,264780,266640,961624462259576,0.0364306420309218,1860,1831,29,29,517002399064.2881720430107527,0.0000195863666833,512.7736860528327042,1837.2219217674058266,15.6035754908455167,3.737752338823053,19.3413278296685697,15.6035754908455167,43074133.051635908,41506238.707199688,1567894.34443622,true,true,16291099982008529755.769080505266482,15697463687322667143.9597418511890952,593636294685862611.8093386540773868,true,true,216128584.64529644,208279064.88393428,7849519.76136216,true,true,74830314997986506433.5285085063045781,73407672123384102180.635777191747865,1422642874602404252.8927313145567131,true,true,432087036.20425529,416195769.83905172,15891266.36520357,true,true,140726925061761504747.7424174063727819,139255073435730024270.1430491915407288,1471851626031480477.5993682148320531,true,true
26,0xcbcdf9626bc03e24f779434178a73a0b4bad62ed,25289170,266611,26396033905835709,20,S26_P20,262860:266640,0xc36442b4a4522e871399cd717abdd847ab11fe88:262860:266640,0xc36442b4a4522e871399cd717abdd847ab11fe88,262860,266640,477686396607149,0.0180969004022055,3780,3751,29,29,126372062594.4838624338624339,0.0000047875397889,512.7736860528327042,1837.2219217674058266,7.6528174364451494,1.8557246575084888,9.5085420939536382,7.6528174364451494,43074133.051635908,42295286.512069456,778846.539566452,true,true,16291099982008529755.769080505266482,15996226756500809336.6258936421943968,294873225507720419.1431868630720852,true,true,216128584.64529644,212229642.25174223,3898942.39355421,true,true,74830314997986506433.5285085063045781,74123347971515372989.0317570296454888,706967026471133444.4967514766590893,true,true,432087036.20425529,424198817.67794384,7888218.52631145,true,true,140726925061761504747.7424174063727819,139996601617472125438.5765690631023783,730323444289379309.1658483432704036,true,true
27,0xcbcdf9626bc03e24f779434178a73a0b4bad62ed,25279170,266515,25756277218117102,1,S27_P1,-887220:887220,0xc36442b4a4522e871399cd717abdd847ab11fe88:-887220:887220,0xc36442b4a4522e871399cd717abdd847ab11fe88,-887220,887220,452021420140880,0.0175499516608295,1774440,1153735,620705,620705,254740323.7871553842338991,0.0000000098904171,519.1310593945315419,1722.8493742726991333,7.5426828943260164,725.1248647369592203,732.6675476312852367,725.1248647369592203,42233080.356434432,41492525.514432544,740554.842001888,true,true,15730428345554498039.5709423510565784,15452761350254537881.4857274725679436,277666995299960158.0852148784886348,true,true,212758424.45718671,209096852.04847082,3661572.40871589,true,true,78211371358571067203.1320121120002215,76917473761936214601.968006525932131,1293897596634852601.1640055860680905,true,true,425130922.27165436,417572017.35327476,7558904.9183796,true,true,150717278489404849453.175976947921719,147759919589840998853.7261518967087585,2957358899563850599.4498250512129605,true,true
27,0xcbcdf9626bc03e24f779434178a73a0b4bad62ed,25279170,266515,25756277218117102,2,S27_P2,264060:269880,0xc36442b4a4522e871399cd717abdd847ab11fe88:264060:269880,0xc36442b4a4522e871399cd717abdd847ab11fe88,264060,269880,1531050297289209,0.0594437730392287,5820,2455,3365,2455,263067061389.8984536082474227,0.0000102137067078,519.1310593945315419,1722.8493742726991333,26.4897593253303143,537.5144487512684419,564.0042080765987562,537.5144487512684419,42233080.356434432,39724701.140517708,2508379.215916724,true,true,15730428345554498039.5709423510565784,14789268747754469363.9299956453218632,941159597800028675.6409467057347152,true,true,212758424.45718671,200395600.97920214,12362823.47798457,true,true,78211371358571067203.1320121120002215,73770330055604004907.2491424984262649,4441041302967062295.8828696135739566,true,true,425130922.27165436,399555564.59573198,25575357.67592238,true,true,150717278489404849453.175976947921719,140726112790824887970.342719451040603,9991165698579961482.833257496881116,true,true
27,0xcbcdf9626bc03e24f779434178a73a0b4bad62ed,25279170,266515,25756277218117102,3,S27_P3,263700:267360,0xc36442b4a4522e871399cd717abdd847ab11fe88:263700:267360,0xc36442b4a4522e871399cd717abdd847ab11fe88,263700,267360,2808707304810798,0.1090494282626815,3660,2815,845,845,767406367434.6442622950819672,0.0000297949257548,519.1310593945315419,1722.8493742726991333,50.8087788892236592,290.1116004657817261,340.9203793550053853,290.1116004657817261,42233080.356434432,37631389.565561872,4601690.79087256,true,true,15730428345554498039.5709423510565784,14003730150100494454.9930612501493148,1726698195454003584.5778811009072636,true,true,212758424.45718671,189984735.07876415,22773689.37842256,true,true,78211371358571067203.1320121120002215,69846166938787371756.0142532534277521,8365204419783695447.1177588585724694,true,true,425130922.27165436,378283782.26265293,46847140.00900143,true,true,150717278489404849453.175976947921719,132466781888633389075.0716660732571325,18250496600771460378.1043108746645865,true,true
27,0xcbcdf9626bc03e24f779434178a73a0b4bad62ed,25279170,266515,25756277218117102,4,S27_P4,266400:267600,0xc36442b4a4522e871399cd717abdd847ab11fe88:266400:267600,0xc36442b4a4522e871399cd717abdd847ab11fe88,266400,267600,2318012263385536,0.0899979544308924,1200,115,1085,115,1931676886154.6133333333333333,0.0000749982953591,519.1310593945315419,1722.8493742726991333,8.0116212836983073,299.5698430921921753,307.5814643758904826,299.5698430921921753,42233080.356434432,38435352.720034672,3797727.63639976,true,true,15730428345554498039.5709423510565784,14305935006235744498.255771074958698,1424493339318753541.3151712760978804,true,true,212758424.45718671,193987205.62311861,18771218.8340681,true,true,78211371358571067203.1320121120002215,71353358743568365016.1077672684287514,6858012615002702187.0242448435714701,true,true,425130922.27165436,395861155.75412378,29269766.51753058,true,true,150717278489404849453.175976947921719,135628007996618219865.2069218242827135,15089270492786629587.9690551236390055,true,true
27,0xcbcdf9626bc03e24f779434178a73a0b4bad62ed,25279170,266515,25756277218117102,5,S27_P5,264660:267660,0xc36442b4a4522e871399cd717abdd847ab11fe88:264660:267660,0xc36442b4a4522e871399cd717abdd847ab11fe88,264660,267660,1860454169582933,0.0722330387201408,3000,1855,1145,1145,620151389860.9776666666666667,0.0000240776795734,519.1310593945315419,1722.8493742726991333,32.3790737549182084,248.6711588860451817,281.0502326409633901,248.6711588860451817,42233080.356434432,39185013.436853496,3048066.919580936,true,true,15730428345554498039.5709423510565784,14586571862784169921.4532770893219568,1143856482770328118.1176652617346216,true,true,212758424.45718671,197717099.29002107,15041325.16716564,true,true,78211371358571067203.1320121120002215,72758594922270513594.2030087326891451,5452776436300553608.9290033793110764,true,true,425130922.27165436,394064369.60742911,31066552.66422525,true,true,150717278489404849453.175976947921719,138588301388891532460.154038622448813,12128977100513316993.021938325472906,true,true
27,0xcbcdf9626bc03e24f779434178a73a0b4bad62ed,25279170,266515,25756277218117102,6,S27_P6,256980:270840,0xc36442b4a4522e871399cd717abdd847ab11fe88:256980:270840,0xc36442b4a4522e871399cd717abdd847ab11fe88,256980,270840,625578436978542,0.0242883873193641,13860,9535,4325,4325,45135529363.5311688311688312,0.0000017524088975,519.1310593945315419,1722.8493742726991333,10.499006886336309,250.8062996039303884,261.3053064902666974,250.8062996039303884,42233080.356434432,41208181.903085208,1024898.453349224,true,true,15730428345554498039.5709423510565784,15345838458253308481.8713639436652552,384589887301189557.6995784073913232,true,true,212758424.45718671,207693477.50367581,5064946.9535109,true,true,78211371358571067203.1320121120002215,76424149122652920548.18642158977472,1787222235918146654.9455905222255015,true,true,425130922.27165436,414671476.91485595,10459445.35679841,true,true,150717278489404849453.175976947921719,146625847037317812010.1011252175557715,4091431452087037443.0748517303659475,true,true
27,0xcbcdf9626bc03e24f779434178a73a0b4bad62ed,25279170,266515,25756277218117102,7,S27_P7,261780:268560,0xc36442b4a4522e871399cd717abdd847ab11fe88:261780:268560,0xc36442b4a4522e871399cd717abdd847ab11fe88,261780,268560,794204255030087,0.0308353667847401,6780,4735,2045,2045,117139270653.4051622418879056,0.0000045479892013,519.1310593945315419,1722.8493742726991333,13.4040070745732566,168.3060715822337198,181.7100786568069764,168.3060715822337198,42233080.356434432,40931916.112482708,1301164.243951724,true,true,15730428345554498039.5709423510565784,15242020732509019652.5276767431440872,488407613045478387.0432656079124912,true,true,212758424.45718671,206331245.21173388,6427179.24545283,true,true,78211371358571067203.1320121120002215,75946830194911612886.677659366809848,2264541163659454316.4543527451903735,true,true,425130922.27165436,411854257.78402976,13276664.4876246,true,true,150717278489404849453.175976947921719,145524878398610761925.7107416173487365,5192400090794087527.4652353305729825,true,true
27,0xcbcdf9626bc03e24f779434178a73a0b4bad62ed,25279170,266515,25756277218117102,8,S27_P8,251340:273540,0xc36442b4a4522e871399cd717abdd847ab11fe88:251340:273540,0xc36442b4a4522e871399cd717abdd847ab11fe88,251340,273540,307652887865136,0.0119447731230634,22200,15175,7025,7025,13858238192.1232432432432432,0.0000005380528434,519.1310593945315419,1722.8493742726991333,5.1092195332183071,176.5337184766242341,181.6429380098425412,176.5337184766242341,42233080.356434432,41729047.90032916,504032.456105272,true,true,15730428345554498039.5709423510565784,15541185313586141058.5181566682406924,189243031968356981.052785682815886,true,true,212758424.45718671,210265271.06878283,2493153.38840388,true,true,78211371358571067203.1320121120002215,77329192578822480298.2970585911518925,882178779748586904.834953520848329,true,true,425130922.27165436,419985487.9202324,5145434.35142196,true,true,150717278489404849453.175976947921719,148703795769508123330.1683710509972085,2013482719896726123.0076058969245105,true,true
27,0xcbcdf9626bc03e24f779434178a73a0b4bad62ed,25279170,266515,25756277218117102,9,S27_P9,266040:268200,0xc36442b4a4522e871399cd717abdd847ab11fe88:266040:268200,0xc36442b4a4522e871399cd717abdd847ab11fe88,266040,268200,883221633991913,0.0342915098526215,2160,475,1685,475,408898904625.8856481481481481,0.0000158756990058,519.1310593945315419,1722.8493742726991333,9.1816619485592253,159.5739245567090817,168.755586505268307,159.5739245567090817,42233080.356434432,40786075.265269008,1447005.091165424,true,true,15730428345554498039.5709423510565784,15187557716068400830.6707298352765164,542870629486097208.900212515780062,true,true,212758424.45718671,205612742.59544405,7145681.86174266,true,true,78211371358571067203.1320121120002215,75695669504992045219.772924634311827,2515701853579021983.3590874776883945,true,true,425130922.27165436,410367420.8043683,14763501.46728606,true,true,150717278489404849453.175976947921719,144944078650313190207.84577629406343,5773199839091659245.330200653858289,true,true
27,0xcbcdf9626bc03e24f779434178a73a0b4bad62ed,25279170,266515,25756277218117102,10,S27_P10,260040:271740,0xc36442b4a4522e871399cd717abdd847ab11fe88:260040:271740,0xc36442b4a4522e871399cd717abdd847ab11fe88,260040,271740,261711776277828,0.0101610871036028,11700,6475,5225,5225,22368527886.9938461538461538,0.0000008684689832,519.1310593945315419,1722.8493742726991333,4.3396945497511331,117.6424863334793897,121.9821808832305228,117.6424863334793897,42233080.356434432,41804314.149177588,428766.207256844,true,true,15730428345554498039.5709423510565784,15569301017589138156.071067916919652,161127327965359883.4998744341369264,true,true,212758424.45718671,210637234.76763806,2121189.68954865,true,true,78211371358571067203.1320121120002215,77460554105427377967.7201950067071385,750817253143689235.411817105293083,true,true,425130922.27165436,420753671.24231918,4377251.02933518,true,true,150717278489404849453.175976947921719,149004330634502615544.3811398200503835,1712947854902233908.7948371278713355,true,true
27,0xcbcdf9626bc03e24f779434178a73a0b4bad62ed,25279170,266515,25756277218117102,11,S27_P11,266160:267180,0xc36442b4a4522e871399cd717abdd847ab11fe88:266160:267180,0xc36442b4a4522e871399cd717abdd847ab11fe88,266160,267180,1224318412028871,0.0475347582905995,1020,355,665,355,1200312168655.7558823529411765,0.0000466027042065,519.1310593945315419,1722.8493742726991333,10.5181500292268525,96.9643437249004753,107.4824937541273278,96.9643437249004753,42233080.356434432,40227239.393437356,2005840.962997076,true,true,15730428345554498039.5709423510565784,14978069937710842991.6185586096225252,752358407843655047.9523837414340532,true,true,212758424.45718671,202863014.16619523,9895410.29099148,true,true,78211371358571067203.1320121120002215,74712475400319140483.3160864123702851,3498895958251926719.8159256996299364,true,true,425130922.27165436,404672727.30526469,20458194.96638967,true,true,150717278489404849453.175976947921719,142721194667806216436.4425144239998975,7996083821598633016.7334625239218215,true,true
27,0xcbcdf9626bc03e24f779434178a73a0b4bad62ed,25279170,266515,25756277218117102,12,S27_P12,265740:267300,0xc36442b4a4522e871399cd717abdd847ab11fe88:265740:267300,0xc36442b4a4522e871399cd717abdd847ab11fe88,265740,267300,1019405787891708,0.0395789259161511,1560,775,785,775,653465248648.5307692307692308,0.0000253711063565,519.1310593945315419,1722.8493742726991333,13.8151965172953826,93.6314633866830133,107.4466599039783959,93.6314633866830133,42233080.356434432,40562958.53432006,1670121.822114372,true,true,15730428345554498039.5709423510565784,15103693958761594169.523221309739602,626734386792903870.0477210413169764,true,true,212758424.45718671,204514274.64449261,8244149.8126941,true,true,78211371358571067203.1320121120002215,75312578226747612467.518511963406214,2898793131823454735.6135001485940075,true,true,425130922.27165436,408093372.58270541,17037549.68894895,true,true,150717278489404849453.175976947921719,144056096261775530893.928469101033878,6661182227629318559.247507846887841,true,true
27,0xcbcdf9626bc03e24f779434178a73a0b4bad62ed,25279170,266515,25756277218117102,13,S27_P13,264600:266640,0xc36442b4a4522e871399cd717abdd847ab11fe88:264600:266640,0xc36442b4a4522e871399cd717abdd847ab11fe88,264600,266640,2387605402204358,0.0926999419203682,2040,1915,125,125,1170394805002.1362745098039216,0.0000454411480002,519.1310593945315419,1722.8493742726991333,42.3754075899525541,38.3960132277631947,80.7714208177157488,42.3754075899525541,42233080.356434432,38321330.841337436,3911749.515096996,true,true,15730428345554498039.5709423510565784,14263063214393388388.4261633771827736,1467365131161109651.1447789738738048,true,true,212758424.45718671,193419693.66065112,19338730.79653559,true,true,78211371358571067203.1320121120002215,71139567831826560535.010188698182201,7071803526744506668.1218234138180205,true,true,425130922.27165436,385286355.54600293,39844566.72565143,true,true,150717278489404849453.175976947921719,139119992618546607760.243304144206597,11597285870858241692.932672803715122,true,true
27,0xcbcdf9626bc03e24f779434178a73a0b4bad62ed,25279170,266515,25756277218117102,14,S27_P14,253800:267180,0xc36442b4a4522e871399cd717abdd847ab11fe88:253800:267180,0xc36442b4a4522e871399cd717abdd847ab11fe88,253800,267180,802245669375144,0.0311475786108887,13380,12715,665,665,59958570207.4098654708520179,0.0000023279206735,519.1310593945315419,1722.8493742726991333,13.5433485497047792,62.9561958485383868,76.499544398243166,62.9561958485383868,42233080.356434432,40918741.544170732,1314338.8122637,true,true,15730428345554498039.5709423510565784,15237334298421751010.5670675943307092,493094047132747029.0038747567258692,true,true,212758424.45718671,206266457.90040314,6491966.55678357,true,true,78211371358571067203.1320121120002215,75924095456024927698.9164948434586015,2287275902546139504.21551726854162,true,true,425130922.27165436,411720015.02026853,13410907.25138583,true,true,150717278489404849453.175976947921719,145472374204974352548.3682078524721655,5244904284430496904.8077690954495535,true,true
27,0xcbcdf9626bc03e24f779434178a73a0b4bad62ed,25279170,266515,25756277218117102,15,S27_P15,261600:268320,0xc36442b4a4522e871399cd717abdd847ab11fe88:261600:268320,0xc36442b4a4522e871399cd717abdd847ab11fe88,261600,268320,326152573608745,0.0126630324268807,6720,4915,1805,1805,48534609167.9680059523809524,0.0000018843798254,519.1310593945315419,1722.8493742726991333,5.4197483419648663,60.4683650483578529,65.8881133903227192,60.4683650483578529,42233080.356434432,41698739.470360308,534340.886074124,true,true,15730428345554498039.5709423510565784,15529736555422876286.9202061671110656,200691790131621752.6507361839455128,true,true,212758424.45718671,210115595.90689652,2642828.55029019,true,true,78211371358571067203.1320121120002215,77276423233383095422.5545783467420485,934948125187971780.577433765258173,true,true,425130922.27165436,419676266.34697241,5454655.92468195,true,true,150717278489404849453.175976947921719,148582878260855525537.064385459958071,2134400228549323916.111591487963648,true,true
27,0xcbcdf9626bc03e24f779434178a73a0b4bad62ed,25279170,266515,25756277218117102,16,S27_P16,264720:266700,0xc36442b4a4522e871399cd717abdd847ab11fe88:264720:266700,0xc36442b4a4522e871399cd717abdd847ab11fe88,264720,266700,1438045783780983,0.0558328275318241,1980,1795,185,185,726285749384.3348484848484848,0.0000281983977433,519.1310593945315419,1722.8493742726991333,24.6204898619598588,33.8067484979479869,58.4272383599078457,33.8067484979479869,42233080.356434432,39877076.738363704,2356003.618070728,true,true,15730428345554498039.5709423510565784,14846489175229200259.34259558134112,883939170325297780.2283467697154584,true,true,212758424.45718671,201143243.3749175,11615181.08226921,true,true,78211371358571067203.1320121120002215,74056014502416585579.0123503420411141,4155356856154481624.1196617699591074,true,true,425130922.27165436,401106847.53689348,24024074.73476088,true,true,150717278489404849453.175976947921719,142238996155987095048.320099593517796,8478282333417754404.855877354403923,true,true
27,0xcbcdf9626bc03e24f779434178a73a0b4bad62ed,25279170,266515,25756277218117102,17,S27_P17,265440:267420,0xc36442b4a4522e871399cd717abdd847ab11fe88:265440:267420,0xc36442b4a4522e871399cd717abdd847ab11fe88,265440,267420,425912909287713,0.0165362760184971,1980,1075,905,905,215107529943.2893939393939394,0.0000083516545548,519.1310593945315419,1722.8493742726991333,6.3461985025564702,43.7957800843665005,50.1419785869229707,43.7957800843665005,42233080.356434432,41535299.763889156,697780.592545276,true,true,15730428345554498039.5709423510565784,15468462512763488574.960432293198102,261965832791009464.6105100578584764,true,true,212758424.45718671,209308186.49386817,3450237.96331854,true,true,78211371358571067203.1320121120002215,76991775505974353387.1381401066336565,1219595852596713815.993872005366565,true,true,425130922.27165436,418008482.42633486,7122439.8453195,true,true,150717278489404849453.175976947921719,147930526265581297616.2013013732493105,2786752223823551836.9746755746724085,true,true
27,0xcbcdf9626bc03e24f779434178a73a0b4bad62ed,25279170,266515,25756277218117102,18,S27_P18,264780:266640,0xc36442b4a4522e871399cd717abdd847ab11fe88:264780:266640,0xc36442b4a4522e871399cd717abdd847ab11fe88,264780,266640,961624462259576,0.0373355378231123,1860,1735,125,125,517002399064.2881720430107527,0.0000200728697974,519.1310593945315419,1722.8493742726991333,16.166673035047281,15.3685183207763955,31.5351913558236765,16.166673035047281,42233080.356434432,40657624.414667988,1575455.941766444,true,true,15730428345554498039.5709423510565784,15139259174086258019.8208605733214356,591169171468240019.7500817777351428,true,true,212758424.45718671,204980217.65380667,7778206.80338004,true,true,78211371358571067203.1320121120002215,75485557876155175689.549195870010845,2725813482415891513.5828162419893765,true,true,425130922.27165436,409058091.95040743,16072830.32124693,true,true,150717278489404849453.175976947921719,145997455890003390778.1461134536534965,4719822599401458675.0298634942682225,true,true
27,0xcbcdf9626bc03e24f779434178a73a0b4bad62ed,25279170,266515,25756277218117102,19,S27_P19,263520:267180,0xc36442b4a4522e871399cd717abdd847ab11fe88:263520:267180,0xc36442b4a4522e871399cd717abdd847ab11fe88,263520,267180,225431872235380,0.0087525021697161,3660,2995,665,665,61593407714.5846994535519126,0.0000023913940354,519.1310593945315419,1722.8493742726991333,3.7336297973154953,17.4706794098902874,21.2043092072057827,17.4706794098902874,42233080.356434432,41863752.192106876,369328.164327556,true,true,15730428345554498039.5709423510565784,15591835409958637755.6602753044630696,138592935595860283.9106670465935088,true,true,212758424.45718671,210931230.78430319,1827193.67288352,true,true,78211371358571067203.1320121120002215,77564436785904032443.871018353038223,646934572667034759.2609937589619985,true,true,425130922.27165436,421360451.20951739,3770471.06213697,true,true,150717278489404849453.175976947921719,149241716150521451419.9634977232834365,1475562338883398033.2124792246382825,true,true
27,0xcbcdf9626bc03e24f779434178a73a0b4bad62ed,25279170,266515,25756277218117102,20,S27_P20,262860:266640,0xc36442b4a4522e871399cd717abdd847ab11fe88:262860:266640,0xc36442b4a4522e871399cd717abdd847ab11fe88,262860,266640,477686396607149,0.0185464068646979,3780,3655,125,125,126372062594.4838624338624339,0.0000049064568425,519.1310593945315419,1722.8493742726991333,7.9777234620087186,7.6182908776572263,15.5960143396659449,7.9777234620087186,42233080.356434432,41450477.89383634,782602.462598092,true,true,15730428345554498039.5709423510565784,15436752223458720251.3774896463938656,293676122095777788.1934527046627128,true,true,212758424.45718671,208889217.67841432,3869206.77877239,true,true,78211371358571067203.1320121120002215,76863864683023181829.269052892296221,1347506675547885373.8629592197040005,true,true,425130922.27165436,417143079.46663619,7987842.80501817,true,true,150717278489404849453.175976947921719,148362715304450725360.599865574439837,2354563184954124092.576111373481882,true,true
28,0xcbcdf9626bc03e24f779434178a73a0b4bad62ed,25269170,266473,25752714394230249,1,S28_P1,-887220:887220,0xc36442b4a4522e871399cd717abdd847ab11fe88:-887220:887220,0xc36442b4a4522e871399cd717abdd847ab11fe88,-887220,887220,452021420140880,0.0175523796529252,1774440,1153693,620747,620747,254740323.7871553842338991,0.0000000098917854,385.947804902714027,1609.1259157159320584,4.8077708684702605,667.3939171747393844,672.2016880432096449,667.3939171747393844,45408975.239309184,44795008.816137524,613966.42317166,true,true,15784517271592161913.5647302933140892,15507483453240786245.2822047162961478,277033818351375668.2825255770179414,true,true,311388563.04081029,307648589.93908871,3739973.10172158,true,true,78611648939324820873.724062300841408,77257816689343653603.457987961045504,1353832249981167270.266074339795904,true,true,652701281.3176799,645210827.92426345,7490453.39341645,true,true,154741098788653195947.938182139765728,151787241780941441887.053719185147232,2953857007711754060.884462954618496,true,true
28,0xcbcdf9626bc03e24f779434178a73a0b4bad62ed,25269170,266473,25752714394230249,2,S28_P2,264060:269880,0xc36442b4a4522e871399cd717abdd847ab11fe88:264060:269880,0xc36442b4a4522e871399cd717abdd847ab11fe88,264060,269880,1531050297289209,0.0594519969371552,5820,2413,3407,2413,263067061389.8984536082474227,0.0000102151197487,385.947804902714027,1609.1259157159320584,16.81022869397062,508.1198800883853648,524.9301087823559848,508.1198800883853648,45408975.239309184,43332143.629071512,2076831.610237672,true,true,15784517271592161913.5647302933140892,14845879698676213908.6528527797308299,938637572915948004.9118775135832593,true,true,311388563.04081029,298727789.27176769,12660773.7690426,true,true,78611648939324820873.724062300841408,74035210795583544800.5494373325330442,4576438143741276073.1746249683083638,true,true,652701281.3176799,627319323.418178,25381957.8995019,true,true,154741098788653195947.938182139765728,144719771933478847564.76071921086704,10021326855174348383.177462928898688,true,true
28,0xcbcdf9626bc03e24f779434178a73a0b4bad62ed,25269170,266473,25752714394230249,3,S28_P3,263700:267360,0xc36442b4a4522e871399cd717abdd847ab11fe88:263700:267360,0xc36442b4a4522e871399cd717abdd847ab11fe88,263700,267360,2808707304810798,0.1090645149794413,3660,2773,887,887,767406367434.6442622950819672,0.0000297990478086,385.947804902714027,1609.1259157159320584,32.0892439234093288,284.7871749404584535,316.8764188638677823,284.7871749404584535,45408975.239309184,41605224.387465528,3803750.851843656,true,true,15784517271592161913.5647302933140892,14063039565453529218.8413130854062936,1721477706138632694.7234172079077956,true,true,311388563.04081029,288180987.55440869,23207575.4864016,true,true,78611648939324820873.724062300841408,70112827130847090426.0348174626698346,8498821808477730447.6892448381715734,true,true,652701281.3176799,606115574.6857551,46585706.6319248,true,true,154741098788653195947.938182139765728,136342750354128209101.453338226393216,18398348434524986846.484843913372512,true,true
28,0xcbcdf9626bc03e24f779434178a73a0b4bad62ed,25269170,266473,25752714394230249,4,S28_P4,266400:267600,0xc36442b4a4522e871399cd717abdd847ab11fe88:266400:267600,0xc36442b4a4522e871399cd717abdd847ab11fe88,266400,267600,2318012263385536,0.0900104054237045,1200,73,1127,73,1931676886154.6133333333333333,0.0000750086711864,385.947804902714027,1609.1259157159320584,3.8173267776722411,290.5059155942159723,294.3232423718882134,290.5059155942159723,45408975.239309184,42267987.60363596,3140987.635673224,true,true,15784517271592161913.5647302933140892,14363583844996654806.5154099238929419,1420933426595507107.0493203694211473,true,true,311388563.04081029,295043276.61195086,16345286.42885943,true,true,78611648939324820873.724062300841408,71619069202949230406.7256005673033256,6992579736375590466.9984617335380824,true,true,652701281.3176799,629674494.1887235,23026787.1289564,true,true,154741098788653195947.938182139765728,139559252059174418762.91136408054688,15181846729478777185.026818059218848,true,true
28,0xcbcdf9626bc03e24f779434178a73a0b4bad62ed,25269170,266473,25752714394230249,5,S28_P5,264660:267660,0xc36442b4a4522e871399cd717abdd847ab11fe88:264660:267660,0xc36442b4a4522e871399cd717abdd847ab11fe88,264660,267660,1860454169582933,0.0722430319811164,3000,1813,1187,1187,620151389860.9776666666666667,0.0000240810106604,385.947804902714027,1609.1259157159320584,20.6322735821761385,240.4835255438777997,261.1157991260539382,240.4835255438777997,45408975.239309184,42886530.577974512,2522444.661334672,true,true,15784517271592161913.5647302933140892,14644235577947598379.5125573888623297,1140281693644563534.0521729044517595,true,true,311388563.04081029,296006876.0001752,15381687.04063509,true,true,78611648939324820873.724062300841408,73023824057882804200.3115042949580122,5587824881442016673.4125580058833958,true,true,652701281.3176799,621854271.63135335,30847009.68632655,true,true,154741098788653195947.938182139765728,142559730719098417097.788310864901568,12181368069554778850.14987127486416,true,true
28,0xcbcdf9626bc03e24f779434178a73a0b4bad62ed,25269170,266473,25752714394230249,6,S28_P6,256980:270840,0xc36442b4a4522e871399cd717abdd847ab11fe88:256980:270840,0xc36442b4a4522e871399cd717abdd847ab11fe88,256980,270840,625578436978542,0.0242917475572478,13860,9493,4367,4367,45135529363.5311688311688312,0.0000017526513389,385.947804902714027,1609.1259157159320584,6.6871370954874569,236.6938101799843301,243.380947275471787,236.6938101799843301,45408975.239309184,44558835.39386288,850139.845446304,true,true,15784517271592161913.5647302933140892,15401191744830425087.9154080586145279,383325526761736825.6493222346995613,true,true,311388563.04081029,306212762.37716021,5175800.66365008,true,true,78611648939324820873.724062300841408,76740235274294581724.464825752458976,1871413665030239149.259236548382432,true,true,652701281.3176799,642333919.9522282,10367361.3654517,true,true,154741098788653195947.938182139765728,150651787942302697974.81987794626704,4089310846350497973.118304193498688,true,true
28,0xcbcdf9626bc03e24f779434178a73a0b4bad62ed,25269170,266473,25752714394230249,7,S28_P7,251340:273540,0xc36442b4a4522e871399cd717abdd847ab11fe88:251340:273540,0xc36442b4a4522e871399cd717abdd847ab11fe88,251340,273540,307652887865136,0.0119464256526708,22200,15133,7067,7067,13858238192.1232432432432432,0.0000005381272817,385.947804902714027,1609.1259157159320584,3.2587256008840465,165.7301552194927091,168.9888808203767556,165.7301552194927091,45408975.239309184,44990471.093020316,418504.146288868,true,true,15784517271592161913.5647302933140892,15595918492974421476.2148165701942878,188598778617740437.3499137231198014,true,true,311388563.04081029,308842730.55535319,2545832.4854571,true,true,78611648939324820873.724062300841408,77689345893615665103.858198001940352,922303045709155769.865864298901056,true,true,652701281.3176799,647603352.634666,5097928.6830139,true,true,154741098788653195947.938182139765728,152731221557235081772.9182613297256,2009877231418114175.019920810040128,true,true
28,0xcbcdf9626bc03e24f779434178a73a0b4bad62ed,25269170,266473,25752714394230249,8,S28_P8,261780:268560,0xc36442b4a4522e871399cd717abdd847ab11fe88:261780:268560,0xc36442b4a4522e871399cd717abdd847ab11fe88,261780,268560,794204255030087,0.0308396327809244,6780,4693,2087,2087,117139270653.4051622418879056,0.0000045486184043,385.947804902714027,1609.1259157159320584,8.5312399980180097,159.885806826685856,168.4170468247038657,159.885806826685856,45408975.239309184,44330220.390042504,1078754.84926668,true,true,15784517271592161913.5647302933140892,15297680951326759160.4554240659170596,486836320265402753.1093062273970296,true,true,311388563.04081029,304818297.9776261,6570265.06318419,true,true,78611648939324820873.724062300841408,76238673600512348320.350186400664576,2372975338812472553.373875900176832,true,true,652701281.3176799,639538648.5441449,13162632.773535,true,true,154741098788653195947.938182139765728,149548037168744338109.640260779582656,5193061619908857838.297921360183072,true,true
28,0xcbcdf9626bc03e24f779434178a73a0b4bad62ed,25269170,266473,25752714394230249,9,S28_P9,266040:268200,0xc36442b4a4522e871399cd717abdd847ab11fe88:266040:268200,0xc36442b4a4522e871399cd717abdd847ab11fe88,266040,268200,883221633991913,0.03429625399759,2160,433,1727,433,408898904625.8856481481481481,0.0000158778953693,385.947804902714027,1609.1259157159320584,5.7944460614567171,151.9119523719231174,157.7063984333798345,151.9119523719231174,45408975.239309184,44209666.79682112,1199308.442488064,true,true,15784517271592161913.5647302933140892,15243424538025695829.3895076100695465,541092733566466084.1752226832445427,true,true,311388563.04081029,304082280.30535439,7306282.7354559,true,true,78611648939324820873.724062300841408,75974364063360665399.646077620016384,2637284875964155474.077984680825024,true,true,652701281.3176799,638062888.09501645,14638393.22266345,true,true,154741098788653195947.938182139765728,148965093298400447564.739378434201568,5776005490252748383.19880370556416,true,true
28,0xcbcdf9626bc03e24f779434178a73a0b4bad62ed,25269170,266473,25752714394230249,10,S28_P10,260040:271740,0xc36442b4a4522e871399cd717abdd847ab11fe88:260040:271740,0xc36442b4a4522e871399cd717abdd847ab11fe88,260040,271740,261711776277828,0.0101624928646925,11700,6433,5267,5267,22368527886.9938461538461538,0.0000008685891337,385.947804902714027,1609.1259157159320584,2.7684652513293082,110.7233976173777233,113.4918628687070315,110.7233976173777233,45408975.239309184,45053213.75777858,355761.481530604,true,true,15784517271592161913.5647302933140892,15624155313600346485.1372931704510556,160361957991815428.4274371228630336,true,true,311388563.04081029,309222906.42987767,2165656.61093262,true,true,78611648939324820873.724062300841408,77826843275148903611.924498964390752,784805664175917261.799563336450656,true,true,652701281.3176799,648364662.513383,4336618.8042969,true,true,154741098788653195947.938182139765728,153031488876286145503.041405681104864,1709609912367050444.896776458660864,true,true
28,0xcbcdf9626bc03e24f779434178a73a0b4bad62ed,25269170,266473,25752714394230249,11,S28_P11,266160:267180,0xc36442b4a4522e871399cd717abdd847ab11fe88:266160:267180,0xc36442b4a4522e871399cd717abdd847ab11fe88,266160,267180,1224318412028871,0.0475413346060007,1020,313,707,313,1200312168655.7558823529411765,0.0000466091515745,385.947804902714027,1609.1259157159320584,6.5445471686074355,96.2403783090065856,102.7849254776140211,96.2403783090065856,45408975.239309184,43747781.84946196,1661193.389847224,true,true,15784517271592161913.5647302933140892,15034346827027957655.5698482063047996,750170444564204257.9948820870092896,true,true,311388563.04081029,301262618.3275859,10125944.71322439,true,true,78611648939324820873.724062300841408,74965359243433711654.747606907081568,3646289695891109218.97645539375984,true,true,652701281.3176799,632406943.0835018,20294338.2341781,true,true,154741098788653195947.938182139765728,146730414019557312649.995417819812256,8010684769095883297.942764319953472,true,true
28,0xcbcdf9626bc03e24f779434178a73a0b4bad62ed,25269170,266473,25752714394230249,12,S28_P12,265740:267300,0xc36442b4a4522e871399cd717abdd847ab11fe88:265740:267300,0xc36442b4a4522e871399cd717abdd847ab11fe88,265740,267300,1019405787891708,0.0395844015619612,1560,733,827,733,653465248648.5307692307692308,0.0000253746163859,385.947804902714027,1609.1259157159320584,8.6397710071105891,92.0377004601644714,100.6774714672750605,92.0377004601644714,45408975.239309184,44025100.413712608,1383874.825596576,true,true,15784517271592161913.5647302933140892,15159610422455438215.8468474624359042,624906849136723697.717882830878185,true,true,311388563.04081029,302956306.31984519,8432256.7209651,true,true,78611648939324820873.724062300841408,75570807016042622352.909630698957184,3040841923282198520.814431601884224,true,true,652701281.3176799,635804783.92883485,16896497.38884505,true,true,154741098788653195947.938182139765728,148073077819554359937.113503694206016,6668020969098836010.824678445559712,true,true
28,0xcbcdf9626bc03e24f779434178a73a0b4bad62ed,25269170,266473,25752714394230249,13,S28_P13,264600:266640,0xc36442b4a4522e871399cd717abdd847ab11fe88:264600:266640,0xc36442b4a4522e871399cd717abdd847ab11fe88,264600,266640,2387605402204358,0.0927127667264188,2040,1873,167,167,1170394805002.1362745098039216,0.0000454474346698,385.947804902714027,1609.1259157159320584,26.9152702940382529,48.1687387708547387,75.0840090648929916,48.1687387708547387,45408975.239309184,42174256.503972896,3234718.735336288,true,true,15784517271592161913.5647302933140892,14320912287330063259.9973701159124482,1463604984262098653.567360177401641,true,true,311388563.04081029,291655085.02324121,19733478.01756908,true,true,78611648939324820873.724062300841408,71405409999994817098.7306759438298936,7206238939330003774.9933863570115144,true,true,652701281.3176799,613106070.7584135,39595210.5592664,true,true,154741098788653195947.938182139765728,141090899149844767492.82077437821968,13650199638808428455.117407761546048,true,true
28,0xcbcdf9626bc03e24f779434178a73a0b4bad62ed,25269170,266473,25752714394230249,14,S28_P14,253800:267180,0xc36442b4a4522e871399cd717abdd847ab11fe88:253800:267180,0xc36442b4a4522e871399cd717abdd847ab11fe88,253800,267180,802245669375144,0.0311518878008014,13380,12673,707,707,59958570207.4098654708520179,0.0000023282427355,385.947804902714027,1609.1259157159320584,8.6196311535367142,62.440720904608772,71.0603520581454862,62.440720904608772,45408975.239309184,44319538.458746872,1089436.780562312,true,true,15784517271592161913.5647302933140892,15292919824145972698.9558812265163282,491597447446189214.608849066797761,true,true,311388563.04081029,304751882.50633643,6636680.53447386,true,true,78611648939324820873.724062300841408,76214759366395111882.514782120184864,2396889572929708991.209280180656544,true,true,652701281.3176799,639405403.52756015,13295877.79011975,true,true,154741098788653195947.938182139765728,149495349780770677717.752238677216768,5245749007882518230.18594346254896,true,true
28,0xcbcdf9626bc03e24f779434178a73a0b4bad62ed,25269170,266473,25752714394230249,15,S28_P15,261600:268320,0xc36442b4a4522e871399cd717abdd847ab11fe88:261600:268320,0xc36442b4a4522e871399cd717abdd847ab11fe88,261600,268320,326152573608745,0.0126647843258735,6720,4873,1847,1847,48534609167.9680059523809524,0.0000018846405247,385.947804902714027,1609.1259157159320584,3.4565089574336179,57.5166153900410635,60.9731243474746814,57.5166153900410635,45408975.239309184,44965750.05495838,443225.184350804,true,true,15784517271592161913.5647302933140892,15584573355826394400.889986369906183,199943915765767512.6747439234079062,true,true,311388563.04081029,308689772.54613272,2698790.49467757,true,true,78611648939324820873.724062300841408,77634030053008828506.851283302235008,977618886315992366.8727789986064,true,true,652701281.3176799,647296747.66223905,5404533.65544085,true,true,154741098788653195947.938182139765728,152610302429461952047.948740812315136,2130796359191243899.989441327450592,true,true
28,0xcbcdf9626bc03e24f779434178a73a0b4bad62ed,25269170,266473,25752714394230249,16,S28_P16,264720:266700,0xc36442b4a4522e871399cd717abdd847ab11fe88:264720:266700,0xc36442b4a4522e871399cd717abdd847ab11fe88,264720,266700,1438045783780983,0.0558405518644345,1980,1753,227,227,726285749384.3348484848484848,0.0000282022989214,385.947804902714027,1609.1259157159320584,15.7409940387914702,38.8420403909116588,54.583034429703129,38.8420403909116588,45408975.239309184,43458161.058082928,1950814.181226256,true,true,15784517271592161913.5647302933140892,14903219241644990489.1371786112201467,881298029947171424.4275516820939425,true,true,311388563.04081029,299496267.28032266,11892295.76048763,true,true,78611648939324820873.724062300841408,74320755700932866295.0424752429391852,4290893238391954578.6815870579022228,true,true,652701281.3176799,628862042.6096137,23839238.7080662,true,true,154741098788653195947.938182139765728,145528448718270083397.77938389374368,9212650070383112550.158798246022048,true,true
28,0xcbcdf9626bc03e24f779434178a73a0b4bad62ed,25269170,266473,25752714394230249,17,S28_P17,265440:267420,0xc36442b4a4522e871399cd717abdd847ab11fe88:265440:267420,0xc36442b4a4522e871399cd717abdd847ab11fe88,265440,267420,425912909287713,0.0165385637710927,1980,1033,947,947,215107529943.2893939393939394,0.0000083528099854,385.947804902714027,1609.1259157159320584,4.0566545235127171,42.6915587117999831,46.7482132353127002,42.6915587117999831,45408975.239309184,44830030.567543116,578944.671766068,true,true,15784517271592161913.5647302933140892,15523481123553922700.2815024906394682,261036148038239213.283227802674621,true,true,311388563.04081029,307864421.39402561,3524141.64678468,true,true,78611648939324820873.724062300841408,77335754892240592827.20592280943216,1275894047084228046.518139491409248,true,true,652701281.3176799,645643468.67999445,7057812.63768545,true,true,154741098788653195947.938182139765728,151957969648135054514.55851311006896,2783129140518141433.379669029696768,true,true
28,0xcbcdf9626bc03e24f779434178a73a0b4bad62ed,25269170,266473,25752714394230249,18,S28_P18,264780:266640,0xc36442b4a4522e871399cd717abdd847ab11fe88:264780:266640,0xc36442b4a4522e871399cd717abdd847ab11fe88,264780,266640,961624462259576,0.0373407031017679,1860,1693,167,167,517002399064.2881720430107527,0.0000200756468289,385.947804902714027,1609.1259157159320584,10.3699636987044032,19.2388672101609112,29.6088309088653144,19.2388672101609112,45408975.239309184,44103667.080350776,1305308.158958408,true,true,15784517271592161913.5647302933140892,15195184678879578455.5627017222590734,589332592712583458.0020285710550158,true,true,311388563.04081029,303434132.06928077,7954430.97152952,true,true,78611648939324820873.724062300841408,75751990594736498170.388756335770432,2859658344588322703.335305965070976,true,true,652701281.3176799,636762987.42792955,15938293.88975035,true,true,154741098788653195947.938182139765728,149157170653365008044.103578039289696,5583928135288187903.834604100476032,true,true
28,0xcbcdf9626bc03e24f779434178a73a0b4bad62ed,25269170,266473,25752714394230249,19,S28_P19,263520:267180,0xc36442b4a4522e871399cd717abdd847ab11fe88:263520:267180,0xc36442b4a4522e871399cd717abdd847ab11fe88,263520,267180,221219888511607,0.0085901581140188,3660,2953,707,707,60442592489.5101092896174863,0.0000023470377361,385.947804902714027,1609.1259157159320584,2.3374210468487646,16.9848277339416789,19.3222487807904435,16.9848277339416789,45408975.239309184,45108570.446473068,300404.792836116,true,true,15784517271592161913.5647302933140892,15648981777900221472.424655487801313,135535493691940441.1400748055127762,true,true,311388563.04081029,309558053.20488713,1830509.83592316,true,true,78611648939324820873.724062300841408,77948041708305234247.28808885782448,663607231019586626.435973443016928,true,true,652701281.3176799,649035714.9182079,3665566.399472,true,true,154741098788653195947.938182139765728,153296115888944379223.031451084989408,1444982899708816724.90673105477632,true,true
28,0xcbcdf9626bc03e24f779434178a73a0b4bad62ed,25269170,266473,25752714394230249,20,S28_P20,262860:266640,0xc36442b4a4522e871399cd717abdd847ab11fe88:262860:266640,0xc36442b4a4522e871399cd717abdd847ab11fe88,262860,266640,477686396607149,0.0185489727138888,3780,3613,167,167,126372062594.4838624338624339,0.0000049071356386,385.947804902714027,1609.1259157159320584,5.0845032678143527,9.5298552141191044,14.6143584819334571,9.5298552141191044,45408975.239309184,44759759.998716704,649215.24059248,true,true,15784517271592161913.5647302933140892,15491847486863594773.6812315809620018,292669784728567139.8834987123520874,true,true,311388563.04081029,307436140.85296049,3952422.1878498,true,true,78611648939324820873.724062300841408,77191950108158203322.188045846507968,1419698831166617551.53601645433344,true,true,652701281.3176799,644785387.62908775,7915893.68859215,true,true,154741098788653195947.938182139765728,151952046284701206040.027704277315712,2789052503951989907.910477862450016,true,true
29,0xcbcdf9626bc03e24f779434178a73a0b4bad62ed,25259170,266873,19817001049391969,1,S29_P1,-887220:887220,0xc36442b4a4522e871399cd717abdd847ab11fe88:-887220:887220,0xc36442b4a4522e871399cd717abdd847ab11fe88,-887220,887220,452021420140880,0.0228097792907343,1774440,1154093,620347,620347,254740323.7871553842338991,0.0000000128546354,507.8418314581935438,2756.0323973466804982,6.6102866983052041,1262.3381836043720096,1268.9484703026772137,1262.3381836043720096,31926582.9410827,31198990.153088096,727592.787994604,true,true,12387823210892322111.5986510369350442,12105207665562490816.1289472413511506,282615545329831295.4697037955838936,true,true,160440819.37157793,156793977.73098797,3646841.64058996,true,true,61931850290557237836.2283335425764145,60518552041357445182.9437943416665045,1413298249199792653.28453920090991,true,true,328412587.37477165,321299276.28541691,7113311.08935474,true,true,123784586683091469009.5105128389553146,120937271837456887067.7233117647883426,2847314845634581941.787201074166972,true,true
29,0xcbcdf9626bc03e24f779434178a73a0b4bad62ed,25259170,266873,19817001049391969,2,S29_P2,264060:269880,0xc36442b4a4522e871399cd717abdd847ab11fe88:264060:269880,0xc36442b4a4522e871399cd717abdd847ab11fe88,264060,269880,1531050297289209,0.0772594346376232,5820,2813,3007,2813,263067061389.8984536082474227,0.000013274816948,507.8418314581935438,2756.0323973466804982,23.0370213810744338,809.4878699423835232,832.524891323457957,809.4878699423835232,31926582.9410827,29462066.561486076,2464516.379596624,true,true,12387823210892322111.5986510369350442,11430339792860941268.8409322460355548,957483418031380842.7577187908994894,true,true,160440819.37157793,148085895.43332397,12354923.93825396,true,true,61931850290557237836.2283335425764145,57144740839757601459.942552239602063,4787109450799636376.2857813029743515,true,true,328412587.37477165,304211215.21460966,24201372.16016199,true,true,123784586683091469009.5105128389553146,114101517680334986772.9603471612715124,9683069002756482236.5501656776838022,true,true
29,0xcbcdf9626bc03e24f779434178a73a0b4bad62ed,25259170,266873,19817001049391969,3,S29_P3,256980:270840,0xc36442b4a4522e871399cd717abdd847ab11fe88:256980:270840,0xc36442b4a4522e871399cd717abdd847ab11fe88,256980,270840,625578436978542,0.0315677652445669,13860,9893,3967,3967,45135529363.5311688311688312,0.00000227761654,507.8418314581935438,2756.0323973466804982,9.1896869309324583,377.1729217034414597,386.362608634373918,377.1729217034414597,31926582.9410827,30919620.864250396,1006962.076832304,true,true,12387823210892322111.5986510369350442,11996605045297504084.651365642398065,391218165594818026.9472853945369792,true,true,160440819.37157793,155393579.32352542,5047240.04805251,true,true,61931850290557237836.2283335425764145,59975904042395160159.328156651583682,1955946248162077676.9001768909927325,true,true,328412587.37477165,318561992.42766569,9850594.94710596,true,true,123784586683091469009.5105128389553146,119841147805380519618.5732670220871003,3943438877710949390.9372458168682143,true,true
29,0xcbcdf9626bc03e24f779434178a73a0b4bad62ed,25259170,266873,19817001049391969,4,S29_P4,266400:267600,0xc36442b4a4522e871399cd717abdd847ab11fe88:266400:267600,0xc36442b4a4522e871399cd717abdd847ab11fe88,266400,267600,2318012263385536,0.1169708906815978,1200,473,727,473,1931676886154.6133333333333333,0.0000974757422347,507.8418314581935438,2756.0323973466804982,22.452096326187952,325.1266864840648608,347.5787828102528128,325.1266864840648608,31926582.9410827,28195212.425406872,3731370.515675828,true,true,12387823210892322111.5986510369350442,10938471370385521232.5716241903999328,1449351840506800879.0270268465351114,true,true,160440819.37157793,141731570.43844014,18709248.93313779,true,true,61931850290557237836.2283335425764145,54684001351423991595.476100409932657,7247848939133246240.7522331326437575,true,true,328412587.37477165,291612989.1490328,36799598.22573885,true,true,123784586683091469009.5105128389553146,109093823808964620462.3979596998502832,14690762874126848547.1125531391050314,true,true
29,0xcbcdf9626bc03e24f779434178a73a0b4bad62ed,25259170,266873,19817001049391969,5,S29_P5,263700:267360,0xc36442b4a4522e871399cd717abdd847ab11fe88:263700:267360,0xc36442b4a4522e871399cd717abdd847ab11fe88,263700,267360,2808707304810798,0.1417322075025563,3660,3173,487,487,767406367434.6442622950819672,0.0000387246468586,507.8418314581935438,2756.0323973466804982,43.766988371990895,268.1061371326840503,311.8731255046749453,268.1061371326840503,31926582.9410827,27405254.059790988,4521328.881291712,true,true,12387823210892322111.5986510369350442,10631650803211722366.2861942438913314,1756172407680599745.3124567930437128,true,true,160440819.37157793,137767355.95076359,22673463.42081434,true,true,61931850290557237836.2283335425764145,53149644837435695026.103050063088901,8782205453121542810.1252834794875135,true,true,328412587.37477165,283679259.91107677,44733327.46369488,true,true,123784586683091469009.5105128389553146,105968305535307391199.0933095092021854,17816281147784077810.4172033297531292,true,true
29,0xcbcdf9626bc03e24f779434178a73a0b4bad62ed,25259170,266873,19817001049391969,6,S29_P6,264660:267660,0xc36442b4a4522e871399cd717abdd847ab11fe88:264660:267660,0xc36442b4a4522e871399cd717abdd847ab11fe88,264660,267660,1860454169582933,0.0938817213031341,3000,2213,787,787,620151389860.9776666666666667,0.000031293907101,507.8418314581935438,2756.0323973466804982,28.2439065795106249,278.4413319011062561,306.685238480616881,278.4413319011062561,31926582.9410827,28931799.195472456,2994783.745610244,true,true,12387823210892322111.5986510369350442,11224358477374331658.6929161914543268,1163464733517990452.9057348454807174,true,true,160440819.37157793,145426561.80889921,15014257.56267872,true,true,61931850290557237836.2283335425764145,56114738510097809089.1499893524300545,5817111780459428747.07834419014636,true,true,328412587.37477165,298954570.73265572,29458016.64211593,true,true,123784586683091469009.5105128389553146,112006841056255885846.5692693675483405,11777745626835583162.9412434714069741,true,true
29,0xcbcdf9626bc03e24f779434178a73a0b4bad62ed,25259170,266873,19817001049391969,7,S29_P7,251340:273540,0xc36442b4a4522e871399cd717abdd847ab11fe88:251340:273540,0xc36442b4a4522e871399cd717abdd847ab11fe88,251340,273540,307652887865136,0.0155246945336653,22200,15533,6667,6667,13858238192.1232432432432432,0.0000006993105646,507.8418314581935438,2756.0323973466804982,4.4822958049001593,271.3058162159442486,275.7881120208444079,271.3058162159442486,31926582.9410827,31431373.687993504,495209.253089196,true,true,12387823210892322111.5986510369350442,12195594777743679718.8409497216629374,192228433148642392.7577013152721068,true,true,160440819.37157793,157958849.94240635,2481969.42917158,true,true,61931850290557237836.2283335425764145,60969940135873530909.421189608808588,961910154683706926.8071439337678265,true,true,328412587.37477165,323573531.19092951,4839056.18384214,true,true,123784586683091469009.5105128389553146,121847897636049979962.4328574469663958,1936689047041489047.0776553919889188,true,true
29,0xcbcdf9626bc03e24f779434178a73a0b4bad62ed,25259170,266873,19817001049391969,8,S29_P8,261780:268560,0xc36442b4a4522e871399cd717abdd847ab11fe88:261780:268560,0xc36442b4a4522e871399cd717abdd847ab11fe88,261780,268560,794204255030087,0.0400769144155874,6780,5093,1687,1687,117139270653.4051622418879056,0.0000059110493238,507.8418314581935438,2756.0323973466804982,11.7182733363174377,233.3452524143721871,245.0635257506896248,233.3452524143721871,31926582.9410827,30648186.637491476,1278396.303591224,true,true,12387823210892322111.5986510369350442,11891494441770594274.3914782647341634,496328769121727837.2071727722008808,true,true,160440819.37157793,154032822.25693425,6407997.11464368,true,true,61931850290557237836.2283335425764145,59448663416060536313.816956940934027,2483186874496701522.4113766016423875,true,true,328412587.37477165,315898771.88699363,12513815.48777802,true,true,123784586683091469009.5105128389553146,118774820328306403363.0278098209740286,5009766354785065646.482703017981286,true,true
29,0xcbcdf9626bc03e24f779434178a73a0b4bad62ed,25259170,266873,19817001049391969,9,S29_P9,266040:268200,0xc36442b4a4522e871399cd717abdd847ab11fe88:266040:268200,0xc36442b4a4522e871399cd717abdd847ab11fe88,266040,268200,883221633991913,0.0445688846556837,2160,833,1327,833,408898904625.8856481481481481,0.0000206337428961,507.8418314581935438,2756.0323973466804982,10.8196425869435523,209.2530341955547621,220.0726767824983144,209.2530341955547621,31926582.9410827,30504895.78550288,1421687.15557982,true,true,12387823210892322111.5986510369350442,11835547177666368593.7492667960124424,552276033225953517.8493842409226018,true,true,160440819.37157793,153314675.14113574,7126144.23044219,true,true,61931850290557237836.2283335425764145,59170373860072843639.486480022107871,2761476430484394196.7418535204685435,true,true,328412587.37477165,314491485.85085948,13921101.52391217,true,true,123784586683091469009.5105128389553146,118211338804815669024.7115667547590995,5573247878275799984.7989460841962151,true,true
29,0xcbcdf9626bc03e24f779434178a73a0b4bad62ed,25259170,266873,19817001049391969,10,S29_P10,260040:271740,0xc36442b4a4522e871399cd717abdd847ab11fe88:260040:271740,0xc36442b4a4522e871399cd717abdd847ab11fe88,260040,271740,261711776277828,0.0132064269273406,11700,6833,4867,4867,22368527886.9938461538461538,0.0000011287544382,507.8418314581935438,2756.0323973466804982,3.8084521145378725,178.1521026535748484,181.9605547681127209,178.1521026535748484,31926582.9410827,31505322.66216292,421260.27891978,true,true,12387823210892322111.5986510369350442,12224746936080438680.0461315263730982,163076274811883431.552519510561946,true,true,160440819.37157793,158329415.23989181,2111404.13168612,true,true,61931850290557237836.2283335425764145,61113614334579983404.298256096839712,818235955977254431.9300774457367025,true,true,328412587.37477165,324296692.02647993,4115895.34829172,true,true,123784586683091469009.5105128389553146,122137429649543057601.9661555878836245,1647157033548411407.5443572510716901,true,true
29,0xcbcdf9626bc03e24f779434178a73a0b4bad62ed,25259170,266873,19817001049391969,11,S29_P11,261420:271860,0xc36442b4a4522e871399cd717abdd847ab11fe88:261420:271860,0xc36442b4a4522e871399cd717abdd847ab11fe88,261420,271860,207227673886313,0.0104570652930692,10440,5453,4987,4987,19849394050.4131226053639847,0.0000010016346066,507.8418314581935438,2756.0323973466804982,3.0113610176971834,142.7717588079024791,145.7831198255996625,142.7717588079024791,31926582.9410827,31593022.609103716,333560.331978984,true,true,12387823210892322111.5986510369350442,12258283202865544092.6295795160704382,129540008026778018.969071520864606,true,true,160440819.37157793,158769145.04251473,1671674.3290632,true,true,61931850290557237836.2283335425764145,61283926107738778385.3557795911512605,647924182818459450.872553951425154,true,true,328412587.37477165,325154188.01626775,3258399.3585039,true,true,123784586683091469009.5105128389553146,122480661358159734808.755028863873139,1303925324931734200.7554839750821756,true,true
29,0xcbcdf9626bc03e24f779434178a73a0b4bad62ed,25259170,266873,19817001049391969,12,S29_P12,257340:270120,0xc36442b4a4522e871399cd717abdd847ab11fe88:257340:270120,0xc36442b4a4522e871399cd717abdd847ab11fe88,257340,270120,195458024622800,0.0098631485226064,12780,9533,3247,3247,15294055134.8043818466353678,0.0000007717643601,507.8418314581935438,2756.0323973466804982,2.8394798614664205,95.3192276783992831,98.1587075398657036,95.3192276783992831,31926582.9410827,31611967.508945744,314615.432136956,true,true,12387823210892322111.5986510369350442,12265665988661131744.9133238821121512,122157222231190366.685327154822893,true,true,160440819.37157793,158863905.33953424,1576914.03204369,true,true,61931850290557237836.2283335425764145,61320681169860693142.053467653624855,611169120696544694.1748658889515595,true,true,328412587.37477165,325339235.52785057,3073351.84692108,true,true,123784586683091469009.5105128389553146,122554759826178958881.5004509899373848,1229826856912510128.0100618490179298,true,true
29,0xcbcdf9626bc03e24f779434178a73a0b4bad62ed,25259170,266873,19817001049391969,13,S29_P13,265740:267300,0xc36442b4a4522e871399cd717abdd847ab11fe88:265740:267300,0xc36442b4a4522e871399cd717abdd847ab11fe88,265740,267300,1019405787891708,0.0514409715855057,1560,1133,427,427,653465248648.5307692307692308,0.0000329749817856,507.8418314581935438,2756.0323973466804982,13.7514952210216124,83.1102531711431958,96.8617483921648082,83.1102531711431958,31926582.9410827,30285679.393589912,1640903.547492788,true,true,12387823210892322111.5986510369350442,11750133606390312039.077502118768267,637689604502010072.5211489181667772,true,true,160440819.37157793,152215666.4400425,8225152.93153543,true,true,61931850290557237836.2283335425764145,58744508940607280796.4201624293199215,3187341349949957039.808171113256493,true,true,328412587.37477165,312336072.20146496,16076515.17330669,true,true,123784586683091469009.5105128389553146,117348694940653090374.2593640239110718,6435891742438378635.2511488150442428,true,true
29,0xcbcdf9626bc03e24f779434178a73a0b4bad62ed,25259170,266873,19817001049391969,14,S29_P14,261900:269820,0xc36442b4a4522e871399cd717abdd847ab11fe88:261900:269820,0xc36442b4a4522e871399cd717abdd847ab11fe88,261900,269820,200300690906717,0.0101075178028949,7920,4973,2947,2947,25290491276.1006313131313131,0.0000012762017428,507.8418314581935438,2756.0323973466804982,2.9101828119646272,90.4481195869383311,93.3583023989029583,90.4481195869383311,31926582.9410827,31604172.56030998,322410.38077272,true,true,12387823210892322111.5986510369350442,12262571712489750209.1965334700574794,125251498402571902.4021175668775648,true,true,160440819.37157793,158824988.68977355,1615830.68180438,true,true,61931850290557237836.2283335425764145,61305613696943090115.124143457690184,626236593614147721.1041900848862305,true,true,328412587.37477165,325263189.74884952,3149397.62592213,true,true,123784586683091469009.5105128389553146,122524326168691864772.2243559445516126,1260260514399604237.286156894403702,true,true
29,0xcbcdf9626bc03e24f779434178a73a0b4bad62ed,25259170,266873,19817001049391969,15,S29_P15,266160:267180,0xc36442b4a4522e871399cd717abdd847ab11fe88:266160:267180,0xc36442b4a4522e871399cd717abdd847ab11fe88,266160,267180,1224318412028871,0.0617812154814634,1020,713,307,307,1200312168655.7558823529411765,0.0000605698190995,507.8418314581935438,2756.0323973466804982,14.2932271698300888,72.7390214967106624,87.0322486665407512,72.7390214967106624,31926582.9410827,29955827.120535196,1970755.820547504,true,true,12387823210892322111.5986510369350442,11622191221793617198.3542972304399582,765631989098704913.244353806495086,true,true,160440819.37157793,150561733.94049343,9879085.4310845,true,true,61931850290557237836.2283335425764145,58103786134087513647.3071978034001605,3828064156469724188.921135739176254,true,true,328412587.37477165,309087400.58940557,19325186.78536608,true,true,123784586683091469009.5105128389553146,116083760192483377734.227572279337322,7700826490608091275.2829405596179926,true,true
29,0xcbcdf9626bc03e24f779434178a73a0b4bad62ed,25259170,266873,19817001049391969,16,S29_P16,261600:268320,0xc36442b4a4522e871399cd717abdd847ab11fe88:261600:268320,0xc36442b4a4522e871399cd717abdd847ab11fe88,261600,268320,326152573608745,0.0164582205347742,6720,5273,1447,1447,48534609167.9680059523809524,0.0000024491399605,507.8418314581935438,2756.0323973466804982,4.7540993342525822,81.4557904909689193,86.2098898252215015,81.4557904909689193,31926582.9410827,31401595.673864312,524987.267218388,true,true,12387823210892322111.5986510369350442,12184190453856050646.249849361351227,203632757036271465.3488016755838172,true,true,160440819.37157793,157809549.75919436,2631269.61238357,true,true,61931850290557237836.2283335425764145,60912141216238297278.5542077562573645,1019709074318940557.67412578631905,true,true,328412587.37477165,323282216.76568379,5130370.60908786,true,true,123784586683091469009.5105128389553146,121731269031116550648.4625295252479107,2053317651974918361.0479833137074039,true,true
29,0xcbcdf9626bc03e24f779434178a73a0b4bad62ed,25259170,266873,19817001049391969,17,S29_P17,253800:267180,0xc36442b4a4522e871399cd717abdd847ab11fe88:253800:267180,0xc36442b4a4522e871399cd717abdd847ab11fe88,253800,267180,802245669375144,0.0404826980316358,13380,13073,307,307,59958570207.4098654708520179,0.0000030256127079,507.8418314581935438,2756.0323973466804982,11.8394121153453175,47.4418117809561151,59.2812238963014326,47.4418117809561151,31926582.9410827,30635242.44054648,1291340.50053622,true,true,12387823210892322111.5986510369350442,11886149370664390830.0588901983960488,501673840227931281.5397608385389954,true,true,160440819.37157793,153968018.08059918,6472801.29097875,true,true,61931850290557237836.2283335425764145,59423505067620035682.247762339854125,2508345222937202153.9805712027222895,true,true,328412587.37477165,315771757.95401204,12640829.42075961,true,true,123784586683091469009.5105128389553146,118736942774436868943.4884643605361408,5047643908654600066.0220484784191738,true,true
29,0xcbcdf9626bc03e24f779434178a73a0b4bad62ed,25259170,266873,19817001049391969,18,S29_P18,265440:267420,0xc36442b4a4522e871399cd717abdd847ab11fe88:265440:267420,0xc36442b4a4522e871399cd717abdd847ab11fe88,265440,267420,425912909287713,0.0214922988713664,1980,1433,547,547,215107529943.2893939393939394,0.0000108546963997,507.8418314581935438,2756.0323973466804982,6.0248970862436566,43.550337828544031,49.5752349147876876,43.550337828544031,31926582.9410827,31241015.979899044,685566.961183656,true,true,12387823210892322111.5986510369350442,12121871464658462954.8436202863288032,265951746233859156.755030750606241,true,true,160440819.37157793,157004629.74287988,3436189.62869805,true,true,61931850290557237836.2283335425764145,60600111328149854723.056053518071514,1331738962407383113.1722800245049005,true,true,328412587.37477165,321710712.52112633,6701874.85364532,true,true,123784586683091469009.5105128389553146,121101982036524648347.2696366232572895,2682604646566820662.2408762156980251,true,true
29,0xcbcdf9626bc03e24f779434178a73a0b4bad62ed,25259170,266873,19817001049391969,19,S29_P19,263520:267180,0xc36442b4a4522e871399cd717abdd847ab11fe88:263520:267180,0xc36442b4a4522e871399cd717abdd847ab11fe88,263520,267180,221219888511607,0.0111631365391886,3660,3353,307,307,60442592489.5101092896174863,0.0000030500373058,507.8418314581935438,2756.0323973466804982,3.2158553331464306,12.9987280021846504,16.214583335331081,12.9987280021846504,31926582.9410827,31570500.164004884,356082.777077816,true,true,12387823210892322111.5986510369350442,12249715559038959278.7484166353770544,138107651853362832.8502344015579898,true,true,160440819.37157793,158656097.89063346,1784721.48094447,true,true,61931850290557237836.2283335425764145,61240152953129383718.532143888545534,691697337427854117.6961896540308805,true,true,328412587.37477165,324933930.20220065,3478657.172571,true,true,123784586683091469009.5105128389553146,122393525955814626949.3297257742411124,1391060727276842060.1807870647142022,true,true
29,0xcbcdf9626bc03e24f779434178a73a0b4bad62ed,25259170,266873,19817001049391969,20,S29_P20,260640:267180,0xc36442b4a4522e871399cd717abdd847ab11fe88:260640:267180,0xc36442b4a4522e871399cd717abdd847ab11fe88,260640,267180,181896728140417,0.0091788221480665,6540,6233,307,307,27812955373.1524464831804281,0.0000014034896251,507.8418314581935438,2756.0323973466804982,2.6415303990118802,10.6835085485374778,13.325038947549358,10.6835085485374778,31926582.9410827,31633796.301945252,292786.639137448,true,true,12387823210892322111.5986510369350442,12274123315944481409.5625735248089308,113699894947840702.0360775121261134,true,true,160440819.37157793,158973568.46606189,1467250.90551604,true,true,61931850290557237836.2283335425764145,61363105155678700129.057370346049765,568745134878537707.1709631965266495,true,true,328412587.37477165,325552816.209695,2859771.16507665,true,true,123784586683091469009.5105128389553146,122640896201753328892.9187354414278871,1143690481338140116.5917773975274275,true,true
30,0xcbcdf9626bc03e24f779434178a73a0b4bad62ed,25249170,266432,37784905929402323,1,S30_P1,-887220:887220,0xc36442b4a4522e871399cd717abdd847ab11fe88:-887220:887220,0xc36442b4a4522e871399cd717abdd847ab11fe88,-887220,887220,452021420140880,0.0119630156281305,1774440,1153652,620788,620788,254740323.7871553842338991,0.0000000067418541,373.0636458364923309,1792.378820521733069,4.3896568940904414,737.6061647030307608,741.9958215971212022,737.6061647030307608,62213161.82457243,61468764.470446775,744397.354125655,true,true,22934869283738091163.8263823207235053,22644000410119872977.8439538837849054,290868873618218185.9824284369385999,true,true,316033908.55280843,312314738.26168415,3719170.29112428,true,true,85222413021832461769.7356049085378258,83894227022105968072.772933368777965,1328185999726493696.9626715397598608,true,true,647324331.0589032,639706442.1166643,7617888.9422389,true,true,146583730269487672028.1777184967836488,143680075228139516441.7397010349277386,2903655041348155586.4380174618559102,true,true
30,0xcbcdf9626bc03e24f779434178a73a0b4bad62ed,25249170,266432,37784905929402323,2,S30_P2,264060:269880,0xc36442b4a4522e871399cd717abdd847ab11fe88:264060:269880,0xc36442b4a4522e871399cd717abdd847ab11fe88,264060,269880,1531050297289209,0.0405201563859875,5820,2372,3448,2372,263067061389.8984536082474227,0.0000069622261832,373.0636458364923309,1792.378820521733069,15.3041276691779723,568.8066051348073402,584.1107328039853125,568.8066051348073402,62213161.82457243,59691789.836030965,2521371.988541465,true,true,22934869283738091163.8263823207235053,21955596029258817973.4585791372938588,979273254479273190.3678031834296465,true,true,316033908.55280843,303440851.00944722,12593057.54336121,true,true,85222413021832461769.7356049085378258,80738293151182262862.7069026450460338,4484119870650198907.028702263491792,true,true,647324331.0589032,621475547.0626334,25848783.9962698,true,true,146583730269487672028.1777184967836488,136734811116122163454.185735323965218,9848919153365508573.9919831728184308,true,true
30,0xcbcdf9626bc03e24f779434178a73a0b4bad62ed,25249170,266432,37784905929402323,3,S30_P3,263700:267360,0xc36442b4a4522e871399cd717abdd847ab11fe88:263700:267360,0xc36442b4a4522e871399cd717abdd847ab11fe88,263700,267360,2808707304810798,0.0743341087062282,3660,2732,928,928,767406367434.6442622950819672,0.0000203098657667,373.0636458364923309,1792.378820521733069,29.0933172334904857,332.4901387061984662,361.5834559396889519,332.4901387061984662,62213161.82457243,57588031.69101291,4625130.13355952,true,true,22934869283738091163.8263823207235053,21156822992409380989.3911345132501363,1778046291328710174.435247807473369,true,true,316033908.55280843,292934031.39469127,23099877.15811716,true,true,85222413021832461769.7356049085378258,77040956949444325307.6800600135869102,8181456072388136462.0555448949509156,true,true,647324331.0589032,599796085.57956905,47528245.47933415,true,true,146583730269487672028.1777184967836488,128495905755181497234.334313084491374,18087824514306174793.8434054122922748,true,true
30,0xcbcdf9626bc03e24f779434178a73a0b4bad62ed,25249170,266432,37784905929402323,4,S30_P4,264660:267660,0xc36442b4a4522e871399cd717abdd847ab11fe88:264660:267660,0xc36442b4a4522e871399cd717abdd847ab11fe88,264660,267660,1860454169582933,0.0492380257094995,3000,1772,1228,1228,620151389860.9776666666666667,0.0000164126752365,373.0636458364923309,1792.378820521733069,18.7656284416818841,277.5292653439871284,296.2948937856690125,277.5292653439871284,62213161.82457243,59149375.681997895,3063786.142574535,true,true,22934869283738091163.8263823207235053,21747537217004270148.6040628132100579,1187332066733821015.2223195075134474,true,true,316033908.55280843,300732238.24580996,15301670.30699847,true,true,85222413021832461769.7356049085378258,79780333662966205315.2694682453466288,5442079358866256454.466136663191197,true,true,647324331.0589032,615896276.5369877,31428054.5219155,true,true,146583730269487672028.1777184967836488,134612007763741225805.2191279895735338,11971722505746446222.958590507210115,true,true
30,0xcbcdf9626bc03e24f779434178a73a0b4bad62ed,25249170,266432,37784905929402323,5,S30_P5,256980:270840,0xc36442b4a4522e871399cd717abdd847ab11fe88:256980:270840,0xc36442b4a4522e871399cd717abdd847ab11fe88,256980,270840,625578436978542,0.0165563052650542,13860,9452,4408,4408,45135529363.5311688311688312,0.0000011945386194,373.0636458364923309,1792.378820521733069,6.1029952195326116,262.4638039009100755,268.5667991204426871,262.4638039009100755,62213161.82457243,61182941.22860163,1030220.5959708,true,true,22934869283738091163.8263823207235053,22532748193287451455.744580752397251,402121090450639708.0818015683262543,true,true,316033908.55280843,310887105.49547135,5146803.05733708,true,true,85222413021832461769.7356049085378258,83385100864290418412.4955099156425312,1837312157542043357.2400949928952946,true,true,647324331.0589032,636778574.7901754,10545756.2687278,true,true,146583730269487672028.1777184967836488,142564154941809335618.4270079717567194,4019575327678336409.7507105250269294,true,true
30,0xcbcdf9626bc03e24f779434178a73a0b4bad62ed,25249170,266432,37784905929402323,6,S30_P6,261960:269100,0xc36442b4a4522e871399cd717abdd847ab11fe88:261960:269100,0xc36442b4a4522e871399cd717abdd847ab11fe88,261960,269100,679712762117807,0.0179890023648011,7140,4472,2668,2668,95197865842.8301120448179272,0.0000025194681183,373.0636458364923309,1792.378820521733069,6.6406252151995991,186.4970655115215601,193.1376907267211592,186.4970655115215601,62213161.82457243,61093789.117051115,1119372.707521315,true,true,22934869283738091163.8263823207235053,22497867143166131028.6924163717254894,437002140571960135.1339659489980159,true,true,316033908.55280843,310442045.10440618,5591863.44840225,true,true,85222413021832461769.7356049085378258,83226384212973921364.208868048410571,1996028808858540405.5267368601272548,true,true,647324331.0589032,635865118.96752985,11459212.09137335,true,true,146583730269487672028.1777184967836488,142215979099636606611.7878568445255736,4367751169851065416.3898616522580752,true,true
30,0xcbcdf9626bc03e24f779434178a73a0b4bad62ed,25249170,266432,37784905929402323,7,S30_P7,261780:268560,0xc36442b4a4522e871399cd717abdd847ab11fe88:261780:268560,0xc36442b4a4522e871399cd717abdd847ab11fe88,261780,268560,794204255030087,0.0210190877943162,6780,4652,2128,2128,117139270653.4051622418879056,0.0000031001604416,373.0636458364923309,1792.378820521733069,7.7828008360210398,181.5186221200916777,189.3014229561127175,181.5186221200916777,62213161.82457243,60905235.541176895,1307926.283395535,true,true,22934869283738091163.8263823207235053,22424643220312798110.3685811645239989,510226063425293053.4578011561995064,true,true,316033908.55280843,309500167.59711671,6533740.95569172,true,true,85222413021832461769.7356049085378258,82890917119802493569.6527517171808402,2331495902029968200.0828531913569856,true,true,647324331.0589032,633932307.95199265,13392023.10691055,true,true,146583730269487672028.1777184967836488,141479444121910718947.3599653502367158,5104286147576953080.817753146546933,true,true
30,0xcbcdf9626bc03e24f779434178a73a0b4bad62ed,25249170,266432,37784905929402323,8,S30_P8,251340:273540,0xc36442b4a4522e871399cd717abdd847ab11fe88:251340:273540,0xc36442b4a4522e871399cd717abdd847ab11fe88,251340,273540,307652887865136,0.0081422165888135,22200,15092,7108,7108,13858238192.1232432432432432,0.000000366766513,373.0636458364923309,1792.378820521733069,2.9763516981579519,182.4522739824594788,185.4286256806174307,182.4522739824594788,62213161.82457243,61706515.829204995,506645.995367435,true,true,22934869283738091163.8263823207235053,22736694427893972072.5589961909048128,198174855844119091.2673861298186925,true,true,316033908.55280843,313502425.56130745,2531482.99150098,true,true,85222413021832461769.7356049085378258,84318124810207533758.0076126518683914,904288211624928011.7279922566694344,true,true,647324331.0589032,642140654.49447645,5183676.56442675,true,true,146583730269487672028.1777184967836488,144607932957758244586.7073509642098944,1975797311729427441.4703675325737544,true,true
30,0xcbcdf9626bc03e24f779434178a73a0b4bad62ed,25249170,266432,37784905929402323,9,S30_P9,265980:266460,0xc36442b4a4522e871399cd717abdd847ab11fe88:265980:266460,0xc36442b4a4522e871399cd717abdd847ab11fe88,265980,266460,15967277736271027,0.4225834984505305,480,452,28,28,33265161950564.6395833333333333,0.0008803822884386,373.0636458364923309,1792.378820521733069,123.2845578977569026,60.6205865122431721,183.9051444100000747,123.2845578977569026,62213161.82457243,35928785.250845932,26284376.573726498,true,true,22934869283738091163.8263823207235053,13344954259012953696.165043291518166,9589915024725137467.6613390292053393,true,true,316033908.55280843,182972559.26544004,133061349.28736839,true,true,85222413021832461769.7356049085378258,64437293953136686400.226385933734702,20785119068695775369.5092189748031238,true,true,647324331.0589032,382681947.2379947,264642383.8209085,true,true,146583730269487672028.1777184967836488,123750151533090908250.2192611214990526,22833578736396763777.9584573752845962,true,true
30,0xcbcdf9626bc03e24f779434178a73a0b4bad62ed,25249170,266432,37784905929402323,10,S30_P10,266040:268200,0xc36442b4a4522e871399cd717abdd847ab11fe88:266040:268200,0xc36442b4a4522e871399cd717abdd847ab11fe88,266040,268200,883221633991913,0.023374985652793,2160,392,1768,392,408898904625.8856481481481481,0.000010821752617,373.0636458364923309,1792.378820521733069,5.2192356657202997,173.8579277231428557,179.0771633888631554,173.8579277231428557,62213161.82457243,60758604.285321405,1454557.539251025,true,true,22934869283738091163.8263823207235053,22367914861970443349.4124710507191745,566954421767647814.4139112700043308,true,true,316033908.55280843,308768207.05560818,7265701.49720025,true,true,85222413021832461769.7356049085378258,82630242217613703917.603033858698302,2592170804218757852.1325710498395238,true,true,647324331.0589032,632429118.70051835,14895212.35838485,true,true,146583730269487672028.1777184967836488,140906629075120447261.173480659808381,5677101194367224767.0042378369752678,true,true
30,0xcbcdf9626bc03e24f779434178a73a0b4bad62ed,25249170,266432,37784905929402323,11,S30_P11,260040:271740,0xc36442b4a4522e871399cd717abdd847ab11fe88:260040:271740,0xc36442b4a4522e871399cd717abdd847ab11fe88,260040,271740,261711776277828,0.0069263577568993,11700,6392,5308,5308,22368527886.9938461538461538,0.0000005919963895,373.0636458364923309,1792.378820521733069,2.5288458151059191,122.3366976010299737,124.8655434161358928,122.3366976010299737,62213161.82457243,61782172.81976886,430989.00480357,true,true,22934869283738091163.8263823207235053,22766457128490098443.900818804849117,168412155247992719.9255635158743883,true,true,316033908.55280843,313880500.11748793,2153408.4353205,true,true,85222413021832461769.7356049085378258,84453045046265312957.266989702688605,769367975567148812.4686152058492208,true,true,647324331.0589032,642915113.15952915,4409217.89937405,true,true,146583730269487672028.1777184967836488,144903079595059741899.7972887735320358,1680650674427930128.380429723251613,true,true
30,0xcbcdf9626bc03e24f779434178a73a0b4bad62ed,25249170,266432,37784905929402323,12,S30_P12,266160:267180,0xc36442b4a4522e871399cd717abdd847ab11fe88:266160:267180,0xc36442b4a4522e871399cd717abdd847ab11fe88,266160,267180,1224318412028871,0.0324023146786815,1020,272,748,272,1200312168655.7558823529411765,0.0000317669751752,373.0636458364923309,1792.378820521733069,5.7142309593800066,113.290302852283899,119.0045338116639056,113.290302852283899,62213161.82457243,60196871.11354796,2016290.71102447,true,true,22934869283738091163.8263823207235053,22150282233193511897.5336824781305201,784587050544579266.2926998425929852,true,true,316033908.55280843,305963099.84818406,10070808.70462437,true,true,85222413021832461769.7356049085378258,81632974240278673711.6631610499872042,3589438781553788058.0724438585506216,true,true,647324331.0589032,626742502.7400422,20581828.318861,true,true,146583730269487672028.1777184967836488,138710734300605398249.9864421574464144,7872995968882273778.1912763393372344,true,true
30,0xcbcdf9626bc03e24f779434178a73a0b4bad62ed,25249170,266432,37784905929402323,13,S30_P13,253800:267180,0xc36442b4a4522e871399cd717abdd847ab11fe88:253800:267180,0xc36442b4a4522e871399cd717abdd847ab11fe88,253800,267180,802245669375144,0.021231908605888,13380,12632,748,748,59958570207.4098654708520179,0.0000015868392082,373.0636458364923309,1792.378820521733069,7.8632868914598571,73.4647208673063317,81.3280077587661888,73.4647208673063317,62213161.82457243,60891992.24998327,1321169.57458916,true,true,22934869283738091163.8263823207235053,22419465325019342199.9205848709468185,515403958718748963.9057974497766868,true,true,316033908.55280843,309434195.60500982,6599712.94779861,true,true,85222413021832461769.7356049085378258,82867393561403168011.5717813976859754,2355019460429293758.1638235108518504,true,true,647324331.0589032,633796593.8118784,13527737.2470248,true,true,146583730269487672028.1777184967836488,141427729320976078639.0495230592842996,5156000948511593389.1281954374993492,true,true
30,0xcbcdf9626bc03e24f779434178a73a0b4bad62ed,25249170,266432,37784905929402323,14,S30_P14,261600:268320,0xc36442b4a4522e871399cd717abdd847ab11fe88:261600:268320,0xc36442b4a4522e871399cd717abdd847ab11fe88,261600,268320,326152573608745,0.0086318217707921,6720,4832,1888,1888,48534609167.9680059523809524,0.0000012844972873,373.0636458364923309,1792.378820521733069,3.156857263645423,65.5205591060626323,68.6774163697080553,65.5205591060626323,62213161.82457243,61676050.007655445,537111.816916985,true,true,22934869283738091163.8263823207235053,22724790811030272702.9012188408148942,210078472707818460.9251634799086111,true,true,316033908.55280843,313350302.67095537,2683605.88185306,true,true,85222413021832461769.7356049085378258,84263755007738056340.1890216246322018,958658014094405429.546583283905624,true,true,647324331.0589032,641828794.3324276,5495536.7264756,true,true,146583730269487672028.1777184967836488,144489015717412847814.8607764153518878,2094714552074824213.316942081431761,true,true
30,0xcbcdf9626bc03e24f779434178a73a0b4bad62ed,25249170,266432,37784905929402323,15,S30_P15,264720:266700,0xc36442b4a4522e871399cd717abdd847ab11fe88:264720:266700,0xc36442b4a4522e871399cd717abdd847ab11fe88,264720,266700,1438045783780983,0.0380587366412356,1980,1712,268,268,726285749384.3348484848484848,0.0000192215841622,373.0636458364923309,1792.378820521733069,14.3380936275269203,50.7280154832355571,65.0661091107624774,50.7280154832355571,62213161.82457243,59844861.876121575,2368299.948450855,true,true,22934869283738091163.8263823207235053,22014601220778927997.4747334466905465,920268062959163166.3516488740329588,true,true,316033908.55280843,304205463.70089119,11828444.85191724,true,true,85222413021832461769.7356049085378258,81028374885074208127.5523822369314702,4194038136758253642.1832226716063556,true,true,647324331.0589032,623049552.49466565,24274778.56423755,true,true,146583730269487672028.1777184967836488,137515067170292229922.6175829484515936,9068663099195442105.5601355483320552,true,true
30,0xcbcdf9626bc03e24f779434178a73a0b4bad62ed,25249170,266432,37784905929402323,16,S30_P16,265260:266520,0xc36442b4a4522e871399cd717abdd847ab11fe88:265260:266520,0xc36442b4a4522e871399cd717abdd847ab11fe88,265260,266520,1307278048488068,0.0345978907802655,1260,1172,88,88,1037522260704.8158730158730159,0.0000274586434764,373.0636458364923309,1792.378820521733069,12.2986247366650427,15.4914162787785771,27.7900410154436198,15.4914162787785771,62213161.82457243,60060224.09419404,2152937.73037839,true,true,22934869283738091163.8263823207235053,22097545846605634809.3541912738799247,837323437132456354.4721910468435806,true,true,316033908.55280843,305280855.36782753,10753053.1849809,true,true,85222413021832461769.7356049085378258,81855416664310304167.6588272898614534,3366996357522157602.0767776186763724,true,true,647324331.0589032,625261974.84941785,22062356.20948535,true,true,146583730269487672028.1777184967836488,141795249657618722595.0435299642878074,4788480611868949433.1341885324958414,true,true
30,0xcbcdf9626bc03e24f779434178a73a0b4bad62ed,25249170,266432,37784905929402323,17,S30_P17,263520:267180,0xc36442b4a4522e871399cd717abdd847ab11fe88:263520:267180,0xc36442b4a4522e871399cd717abdd847ab11fe88,263520,267180,221219888511607,0.0058547158731832,3660,2912,748,748,60442592489.5101092896174863,0.0000015996491457,373.0636458364923309,1792.378820521733069,2.1353235276154882,19.9755262469722782,22.1108497745877664,19.9755262469722782,62213161.82457243,61848855.68878497,364306.13578746,true,true,22934869283738091163.8263823207235053,22792383388661656445.8968893547197316,142485895076434717.9294929660037737,true,true,316033908.55280843,314213636.60873198,1820271.94407645,true,true,85222413021832461769.7356049085378258,84572085947882924570.5520953829374296,650327073949537199.1835095256003962,true,true,647324331.0589032,643597529.8930894,3726801.1658138,true,true,146583730269487672028.1777184967836488,145163242648108647767.2499130404647884,1420487621379024260.9278054563188604,true,true
30,0xcbcdf9626bc03e24f779434178a73a0b4bad62ed,25249170,266432,37784905929402323,18,S30_P18,262860:266640,0xc36442b4a4522e871399cd717abdd847ab11fe88:262860:266640,0xc36442b4a4522e871399cd717abdd847ab11fe88,262860,266640,477686396607149,0.0126422544891249,3780,3572,208,208,126372062594.4838624338624339,0.0000033445117696,373.0636458364923309,1792.378820521733069,4.6420264244426052,13.0964924143028789,17.7385188387454841,13.0964924143028789,62213161.82457243,61426498.198233455,786663.626338975,true,true,22934869283738091163.8263823207235053,22627496498946258759.9119911128834009,307372784791832403.9143912078401044,true,true,316033908.55280843,312103752.25578329,3930156.29702514,true,true,85222413021832461769.7356049085378258,83852329687189924916.3905078765307346,1370083334642536853.3450970320070912,true,true,647324331.0589032,639273654.96845975,8050676.09044345,true,true,146583730269487672028.1777184967836488,143759918253336563508.3080648766075324,2823812016151108519.8696536201761164,true,true
30,0xcbcdf9626bc03e24f779434178a73a0b4bad62ed,25249170,266432,37784905929402323,19,S30_P19,249420:266460,0xc36442b4a4522e871399cd717abdd847ab11fe88:249420:266460,0xc36442b4a4522e871399cd717abdd847ab11fe88,249420,266460,623615688469922,0.0165043599588442,17040,17012,28,28,36597164816.3099765258215962,0.0000009685657253,373.0636458364923309,1792.378820521733069,6.0835338531865957,2.3301341701411805,8.4136680233277762,6.0835338531865957,62213161.82457243,61186173.610645465,1026988.213926965,true,true,22934869283738091163.8263823207235053,22546297023671504542.2562644410433252,388572260066586621.5701178796801801,true,true,316033908.55280843,310903237.81139105,5130670.74141738,true,true,85222413021832461769.7356049085378258,84490879991095028116.0548684714731394,731533030737433653.6807364370646864,true,true,647324331.0589032,636811692.0786646,10512638.9802386,true,true,146583730269487672028.1777184967836488,145714216252343367463.8812731626521682,869514017144304564.2964453341314806,true,true
30,0xcbcdf9626bc03e24f779434178a73a0b4bad62ed,25249170,266432,37784905929402323,20,S30_P20,264480:266460,0xc36442b4a4522e871399cd717abdd847ab11fe88:264480:266460,0xc36442b4a4522e871399cd717abdd847ab11fe88,264480,266460,446878576143384,0.0118269072041184,1980,1952,28,28,225696250577.4666666666666667,0.0000059731854566,373.0636458364923309,1792.378820521733069,4.3391219103862145,1.6694579324025818,6.0085798427887963,4.3391219103862145,62213161.82457243,61477233.934937935,735927.889634495,true,true,22934869283738091163.8263823207235053,22656066372379529343.9831625068942081,278802911358561819.8432198138292972,true,true,316033908.55280843,312357223.47327971,3676685.07952872,true,true,85222413021832461769.7356049085378258,84698593211040822869.017490343692229,523819810791638900.7181145648455968,true,true,647324331.0589032,639793203.27638375,7531127.78251945,true,true,146583730269487672028.1777184967836488,145960740883508701656.7350304240083006,622989385978970371.4426880727753482,true,true
